suz_word	npi_word	frequency	sil_match_status
नु	र	1112	agree
गो	म	506	agree
यो	पनि	386	agree
हना	भने	375	disagree
तन्‍न	तर	345	agree
मिनु	र	336	disagree
आं	मेरो	325	agree
परमप्रभु	परमेश्‍वरको	316	not_in_SIL
येसु	येशू	311	not_in_SIL
थमा	विश्‍वास	288	disagree
कली	निम्ति	287	disagree
आं	मलाई	282	disagree
इन	तिमीहरूलाई	279	disagree
मारदे	किनकि	278	agree
मिनु	जब	257	disagree
येसुमी	भन्‍नुभयो	249	not_in_SIL
येसुमी	येशूले	244	not_in_SIL
गो	मैले	216	agree
आं	मेरा	211	disagree
प्रभु	प्रभु	208	not_in_SIL
मिनु	येशूले	206	disagree
मिनु	तिनीहरूले	192	disagree
मेको	त्यो	192	not_in_SIL
आ	उहाँको	189	disagree
इन	तिमीहरूका	189	disagree
मार	के	189	agree
दे	भनी	185	disagree
ङा	र	185	agree
बाक्‍त	थिए	184	not_in_SIL
मिनु	तर	179	disagree
ख्रीस्‍त	ख्रीष्‍ट	173	not_in_SIL
मिनु	त्यसपछि	173	disagree
बाक्‍ब	हो	172	not_in_SIL
बाक्‍त	गरे	171	not_in_SIL
नेल्‍ल	सबै	171	agree
मिनु	उहाँले	171	disagree
मिनु	अनि	169	agree
यावेमी	परमेश्‍वरले	168	not_in_SIL
शुश	धेरै	168	agree
बाक्‍त	थियो	167	not_in_SIL
बाक्‍ब	छ	166	not_in_SIL
आ	आफ्नो	162	disagree
रिम्‍शो	असल	160	not_in_SIL
मेको	यो	158	not_in_SIL
आ	उहाँका	158	disagree
आं	म	141	agree
कली	भन्‍नुभयो	141	disagree
इं	हाम्रा	139	disagree
गे	तिमीहरू	139	disagree
मारदे	किनभने	134	agree
मिनु	तब	131	disagree
बाक्‍ब	हुनुहुन्छ	130	not_in_SIL
कली	भने	129	disagree
येसु	उहाँलाई	129	not_in_SIL
तौ	छोरा	129	agree
कली	लागि	122	disagree
ख्रीस्‍त	ख्रीष्‍टको	119	not_in_SIL
आन	तिनीहरूका	116	disagree
गो	हामी	116	agree
लोव़	वचन	114	disagree
आन	तिनीहरूलाई	112	disagree
मेको	तिनीहरूलाई	110	not_in_SIL
यावे	परमेश्‍वरको	107	not_in_SIL
ला	मात्र	104	agree
इन	तिमीहरूको	104	agree
इ	तिम्रो	104	agree
लोक्‍बपुकी	हो	100	not_in_SIL
येसु	येशूलाई	97	not_in_SIL
मेकोपुकीमी	तिनीहरूले	93	not_in_SIL
लोव़	कुरा	93	agree
आफ	पिता	93	disagree
दे	भनेर	92	agree
ममाइ	होइन	91	agree
आ	पवित्र	90	disagree
दे	भन्‍ने	90	disagree
एको	यो	90	not_in_SIL
लोक्‍बपुकी	भाइहरू	89	not_in_SIL
तौ	पुत्र	87	disagree
बाक्‍माक्‍त	थिए	87	not_in_SIL
पर्बम	बारेमा	86	agree
गे	तिमी	86	disagree
आं	मैले	85	disagree
गेपुकी	तिमीहरू	84	agree
मुर	मानिस	83	agree
सुमी	जसले	83	not_in_SIL
आ	आफ्ना	82	disagree
एको	यी	80	not_in_SIL
परमप्रभु	परमेश्‍वर	79	not_in_SIL
येसुमी	दिनुभयो	79	not_in_SIL
परमप्रभु	परमेश्‍वरलाई	79	not_in_SIL
मेको	यी	79	not_in_SIL
येसु	येशूको	78	not_in_SIL
लेंशा	फेरि	78	disagree
यावे	परमेश्‍वरका	77	not_in_SIL
येसुमी	उहाँले	76	not_in_SIL
गेय	काम	76	agree
मेको	ती	75	not_in_SIL
नङ	हुँ	75	not_in_SIL
प्रार्थना	प्रार्थना	74	not_in_SIL
का	एक	74	agree
यावे	पवित्र	73	not_in_SIL
लोव़	कुराहरू	73	agree
मारदे	किन	73	agree
गे	तिमीहरूले	73	disagree
मेको	त्यस	72	not_in_SIL
येसु	उहाँको	71	not_in_SIL
येसु	उहाँ	71	not_in_SIL
ठेयब	मुख्य	70	disagree
परमप्रभु	तर	70	not_in_SIL
पत्रुस	पत्रुस	70	not_in_SIL
नोफा	म	70	disagree
निक्‍शी	दुई	69	not_in_SIL
दे	कि	69	disagree
पाप	पाप	69	not_in_SIL
इ	तिमीलाई	68	disagree
मिनु	तिनीहरू	67	disagree
इन	तिमीहरूले	67	disagree
मेको	तिनीहरू	67	not_in_SIL
परमप्रभु	किनकि	66	not_in_SIL
मिनु	त्यसैले	66	disagree
बाक्‍माक्‍त	थियो	65	not_in_SIL
नें	नाउँ	65	disagree
मेको	तिनीहरूले	65	not_in_SIL
शोब्‍ले	रोटी	65	not_in_SIL
पा	र	65	disagree
कली	प्रेम	65	disagree
इन	तपाईंको	65	agree
ठेयब	महान्	64	disagree
मेको	त्यसलाई	64	not_in_SIL
येसुमी	जवाफ	63	not_in_SIL
इं	हामीलाई	63	disagree
रागीम	मानिसका	62	not_in_SIL
गुइ	हात	61	agree
परमप्रभु	परमेश्‍वरका	60	not_in_SIL
ठेयब	ठुलो	60	disagree
दोपा	कसरी	60	agree
गोपुकी	हामी	60	agree
बेक्‍शो	जीवित	59	not_in_SIL
ठीक	धर्मी	59	not_in_SIL
मिनु	उनले	58	disagree
दाइश्‍शा	तिमीहरूलाई	58	not_in_SIL
इन	तिमीहरू	58	agree
हना	भए	58	disagree
निसाफ	न्याय	58	not_in_SIL
नाक्‍त	दिन	57	agree
गे	तपाईं	57	disagree
पर्बम	निम्ति	57	disagree
पत्रुसमी	पत्रुसले	57	not_in_SIL
आन	आफ्नो	56	disagree
मेको	उहाँ	56	not_in_SIL
बाक्‍तेक्‍म	थिए	55	not_in_SIL
मेकोमी	त्यसले	55	not_in_SIL
ङोंइती	पहिलो	55	disagree
मुल	अहिले	55	agree
नक	नयाँ	54	agree
शिशी	अनुग्रह	54	disagree
का	एउटा	53	agree
मेको	उहाँलाई	53	not_in_SIL
बाक्‍त	दिए	53	not_in_SIL
सिमोन	सिमोन	53	not_in_SIL
इन	आफ्नो	53	disagree
पावल	पावल	53	not_in_SIL
तशा	देखे	52	not_in_SIL
राज्‍य	राज्य	52	not_in_SIL
सुइमी	कसैले	52	not_in_SIL
आंइ	हामीलाई	51	disagree
ठेयब	प्रधान	51	disagree
ख्रीस्‍त	ख्रीष्‍टमा	51	not_in_SIL
बाक्‍त	भए	50	not_in_SIL
ब्रेक्‍शो	लेखिएको	50	not_in_SIL
नु	वा	50	disagree
रां	शरीर	50	agree
गेपुकीमी	तिमीहरूले	50	not_in_SIL
आ	त्यसको	50	disagree
दाक्‍शो	प्रिय	49	not_in_SIL
सोक्‍त	आत्मा	49	disagree
गो	मेरो	49	agree
जना	जना	48	not_in_SIL
सां	तिन	48	disagree
मुर	एक	47	disagree
मेको	र	47	not_in_SIL
ङोंइती	अगाडि	46	agree
पिप	राजा	46	agree
आंइ	हाम्रा	46	disagree
यावे	परमेश्‍वर	46	not_in_SIL
मेकोमी	उहाँले	45	not_in_SIL
कली	यसो	45	disagree
ङोंइती	पहिले	45	disagree
मारेइ	केही	45	agree
आन	मानिसहरूलाई	45	disagree
मोपतीके	त्यसैले	45	agree
सु	को	45	agree
इं	हाम्रो	45	agree
मेकोपुकी	तिनीहरू	44	not_in_SIL
कली	उहाँलाई	44	agree
कली	विरुद्धमा	44	disagree
गेपुकी	तिमीहरूले	44	agree
मुर	मानिसलाई	44	agree
मुल	अब	44	disagree
आ	तिनको	43	disagree
मिनु	उहाँलाई	43	disagree
बाक्‍ब	हुन्	43	not_in_SIL
शुश	ठुलो	43	disagree
मिनु	उहाँ	43	disagree
दाइश्‍शा	साँचो	43	not_in_SIL
का	एउटै	43	disagree
पने	गर	43	not_in_SIL
बाक्‍नीम	छन्	43	not_in_SIL
मेकेर	त्यहाँ	43	agree
आ	परमेश्‍वरको	42	disagree
कली	मानिसलाई	42	agree
बाक्‍ब	छन्	42	not_in_SIL
गेना	अनन्त	42	disagree
पावलमी	पावलले	42	not_in_SIL
बाक्‍त	हो	41	not_in_SIL
नोले	पछि	41	agree
गे	तिमीले	41	disagree
मेकोमी	उसले	41	not_in_SIL
आफोमी	पिताले	41	not_in_SIL
आन	तिनीहरूको	41	disagree
अरेशो	व्यवस्था	41	not_in_SIL
नेंमी	नाउँमा	41	not_in_SIL
खिं	घर	41	agree
ब्‍वाक्‍कु	पानी	41	not_in_SIL
७	सातवटा	41	not_in_SIL
आंइ	हाम्रो	41	agree
बाक्‍ब	हुन्छ	40	not_in_SIL
नेंशा	सुने	40	not_in_SIL
मरिम्‍शो	दुष्‍ट	40	not_in_SIL
मार	जे	40	disagree
मुर	मानिसहरू	40	agree
थमा	सत्य	40	agree
मिनु	त्यहाँ	40	disagree
मिनु	त्यो	39	disagree
यरूसलेम	यरूशलेम	39	not_in_SIL
गेय	सेवा	39	disagree
गो	हामीले	39	agree
परमप्रभु	जसले	39	not_in_SIL
लोक्‍ब	भाइ	39	not_in_SIL
दोस	दोष	39	not_in_SIL
आन	आफ्ना	38	disagree
येसुमी	तिनीहरूलाई	38	not_in_SIL
आन	तिनीहरू	38	disagree
आफ	पिताको	38	disagree
मोपतीके	त्यसकारण	38	disagree
नोफा	साँच्‍चै	38	disagree
शेंसीब	चेलाहरूलाई	38	disagree
आ	उसको	38	agree
आ	उनको	38	disagree
मान	आदर	38	not_in_SIL
चढ़ेब	पुजारीहरू	38	not_in_SIL
पावल	पावललाई	38	not_in_SIL
मुर	मानिसहरूलाई	37	agree
गोपुकीमी	हामीले	37	not_in_SIL
मिक्‍च	आँखा	37	not_in_SIL
गेय	कामहरू	37	agree
शेंसीबपुकीमी	चेलाहरूले	37	not_in_SIL
रागी	संसारको	37	disagree
बाक्‍मा	थिए	37	not_in_SIL
यहूदी	यहूदी	37	not_in_SIL
थि‍माक्‍त	पिता	36	not_in_SIL
यूहन्‍ना	यूहन्‍ना	36	not_in_SIL
मरिम्‍शो	पाप	36	not_in_SIL
गेनायो	कहिल्यै	36	disagree
रे	बाहिर	36	disagree
नेनीने	भन्दछु	36	not_in_SIL
इन	तिम्रो	36	disagree
ङोंइती	अगि	36	disagree
मोदेंशो	यी	36	disagree
चहिं	तर	36	disagree
१२	बाह्र	36	not_in_SIL
मीश	स्‍त्री	36	disagree
अर्को	अर्को	36	not_in_SIL
कली	त्यसलाई	36	agree
इ	तिमीले	36	disagree
थमा	विश्‍वासको	36	disagree
प्रभु	प्रभुको	36	not_in_SIL
ताता	देखेँ	36	disagree
चढ़ेब	पुजारी	35	not_in_SIL
बाक्‍त	गए	35	not_in_SIL
आ	उहाँ	35	disagree
लोव़	प्रचार	35	disagree
ठेयब	प्रशंसा	35	disagree
पचा	गर्न	35	agree
तिरो	कर	35	not_in_SIL
खोदेंशो	जस्तै	35	agree
का	केही	35	disagree
अधिकार	अधिकार	35	not_in_SIL
येसुमी	येशू	35	not_in_SIL
मेको	उसले	35	not_in_SIL
ग्रांग्रा	अशुद्ध	35	disagree
पिलातसमी	पिलातसले	35	not_in_SIL
यावेमी	उहाँले	34	not_in_SIL
ग्‍येरपाइक्‍ब	सुसमाचार	34	not_in_SIL
शिशी	दया	34	agree
सहर	सहर	34	disagree
ग्‍युरा	दाहिने	34	not_in_SIL
श्‍येत	दुःख	34	not_in_SIL
ङोंइती	सामु	34	disagree
यो	तापनि	34	agree
आंम	आफ्नो	34	disagree
मारेइ	कुनै	34	disagree
ख्रोइक्‍तीक	खतना	34	not_in_SIL
यहूदीपुकीमी	यहूदीहरूले	34	not_in_SIL
ते	कहाँ	33	agree
ख्रुम्‍शा	बप्‍तिस्मा	33	not_in_SIL
दे	निम्ति	33	disagree
बाक्‍त	भयो	33	not_in_SIL
का	जना	33	disagree
इन	तपाईंका	33	disagree
७	सात	33	not_in_SIL
आंम	आफ्नै	33	agree
ख्रीस्‍त	ख्रीष्‍टका	33	not_in_SIL
परमप्रभु	परमेश्‍वरमा	33	not_in_SIL
परमप्रभु	परमेश्‍वरले	33	not_in_SIL
मेको	तर	32	not_in_SIL
इन	म	32	agree
याकूब	याकूब	32	not_in_SIL
ठीक	धार्मिकताको	32	not_in_SIL
दाक्‍शो	इच्छा	32	not_in_SIL
माफ	क्षमा	32	not_in_SIL
मरिम्‍शो	खराब	32	not_in_SIL
दे	ताकि	32	disagree
नाक्‍त	दिनमा	32	agree
मारेइ	सबै	32	disagree
मिनु	अब	32	disagree
प्रभु	प्रभुमा	32	not_in_SIL
थमा	पुरा	31	disagree
बाक्‍त	आए	31	not_in_SIL
स्‍वर्ग	स्वर्गको	31	not_in_SIL
गे	तपाईंले	31	disagree
मोपतीके	यसकारण	31	disagree
जरमेशो	पुत्र	31	not_in_SIL
बाक्‍नीनी	धन्यवाद	31	not_in_SIL
पाप	पापको	31	not_in_SIL
बाक्‍त	गर्नुभयो	31	not_in_SIL
सोक्‍तीमी	आत्माले	31	not_in_SIL
येसु	येशूमा	31	not_in_SIL
यूहन्‍नामी	यूहन्‍नाले	30	not_in_SIL
गुइमी	हातमा	30	not_in_SIL
छेङछेङ	ज्योति	30	disagree
राज्‍य	राज्यको	30	not_in_SIL
आन	मानिसहरूका	30	disagree
बाक्‍त	ल्याए	30	not_in_SIL
इ	तिम्रा	30	disagree
जाक्‍शा	आए	30	not_in_SIL
कली	मेरो	30	disagree
इन	तपाईंलाई	30	disagree
सक्ति	शक्‍ति	30	not_in_SIL
ठेयब	महिमा	30	disagree
आ	उहाँले	30	disagree
रिम्‍शो	अभिवादन	30	not_in_SIL
मुर	मानिसहरूका	29	agree
खिं	घरमा	29	agree
ठीक	धार्मिकता	29	not_in_SIL
क्‍येङा	भन्दा	29	not_in_SIL
ग्‍युंबे	विवाह	29	not_in_SIL
पने	गर्न	29	not_in_SIL
परमप्रभु	नै	29	not_in_SIL
खिंमी	घरमा	29	not_in_SIL
बाक्‍त	थिएन	29	not_in_SIL
मरीयम	मरियम	29	not_in_SIL
मेको	त्यसको	29	not_in_SIL
परमप्रभु	यो	29	not_in_SIL
पर्बम	विषयमा	29	disagree
बाक्‍नीम	हुन्	29	not_in_SIL
ङा	त	29	disagree
लोव़	वचनहरू	29	disagree
मिनु	ती	28	disagree
गे	पश्‍चात्ताप	28	disagree
आ	जसको	28	disagree
रोइ	बिरामी	28	agree
सुमी	कसैले	28	not_in_SIL
इन	कि	28	disagree
हुश	रगत	28	agree
एको	यस	28	not_in_SIL
मेको	त्यसले	28	not_in_SIL
मिनु	त्यसकारण	28	disagree
स्‍वर्ग	स्वर्गबाट	28	not_in_SIL
नाक्‍ती	दिनमा	28	not_in_SIL
आन	कि	28	disagree
परमप्रभु	कि	28	not_in_SIL
ममा	आमा	27	agree
हना	निम्ति	27	disagree
बाक्‍शो	भएको	27	not_in_SIL
हजार	हजार	27	not_in_SIL
मिनु	उहाँहरू	27	disagree
शेंब	गुरुज्यू	27	agree
मेको	उसलाई	27	not_in_SIL
शोंप	धनी	27	agree
बाक्‍कीन	रहो	27	not_in_SIL
थमा	विश्‍वासद्वारा	27	disagree
यहूदी	यहूदीहरूका	26	not_in_SIL
लां	बाटो	26	agree
आ	यसो	26	disagree
आन	तिनीहरूले	26	disagree
परमप्रभु	के	26	not_in_SIL
आन	मानिसहरूको	26	disagree
मेको	तिनीहरूको	26	not_in_SIL
बाक्‍माक्‍त	थिइन्	26	not_in_SIL
छक	छक्‍क	26	not_in_SIL
इन	तिम्रा	26	disagree
५	पाँच	26	not_in_SIL
आ	त्यसका	26	disagree
वाइल	दास	26	agree
इं	हामी	26	disagree
ङा	भएका	26	disagree
परमप्रभु	परमेश्‍वरबाट	26	not_in_SIL
थमा	विश्‍वासमा	26	disagree
लोव़	आज्ञा	25	disagree
फल	फल	25	not_in_SIL
क्‍येङा	सबैभन्दा	25	not_in_SIL
मिनु	फेरि	25	disagree
आ	उनका	25	disagree
शेंसीबपुकी	चेलाहरू	25	not_in_SIL
पर्बम	खातिर	25	disagree
हना	कि	25	disagree
लाप्‍चो	ढोका	25	not_in_SIL
दे	बारेमा	25	disagree
कली	सोधे	25	disagree
लोव़	घोषणा	25	disagree
रां	शरीरलाई	25	agree
मारेइ	कुरा	25	disagree
आंम	आफैँलाई	25	disagree
पा	गरी	25	disagree
मेको	जुन	25	not_in_SIL
आ	सबै	25	disagree
लोव़	गवाही	25	disagree
मुरपुकीमी	तिनीहरूले	25	not_in_SIL
मुर	मानिसको	25	agree
ब्रोंइशा	जीवन	25	not_in_SIL
आल	बालक	24	disagree
ठेयब	आराधना	24	disagree
बाक्‍त	दिनुभयो	24	not_in_SIL
जाक्‍शो	आएको	24	not_in_SIL
आ	निम्ति	24	disagree
देंशो	भन्‍ने	24	not_in_SIL
कसम	शपथ	24	not_in_SIL
इन	आफ्ना	24	disagree
मोदेंशो	यो	24	disagree
आफ	बुबा	24	disagree
नेल्‍लेमी	सबैले	24	not_in_SIL
बाक्‍त	जानुभयो	24	not_in_SIL
४	चार	24	not_in_SIL
रे	नै	24	disagree
आ	एउटा	24	disagree
प्रभु	प्रभुलाई	24	not_in_SIL
मारदे	ताकि	24	disagree
यरूसलेममी	यरूशलेममा	23	not_in_SIL
सहरमी	सहरमा	23	not_in_SIL
पा	रूपमा	23	disagree
ननी	हौ	23	not_in_SIL
ओव़चा	प्रवेश	23	disagree
स्‍वर्गम	स्वर्गमा	23	not_in_SIL
आमेन	आमेन	23	not_in_SIL
ङा	भएको	23	agree
आन	निम्ति	23	disagree
बाक्‍मे	छ	23	not_in_SIL
आफ	पितालाई	23	disagree
का	कोही	23	disagree
लोव़	अगमवाणी	23	disagree
छक	चकित	23	not_in_SIL
मीश	पत्‍नी	23	disagree
पिया	शिर	23	disagree
अरेशो	आज्ञा	23	not_in_SIL
सांकछी	गवाही	23	not_in_SIL
नु	उहाँसँगै	23	agree
नेनीन	साँचो	23	not_in_SIL
गेना	सदासर्वदा	23	disagree
इच्‍का	केही	23	not_in_SIL
छेङछेङ	महिमा	23	disagree
लोव़	पालन	23	disagree
गोरशो	उजाड-स्थानमा	22	not_in_SIL
सहर	सहरमा	22	disagree
नेल्‍ल	सबैलाई	22	agree
हना	तिनीहरूले	22	disagree
सरीङ	स्वर्ग	22	agree
देंनुङ	भन्दछु	22	not_in_SIL
रां	शरीरको	22	agree
सु	जसले	22	disagree
हना	तिमीहरू	22	disagree
कली	घोषणा	22	disagree
मेकोपुकीमी	तिनीहरू	22	not_in_SIL
होस	होसियार	22	disagree
नम	हुन्	22	not_in_SIL
श्‍येत	कष्‍ट	22	not_in_SIL
मिनु	तिनले	22	disagree
गो	मसँग	22	agree
रागीमी	संसारमा	22	not_in_SIL
लशा	गए	22	not_in_SIL
गोमी	मैले	22	not_in_SIL
आ	अर्थात्	22	disagree
निक्‍शी	केही	22	not_in_SIL
नाक्‍ती	दिन	22	not_in_SIL
बाक्‍ब	भएका	22	not_in_SIL
नाइश्‍शा	शान्ति	22	not_in_SIL
सेस	जीवित	22	disagree
तौ	पुत्रलाई	21	disagree
हिल्‍लो	सोधे	21	not_in_SIL
बर्स	वर्ष	21	disagree
सरीङ	स्वर्गबाट	21	agree
स्‍वर्गमी	स्वर्गमा	21	not_in_SIL
इनाम	इनाम	21	disagree
इन	तिमीलाई	21	disagree
इ	तिमी	21	disagree
सुइ	कोही	21	not_in_SIL
खोदेंशो	जस्तो	21	disagree
आ	उहाँलाई	21	disagree
येसु	तिनीहरूले	21	not_in_SIL
निसाफ	न्यायको	21	not_in_SIL
गेय	आफ्नो	21	disagree
आं	मकहाँ	21	disagree
आ	मेरो	21	disagree
दुम्‍ब	हुनेछ	21	not_in_SIL
मुर	भिड	21	disagree
होव़प	मालिक	21	agree
दे	थाहा	21	disagree
नेक्‍था	नजिक	21	not_in_SIL
बेक्‍शो	मृतकहरूबाट	21	not_in_SIL
मारदे	तिमीहरू	21	disagree
शीमी	क्रुसमा	21	not_in_SIL
ग्रुम्‍तीक	सभाघरमा	21	not_in_SIL
प्रभुमी	प्रभुले	21	not_in_SIL
अब्राहाम	अब्राहामका	20	not_in_SIL
दे	उनले	20	disagree
साइक्‍चा	मार्न	20	not_in_SIL
मुरपुकीमी	मानिसहरूले	20	not_in_SIL
मो	त्यसो	20	disagree
गेने	देओ	20	not_in_SIL
दोपा	जसरी	20	disagree
मोपा	त्यसरी	20	agree
फुल्‍लु	ढुङ्गा	20	agree
यहूदा	यहूदा	20	not_in_SIL
सहे	सय	20	not_in_SIL
दातेमी	माझमा	20	not_in_SIL
ब्रोंइशा	जीवित	20	not_in_SIL
अरु	अरू	20	not_in_SIL
इन	तिमीहरूकहाँ	20	disagree
गो	मलाई	20	agree
मीश	स्‍त्रीले	20	disagree
मुरुमी	मानिसले	20	not_in_SIL
मेको	उहाँको	20	not_in_SIL
बेक्‍शो	मृत्युबाट	20	not_in_SIL
मिनु	ताकि	20	disagree
ख्रीस्‍त	ख्रीष्‍टलाई	20	not_in_SIL
आंम	आफ्ना	20	disagree
अरेशो	व्यवस्थाको	20	not_in_SIL
दाऊद	दाऊदका	19	not_in_SIL
आ	तिनका	19	disagree
वा	वस्‍त्र	19	disagree
रागी	सारा	19	disagree
मुरपुकी	मानिसहरू	19	not_in_SIL
मिनु	तुरुन्तै	19	disagree
कली	आज्ञा	19	disagree
तशा	देख्‍नुभयो	19	not_in_SIL
रागी	पृथ्वी	19	disagree
दुम्‍ब	हुन्छ	19	not_in_SIL
रे	आएको	19	disagree
पा	गरेर	19	disagree
लोक्‍ब	भाइलाई	19	not_in_SIL
ङांइ	माछा	19	agree
इन	तिमीले	19	disagree
फरिसीपुकीमी	फरिसीहरूले	19	not_in_SIL
फरिसीपुकी	फरिसीहरू	19	not_in_SIL
शांबु	दाखमद्य	19	disagree
मेको	तिनलाई	19	not_in_SIL
सुइ	कसैलाई	19	not_in_SIL
शुश	बढी	19	disagree
आ	उनले	19	disagree
नेल्‍लेमी	सबै	19	not_in_SIL
क्‍येङा	अझ	19	not_in_SIL
लोव़	बोल्न	19	disagree
सोक्‍त	आत्माको	19	disagree
सास्‍त्री	शास्‍त्रीहरू	19	not_in_SIL
बाक्‍शो	भएका	19	not_in_SIL
बाक्‍त	थाले	19	not_in_SIL
खोदेंशो	झैँ	19	disagree
आंइ	हामी	19	disagree
कांटी	क्रुसमा	19	disagree
मिनु	तिनी	19	disagree
नेल्‍ल	सारा	19	disagree
कली	अर्थात्	19	disagree
खिंमी	मन्दिरमा	19	not_in_SIL
कली	नै	19	disagree
थुं	हृदय	19	disagree
यरूसलेम	यरूशलेममा	19	not_in_SIL
सोइश्‍शो	प्रेरित	19	not_in_SIL
गेपुकी	तिमीहरूसँग	19	agree
आस	आशा	19	agree
गोपुकीमी	हामी	19	not_in_SIL
मिनु	यसरी	19	disagree
पा	निम्ति	18	disagree
मिनु	हेर	18	disagree
लोव़	बारेमा	18	disagree
सेंदा	आवाज	18	disagree
रे	तल	18	disagree
परमप्रभु	परमप्रभु	18	not_in_SIL
कली	बारेमा	18	disagree
थुं	सान्त्वना	18	disagree
कली	तिमीहरूलाई	18	agree
दुम्‍ब	हो	18	not_in_SIL
दाक्‍ब	प्रेम	18	not_in_SIL
आन	गर्नेहरूलाई	18	disagree
शोंप	धन	18	agree
मेकोमी	जसले	18	not_in_SIL
इ	आफ्नो	18	disagree
मोसामी	मोशाले	18	not_in_SIL
रागीमी	मानिसका	18	not_in_SIL
पाम्‍तेक्‍म	गरे	18	not_in_SIL
मेको	जसले	18	not_in_SIL
ब्रोंइचा	जीवन	18	disagree
यूहन्‍ना	यूहन्‍नालाई	18	not_in_SIL
मिनु	तिमीहरू	18	disagree
वा	कपडा	18	disagree
नोफा	कान	18	agree
रागी	पृथ्वीका	18	disagree
गे	तिमीहरूलाई	18	disagree
पाइब	गर्ने	18	not_in_SIL
एलीया	एलिया	18	not_in_SIL
नवे	हौ	18	not_in_SIL
दातेमी	बिचमा	18	not_in_SIL
मिनु	केही	18	disagree
मेको	ताकि	18	not_in_SIL
स्‍वर्ग	स्वर्गदूतले	18	not_in_SIL
मेकोमी	तिनले	18	not_in_SIL
अब्राहाम	अब्राहाम	17	not_in_SIL
बाक्‍त	लागे	17	not_in_SIL
पाइब	शासक	17	not_in_SIL
हना	जसले	17	disagree
आल	बालकलाई	17	disagree
रागी	संसारका	17	disagree
नेल्‍ल	थोक	17	disagree
मेको	उहाँले	17	not_in_SIL
मेकेर	त्यहाँबाट	17	disagree
सु	जो	17	disagree
लांमी	बाटोमा	17	not_in_SIL
नेल्‍ल	सम्पूर्ण	17	disagree
शेंसीबपुकीमी	चेलाहरू	17	not_in_SIL
मनङ	होइनँ	17	not_in_SIL
रोइ	निको	17	disagree
सहर	सहरको	17	disagree
लोव़	बोल्ने	17	disagree
बाक्‍नीनी	छौ	17	not_in_SIL
आ	उसले	17	disagree
शिशी	कृपा	17	disagree
पर्बम	विरुद्धमा	17	disagree
निक्‍शीमी	भने	17	not_in_SIL
नेंशा	सुनेर	17	not_in_SIL
लोक्‍ब	भाइहरू	17	not_in_SIL
पाइब	अगमवक्‍ता	17	not_in_SIL
ननी	हुनुहुन्छ	17	not_in_SIL
मान	आराधना	17	not_in_SIL
वारच	सहायता	17	disagree
रे	भई	17	disagree
गे	हातपट्टि	17	disagree
नें	नाउँमा	17	disagree
मेको	सबै	17	not_in_SIL
नाइक्‍तीक	विश्रामको	17	not_in_SIL
बाक्‍त	हुन्	17	not_in_SIL
गोपुकी	हामीले	17	agree
आंइ	हामीले	17	disagree
बाक्‍तीनी	थियौ	17	not_in_SIL
स्‍वर्ग	स्वर्गदूत	16	not_in_SIL
कली	तिनलाई	16	agree
मेको	उनले	16	not_in_SIL
बाक्‍त	राखे	16	not_in_SIL
सोरुल	तारा	16	agree
लावो	जाऊ	16	not_in_SIL
मिनु	उनी	16	disagree
ठेयब	एउटा	16	disagree
मिनु	त्यसले	16	disagree
मुर	भिडलाई	16	disagree
राज्‍यमी	राज्यमा	16	not_in_SIL
बुश	सेतो	16	agree
रागीमी	पृथ्वीमा	16	not_in_SIL
बाक्‍कीन	गर	16	not_in_SIL
मपने	नगर	16	not_in_SIL
शेंसीब	चेला	16	disagree
मतुइक्‍नुङ	इन्कार	16	not_in_SIL
दे	म	16	disagree
गे	हे	16	disagree
कली	जसलाई	16	agree
चाप्‍बा	सक्छ	16	not_in_SIL
लोव़	सन्देश	16	disagree
एकेर	यहाँ	16	agree
वांचेर	बिउ	16	disagree
निक्‍शी	अरू	16	not_in_SIL
गेशो	दिइएको	16	not_in_SIL
जेल्‍खानमी	झ्यालखानामा	16	not_in_SIL
पत्रुसमी	भने	16	not_in_SIL
येसु	येशूकहाँ	16	not_in_SIL
गेपुकीमी	तिमीहरू	16	not_in_SIL
लोव़	यो	16	disagree
जाक्‍शो	आएका	16	not_in_SIL
खेयप	पटक	16	not_in_SIL
१०	दस	16	not_in_SIL
टलेन्‍ट	सिक्‍का	16	not_in_SIL
मार	सबै	16	disagree
खिं	मन्दिर	16	disagree
दाइश्‍शा	भन्दछु	16	not_in_SIL
मिनु	उनीहरूले	16	disagree
देंशो	भनेको	16	not_in_SIL
नाक्‍त	दिनसम्म	16	agree
ग्‍येरपाइक्‍ब	सुसमाचारको	16	not_in_SIL
बाक्‍त	बताए	16	not_in_SIL
तशा	देखेर	16	not_in_SIL
मचाप्‍नीम	सक्दैन	16	not_in_SIL
इ	तेरो	16	disagree
कली	केही	16	disagree
मी	आगो	16	agree
मेकोमी	उनले	16	not_in_SIL
यहूदी	यहूदीहरू	16	not_in_SIL
तन्‍न	बरु	16	disagree
गो	तर	16	disagree
पावल	पावलले	16	not_in_SIL
नेंता	सुनेँ	16	not_in_SIL
थि‍माक्‍त	थिए	15	not_in_SIL
योसेफ	योसेफ	15	not_in_SIL
ए	ए	15	not_in_SIL
तशो	देखेका	15	not_in_SIL
सुन	सुन	15	not_in_SIL
गालील	गालीलको	15	not_in_SIL
परमप्रभु	यसो	15	not_in_SIL
समुन्‍द्र	समुद्रको	15	not_in_SIL
लोव़	यी	15	disagree
राज्‍य	राज्यमा	15	not_in_SIL
मीश	व्यभिचार	15	disagree
गे	ए	15	disagree
कली	दिने	15	disagree
ङोन	टाढा	15	agree
खिं	घरको	15	agree
दे	उसले	15	disagree
देय	कि	15	agree
मोदेंशो	यस्तो	15	agree
शुक्‍शी	गिल्ला	15	not_in_SIL
नें	नाउँको	15	disagree
नु	न	15	disagree
निक्‍शी	दुईवटा	15	not_in_SIL
कली	ग्रहण	15	disagree
देंशो	वचन	15	not_in_SIL
मिनु	त्यस	15	disagree
आं	यो	15	disagree
येसु	तिनीहरू	15	not_in_SIL
नां	साँझ	15	disagree
अर्को	गैरयहूदीहरूका	15	not_in_SIL
क्‍येट	पैसा	15	not_in_SIL
गेय	कुराहरू	15	disagree
ठेयब	उच्‍च	15	disagree
ङा	सबै	15	disagree
थुं	र	15	disagree
कचौरा	कचौरा	15	not_in_SIL
नाक्‍त	समय	15	disagree
पाइबमी	स्वर्गदूतले	15	not_in_SIL
मिनु	मैले	15	disagree
ते	कहाँबाट	15	agree
सु	यदि	15	disagree
ठेयब	घमण्ड	15	disagree
मोपा	उहाँले	15	disagree
दाऊद	दाऊदको	15	not_in_SIL
मेको	यस	15	not_in_SIL
मेको	नै	15	not_in_SIL
सोक्‍तीम	आत्माले	15	not_in_SIL
रे	छुटकारा	15	disagree
यावे	परमेश्‍वरसँग	15	not_in_SIL
यहूदी	यहूदीहरूको	15	not_in_SIL
बाक्‍कीन	पठाएका	15	not_in_SIL
बोक्‍शा	उठे	14	not_in_SIL
वोंइश	पुरुष	14	disagree
प्रभु	परमप्रभुको	14	not_in_SIL
फरिसी	फरिसीहरू	14	not_in_SIL
सुमी	कसले	14	not_in_SIL
दे	विचार	14	disagree
गालील	गालीलमा	14	not_in_SIL
समुन्‍द्र	समुद्र	14	not_in_SIL
रिम्‍शो	शुद्ध	14	not_in_SIL
जोल	झुटो	14	disagree
नेल्‍ल	निम्ति	14	disagree
मीश	स्‍त्रीलाई	14	disagree
बाक्‍ब	होस्	14	not_in_SIL
गेब	दिनुहुनेछ	14	not_in_SIL
पाइनीम	गर्छन्	14	not_in_SIL
लेश्‍शा	फर्केर	14	not_in_SIL
कली	कसरी	14	disagree
शुशेमी	धेरै	14	not_in_SIL
पावो	गर	14	not_in_SIL
जरमेशो	पुत्रको	14	not_in_SIL
गो	हामीलाई	14	agree
तेको	कुन	14	agree
माइत	पुरानो	14	agree
कामी	जना	14	not_in_SIL
थमा	विश्‍वासले	14	disagree
निक्‍शीमी	दुई	14	not_in_SIL
लोव़	सुसमाचार	14	disagree
परमप्रभु	प्रार्थना	14	not_in_SIL
मोदेंशो	तर	14	disagree
इन	तिमीहरूमा	14	disagree
इस्राएल	इस्राएलका	14	not_in_SIL
तरवार	तरवार	14	not_in_SIL
देय	वा	14	disagree
ठीक	तयार	14	not_in_SIL
मेकोमी	त्यो	14	not_in_SIL
कथा	दृष्‍टान्त	14	not_in_SIL
कली	हामीले	14	disagree
मो	यसो	14	disagree
पचा	गर्नुपर्छ	14	agree
जरमेशो	पुत्रलाई	14	not_in_SIL
पोक्‍च	घुँडा	14	not_in_SIL
बाक्‍चा	जीवन	14	not_in_SIL
तुइक्‍नीनी	जान्दछौ	14	not_in_SIL
फुल्‍लु	ढुङ्गाले	14	agree
सिरपेच	मुकुट	14	not_in_SIL
परमप्रभु	पवित्र	14	not_in_SIL
येसु	येशूका	14	not_in_SIL
नु	अनि	14	disagree
आं	हे	14	disagree
जचा	खानेकुरा	14	disagree
दीसा	अर्को	14	disagree
परमप्रभु	उहाँ	14	not_in_SIL
आं	मसँग	14	disagree
थमा	साँचो	14	agree
यो	नै	14	disagree
दुम्‍तीनी	छौ	14	not_in_SIL
जाम्‍शा	नष्‍ट	14	not_in_SIL
जहाज	जहाज	14	not_in_SIL
वोंइश	पति	13	disagree
हेरोदमी	हेरोदले	13	not_in_SIL
बाक्‍त	बसे	13	not_in_SIL
ख्रुम्‍शा	बप्‍तिस्‍मा	13	not_in_SIL
सोक्‍तीमी	आत्मा	13	not_in_SIL
४०	चालिस	13	not_in_SIL
खिं	मन्दिरको	13	disagree
बाक्‍त	हुनुहुन्थ्यो	13	not_in_SIL
मुर	कोही	13	disagree
थुंमी	हृदयमा	13	not_in_SIL
मीश	पत्‍नीलाई	13	disagree
मचाप्‍नीनी	सक्दैनौ	13	not_in_SIL
कली	छिमेकीलाई	13	agree
स्‍वर्ग	स्वर्गमा	13	not_in_SIL
तुराही	तुरही	13	not_in_SIL
ब्रोंइचा	जीवनको	13	disagree
मिक्‍चीम	आँखामा	13	not_in_SIL
गे	तिमीहरूका	13	disagree
लाक्‍चा	शक्‍तिशाली	13	not_in_SIL
मेकेर	जहाँ	13	disagree
कामी	जनाले	13	not_in_SIL
मेको	त्‍यो	13	not_in_SIL
खतम	नष्‍ट	13	not_in_SIL
बाक्‍नीनी	हुनुहुन्छ	13	not_in_SIL
मिक्‍च	दृष्‍टि	13	not_in_SIL
यूहन्‍ना	यूहन्‍नाको	13	not_in_SIL
मबाक्‍ब	छैन	13	not_in_SIL
नेल्‍ल	कुराहरू	13	disagree
लशा	जानुभयो	13	not_in_SIL
येसुमी	उहाँ	13	not_in_SIL
लोव़	कि	13	disagree
ममाइ	होइनन्	13	agree
जचा	खान	13	agree
शेशा	लिनुभयो	13	not_in_SIL
नेल्‍ल	र	13	disagree
यावे	धन्यवाद	13	not_in_SIL
मीश	स्‍त्रीहरू	13	disagree
शेंसीब	चेलाहरू	13	disagree
थुं	दुःखित	13	disagree
सुइक्‍ब	गर्ने	13	not_in_SIL
इन	तिमीहरूमध्ये	13	disagree
बाक्‍त	गर्‍यो	13	not_in_SIL
मोपतीके	यसैकारण	13	disagree
ब्रेश्‍शा	बोलाए	13	not_in_SIL
कली	यो	13	disagree
यावेमी	निम्ति	13	not_in_SIL
मारेइ	थोक	13	disagree
मरिम्‍शो	खराबी	13	not_in_SIL
का	अर्को	13	disagree
आ	येशूको	13	disagree
यावे	मन्दिरमा	13	not_in_SIL
हिल्‍लो	प्रश्‍न	13	not_in_SIL
मेको	एउटा	13	not_in_SIL
वा	पोशाक	13	disagree
थमा	सत्यतामा	13	agree
अरेशो	व्यवस्थामा	13	not_in_SIL
दाक्‍चा	प्रेम	13	not_in_SIL
मो	तर	13	disagree
रागी	संसारमा	13	disagree
वारच	सेवा	13	disagree
बाक्‍त	लगे	13	not_in_SIL
मो	यो	13	disagree
सुइ	कसैको	13	not_in_SIL
आ	परमेश्‍वरका	13	disagree
तेल्‍लेम	यौन	13	disagree
मिनु	यो	13	disagree
कली	उनले	13	disagree
मार	यही	13	disagree
चिन्‍ड	चिह्न	13	not_in_SIL
अब्राहाममी	अब्राहामले	13	not_in_SIL
मिनु	अर्को	13	disagree
पर्बम	गवाही	13	disagree
सक्ति	महिमित	13	not_in_SIL
लोव़	भाषामा	13	agree
थमा	विश्‍वासयोग्य	13	disagree
शिशी	अनुग्रहको	13	disagree
गेय	परिश्रम	13	disagree
सोक्‍तीम	आत्मिक	13	not_in_SIL
इं	परमेश्‍वर	13	disagree
भाग	एक-तिहाइ	13	not_in_SIL
लशा	गएर	12	not_in_SIL
बाक्‍त	देखे	12	not_in_SIL
बाक्‍त	लगाए	12	not_in_SIL
यर्दन	यर्दन	12	not_in_SIL
पचा	गर्नु	12	agree
सोक्‍तीमी	आत्माद्वारा	12	not_in_SIL
गालील	गालील	12	not_in_SIL
आसीक	धन्य	12	disagree
रागी	पृथ्वीमा	12	disagree
बाक्‍ब	हुनेछ	12	not_in_SIL
रागी	यस	12	disagree
बाक्‍ब	हुनुहुने	12	not_in_SIL
परमप्रभु	म	12	not_in_SIL
हना	नत्रता	12	disagree
देंशो	भनिएको	12	not_in_SIL
यो	न	12	agree
मदुम्‍ब	होइन	12	not_in_SIL
मोपतीके	त्यसैकारण	12	disagree
नेल्‍ल	कुरा	12	disagree
लोक्‍ब	भाइको	12	not_in_SIL
माइश्‍शो	नाउँ	12	not_in_SIL
तमी	छोरी	12	agree
आस	तिनीहरूका	12	disagree
ओदेंशो	यस्तो	12	agree
दे	विषयमा	12	disagree
कली	ल्याउन	12	disagree
दोस	दोषरहित	12	not_in_SIL
सैतानमी	शैतानले	12	not_in_SIL
शुक्‍शी	निन्दा	12	not_in_SIL
नमी	हुन्	12	not_in_SIL
शुश	प्रशस्त	12	disagree
खोदेंशो	थियो	12	disagree
रागी	संसार	12	disagree
देंशो	कुरा	12	not_in_SIL
कली	बिचमा	12	disagree
५	पाँचवटा	12	not_in_SIL
पथ	गर्न	12	not_in_SIL
आन	सबैलाई	12	disagree
मतुइक्‍नीनी	थाहा	12	not_in_SIL
छक	अचम्मित	12	not_in_SIL
पत्रुस	पत्रुसलाई	12	not_in_SIL
मोसा	मोशा	12	not_in_SIL
गेपुकी	म	12	agree
बाक्‍बा	हो	12	not_in_SIL
आबी	धिक्‍कार	12	not_in_SIL
ङोंइती	सुरुदेखि	12	disagree
यो	जीवनको	12	disagree
ङोंइती	पहिला	12	disagree
कली	सारा	12	disagree
पाइब	सेवक	12	not_in_SIL
मेको	यसको	12	not_in_SIL
दुम्‍चा	हुन	12	not_in_SIL
कोव़ङीन	हेर	12	not_in_SIL
तौ	छोरालाई	12	agree
नेल्‍लेमी	सारा	12	not_in_SIL
मोपतीके	म	12	disagree
शोब्‍ले	रोटीको	12	not_in_SIL
कली	भन	12	disagree
तशा	कारण	12	not_in_SIL
भाले	भाले	12	not_in_SIL
कली	लिएर	12	disagree
बाक्‍माक्‍त	बसे	12	not_in_SIL
पशो	गरेका	12	not_in_SIL
ए	हे	12	not_in_SIL
खेयप	पल्ट	12	not_in_SIL
हिल्‍लो	जवाफ	12	not_in_SIL
दे	यो	12	disagree
नाक्‍त	दिनको	12	agree
तौ	छोरो	12	disagree
माइजा	उपवास	12	not_in_SIL
नेनीन	भन्दछु	12	not_in_SIL
सुम	कसले	12	not_in_SIL
मेको	उनी	12	not_in_SIL
हना	उहाँ	12	disagree
रे	एउटा	12	disagree
बाक्‍ब	छैन	12	not_in_SIL
कली	परमेश्‍वरलाई	12	agree
कली	परमेश्‍वरको	12	disagree
इस्राएली	इस्राएलका	12	not_in_SIL
गे	तिमीलाई	12	disagree
लोव़	कुराहरूको	12	agree
नाइक्‍तीक	विश्राम	12	not_in_SIL
बर्स	वर्षसम्म	12	disagree
कली	इन्कार	12	disagree
हना	गर	12	disagree
मिनु	त्यसो	12	disagree
आन	परमेश्‍वरको	12	disagree
इन	तपाईंहरूलाई	12	disagree
ख्रीस्‍त	ख्रीष्‍टद्वारा	12	not_in_SIL
बाक्‍तेक्‍म	थियो	12	not_in_SIL
थमा	भरोसा	12	disagree
तौ	पुत्रको	12	disagree
पाइनुङ	गर्छु	12	not_in_SIL
ठीक	धार्मिक	12	not_in_SIL
रिम्‍शो	उत्तम	12	not_in_SIL
सावल	शाऊल	12	not_in_SIL
पावलमी	पावल	12	not_in_SIL
बाक्‍कीन	अभिवादन	12	not_in_SIL
मासीडोनीया	माकेडोनिया	12	not_in_SIL
परमप्रभु	विश्‍वासद्वारा	12	not_in_SIL
सोक्‍त	अन्य	12	disagree
जन्‍तु	पशु	12	not_in_SIL
आ	जसलाई	11	disagree
ग्‍युंबे	विवाहको	11	not_in_SIL
मोपतीके	यसैले	11	agree
सोक्‍त	आत्माद्वारा	11	disagree
नेनीने	हेर	11	not_in_SIL
रुम्‍सीब	अर्थ	11	not_in_SIL
नु	तिनीसँग	11	agree
लाइश्‍शा	लिएर	11	not_in_SIL
बाक्‍कीन	बस	11	not_in_SIL
आन	आ-आफ्ना	11	disagree
ठेयब	शक्‍तिशाली	11	disagree
कली	गर्नुभयो	11	disagree
जाक्‍शा	आएर	11	not_in_SIL
नोले	जब	11	disagree
नेक्‍था	छेउमा	11	not_in_SIL
मीश	आफ्नी	11	disagree
क्‍येङा	बढी	11	not_in_SIL
जोरी	शत्रुहरूलाई	11	not_in_SIL
आन	उनीहरूलाई	11	disagree
बाक्‍त	छन्	11	not_in_SIL
दुम्‍त	भयो	11	not_in_SIL
आन	तिनीहरूसँग	11	disagree
वोल	भूतहरू	11	agree
बोक्‍शा	र	11	not_in_SIL
लचा	जान	11	agree
जाक्‍दीश्‍शा	गए	11	not_in_SIL
देंमेनु	तिनीहरूले	11	not_in_SIL
लाक्‍शा	परे	11	not_in_SIL
आम	आफ्ना	11	disagree
नोले	अन्तिम	11	disagree
शेंब	गुरु	11	agree
तूचा	पिउन	11	agree
मुल	अहिलेसम्म	11	agree
वारच	मित्र	11	disagree
गे	तँ	11	disagree
सोक्‍तीम	आत्मा	11	not_in_SIL
रागी	पृथ्वीको	11	disagree
जुक्‍तमे	परे	11	not_in_SIL
मुल	तिमीहरूले	11	disagree
सम्‍म	समयसम्म	11	not_in_SIL
रे	आयो	11	disagree
आं	तिमीहरूले	11	disagree
लाक्‍शा	भए	11	not_in_SIL
यरूसलेम	यरूशलेमबाट	11	not_in_SIL
लोव़	वचनलाई	11	disagree
शोव़	मुखबाट	11	not_in_SIL
मिक्‍च	दृष्‍टिविहीन	11	not_in_SIL
गिश	कति	11	not_in_SIL
नित्‍थ	तेस्रो	11	not_in_SIL
मोसा	मोशाको	11	not_in_SIL
गुइ	हातबाट	11	agree
कामी	एउटा	11	not_in_SIL
होव़पमी	मालिकले	11	not_in_SIL
जैतून	जैतून	11	not_in_SIL
मुरपुकीमी	कसैले	11	not_in_SIL
पाता	छु	11	not_in_SIL
मुल	तिमीहरू	11	disagree
खुम्‍सीशा	भेला	11	not_in_SIL
सुन	सुनको	11	not_in_SIL
का	तिनीहरूमध्ये	11	disagree
ग्रूशा	बाहिर	11	not_in_SIL
पास्‍सा	निस्तार-चाड	11	not_in_SIL
कली	येशूलाई	11	agree
परमप्रभु	अर्थात्	11	not_in_SIL
मेको	त्यसमाथि	11	not_in_SIL
दाक्‍शा	प्रेम	11	not_in_SIL
इन	तपाईंले	11	disagree
प्रुङग	गरिब	11	agree
पाठा	थुमा	11	not_in_SIL
मतुइक्‍नुङ	थाहा	11	not_in_SIL
पा	गरे	11	disagree
परमप्रभु	तिनीहरूले	11	not_in_SIL
स्‍वर्ग	स्वर्गदूतलाई	11	not_in_SIL
आं	ममाथि	11	disagree
सोक्‍तीम	आत्मामा	11	not_in_SIL
बाक्‍कीन	होओ	11	not_in_SIL
कली	गरेको	11	disagree
इं	हामीले	11	disagree
परमप्रभु	प्रभु	11	not_in_SIL
बाक्‍नीम	हो	11	not_in_SIL
नेनीन	हेर	11	not_in_SIL
पाइतीनी	धन्यवाद	11	not_in_SIL
परमप्रभु	किनभने	11	not_in_SIL
सासन	राज्य	11	disagree
ब्रेक्‍शो	लेखिएका	11	not_in_SIL
कबल	करार	11	disagree
मार	कुराहरू	11	disagree
मो	कुराहरू	11	disagree
सेंदा	सोर	11	disagree
मेको	त्यसका	11	not_in_SIL
मोपा	ताकि	11	disagree
परमप्रभु	ताकि	11	not_in_SIL
जाक्‍नुङ	आउनेछु	11	not_in_SIL
थमा	सत्यको	11	agree
सोक्‍तीम	आत्माको	11	not_in_SIL
लोव़	भाषा	11	agree
चिठी	पत्र	11	disagree
गो	मेरा	11	agree
रां	शरीरमा	11	agree
पाप	पापका	11	not_in_SIL
मारदे	तर	11	disagree
माइक्‍चा	देओ	11	not_in_SIL
ख्रीस्‍तमी	ख्रीष्‍टको	11	not_in_SIL
ठेयब	चर्को	11	disagree
आल	सानो	10	disagree
रोंका	विलाप	10	not_in_SIL
यहूदीया	यहूदियामा	10	not_in_SIL
हना	यो	10	disagree
आं	मभन्दा	10	disagree
पतीके	निम्ति	10	disagree
कली	भन्यो	10	disagree
आन	हुने	10	disagree
गेनन	दिनेछु	10	not_in_SIL
गालील	उहाँ	10	not_in_SIL
हना	तिनीहरू	10	disagree
पाइब	अगमवक्‍ताहरूलाई	10	not_in_SIL
लोव़	अगमवक्‍ताहरू	10	disagree
आ	आफ्नी	10	disagree
परमप्रभु	न	10	not_in_SIL
नित्‍तीके	सिंहासन	10	disagree
रिम्‍शो	प्रशंसा	10	not_in_SIL
यावे	तिमीहरू	10	not_in_SIL
का	एउटालाई	10	agree
का	अर्कोलाई	10	disagree
रेउ	पानी	10	agree
ठेयब	र	10	disagree
सास्‍त्रीपुकीमी	शास्‍त्रीहरूले	10	not_in_SIL
जाक्‍शा	आयो	10	not_in_SIL
पिवो	आऊ	10	not_in_SIL
पाइब	गर्छ	10	not_in_SIL
येसु	उहाँकहाँ	10	not_in_SIL
नेक्‍था	नजिकै	10	not_in_SIL
सुइश्‍शा	गरे	10	not_in_SIL
अर्थ	अर्थ	10	not_in_SIL
आं	मेरी	10	disagree
खिं	घरभित्र	10	agree
मिनु	तिनीहरूका	10	disagree
शेंना	प्रचार	10	not_in_SIL
फिलीप	फिलिप	10	not_in_SIL
जाक्‍ती	आएँ	10	not_in_SIL
ख्रीस्‍तमी	ख्रीष्‍टले	10	not_in_SIL
गेय	कार्यहरू	10	disagree
वा	थिए	10	disagree
वा	थियो	10	disagree
मुर	व्यक्‍ति	10	disagree
चिन्‍ड	चिन्ह	10	not_in_SIL
मुर	मानिसहरूसँग	10	agree
सेल्‍शा	भन्‍नुभयो	10	not_in_SIL
येसु	येशूले	10	not_in_SIL
काबु	एक	10	agree
ग्रुंइब	बप्‍तिस्मा-दिने	10	not_in_SIL
आ	त्यस	10	disagree
मार	किन	10	disagree
जचा	खाना	10	disagree
ङा	यसो	10	disagree
आं	मबाट	10	disagree
ब्रेश्‍शा	बोलाउनुभयो	10	not_in_SIL
गेशा	दिए	10	not_in_SIL
मसुइक्‍ब	अविश्‍वासी	10	not_in_SIL
आं	ममा	10	disagree
लशा	गयो	10	not_in_SIL
आन	तिनीहरूमाथि	10	disagree
कोव़शा	हेर्नुभयो	10	not_in_SIL
लशा	जाओ	10	not_in_SIL
रे	हामीले	10	disagree
तुइश्‍शा	थाहा	10	not_in_SIL
रे	पुनरुत्थान	10	disagree
ङा	एक	10	disagree
बाक्‍को	बस	10	not_in_SIL
सुइ	कुनै	10	not_in_SIL
मिक्‍च	अन्धा	10	not_in_SIL
भाग	दशांश	10	not_in_SIL
ब्रीशो	भरिएका	10	not_in_SIL
परमप्रभु	परमप्रभुको	10	not_in_SIL
दाक्‍मुचा	प्रेम	10	not_in_SIL
जोल	झुटा	10	disagree
तुइक्‍नीनी	थाहा	10	not_in_SIL
आंमा	आफैँले	10	agree
दुम्‍ब	हुनेछन्	10	not_in_SIL
देंशो	भन्‍नुभएको	10	not_in_SIL
कों	कि	10	disagree
लोक्‍ब	भाइहरूलाई	10	not_in_SIL
नासरथ	नासरतका	10	not_in_SIL
सिक्‍सी	चुप	10	not_in_SIL
रे	आएका	10	disagree
सोइक्‍तमे	पठाए	10	not_in_SIL
ख्रुइश्‍शो	गुप्‍त	10	not_in_SIL
पाइश्‍शो	गरेका	10	not_in_SIL
एर	वरिपरि	10	agree
सेंचा	जीवित	10	disagree
का	अरूहरूले	10	disagree
बाक्‍त	सकेनन्	10	not_in_SIL
बाक्‍माक्‍त	थिएन	10	not_in_SIL
दाक्‍बा	गर्छ	10	not_in_SIL
क्‍येङा	झन्	10	not_in_SIL
किकी	पिता	10	not_in_SIL
यो	प्रतिज्ञा	10	disagree
नु	निम्ति	10	disagree
लोव़	वचनमा	10	disagree
मेको	तिनीहरूका	10	not_in_SIL
कली	हरेकलाई	10	agree
पापी	पापी	10	not_in_SIL
कली	बिन्ती	10	disagree
लोव़	आवाज	10	disagree
खोदेंशो	त्यसै	10	disagree
मुल	म	10	disagree
ब्रोंइतीक	जीवनको	10	not_in_SIL
तुइक्‍नुङ	थाहा	10	not_in_SIL
ख्रीस्‍त	ख्रीष्‍टले	10	not_in_SIL
यहूदी	यहूदीहरूलाई	10	not_in_SIL
आगामी	ममा	10	not_in_SIL
मनङ	होइन	10	not_in_SIL
बाक्‍तेक्‍म	छन्	10	not_in_SIL
देंशा	कि	10	not_in_SIL
आन	सबैका	10	disagree
सोक्‍तीमी	आत्मामा	10	not_in_SIL
यावे	परमेश्‍वरलाई	10	not_in_SIL
कली	खातिर	10	disagree
जहाज	जहाजमा	10	not_in_SIL
पावलमी	उनले	10	not_in_SIL
पावल	पावलको	10	not_in_SIL
यावेमी	यो	10	not_in_SIL
श्‍येत	कष्‍टमा	10	not_in_SIL
मुने	शर्ममा	10	disagree
सक्ति	सर्वशक्‍तिमान्	10	not_in_SIL
पाठा	थुमाको	10	not_in_SIL
डप्‍का	कचौरा	10	not_in_SIL
हेरोद	हेरोदको	9	not_in_SIL
हेरोद	हेरोद	9	not_in_SIL
शुश	अति	9	disagree
इजीप्‍त	मिश्र	9	not_in_SIL
इजीप्‍त	मिश्रमा	9	not_in_SIL
यसैयामी	यशैया	9	not_in_SIL
रवा	रुख	9	agree
गालील	गालीलबाट	9	not_in_SIL
एको	यिनी	9	not_in_SIL
ब्रेक्‍पाइश्‍शो	लेखिएको	9	not_in_SIL
पाइब	गर्नुहुनेछ	9	not_in_SIL
खोइल	खुट्टा	9	disagree
सैतान	शैतान	9	not_in_SIL
नेंशा	सुन्‍नुभयो	9	not_in_SIL
कापेरनाउम	कफर्नहुममा	9	not_in_SIL
नु	बिचमा	9	disagree
बाक्‍त	लाग्यो	9	not_in_SIL
आन	र	9	agree
गोमी	म	9	not_in_SIL
मार	तिमीहरूलाई	9	disagree
बाक्‍ब	थियो	9	not_in_SIL
मो	ताकि	9	disagree
स्‍वर्ग	स्वर्गीय	9	not_in_SIL
मोदेंशो	ताकि	9	disagree
आफ	पितासँग	9	disagree
मुलाक्‍ती	आज	9	not_in_SIL
इन	निम्ति	9	disagree
थुं	मन	9	disagree
फेक्‍चा	वा	9	not_in_SIL
सेल्‍शो	बनाइएको	9	not_in_SIL
इन	तपाईं	9	agree
पाइब	निको	9	not_in_SIL
मिनु	त्‍यसपछि	9	disagree
मेको	सो	9	not_in_SIL
नेल्‍ल	पुरै	9	disagree
बाक्‍त	आयो	9	not_in_SIL
क्‍याम्‍चा	क्षमा	9	not_in_SIL
पोक्‍ब	उठाउने	9	not_in_SIL
दाक्‍नुङ	चाहन्छु	9	not_in_SIL
मो	तुरुन्तै	9	disagree
कली	भिडलाई	9	agree
सु	जसलाई	9	disagree
जना	जनालाई	9	not_in_SIL
अर्को	गैरयहूदीहरू	9	not_in_SIL
मुरपुकीमी	जसले	9	not_in_SIL
महिनीन	नडराओ	9	not_in_SIL
लोव़	अगमवक्‍ता	9	disagree
बेक्‍शो	फेरि	9	not_in_SIL
मार	यस्तो	9	disagree
बाक्‍माक्‍त	हो	9	not_in_SIL
हना	यदि	9	disagree
नङ	छु	9	not_in_SIL
आन	निको	9	disagree
पाइब	दास	9	not_in_SIL
मताइब	अन्धो	9	not_in_SIL
आ	उसका	9	disagree
दोस	न्याय	9	not_in_SIL
मेकोमी	तिनी	9	not_in_SIL
जुक्‍तमे	बिउहरू	9	not_in_SIL
६०	केहीले	9	not_in_SIL
कली	दिइएको	9	disagree
मुर	मानिसले	9	agree
आ	हामीलाई	9	disagree
समुन्‍द्रमी	समुद्रमा	9	not_in_SIL
हिल्‍लो	उहाँलाई	9	not_in_SIL
फश	बतास	9	disagree
वोल	भूत	9	agree
निम्‍फा	दुवै	9	not_in_SIL
मेकोपुकीमी	उहाँलाई	9	not_in_SIL
शेंशो	कुरा	9	not_in_SIL
खिं	निर्माण	9	disagree
पाइबा	गर्छ	9	not_in_SIL
रिम्‍शो	लाभ	9	not_in_SIL
येसु	उहाँसँग	9	not_in_SIL
थमा	साँच्‍चै	9	disagree
बाक्‍नीम	हुन्छ	9	not_in_SIL
दुम्‍शा	भएर	9	not_in_SIL
प्रोंइशा	छोडेर	9	not_in_SIL
पचा	इच्छा	9	disagree
नोले	त्यसपछि	9	agree
बाक्‍त	भेट्टाए	9	not_in_SIL
नेल्‍लेमी	हरेकले	9	not_in_SIL
नोले	तर	9	disagree
आ	उहाँबाट	9	disagree
सिजर	कैसरको	9	not_in_SIL
पाम्‍तेक्‍म	छन्	9	not_in_SIL
सम्‍म	जबसम्म	9	not_in_SIL
सजाइ	दण्ड	9	disagree
बाक्‍माक्‍त	हुनुहुन्थ्यो	9	not_in_SIL
ठेयब	महिमित	9	disagree
गेना	सधैँ	9	disagree
पास्‍सा	निस्तार-चाडको	9	not_in_SIL
गो	मसँगै	9	agree
कली	उसले	9	disagree
थुं	आत्मा	9	agree
लशा	र	9	not_in_SIL
मुल	अझै	9	disagree
किंत	दिनहुँ	9	not_in_SIL
पत्रुस	पत्रुसले	9	not_in_SIL
सांमी	तिन	9	not_in_SIL
आ	मानिसको	9	disagree
ख्रिनु	भूकम्प	9	disagree
मरीयम	मग्दलिनी	9	not_in_SIL
सम्‍म	दिनसम्म	9	not_in_SIL
लोव़	यही	9	disagree
पाप	पापहरू	9	not_in_SIL
पाइश्‍शो	शक्‍तिशाली	9	not_in_SIL
आन	मानिसको	9	disagree
डोंगा	डुङ्गा	9	disagree
शेंसीबपुकीमी	तिनीहरूले	9	not_in_SIL
येसुमी	सोध्‍नुभयो	9	not_in_SIL
बाक्‍नीकी	छौँ	9	not_in_SIL
ङोंइती	तिनीहरूले	9	disagree
गे	तिम्रो	9	disagree
मारेइ	न	9	agree
यो	मेरो	9	disagree
सोक्‍त	आत्मामा	9	disagree
मेको	यसलाई	9	not_in_SIL
निक्‍शीमी	केहीले	9	not_in_SIL
मोदेंशो	तिनीहरूले	9	disagree
कामी	कसैले	9	not_in_SIL
आसीक	आशिष्‌‌	9	disagree
हना	गर्छौ	9	disagree
पशो	गरेको	9	not_in_SIL
दुम्‍त	थियो	9	not_in_SIL
ब्रेक्‍पाइश्‍शो	धर्मशास्‍त्र	9	not_in_SIL
बाक्‍त	गरेनन्	9	not_in_SIL
ना	समय	9	disagree
बाक्‍ब	बस्‍ने	9	not_in_SIL
नेंशा	सुनेका	9	not_in_SIL
अरेशो	व्यवस्थाले	9	not_in_SIL
मुरपुकीमी	भिडले	9	not_in_SIL
जग	जग	9	not_in_SIL
बाक्‍नीमी	छन्	9	not_in_SIL
नोले	कुराहरूपछि	9	agree
मबाक्‍ब	होइन	9	not_in_SIL
आ	प्रभुको	9	disagree
तन्‍न	किनकि	9	disagree
लाजरस	लाजरस	9	not_in_SIL
ङा	बिचमा	9	disagree
ग्‍येरपाइक्‍तीक	सुसमाचार	9	not_in_SIL
मेकोपुकीमी	उनीहरूले	9	not_in_SIL
मेकोपुकी	तिनीहरूका	9	not_in_SIL
काथा	तिनीहरूसँगै	9	not_in_SIL
मेको	जसको	9	not_in_SIL
सुइक्‍तेक्‍म	गरे	9	not_in_SIL
जरमेशो	जन्मेको	9	not_in_SIL
रेयके	आवाज	9	disagree
रागी	संसारलाई	9	disagree
सुइक्‍बा	गर्छ	9	not_in_SIL
तुइक्‍नुङ	जान्दछु	9	not_in_SIL
आफ	पिताबाट	9	disagree
बाक्‍ब	रहन्छ	9	not_in_SIL
गेपुकी	तिमीहरूको	9	agree
जोल	झुट	9	disagree
तन्‍न	तापनि	9	disagree
खोइल	गोडा	9	disagree
बेक्‍चा	मृत्यु	9	not_in_SIL
मोपा	तिनीहरू	9	disagree
लोव़	अर्थ	9	disagree
गेपुकीमी	तपाईंहरूले	9	not_in_SIL
आ	ख्रीष्‍टको	9	disagree
शिशी	अनुग्रहमा	9	disagree
रागी	माझमा	9	disagree
तिमोथी	तिमोथी	9	not_in_SIL
पावल	उनलाई	9	not_in_SIL
रोमी	रोमी	9	not_in_SIL
गे	तिमीहरूको	9	disagree
सुइक्‍ब	मण्डलीलाई	9	not_in_SIL
कली	भएको	9	disagree
नेल्‍ल	सबैका	9	agree
सेल्‍शो	सृष्‍टि	9	not_in_SIL
सराप	श्रापित	9	not_in_SIL
नें	गर्व	9	disagree
बाक्‍नीनी	हौ	9	not_in_SIL
जन्‍तु	पशुको	9	not_in_SIL
नित्‍तीकेमी	विराजमान	9	not_in_SIL
जन्‍तु	पशुलाई	9	not_in_SIL
याकूब	याकूबका	8	not_in_SIL
मिनु	जसै	8	disagree
रे	यसो	8	disagree
आ	भएको	8	disagree
आ	उहाँकी	8	disagree
मेकेर	त्यहीँ	8	disagree
दुम्‍माक्‍त	भयो	8	not_in_SIL
मुरुमी	तिनीहरूले	8	not_in_SIL
मेको	तिनले	8	not_in_SIL
मशिरनुङ	छैनँ	8	not_in_SIL
ग्रूशा	निस्केर	8	not_in_SIL
लोव़मी	छ	8	not_in_SIL
सेउ	आराधना	8	not_in_SIL
ग्‍याइल	जाल	8	not_in_SIL
जब्‍दी	जब्दियाका	8	not_in_SIL
डोंगाम	डुङ्गामा	8	not_in_SIL
तौ	सन्तान	8	disagree
आन	मानिसहरूले	8	disagree
फरिसी	फरिसी	8	not_in_SIL
साइ	प्राचीन	8	disagree
मूर्ख	मूर्ख	8	not_in_SIL
मीम	आगोमा	8	not_in_SIL
नु	विरुद्धमा	8	agree
मुरुमी	कसैले	8	not_in_SIL
कली	घृणा	8	disagree
तौ	छोराहरू	8	agree
क्‍याम्‍शा	क्षमा	8	not_in_SIL
मचाप्‍ब	सक्दैन	8	not_in_SIL
तुइक्‍ब	जान्‍नुहुन्छ	8	not_in_SIL
गे	तिमीहरूमध्ये	8	disagree
आन	अगमवक्‍ताहरूको	8	disagree
कप्‍तान	कप्‍तान	8	not_in_SIL
कली	नोकरलाई	8	agree
नोले	उहाँ	8	disagree
खोदेंशो	यस्तो	8	disagree
मेकोमी	उहाँ	8	not_in_SIL
आइक्‍ची	पारिपट्टि	8	not_in_SIL
कली	व्यक्‍तिलाई	8	agree
छुल	उठ	8	disagree
ब्राख्‍ये	ओछ्यान	8	not_in_SIL
ग्‍युम्‍ले	दुलहा	8	not_in_SIL
वा	कपडाको	8	disagree
बर्स	वर्षदेखि	8	disagree
लोव़	खबर	8	disagree
रे	भएर	8	disagree
सुम्‍शो	लागेको	8	not_in_SIL
चहिं	यसो	8	disagree
शिशी	दयाले	8	agree
वोल	आत्माहरू	8	disagree
चांदी	चाँदी	8	agree
गाउं	गाउँमा	8	agree
खिंमी	सभाघरहरूमा	8	not_in_SIL
तमी	छोराछोरीहरू	8	agree
होव़प	नोकर	8	disagree
बाक्‍मा	भएका	8	not_in_SIL
ब्राइब	गर्दछ	8	not_in_SIL
सोइक्‍ब	पठाउनुहुनेलाई	8	not_in_SIL
यूहन्‍ना	यूहन्‍नाले	8	not_in_SIL
कली	जसको	8	disagree
बेक्‍शो	मरेका	8	not_in_SIL
वा	लुगा	8	agree
टायर	टुरोस	8	not_in_SIL
गेपुकी	तिमीहरूका	8	agree
बोल्‍यो	बलियो	8	not_in_SIL
पाप	क्षमा	8	not_in_SIL
थुं	हृदयमा	8	disagree
वोइश्‍शो	राखिएको	8	not_in_SIL
मोदेंशो	यस्तै	8	disagree
३०	गुणा	8	not_in_SIL
दा	त	8	agree
जाक्‍मेनु	समयमा	8	not_in_SIL
रे	सुरुदेखि	8	disagree
आन	जनालाई	8	disagree
रू	जमिन	8	disagree
गेय	नोकरहरूलाई	8	disagree
निक्‍शी	छन्	8	not_in_SIL
हिंशा	डरले	8	not_in_SIL
डोंगा	डुङ्गामा	8	disagree
मोदेंशो	यसरी	8	disagree
मिनु	उहाँका	8	disagree
मबा	छैन	8	agree
कली	देखाउन	8	disagree
मुर	जनाको	8	disagree
कों	वा	8	disagree
कली	बदला	8	disagree
मोदेंशो	हामीले	8	disagree
इ	तँलाई	8	disagree
मीश	पत्‍नीसँग	8	disagree
बाक्‍ती	छु	8	not_in_SIL
सोइक्‍तीमी	पठाए	8	not_in_SIL
यरूसलेम	यरूशलेमतिर	8	not_in_SIL
ङोइश्‍शा	चढेर	8	not_in_SIL
खिं	मन्दिरभित्र	8	disagree
मतुइक्‍नीनी	जान्दैनौ	8	not_in_SIL
बाक्‍ब	हुने	8	not_in_SIL
बाक्‍नीम	हुन्छन्	8	not_in_SIL
बेक्‍शो	मृतकहरूको	8	not_in_SIL
शेंब	रब्बी	8	disagree
कपटी	पाखण्डीहरू	8	not_in_SIL
पाइनीम	गर्नेछन्	8	not_in_SIL
लोव़	भनेका	8	disagree
पाइबपुकीमी	न	8	not_in_SIL
का	मानिस	8	disagree
अर्को	अर्का	8	not_in_SIL
ग्‍युरा	दाहिनेपट्टि	8	not_in_SIL
चढ़ेब	पुजारीको	8	not_in_SIL
आ	एक	8	disagree
इन	तपाईंहरूकहाँ	8	disagree
चांदी	चाँदीका	8	agree
मसुप्‍शो	अखमिरी	8	not_in_SIL
जाक्‍मेनु	आउनुभयो	8	not_in_SIL
मोपतीके	ताकि	8	disagree
बाक्‍त	आइपुगे	8	not_in_SIL
ताइनीनी	देख्‍नेछौ	8	not_in_SIL
येसु	प्रभु	8	not_in_SIL
दिचा	आत्मा	8	not_in_SIL
कली	तल	8	disagree
मुरपुकीमी	मानिसहरू	8	not_in_SIL
बाक्‍त	सकून्	8	not_in_SIL
शेंसीबपुकी	चेलाहरूसँग	8	not_in_SIL
बेक्‍शो	चिहानमा	8	not_in_SIL
नाक्‍दो	रात	8	not_in_SIL
क्‍येङा	सर्वोच्‍च	8	not_in_SIL
नें	नाम	8	agree
मेको	त्यहाँ	8	not_in_SIL
वोलमी	भूत	8	not_in_SIL
कली	कुराहरू	8	disagree
लोव़	सत्यता	8	disagree
महिनो	नडराऊ	8	not_in_SIL
जचा	खाने	8	disagree
सापाइक्‍चा	निको	8	not_in_SIL
सरीङ	स्वर्गतिर	8	agree
कली	जीवन	8	disagree
मेको	त्यससँग	8	not_in_SIL
दुम्‍ब	छ	8	not_in_SIL
दुम्‍शो	भएको	8	not_in_SIL
मरिम्‍शो	विरुद्धमा	8	not_in_SIL
अरेशो	आज्ञाहरू	8	not_in_SIL
मेको	उहाँका	8	not_in_SIL
प्रभुमी	परमप्रभुले	8	not_in_SIL
ना	समयमा	8	disagree
एक	यहाँ	8	not_in_SIL
ठिटा	जवान	8	disagree
दोस	विरुद्धमा	8	not_in_SIL
कली	आवश्यक	8	disagree
मी	आगोको	8	agree
महिना	महिनासम्म	8	not_in_SIL
नेंशो	सुनेका	8	not_in_SIL
पाप	उद्धार	8	not_in_SIL
मेको	जुनचाहिँ	8	not_in_SIL
पा	भएर	8	disagree
अर्को	अर्कोलाई	8	not_in_SIL
बेक्‍शो	मृत	8	not_in_SIL
दाक्‍तीके	प्रेम	8	disagree
आं	अब	8	disagree
शुश	लामो	8	disagree
सुमी	कोही	8	not_in_SIL
क्‍येट	पैसाको	8	not_in_SIL
शेंब	शिक्षक	8	disagree
आफ	पिताले	8	disagree
मेको	त्यसमा	8	not_in_SIL
लाइनुङ	छु	8	not_in_SIL
ओटा	दसवटा	8	not_in_SIL
अब्राहाम	अब्राहामलाई	8	not_in_SIL
मारेइ	कुराहरू	8	disagree
मान	महिमा	8	not_in_SIL
नोले	अन्त्य	8	disagree
मुल	किनकि	8	disagree
साइक्‍चा	मृत्युदण्ड	8	not_in_SIL
शीम	क्रुसमा	8	not_in_SIL
आंस	हामीलाई	8	disagree
तपांइसाक्‍व	देखा	8	not_in_SIL
मेको	उहाँमा	8	not_in_SIL
कली	दिएको	8	disagree
फिलीप	फिलिपलाई	8	not_in_SIL
फिलीपमी	फिलिपले	8	not_in_SIL
कली	उहाँमा	8	disagree
कली	ताकि	8	disagree
गेप्‍तु	दिनुभएको	8	not_in_SIL
कली	काम	8	disagree
परमप्रभु	आफैँलाई	8	not_in_SIL
रे	परमेश्‍वरबाट	8	agree
यहूदीपुकीमी	यहूदीहरू	8	not_in_SIL
चच	सन्तानहरू	8	disagree
गोठला	गोठालो	8	disagree
थुं	आत्मामा	8	agree
दुम्‍शा	रूपमा	8	not_in_SIL
पाइब	गर्नेछ	8	not_in_SIL
दाक्‍शो	प्रेम	8	not_in_SIL
कली	अगि	8	disagree
खोदेंशो	हुने	8	disagree
ब्‍वाक्‍कुम	बप्‍तिस्मा	8	not_in_SIL
योव़शो	पवित्र	8	not_in_SIL
आ	वचन	8	disagree
बारनाबास	बारनाबास	8	not_in_SIL
सोक्‍त	आत्मालाई	8	disagree
स्‍वर्ग	स्वर्गदूतको	8	not_in_SIL
लोव़	समय	8	disagree
निसाफ	न्यायकर्ता	8	not_in_SIL
प्रभु	परमेश्‍वरको	8	not_in_SIL
ताता	थियो	8	disagree
थुं	उत्साह	8	disagree
लोव़	भन्दै	8	disagree
देंनुङ	दिन्छु	8	not_in_SIL
यहूदी	व्यवस्था	8	not_in_SIL
अरेशो	व्यवस्थाद्वारा	8	not_in_SIL
छाप	छाप	8	not_in_SIL
अरेशो	व्यवस्थाबाट	8	not_in_SIL
टिने	अधीनमा	8	not_in_SIL
सुइक्‍ब	विश्‍वासीहरूको	8	not_in_SIL
बाक्‍नय	हौँ	8	not_in_SIL
क्‍येक्‍क	बदला	8	not_in_SIL
रागी	पृथ्‍वी	8	disagree
सक्ति	वरदान	8	not_in_SIL
नें	घमण्ड	8	disagree
ङोन	अलग	8	disagree
हेश्‍शो	धारिलो	8	not_in_SIL
कबल	करारको	8	disagree
सुन	सुनका	8	not_in_SIL
चाप्‍नीमी	कान	8	not_in_SIL
नेन्‍मेक्‍ल	सुनोस्	8	not_in_SIL
ठेयब	सिंहासनमा	8	disagree
इसहाक	इसहाक	7	not_in_SIL
योसेफ	योसेफका	7	not_in_SIL
मिनु	समयमा	7	disagree
यहूदीया	यहूदियाको	7	not_in_SIL
ग्‍येरशा	आनन्दित	7	not_in_SIL
धूप	धूप	7	not_in_SIL
सम्‍म	नभएसम्म	7	not_in_SIL
आ	भन्‍नुभएको	7	disagree
जाक्‍चशो	नजिकै	7	not_in_SIL
यहूदीया	यहूदिया	7	not_in_SIL
खोला	नदी	7	not_in_SIL
पा	गर्दै	7	disagree
चहिं	चाहिँ	7	disagree
तवा	देख्‍नुभयो	7	not_in_SIL
ला	केवल	7	disagree
बेक्‍चा	मृत्युको	7	not_in_SIL
ग्रुम्‍तीक	सभाघरहरूमा	7	not_in_SIL
मुरुमी	भिड	7	not_in_SIL
ताइनीम	देख्‍नेछन्	7	not_in_SIL
सुइमी	न	7	not_in_SIL
अरेशो	व्यवस्थालाई	7	not_in_SIL
आइक्‍च	तुच्छ	7	not_in_SIL
यरूसलेम	यरूशलेमको	7	not_in_SIL
पिप	राजाको	7	agree
हना	नगर	7	disagree
आफोमी	पिता	7	not_in_SIL
अर्को	गैरयहूदीहरूले	7	not_in_SIL
थुं	परीक्षामा	7	disagree
बर्त	उपवास	7	not_in_SIL
कुल	अनुहार	7	agree
होव़प	मालिकको	7	agree
ङा	दिनको	7	agree
चाप्‍नीनी	सक्छौ	7	not_in_SIL
बाक्‍ब	हुन्छन्	7	not_in_SIL
चू	काँडाको	7	agree
पाइबपुकी	गर्नेहरू	7	not_in_SIL
नेंशा	सुन्छ	7	not_in_SIL
देंशो	आज्ञा	7	not_in_SIL
गेय	नोकर	7	disagree
पाइनुङ	छु	7	not_in_SIL
ख्रुइ	किटाइ	7	disagree
कप्‍तान	कप्‍तानलाई	7	not_in_SIL
खोइय्‍यी	पछ्याऊ	7	not_in_SIL
सहरम	सहरमा	7	not_in_SIL
शुक्‍शी	ईश्‍वर-निन्दा	7	not_in_SIL
मेकेर	तिनीहरू	7	disagree
बाक्‍शा	बसेर	7	not_in_SIL
तन्‍न	म	7	disagree
यूहन्‍ना	यूहन्‍नाका	7	not_in_SIL
कली	गर्न	7	disagree
आसीक	अभिवादन	7	disagree
नाइक्‍चा	शान्ति	7	not_in_SIL
सोदोम	सदोम	7	not_in_SIL
अर्को	अन्यजातिहरूका	7	not_in_SIL
कली	भन्दछु	7	disagree
दुम्‍नीम	हुनेछन्	7	not_in_SIL
आम	आफ्नो	7	disagree
ताइब	पाउनेछ	7	not_in_SIL
कली	कारणले	7	disagree
आ	अगमवक्‍ताको	7	disagree
आन	सिकाउन	7	disagree
यूहन्‍नामी	यूहन्‍नाको	7	not_in_SIL
सु	जससँग	7	disagree
आन	उहाँका	7	disagree
फेक्‍शा	लगाएर	7	not_in_SIL
मपढेनी	पढेका	7	not_in_SIL
मपढेनी	छैनौ	7	not_in_SIL
जामे	खाए	7	not_in_SIL
ग्रूशा	गए	7	not_in_SIL
सुमी	जो	7	not_in_SIL
दोस	दोषी	7	not_in_SIL
६०	साठी	7	not_in_SIL
जोरी	शत्रु	7	not_in_SIL
आइक्‍च	सानो	7	not_in_SIL
मीश	एउटी	7	disagree
लत	जानुभयो	7	not_in_SIL
मीश	पत्‍नीको	7	disagree
बाक्‍त	दिइयो	7	not_in_SIL
ङांइ	दुईवटा	7	disagree
सरीङ	स्वर्गमा	7	agree
हिंशा	तिनीहरू	7	not_in_SIL
आम	आमा	7	agree
कली	त्यो	7	disagree
ला	बाहेक	7	disagree
जचा	केही	7	disagree
जिक्‍शा	भाँच्‍नुभयो	7	not_in_SIL
लल	रातो	7	agree
कोव़शा	हेरेर	7	not_in_SIL
कली	अझै	7	disagree
६	छ	7	not_in_SIL
आन	उनीहरूको	7	agree
तामे	देखे	7	not_in_SIL
शेंसीब	चेलाहरूकहाँ	7	disagree
नु	तिमीहरूसँग	7	agree
कली	बचाउन	7	disagree
जेर	ऋण	7	disagree
मिनु	एउटा	7	disagree
निक्‍शी	जना	7	not_in_SIL
लोव़	ग्रहण	7	disagree
टिचा	पालन	7	disagree
योक्‍शा	गरिबहरूलाई	7	not_in_SIL
ताइब	प्राप्‍त	7	not_in_SIL
दुम्‍चा	हुने	7	not_in_SIL
नोले	पछ्याए	7	disagree
अधिकारमी	अधिकारले	7	not_in_SIL
पवा	गर्‍यो	7	not_in_SIL
ग्‍याइश्‍शा	पक्रे	7	not_in_SIL
मुर	जातिलाई	7	disagree
छिङछिङमी	अन्धकारमा	7	not_in_SIL
बाक्‍त	बनाए	7	not_in_SIL
आन	बिचमा	7	disagree
नोले	दोस्रो	7	disagree
मेकोपुकीमी	तिनीहरूका	7	not_in_SIL
नेल्‍ल	नष्‍ट	7	disagree
थमा	विश्‍वासलाई	7	disagree
किकी	पुर्खाहरूको	7	not_in_SIL
शुश	एउटा	7	disagree
जाक्‍ब	आउने	7	not_in_SIL
दूध	दूध	7	not_in_SIL
नां	सूर्य	7	agree
कली	सबैलाई	7	agree
दे	तिमीहरूलाई	7	disagree
ङा	यो	7	disagree
वा	थिएन	7	disagree
गेय	सहकर्मी	7	disagree
तेल	तेल	7	disagree
तुइश्‍शो	थाहा	7	not_in_SIL
रागी	जाति	7	disagree
वोइय्‍यीमीनु	थिएँ	7	not_in_SIL
लोव़	जवाफ	7	disagree
नु	तथा	7	disagree
थुं	दुःख	7	disagree
मिनु	उनीहरू	7	disagree
दुम्‍ल	होस्	7	not_in_SIL
ब्रेक्‍शो	लेखेका	7	not_in_SIL
मेको	म	7	not_in_SIL
वारच	दिने	7	disagree
आंमा	आफैँ	7	agree
चढ़ेबपुकीमी	पुजारीहरूले	7	not_in_SIL
बाक्‍त	दिनुभएन	7	not_in_SIL
पाइब	गरेको	7	not_in_SIL
बारब्‍बा	बारब्बालाई	7	not_in_SIL
नाक्‍तीमी	दिनमा	7	not_in_SIL
हना	हो	7	disagree
सां	तेस्रो	7	disagree
सिपाहीपुकीमी	सिपाहीहरूले	7	not_in_SIL
बाक्‍नुङ	छु	7	not_in_SIL
परमप्रभु	जसरी	7	not_in_SIL
लाक्‍मा	परे	7	not_in_SIL
शेंथ	प्रचार	7	not_in_SIL
दाऊद	दाऊद	7	not_in_SIL
मरिम्‍शो	हानि	7	not_in_SIL
आ	मेरा	7	disagree
मुर	मानिसबाट	7	agree
पुना	बिन्ती	7	not_in_SIL
शुश	महान्	7	disagree
आन	गएर	7	disagree
बाक्‍त	गरिन्	7	not_in_SIL
नेल्‍ल	यो	7	disagree
ग्‍याइश्‍शा	समातेर	7	not_in_SIL
बोक्‍को	उठ	7	not_in_SIL
बाक्‍शा	तिनीहरूसँग	7	not_in_SIL
आफोमी	बुबाले	7	not_in_SIL
नेल्‍ल	सबैको	7	agree
दे	फेरि	7	disagree
दे	सो	7	disagree
हुकुम	शासकहरू	7	not_in_SIL
आन	तिमीहरूका	7	disagree
सुनी	बिहान	7	agree
थीब	धनी	7	not_in_SIL
बाक्‍कीन	राख	7	not_in_SIL
येसु	उहाँमाथि	7	not_in_SIL
शुश	धेरैले	7	agree
कप्‍तानमी	कप्‍तानले	7	not_in_SIL
लोव़	पालना	7	disagree
ङोंइती	उपस्थितिमा	7	disagree
काइ	घृणा	7	disagree
बाक्‍त	फर्के	7	not_in_SIL
मार	विषयमा	7	disagree
नाक्‍दो	दिनरात	7	not_in_SIL
यूहन्‍नामी	दिए	7	not_in_SIL
नाक्‍त	समयको	7	disagree
गेनुङ	दिनेछु	7	not_in_SIL
किताब	चर्मपत्रको	7	not_in_SIL
किताब	मुट्ठो	7	not_in_SIL
कली	दिन	7	disagree
कली	थाहा	7	disagree
नेंचा	सुन्‍न	7	agree
सहर	सहरबाट	7	disagree
मिनु	यसपछि	7	disagree
दाक्‍बा	प्रेम	7	not_in_SIL
इच्‍का	थोरै	7	not_in_SIL
मुरपुकीमी	ताकि	7	not_in_SIL
खिं	भित्र	7	disagree
कली	गर्दा	7	disagree
कली	गर्‍यो	7	disagree
निक्‍शीमी	कसैले	7	not_in_SIL
सहर	सहरका	7	disagree
रां	शरीरले	7	agree
सुइक्‍चा	विश्‍वासयोग्य	7	not_in_SIL
तेको	जे	7	disagree
बाक्‍ल	होस्	7	not_in_SIL
सु	कोही	7	agree
बाक्‍त	चाहन्थे	7	not_in_SIL
रे	जीवित	7	disagree
रिम्‍शो	विश्‍वासयोग्य	7	not_in_SIL
अर्को	अरू	7	not_in_SIL
लाजरस	लाजरसलाई	7	not_in_SIL
ब्‍वाक्‍कु	पानीको	7	not_in_SIL
ङा	देखेको	7	agree
पा	जस्तै	7	disagree
ठेयब	त्यो	7	disagree
सासन	शासन	7	agree
सुइक्‍ब	गरेका	7	not_in_SIL
बाक्‍मे	हो	7	not_in_SIL
वारच	विश्‍वासघात	7	disagree
गे	ताकि	7	disagree
दीसा	दिन	7	disagree
बाक्‍ङानु	हुँदा	7	not_in_SIL
हना	तपाईंहरूलाई	7	disagree
मीश	स्‍त्रीहरूले	7	disagree
देंशो	बोलेका	7	not_in_SIL
ब्रोंइतीक	जीवन	7	not_in_SIL
मुरपुकीमी	संसारले	7	not_in_SIL
मेको	उहाँमाथि	7	not_in_SIL
नेल्‍लेमी	हरेक	7	not_in_SIL
छक	चिह्न‍हरू	7	not_in_SIL
थमा	स्वीकार	7	disagree
मसुइक्‍नीनी	गर्दैनौ	7	not_in_SIL
रागीम	संसारमा	7	not_in_SIL
छेङछेङमी	ज्योतिमा	7	not_in_SIL
प्रभु	महाशय	7	not_in_SIL
ख्रीस्‍त	उहाँमा	7	not_in_SIL
गेशो	दिनुभएको	7	not_in_SIL
गेना	जीवनको	7	disagree
लीशो	बाँकी	7	not_in_SIL
समुन्‍द्र	समुद्रमा	7	not_in_SIL
हना	सदैव	7	disagree
गो	तिमीहरू	7	agree
गोपुकी	हामीहरू	7	agree
मरिम्‍शो	पापको	7	not_in_SIL
तुइक्‍नय	जान्दछौँ	7	not_in_SIL
लोव़	बोलेको	7	disagree
सुम	जसले	7	not_in_SIL
आफ	पिताकहाँ	7	disagree
लोव़	बोलिरहेको	7	disagree
गेपुकी	कि	7	disagree
गेप्‍तु	दिनुभयो	7	not_in_SIL
गेपुकी	तिमीहरूलाई	7	agree
किताबमी	पुस्तकमा	7	not_in_SIL
यावेमी	भन्‍नुहुन्छ	7	not_in_SIL
परमप्रभुमी	परमेश्‍वरले	7	not_in_SIL
कली	नियुक्त	7	disagree
चढ़ेब	पूजाहारी	7	not_in_SIL
गेय	निम्ति	7	disagree
प्रोंइचा	स्वतन्‍त्र	7	disagree
हनानीया	हननिया	7	not_in_SIL
ग्रीक	ग्रिक	7	not_in_SIL
यावे	निम्ति	7	not_in_SIL
सुइक्‍ब	मण्डलीको	7	not_in_SIL
तातामी	देखेँ	7	not_in_SIL
थमा	विश्‍वासबाट	7	disagree
आस	उनीहरूलाई	7	agree
रे	पार्नुभयो	7	disagree
सिलास	सिलासलाई	7	not_in_SIL
प्रभुमी	परमेश्‍वरले	7	not_in_SIL
मूर्ति	मूर्तिलाई	7	not_in_SIL
का	भाग	7	disagree
रे	निम्ति	7	disagree
फेस्‍तसमी	फेस्तसले	7	not_in_SIL
लोव़	नसक्‍ने	7	disagree
सैतान	शैतानको	7	not_in_SIL
मेको	हामीलाई	7	not_in_SIL
मेकोपुकीमी	जसले	7	not_in_SIL
रिम्‍शो	भलाइ	7	not_in_SIL
आस	भविष्यको	7	disagree
सोक्‍तीम	आत्माद्वारा	7	not_in_SIL
छेङछेङ	महिमाको	7	disagree
शेंनीकी	गर्छौं	7	not_in_SIL
प्रभु	परमप्रभुमा	7	not_in_SIL
बाक्‍तेक्‍म	हुन्	7	not_in_SIL
बाक्‍बा	छन्	7	not_in_SIL
माल्‍नीनी	गर	7	not_in_SIL
ब्रेक्‍ताक्‍ङ	लेखेको	7	not_in_SIL
नित्‍तीके	सिंहासनको	7	disagree
जन्‍तु	प्राणी	7	not_in_SIL
ग्रोव़	सिङ	7	disagree
पाठामी	थुमाले	7	not_in_SIL
कुप्‍फीमी	निधारमा	7	not_in_SIL
इसहाक	इसहाकका	6	not_in_SIL
दाऊदमी	दाऊद	6	not_in_SIL
कुरशो	गर्भवती	6	not_in_SIL
नेसी	अगमवक्‍ताद्वारा	6	not_in_SIL
यावेमी	परमप्रभुले	6	not_in_SIL
लोव़	भनाइ	6	disagree
कोव़ज	गर्भवती	6	not_in_SIL
गोपुकी	हामीसँग	6	agree
खुप्‍शा	भेला	6	not_in_SIL
आइक्‍च	कम	6	not_in_SIL
लने	जाओ	6	not_in_SIL
कली	गर	6	disagree
फो	देखा	6	disagree
मेको	त्योभन्दा	6	not_in_SIL
लोव़	अगमवक्‍ताहरूद्वारा	6	disagree
रे	कि	6	disagree
बाक्‍तीकेमी	आउनुभयो	6	not_in_SIL
दुम्‍माक्‍त	हेर	6	not_in_SIL
स्‍वर्ग	स्वर्ग	6	not_in_SIL
यिशा	तल	6	not_in_SIL
स्‍वर्ग	स्वर्गदूतहरूलाई	6	not_in_SIL
थुं	परीक्षा	6	disagree
छिङछिङम	अन्धकारमा	6	not_in_SIL
बाक्‍बपुकीमी	मानिसहरूले	6	not_in_SIL
माइश्‍शो	भनिने	6	not_in_SIL
गालील	गालीलका	6	not_in_SIL
जाक्‍मा	उहाँकहाँ	6	not_in_SIL
यो	निम्ति	6	disagree
बत्ती	बत्ती	6	not_in_SIL
जाक्‍ती	आएको	6	not_in_SIL
लोव़	भङ्ग	6	disagree
यावे	स्वर्गको	6	not_in_SIL
इन	तिमीहरूसँग	6	disagree
दाक्‍तीने	गर	6	not_in_SIL
आन	गर्नेहरूका	6	disagree
श्‍येत	तिमीहरू	6	not_in_SIL
गुइमी	हातले	6	not_in_SIL
गुइ	हातले	6	agree
बाक्‍ब	रहनुहुन्छ	6	not_in_SIL
छिङछिङ	अन्धकार	6	disagree
स्‍वर्गम	स्वर्गीय	6	not_in_SIL
सुर्ता	चिन्ता	6	not_in_SIL
दोपा	जुन	6	disagree
देंने	भन्‍न	6	not_in_SIL
पने	निम्ति	6	not_in_SIL
गाक्‍नीम	छन्	6	not_in_SIL
निक्‍शी	थोरै	6	not_in_SIL
फल	रुखले	6	not_in_SIL
लोव़	बोलेका	6	disagree
देंशो	पालन	6	not_in_SIL
यिशा	आयो	6	not_in_SIL
हना	त्यो	6	disagree
खिं	घरलाई	6	agree
पाइब	एक	6	not_in_SIL
कली	जनालाई	6	agree
शेप्‍शा	हुनेछ	6	not_in_SIL
आ	भई	6	disagree
छुल	उठिन्	6	disagree
आफ	बुबालाई	6	disagree
बाक्‍त	भेटे	6	not_in_SIL
बेक्‍मा	मरे	6	not_in_SIL
दुम्‍मे	भएको	6	not_in_SIL
क्‍याम्‍साक्‍व	क्षमा	6	not_in_SIL
तुइश्‍शा	पाउनुभयो	6	not_in_SIL
आन	हृदयमा	6	disagree
तशा	देख्यो	6	not_in_SIL
पोक्‍ब	उठाउनेहरू	6	not_in_SIL
बाक्‍म	हो	6	not_in_SIL
ब्रेत्‍थ	बोलाउन	6	not_in_SIL
जाक्‍शा	उहाँकहाँ	6	not_in_SIL
शुश	प्रायः	6	disagree
हना	तिनी	6	disagree
फेक्‍शो	उहाँको	6	not_in_SIL
साते	पारेको	6	not_in_SIL
वाइ	स्वरले	6	not_in_SIL
येसु	यो	6	not_in_SIL
१२	बाह्रै	6	not_in_SIL
आन	म	6	disagree
वोइश्‍शो	लुकाइएको	6	not_in_SIL
मुर	मानिसका	6	agree
येसु	जब	6	not_in_SIL
पशो	गर्नुभएका	6	not_in_SIL
कोव़थ	हेर्न	6	not_in_SIL
रे	दिनदेखि	6	disagree
नेंनल	सुनोस्	6	not_in_SIL
नु	भएका	6	disagree
मुर	निम्ति	6	disagree
गे	तपाईंको	6	disagree
नाइक्‍चा	विश्राम	6	not_in_SIL
ब्रेम्‍शो	नम्र	6	not_in_SIL
नाइक्‍तीक	शबाथको	6	not_in_SIL
सोव़शो	सुकेको	6	not_in_SIL
सापाइक्‍तीक	निको	6	not_in_SIL
मुर	व्यक्‍तिलाई	6	disagree
मिक्‍च	देख्‍न	6	not_in_SIL
राज्‍य	राज्यलाई	6	not_in_SIL
नोले	आउने	6	disagree
चिन्‍ड	चिन्हहरू	6	not_in_SIL
ङोंइती	पहिलेको	6	disagree
लोव़	बोल्दै	6	disagree
लोक्‍बपुकी	भाइ	6	not_in_SIL
दाक्‍शो	इच्छाअनुसार	6	not_in_SIL
रे	निस्केर	6	disagree
कथा	दृष्‍टान्तहरूमा	6	not_in_SIL
ग्‍याङग्रो	ढुङ्गेनी	6	not_in_SIL
राज्‍य	राज्यका	6	not_in_SIL
परमप्रभु	धर्मी	6	not_in_SIL
जरमेशोमी	पुत्रले	6	not_in_SIL
शेप्‍शा	दाह्रा	6	not_in_SIL
पवानु	भने	6	not_in_SIL
मेकेर	त्यस	6	disagree
नु	माझमा	6	disagree
हेरोद	हेरोदले	6	not_in_SIL
ममामी	भनिन्	6	not_in_SIL
गेयीनी	दिनुहोस्	6	not_in_SIL
डालो	बटुले	6	not_in_SIL
कली	आदेश	6	disagree
आगा	भित्र	6	agree
ग्रांग्रा	अपवित्र	6	disagree
मिक्‍च	अन्धो	6	not_in_SIL
खुइ	चोरी	6	agree
आ	तिनकी	6	disagree
चाक्‍शा	ल्याए	6	not_in_SIL
ङोइश्‍शा	चढ्नुभयो	6	not_in_SIL
डालो	टोकरी	6	not_in_SIL
नाक्‍त	दिनपछि	6	agree
कली	गर्नुहोस्	6	disagree
लशा	जाऊ	6	not_in_SIL
आन	उनीहरूका	6	disagree
अर्को	गैरयहूदी	6	not_in_SIL
मो	त्यसैले	6	agree
देनार	दिनार	6	not_in_SIL
सेउ	बिन्ती	6	not_in_SIL
थुं	निराश	6	disagree
इ	तेरा	6	disagree
मोपतीके	तिमीहरू	6	disagree
परमप्रभु	जे	6	not_in_SIL
कली	आमालाई	6	agree
इ	तिमीसँग	6	disagree
नेल्‍ल	त्यो	6	disagree
गेशो	दिने	6	not_in_SIL
गेचा	दिने	6	not_in_SIL
हुकुम	अधिकार	6	not_in_SIL
पाइनीम	गर्दछन्	6	not_in_SIL
लां	भएर	6	disagree
दे	रहन	6	disagree
राशी	हाँगाहरू	6	agree
होसन्‍ना	होसन्‍ना	6	not_in_SIL
मेकेर	तिनीहरूले	6	disagree
माइ	हुन्	6	not_in_SIL
छक	गर्नुभएका	6	not_in_SIL
प्रार्थना	प्रार्थनामा	6	not_in_SIL
मिम्‍तीने	विचार	6	not_in_SIL
इन	तिमीहरूभन्दा	6	disagree
सेल्‍शा	बनाए	6	not_in_SIL
बाक्‍त	पठाए	6	not_in_SIL
सदमे	मारे	6	not_in_SIL
इन	तिमीहरूबाट	6	disagree
बाक्‍त	डराए	6	not_in_SIL
ठीक	निम्ति	6	not_in_SIL
सिजर	कैसरलाई	6	not_in_SIL
जाक्‍शा	सोधे	6	not_in_SIL
चढ़ेशो	भेटी	6	not_in_SIL
दे	गवाही	6	disagree
ङोंइती	माझमा	6	disagree
खिं	मन्दिरबाट	6	disagree
गेना	कहिले	6	agree
शुश	वृद्धि	6	disagree
मोदेंशो	तिमीहरू	6	disagree
तुराही	तुरहीको	6	not_in_SIL
जाम्‍शा	बितेर	6	not_in_SIL
नाक्‍दो	रातको	6	not_in_SIL
खुइ	चोर	6	agree
मइप्‍थु	जागा	6	not_in_SIL
भेडा	भेडाहरूलाई	6	not_in_SIL
गेना	अनन्‍त	6	disagree
खाल्‍पापुकी	एल्डरहरू	6	not_in_SIL
पियामी	शिरमा	6	not_in_SIL
मारदे	कारण	6	disagree
रिम्‍शो	राम्रो	6	not_in_SIL
तेल	अत्तर	6	disagree
मुल	समय	6	disagree
रिक्‍मेनु	पर्‍यो	6	not_in_SIL
आन	दिनुभयो	6	disagree
गे	म	6	disagree
लेंशा	दोस्रो	6	disagree
लेंशा	तेस्रो	6	disagree
लय	जाऔँ	6	not_in_SIL
खिं	मन्दिरलाई	6	disagree
निक्‍शीमी	उहाँलाई	6	not_in_SIL
पत्रुसमी	उनले	6	not_in_SIL
मतुइक्‍नुङ	चिन्दिनँ	6	not_in_SIL
पिलातस	पिलातसकहाँ	6	not_in_SIL
हुश	रगतको	6	agree
मिनु	तिनीहरूमध्ये	6	disagree
कामी	एक	6	not_in_SIL
कली	देखा	6	disagree
मीश	स्‍त्रीहरूलाई	6	disagree
येसु	त्यहाँ	6	not_in_SIL
नु	साथमा	6	disagree
लाप्‍चो	ढोकामा	6	not_in_SIL
सुनी	सबेरै	6	disagree
ओंथ	वरिपरि	6	disagree
मचाप्‍मे	सकेनन्	6	not_in_SIL
बाक्‍त	पारे	6	not_in_SIL
नेल्‍लेमी	तिनीहरू	6	not_in_SIL
कली	होस्	6	disagree
सुइ	कसैले	6	not_in_SIL
खपीम	जमिनमा	6	not_in_SIL
बाक्‍त	आउनुभयो	6	not_in_SIL
दोरशा	दौडेर	6	not_in_SIL
पुन्‍मे	बिन्ती	6	not_in_SIL
हिंमा	डराए	6	not_in_SIL
मीश	भएकी	6	disagree
बाक्‍को	गर	6	not_in_SIL
लाक्‍मा	भए	6	not_in_SIL
दोपा	कस्तो	6	disagree
रोइ	बिरामीहरूलाई	6	agree
बेक्‍शो	भई	6	not_in_SIL
जेल्‍खानमी	कैदमा	6	not_in_SIL
सोइश्‍शोपुकी	प्रेरितहरू	6	not_in_SIL
बाक्‍त	गर्थे	6	not_in_SIL
दे	जसको	6	disagree
आन	भन्‍नुभयो	6	disagree
आ	सुसमाचारको	6	disagree
माल्‍ब	हुनुपर्छ	6	not_in_SIL
आल	बालबालिकाहरूलाई	6	disagree
आलपुकी	बालकहरू	6	not_in_SIL
साइक्‍चा	मार्ने	6	not_in_SIL
सोइक्‍तमे	पठाइदिए	6	not_in_SIL
सक्ति	शक्‍तिको	6	not_in_SIL
यावे	सारा	6	not_in_SIL
ठीक	असल	6	not_in_SIL
दुम्‍ने	हुन	6	not_in_SIL
बाक्‍त	हाले	6	not_in_SIL
शेंसीब	चेलाहरूमध्ये	6	disagree
थुं	तिमीहरूलाई	6	disagree
यो	हुन्छन्	6	disagree
आ	जे	6	disagree
तला	माथिल्लो	6	not_in_SIL
नोले	मैले	6	disagree
कली	हातमा	6	disagree
प्रभु	प्रभुले	6	not_in_SIL
थमा	थाहा	6	disagree
ठीक	धार्मिकतामा	6	not_in_SIL
सुइ	यसो	6	not_in_SIL
महिना	महिना	6	not_in_SIL
मेको	त्यसपछि	6	not_in_SIL
पाप	मुक्‍तिको	6	not_in_SIL
सेल्‍शा	गरे	6	not_in_SIL
मोसामी	मोशाको	6	not_in_SIL
सोक्‍तीमी	आत्माको	6	not_in_SIL
बर्स	वर्षको	6	disagree
पिलातस	पिलातस	6	not_in_SIL
प्रुङग	गरिबहरूलाई	6	agree
नेंतक	सुनेका	6	not_in_SIL
ला	पनि	6	disagree
मेकोपुकीमी	यसो	6	not_in_SIL
सिमोन	सिमोनलाई	6	not_in_SIL
शेंब	प्रभु	6	disagree
साशो	निको	6	not_in_SIL
राप्‍शा	खडा	6	not_in_SIL
किकी	पुर्खाहरूले	6	not_in_SIL
गे	तिमीसँग	6	disagree
दुम्‍नीनी	हुनेछौ	6	not_in_SIL
कली	मानिसहरूप्रति	6	disagree
आं	आफ्नो	6	disagree
कली	जातिहरूलाई	6	agree
हिरशा	फर्केर	6	not_in_SIL
सोइश्‍शो	पठाइएका	6	not_in_SIL
देंशा	होः	6	not_in_SIL
येसुमी	तिनलाई	6	not_in_SIL
सहर	सहरलाई	6	disagree
इं	हामीसँग	6	disagree
गे	आँखा	6	disagree
लोव़	विवाद	6	disagree
पा	छु	6	disagree
आ	हुनुभयो	6	disagree
तशो	देखेको	6	not_in_SIL
सामरीया	सामरी	6	not_in_SIL
बाक्‍त	भरिए	6	not_in_SIL
माल्‍ब	आवश्यक	6	not_in_SIL
मरिम्‍शो	पापहरू	6	not_in_SIL
मिम्‍तीने	गर	6	not_in_SIL
थमा	विश्‍वासी	6	disagree
गेय	सेवकहरू	6	disagree
मुर	हो	6	disagree
मोदेंशो	त्यसैले	6	disagree
वा	वस्‍त्रहरू	6	disagree
पाता	गरेँ	6	not_in_SIL
गेय	व्यवहार	6	disagree
गो	आफैँलाई	6	disagree
कि	वा	6	disagree
श्‍येत	यसले	6	not_in_SIL
मनङ	छैनँ	6	not_in_SIL
दुम्‍त	आएको	6	not_in_SIL
थमा	सत्यता	6	agree
चिन्‍ड	चिह्नहरू	6	not_in_SIL
मदाक्‍नीम	घृणा	6	not_in_SIL
मोपतीके	तब	6	disagree
आं	त्यो	6	disagree
सुइक्‍ब	भाइहरूलाई	6	not_in_SIL
शुक्‍शी	अपमान	6	not_in_SIL
सजाइ	सजाय	6	agree
निक्‍शी	मानिसहरू	6	not_in_SIL
गुइ	हातहरू	6	agree
थुं	विवेक	6	disagree
माल्‍ब	गर्नुपर्छ	6	not_in_SIL
अरेशो	व्‍यवस्‍था	6	not_in_SIL
आ	पिताको	6	disagree
जाक्‍ने	आउन	6	not_in_SIL
जोल	छल	6	disagree
सोक्‍त	आत्माबाट	6	disagree
सुमी	किनकि	6	not_in_SIL
थमा	ग्रहण	6	disagree
मेको	न	6	not_in_SIL
परमप्रभु	जान्दछौँ	6	not_in_SIL
पाप्‍तु	गर्नुभयो	6	not_in_SIL
मपावो	नगर	6	not_in_SIL
सोइक्‍ब	पठाउनुहुने	6	not_in_SIL
मपाइब	गर्दैन	6	not_in_SIL
तन्‍न	यदि	6	disagree
गन	गनगन	6	not_in_SIL
बेक्‍तेक्‍म	मरे	6	not_in_SIL
लोक्‍बपुकीमी	भाइहरूले	6	not_in_SIL
ङा	आएका	6	disagree
पाइबपुकी	अगमवक्‍ताहरू	6	not_in_SIL
तुइक्‍नुङ	चिन्छु	6	not_in_SIL
अब्राहाममी	अब्राहाम	6	not_in_SIL
साइक्‍चा	ज्यान	6	not_in_SIL
यहूदीपुकी	यहूदीहरू	6	not_in_SIL
आ	कुराहरूका	6	disagree
दाइल	ठेस	6	not_in_SIL
गेमी	तपाईंले	6	not_in_SIL
छेङछेङ	ज्योतिको	6	disagree
मटीब	कठोर	6	not_in_SIL
पाइतीनी	गर्‍यौ	6	not_in_SIL
मार	थोक	6	disagree
पुंइनुङ	प्रार्थना	6	not_in_SIL
ग्‍येरसीशा	आनन्द	6	not_in_SIL
लोव़	वचनद्वारा	6	disagree
पत्रुस	तिनलाई	6	not_in_SIL
हिब्रू	हिब्रू	6	not_in_SIL
कली	अनुमति	6	disagree
मुर	हुन्	6	disagree
तपांइसाक्‍व	पर्नुभयो	6	not_in_SIL
सक्ति	शक्ति	6	not_in_SIL
सेंताक्‍व	पार्नुभयो	6	not_in_SIL
यावेमी	यसकारण	6	not_in_SIL
गेशो	प्रतिज्ञा	6	not_in_SIL
अर्ती	आग्रह	6	not_in_SIL
ख्रुम्‍शा	लिए	6	not_in_SIL
गो	तपाईंहरू	6	disagree
गेय	कामको	6	agree
वोंइश	पतिको	6	disagree
नेल्‍ल	सबैले	6	agree
किकी	पुर्खाहरू	6	not_in_SIL
मोपतीके	गर्दा	6	disagree
चोव़खो	शुद्ध	6	not_in_SIL
बारनाबास	बारनाबासलाई	6	not_in_SIL
आन	आज्ञा	6	disagree
हना	समयमा	6	disagree
यहूदी	यहूदीहरूले	6	not_in_SIL
थमा	केही	6	disagree
पावल	उनको	6	not_in_SIL
थमा	मण्डली	6	disagree
सोइश्‍शो	प्रेरितहरू	6	not_in_SIL
गो	हामीहरू	6	agree
शिशी	अनुग्रहद्वारा	6	disagree
तिमोथी	तिमोथीलाई	6	not_in_SIL
आ	कुरामा	6	disagree
कोरिन्‍थ	कोरिन्थमा	6	not_in_SIL
एसीया	एसियामा	6	not_in_SIL
ङोइश्‍शा	यात्रा	6	not_in_SIL
थुं	मनको	6	disagree
नागरिक	नागरिक	6	not_in_SIL
लोव़	विरुद्धमा	6	disagree
पाइब	गर्नुहुन्छ	6	not_in_SIL
थुंमी	हृदयले	6	not_in_SIL
दाक्‍शो	प्रियहरू	6	not_in_SIL
सुइश्‍शा	विश्‍वासद्वारा	6	not_in_SIL
थमा	सत्यताको	6	agree
निसाफ	इन्साफ	6	not_in_SIL
चिनु	बेखतना	6	disagree
वाइल	सेवक	6	disagree
रां	शरीरका	6	agree
आस	निश्‍चयता	6	disagree
थुं	विचार	6	disagree
रे	आउने	6	disagree
रुश	डाही	6	disagree
पुंइसाक्‍यी	छु	6	not_in_SIL
दाक्‍मुशा	प्रेम	6	not_in_SIL
थमा	विश्‍वासीहरूका	6	disagree
सक्तिमी	शक्‍तिद्वारा	6	not_in_SIL
बाक्‍को	अभिवादन	6	not_in_SIL
येसुमी	येशूमा	6	not_in_SIL
नकी	हुँ	6	not_in_SIL
नु	सहभागी	6	disagree
मीश	स्‍त्रीबाट	6	disagree
सेल्‍शो	गरिएका	6	not_in_SIL
गेब	दिइएको	6	not_in_SIL
बाक्‍नीमी	हुन्	6	not_in_SIL
गेय	स्वर्गदूतहरूको	6	disagree
दाक्‍तीक	प्रेम	6	not_in_SIL
इं	हामीमा	6	disagree
इन	तिमीहरूप्रति	6	disagree
दुम्‍तीनी	हौ	6	not_in_SIL
छेङछेङ	महिमित	6	disagree
प्रभु	परमप्रभु	6	not_in_SIL
पा	धारण	6	disagree
बाक्‍तय	थियौँ	6	not_in_SIL
वाइलीम	दासहरू	6	disagree
तेल्‍लेम	अनैतिक	6	disagree
गो	तिमीहरूका	6	agree
लील	रहोस्	6	not_in_SIL
पाप	मुक्‍ति	6	not_in_SIL
कुम्‍सो	गीत	6	not_in_SIL
हुश	रगतद्वारा	6	agree
इम्‍चीली	सानो	6	not_in_SIL
पाइश्‍शो	परमप्रभु	6	not_in_SIL
तांइसाक्‍व	थियो	6	not_in_SIL
शेंब	दूतलाई	6	disagree
ब्रेक्‍पाइक्‍ती	लेखः	6	not_in_SIL
नेंने	हुनुहुन्छ	6	not_in_SIL
सेंदामी	सोरमा	6	not_in_SIL
पाठा	थुमाका	6	not_in_SIL
कुन	धुवाँ	6	agree
मोइक्‍तु	खन्याए	6	not_in_SIL
यहूदामी	यहूदा	5	not_in_SIL
१४	चौध	5	not_in_SIL
बाक्‍माक्‍त	गरे	5	not_in_SIL
पाइबमी	भने	5	not_in_SIL
मरीयम	मरियमलाई	5	not_in_SIL
चहिं	उहाँ	5	disagree
ताइतक	देख्यौँ	5	not_in_SIL
इं	मेरा	5	disagree
इस्राएली	इस्राएलको	5	not_in_SIL
कली	तिनीहरू	5	disagree
दे	चेतावनी	5	disagree
रागी	देशमा	5	agree
बाक्‍त	पाए	5	not_in_SIL
दे	मानिसहरूबाट	5	disagree
कली	मार्न	5	disagree
मो	यसरी	5	disagree
परमप्रभु	परमप्रभुका	5	not_in_SIL
लां	मार्ग	5	disagree
शुश	निम्ति	5	disagree
आं	मपछि	5	disagree
मशिरनुङ	योग्यको	5	not_in_SIL
सोक्‍ती	आत्मा	5	not_in_SIL
परमप्रभु	फेरि	5	not_in_SIL
सेउ	दण्डवत्	5	not_in_SIL
गोवा	थाल्नुभयो	5	not_in_SIL
येसुमी	देख्‍नुभयो	5	not_in_SIL
शेंना	गर्दै	5	not_in_SIL
रोइ	बिमारीहरूलाई	5	disagree
सुम्‍शो	लागेका	5	not_in_SIL
ङोइश्‍शा	जानुभयो	5	not_in_SIL
ताइनीम	पाउनेछन्	5	not_in_SIL
आसीक	धन्यका	5	disagree
पाम्‍तेक्‍म	थिए	5	not_in_SIL
नेल्‍ल	पुरा	5	disagree
आ	व्यवस्थाको	5	disagree
लोव़	कुराहरूलाई	5	agree
मसाइक्‍चा	हत्या	5	not_in_SIL
ए	तँ	5	not_in_SIL
चढ़ेचा	भेटी	5	disagree
कली	दोष	5	disagree
ङा	कुनै	5	disagree
दे	यसो	5	disagree
आफ	पिताका	5	disagree
आफोमी	उहाँले	5	not_in_SIL
रिम्‍शो	सिद्ध	5	not_in_SIL
ङोंइती	सामुन्‍ने	5	disagree
पनीनु	गर्छौ	5	not_in_SIL
मेकोपुकीमी	मानिसहरूले	5	not_in_SIL
खोदेंशो	जस्ता	5	disagree
जचा	भोजन	5	disagree
बाक्‍शो	बसिरहेका	5	not_in_SIL
गेपुकीमी	तिमीहरूमध्ये	5	not_in_SIL
आन	इन्साफ	5	disagree
पुंइतु	माग्दा	5	not_in_SIL
शेंतीक	शिक्षा	5	not_in_SIL
दूली	झुटा	5	disagree
सिप्‍ब	फलाउँछ	5	not_in_SIL
हे	हे	5	not_in_SIL
कली	शुद्ध	5	disagree
थिशा	छुनुभयो	5	not_in_SIL
का	उहाँकहाँ	5	disagree
छिङछिङमी	अन्‍धकारमा	5	not_in_SIL
गुइ	हातमा	5	agree
कली	सेवा	5	disagree
परमप्रभु	हे	5	not_in_SIL
रागीमी	पृथ्‍वीमा	5	not_in_SIL
लमेनु	जाँदै	5	not_in_SIL
मत्ती	मत्ती	5	not_in_SIL
का	व्यक्‍तिलाई	5	disagree
कली	गर्नलाई	5	agree
ङा	झन्	5	disagree
थैलोमी	मशकमा	5	not_in_SIL
वोल	भूतात्मा	5	agree
गाउं	गाउँहरूमा	5	agree
शेंसीब	चेलालाई	5	disagree
थोमास	थोमा	5	not_in_SIL
जाम्‍शो	हराएको	5	not_in_SIL
पाइब	हुनुहुन्छ	5	not_in_SIL
खिं	घरानालाई	5	agree
तांइसीब	प्रकट	5	not_in_SIL
आम	आमालाई	5	agree
नोले	निम्ति	5	disagree
श्‍येत	क्रुस	5	not_in_SIL
ब्राइब	स्वागत	5	not_in_SIL
पाइब	अगमवक्‍तालाई	5	not_in_SIL
मुर	भएको	5	disagree
सहर	सहरहरूमा	5	disagree
कली	पठाए	5	disagree
अर्को	अर्कै	5	not_in_SIL
मुर	भिडहरूलाई	5	disagree
पिप	राजाहरूका	5	agree
दोदेंशो	तुलना	5	disagree
यूहन्‍नामी	यूहन्‍ना	5	not_in_SIL
देंनीम	भन्छन्	5	not_in_SIL
थुं	पश्‍चात्ताप	5	disagree
ङा	मालिक	5	disagree
मेको	व्यक्‍तिले	5	not_in_SIL
ताइनीनी	पाउनेछौ	5	not_in_SIL
लां	हुँदै	5	disagree
नाइक्‍तीक	शबाथमा	5	not_in_SIL
ला	मात्रै	5	agree
भेडा	भेडा	5	not_in_SIL
का	कति	5	disagree
ब्राशा	विभाजित	5	not_in_SIL
सैतान	शैतानलाई	5	not_in_SIL
गो	मसित	5	agree
मुरपुकीमी	मानिसले	5	not_in_SIL
मुल	यो	5	disagree
रवा	रुखलाई	5	agree
मेकोन	त्यही	5	not_in_SIL
नेल्‍लेमी	मानिसहरूले	5	not_in_SIL
पशो	आफूले	5	not_in_SIL
लोव़	वचनको	5	disagree
फरिसी	फरिसीहरूले	5	not_in_SIL
लाक्‍शा	अरू	5	not_in_SIL
वोल	आत्मालाई	5	disagree
खिं	घरबाट	5	agree
शाक्‍श	जरा	5	not_in_SIL
३०	तिस	5	not_in_SIL
तेम्‍शा	अझ	5	not_in_SIL
नेंचा	सुन्‍ने	5	disagree
कामी	जसले	5	not_in_SIL
यो	तर	5	disagree
ख्रुइश्‍शो	लुकाइएका	5	not_in_SIL
मीम	आगोको	5	not_in_SIL
जाक्‍शा	आउनेछन्	5	not_in_SIL
मनमी	होइनन्	5	not_in_SIL
बेक्‍शो	मरेकाहरूबाट	5	not_in_SIL
ममामी	आमाले	5	not_in_SIL
ब्‍वाक्‍कुम	मलाई	5	not_in_SIL
थुं	निकै	5	disagree
लाइश्‍शा	लगेर	5	not_in_SIL
डोंगा	डुङ्गाबाट	5	disagree
डालो	टुक्राहरू	5	not_in_SIL
मीश	महिला	5	disagree
येसुमी	आफ्ना	5	not_in_SIL
नां	बिहान	5	disagree
हिंशा	भयभीत	5	not_in_SIL
लोव़	मानिसहरूले	5	disagree
मेकोपुकीमी	तिनीहरूलाई	5	not_in_SIL
थुं	हृदयबाट	5	disagree
मेकेर	ठाउँ	5	disagree
सेल्‍शा	दिए	5	not_in_SIL
ङा	सक्छौँ	5	disagree
लोव़	भनेँ	5	disagree
सिजरिया	कैसरिया	5	not_in_SIL
मार	को	5	disagree
शेंशो	गरेको	5	not_in_SIL
कली	हो	5	disagree
जोक्‍ब	धर्म-गुरुहरू	5	not_in_SIL
लदा	लैजानुभयो	5	not_in_SIL
एलीया	एलियाको	5	not_in_SIL
गोस्‍स	बादल	5	not_in_SIL
तशा	प्रसन्‍न	5	not_in_SIL
शेंसीबपुकी	चेलाहरूले	5	not_in_SIL
बोक्‍कीन	उठ	5	not_in_SIL
थेक्‍शा	टेकेर	5	not_in_SIL
सुइक्‍तीनी	छ	5	not_in_SIL
डांडा	पहाडलाई	5	disagree
जरमेशोमी	पुत्र	5	not_in_SIL
शोव़	मुख	5	not_in_SIL
एको	किनकि	5	not_in_SIL
लोक्‍बमी	भाइले	5	not_in_SIL
पत्रुसमी	पत्रुस	5	not_in_SIL
शुश	अगाडि	5	disagree
बाक्‍त	पर्‍यो	5	not_in_SIL
थाम्‍चा	जाँच	5	not_in_SIL
नेल्‍ल	कि	5	disagree
मीश	पत्‍नीहरू	5	disagree
मीश	स्‍त्रीसँग	5	disagree
मेकोमी	भन्यो	5	not_in_SIL
लोव़	आज्ञाहरू	5	disagree
शुश	उहाँलाई	5	disagree
मपचा	नगर्नू	5	not_in_SIL
ङा	हुने	5	disagree
पाइश्‍शो	भएको	5	not_in_SIL
ओटा	बाह्रवटा	5	not_in_SIL
बजे	बजे	5	not_in_SIL
३	तिन	5	not_in_SIL
नोले	अन्त्यमा	5	disagree
लां	बाटोमा	5	agree
शेंसीब	उहाँले	5	disagree
मुल	हेर	5	disagree
तूने	पिउन	5	not_in_SIL
माल्‍ब	हुनुपर्दछ	5	not_in_SIL
लसे	जाओ	5	not_in_SIL
कली	घर	5	disagree
लाक्‍चा	अचम्मका	5	not_in_SIL
रवा	बोट	5	disagree
नोले	समयपछि	5	agree
रू	दाखबारी	5	agree
पिपमी	राजाले	5	not_in_SIL
मकोव़थु	गर्नुहुन्‍न	5	not_in_SIL
जाक्‍तेक्‍म	आए	5	not_in_SIL
आ	गर्नुपर्छ	5	disagree
रे	पुनरुत्थानको	5	disagree
सोक्‍त	आत्माले	5	disagree
खोइल	पाउदान	5	disagree
दाऊदमी	दाऊदले	5	not_in_SIL
टिने	गर	5	not_in_SIL
लाइश्‍शो	लामो	5	not_in_SIL
पचा	गर्नुपर्ने	5	agree
डांडामी	डाँडामा	5	not_in_SIL
जात	विरुद्धमा	5	not_in_SIL
जात	जाति	5	not_in_SIL
रागीमी	ठाउँमा	5	not_in_SIL
जाक्‍ब	आउनेछ	5	not_in_SIL
नां	अँध्यारो	5	disagree
जाक्‍माक्‍त	नजिकै	5	not_in_SIL
मतुइक्‍नीम	थाहा	5	not_in_SIL
स्‍वर्ग	स्वर्गका	5	not_in_SIL
पन	गर्दै	5	not_in_SIL
सम्‍म	तिनीहरूलाई	5	not_in_SIL
सासीशा	जागा	5	not_in_SIL
गेचा	ठिक	5	not_in_SIL
रिम्‍शो	त्यसै	5	not_in_SIL
बत्ती	बत्तीहरू	5	not_in_SIL
कुरशा	लिएर	5	not_in_SIL
छेङछेङमी	महिमामा	5	not_in_SIL
एको	नै	5	not_in_SIL
मतनीनु	तपाईंलाई	5	not_in_SIL
गेय	दूतहरूका	5	disagree
बाक्‍शो	हुनुभएको	5	not_in_SIL
नित्‍थ	दिनपछि	5	not_in_SIL
आ	गरेका	5	disagree
पास्‍सा	चाडको	5	not_in_SIL
वा	सकिन्थ्यो	5	disagree
हिल्‍लो	सोध्‍न	5	not_in_SIL
देंनेवे	गर्नेछौ	5	not_in_SIL
पाप	परीक्षामा	5	not_in_SIL
मचाप्‍ब	कमजोर	5	not_in_SIL
लेश्‍शा	फेरि	5	not_in_SIL
पुक्‍पु	चुम्बन	5	not_in_SIL
कली	अभिवादन	5	disagree
येसु	येशूसँग	5	not_in_SIL
लोव़	भनेको	5	agree
मिनु	बेला	5	disagree
खाल्‍पा	एल्डरहरू	5	not_in_SIL
राप्‍शा	उभिए	5	not_in_SIL
निक्‍शीमी	मानिसहरूले	5	not_in_SIL
चढ़ेबमी	पुजारीले	5	not_in_SIL
मुल	अबदेखि	5	disagree
गुइमी	सुम्पिदिए	5	not_in_SIL
मुल	आजको	5	disagree
देंतीनी	भन्‍नुहुन्छ	5	not_in_SIL
दोस	अभियोग	5	not_in_SIL
बारब्‍बा	बारब्बा	5	not_in_SIL
माइश्‍शो	नाम	5	not_in_SIL
पर्बम	कारणले	5	disagree
आ	तिनीहरूले	5	disagree
आंमा	आफ्नै	5	disagree
शीमी	उहाँलाई	5	not_in_SIL
पेरा	क्रुसमा	5	disagree
पिया	टाउको	5	agree
आंमा	आफैँलाई	5	agree
परमप्रभु	मेरा	5	not_in_SIL
सोक्‍त	प्राण	5	disagree
बाक्‍माक्‍त	रहेछन्	5	not_in_SIL
गाक्‍माक्‍त	गए	5	not_in_SIL
मेको	अर्को	5	not_in_SIL
जोल	धोका	5	disagree
दे	झन्	5	disagree
खोइल	पाउ	5	disagree
आन	यस्तो	5	disagree
मेको	उनीहरूलाई	5	not_in_SIL
का	तर	5	disagree
ब्रेक्‍शो	अगमवक्‍ताको	5	not_in_SIL
मिनु	पुरै	5	disagree
जाक्‍ब	आउँदै	5	not_in_SIL
ग्‍येरपाइक्‍ब	सुसमाचारमा	5	not_in_SIL
पशो	गरिरहेका	5	not_in_SIL
जाक्‍दीम्‍मा	आउनुभयो	5	not_in_SIL
ग्रुम्‍तीक	सभाघरबाट	5	not_in_SIL
खिंम	घरमा	5	not_in_SIL
बाक्‍त	थाल्यो	5	not_in_SIL
नोले	दिनपछि	5	agree
कली	आफ्‍नो	5	disagree
देंचा	भन्‍नु	5	not_in_SIL
समुन्‍द्र	तालको	5	not_in_SIL
नेक्‍था	उहाँकहाँ	5	not_in_SIL
मचाप्‍नीम	सक्दैनन्	5	not_in_SIL
शुश	धेरैलाई	5	agree
लोव़	कडा	5	disagree
जिशा	विरुद्धमा	5	not_in_SIL
मरिम्‍शो	ईश्‍वर-निन्दा	5	not_in_SIL
बाक्‍त	बढे	5	not_in_SIL
नेंब	सुन्‍ने	5	not_in_SIL
नेंनीम	सुन्छन्	5	not_in_SIL
नाक्‍दो	रातमा	5	not_in_SIL
में	हो	5	disagree
दुम्‍मे	थियो	5	not_in_SIL
दोदेंशो	कस्तो	5	agree
याइरस	सभाघरका	5	not_in_SIL
ठेयब	अगुवा	5	disagree
आन	अरू	5	disagree
पा	गरिरहेको	5	disagree
शुशेमी	धेरैले	5	not_in_SIL
सक्ति	अधिकार	5	not_in_SIL
गेवा	दिनुभयो	5	not_in_SIL
इन	साहसी	5	disagree
तुइक्‍ब	केही	5	not_in_SIL
ब्रेक्‍शो	लेखे	5	not_in_SIL
कली	मबाट	5	disagree
आल	छोराछोरीहरूलाई	5	disagree
मेकोपुकी	तिनीहरूसँग	5	not_in_SIL
आन	अगाडि	5	disagree
छुल	तुरुन्तै	5	disagree
ङा	एउटा	5	disagree
लाइश्‍शा	लगे	5	not_in_SIL
दुम्‍बा	हुन्छ	5	not_in_SIL
मार	जीवनको	5	disagree
बाक्‍तीके	ठाउँ	5	disagree
सेउ	अभिवादन	5	not_in_SIL
आल	बालकको	5	disagree
ब्राइबा	ग्रहण	5	not_in_SIL
ब्राइबा	गर्छ	5	not_in_SIL
खोइली	खुट्टा	5	not_in_SIL
मीम	आगोले	5	not_in_SIL
रे	छोडेर	5	disagree
मोपतीके	यही	5	disagree
बाक्‍चा	हुन	5	not_in_SIL
आ	त्यो	5	disagree
लोव़	वचनहरूमा	5	disagree
तूचा	पिउने	5	disagree
परमप्रभु	जसको	5	not_in_SIL
फोव़शी	अञ्‍जीरको	5	disagree
ओव़शा	प्रवेश	5	not_in_SIL
बाक्‍त	खोजे	5	not_in_SIL
दे	तिमीलाई	5	disagree
मोपतीके	त्यसपछि	5	disagree
कली	नाश	5	disagree
लोव़	धर्मशास्‍त्र	5	disagree
सक्ति	शक्‍तिले	5	not_in_SIL
लोव़	हो	5	disagree
एकोमी	तिनले	5	not_in_SIL
वोंइश	एक	5	disagree
मीश	विधवा	5	disagree
लडाइ	युद्ध	5	not_in_SIL
आंम	आफूलाई	5	disagree
बाक्‍बपुकी	हुनेहरू	5	not_in_SIL
छेङछेङ	प्रकाश	5	disagree
तुइक्‍नीनी	तिमीहरूले	5	not_in_SIL
गेना	कहिल्यै	5	disagree
चाड	चाडको	5	not_in_SIL
नाक्‍ती	समयमा	5	not_in_SIL
मारदे	यो	5	disagree
का	जनाले	5	disagree
पाप	निम्ति	5	not_in_SIL
दुम्‍चा	होस्	5	not_in_SIL
पा	तिनीहरूका	5	disagree
दोस	गल्ती	5	not_in_SIL
ख्रीस्‍तमी	ख्रीष्‍ट	5	not_in_SIL
मार	यो	5	disagree
मरीयममी	मरियमले	5	not_in_SIL
ङोंइती	दृष्‍टिमा	5	disagree
पुंइना	प्रार्थना	5	not_in_SIL
वाइलीम	दासी	5	agree
मिनु	जहाँ	5	disagree
पा	यसो	5	disagree
आं	कि	5	disagree
ला	पवित्र	5	disagree
परमप्रभुमी	परमप्रभुले	5	not_in_SIL
चिनु	गर्न	5	disagree
कली	झैँ	5	disagree
थुं	शान्तिको	5	disagree
आ	व्यवस्थाले	5	disagree
इस्राएली	इस्राएलमा	5	not_in_SIL
थुं	हृदयका	5	disagree
लां	यात्रा	5	disagree
आदम	आदम	5	not_in_SIL
नाक्‍त	दिनहरूमा	5	agree
हुकुम	शासन	5	not_in_SIL
इ	आफ्ना	5	disagree
बाक्‍ब	छैनन्	5	not_in_SIL
लोव़	साक्षी	5	disagree
यो	आफैँलाई	5	disagree
लोव़	म	5	disagree
सिमोनमी	सिमोनले	5	not_in_SIL
मिम्‍शो	विचार	5	not_in_SIL
थुंम	हृदयमा	5	not_in_SIL
ताइतय	छौँ	5	not_in_SIL
लोव़	कुराकानी	5	agree
मुल	जो	5	disagree
गेने	देऊ	5	not_in_SIL
पाइतीनी	गर्छौ	5	not_in_SIL
इन	आफैँलाई	5	disagree
देंती	भन्छु	5	not_in_SIL
मुरपुकी	तिनीहरू	5	not_in_SIL
खमे	खानलाई	5	disagree
५०	पचास	5	not_in_SIL
तशा	देखेपछि	5	not_in_SIL
नु	येशूसँगै	5	agree
दे	आउन	5	disagree
अधिकार	शक्‍ति	5	not_in_SIL
छक	अन्योलमा	5	not_in_SIL
बाक्‍शा	थिए	5	not_in_SIL
मेको	जो	5	not_in_SIL
योव़शो	चुनिएका	5	not_in_SIL
मपाइब	हुँदैन	5	not_in_SIL
नोले	तब	5	disagree
बेक्‍शो	मृतकहरूलाई	5	not_in_SIL
बाक्‍कीन	होस्	5	not_in_SIL
थुं	शान्ति	5	disagree
गे	तपाईंलाई	5	disagree
थाम्‍चा	परीक्षामा	5	not_in_SIL
लाङगा	बाहिर	5	disagree
मुर	बस्‍ने	5	disagree
कली	भार	5	disagree
तुइक्‍तीक	बुद्धिको	5	not_in_SIL
मिनु	त्यसै	5	disagree
पाइब	गर्दछ	5	not_in_SIL
सु	हरेक	5	disagree
कली	कति	5	disagree
खोदेंशो	आफैँलाई	5	disagree
एको	यसलाई	5	not_in_SIL
मिनु	यसले	5	disagree
ठेयब	शासकहरू	5	disagree
दीसा	भोलि	5	agree
काबु	एउटा	5	disagree
बाक्‍त	रहे	5	not_in_SIL
लोक्‍बपुकी	दाजुभाइ	5	not_in_SIL
सेल्‍चा	निर्माण	5	not_in_SIL
यावे	अगमवक्‍ताका	5	not_in_SIL
रवा	नेभाराको	5	disagree
नय	हौँ	5	not_in_SIL
आंइ	हामीमाथि	5	disagree
मताइनीनी	देख्‍नेछैनौ	5	not_in_SIL
यावे	भय	5	not_in_SIL
बाक्‍चा	प्राप्‍त	5	not_in_SIL
सहरमी	त्यहाँ	5	not_in_SIL
ग्‍येरसीशा	खुसीसाथ	5	not_in_SIL
मीना	सिक्‍का	5	not_in_SIL
आ	परमप्रभुको	5	disagree
आन	आफू	5	disagree
बेक्‍शो	मृतकबाट	5	not_in_SIL
ठेयब	ठुला-ठुला	5	disagree
चां	कपाल	5	disagree
गाइश्‍शो	क्रोध	5	not_in_SIL
इन	तिमीहरूमाथि	5	disagree
चहिं	जसलाई	5	disagree
जिचा	झगडा	5	agree
हुकुम	राज्य	5	not_in_SIL
थुं	तिमीहरू	5	disagree
गेय	स्वर्गदूत	5	disagree
मिनु	पत्रुस	5	disagree
ठेयब	शासकहरूले	5	disagree
थमा	उनले	5	disagree
ङोन	टाढै	5	disagree
आन	प्रेरितहरूलाई	5	disagree
सुइक्‍ने	गर्न	5	not_in_SIL
आंम	आफैँ	5	disagree
जाक्‍त	आउनुभयो	5	not_in_SIL
बाक्‍शो	बास	5	not_in_SIL
बाक्‍ब	हुनुहुन्‍छ	5	not_in_SIL
सोक्‍त	आत्‍मा	5	disagree
नेंशा	सुन्‍ने	5	not_in_SIL
काइ	कुनै	5	disagree
इस्राएली	इस्राएली	5	not_in_SIL
बाक्‍त	थिइन्	5	not_in_SIL
सोइक्‍ताक्‍व	पठाउनुभयो	5	not_in_SIL
पाइबा	गर्ने	5	not_in_SIL
ठेयब	माथि	5	disagree
गेब	दिने	5	not_in_SIL
इच्‍का	समय	5	not_in_SIL
थमा	साँचा	5	disagree
पिने	आओ	5	not_in_SIL
प्रोंइब	उद्धारकर्ता	5	not_in_SIL
ङा	घोषणा	5	disagree
पास्‍सा	चाडमा	5	not_in_SIL
यहूदीया	यहूदियाबाट	5	not_in_SIL
आं	किनकि	5	disagree
पचा	गर्ने	5	disagree
पतीक	गर्ने	5	not_in_SIL
कली	दिनुभएका	5	disagree
कली	कस्तो	5	disagree
मोसामी	मोशा	5	not_in_SIL
गेय	पुरा	5	disagree
रां	देह	5	disagree
मोपा	यसरी	5	agree
यहूदा	यहूदाको	5	not_in_SIL
हना	गर्छ	5	disagree
पा	तरिकाले	5	disagree
बाक्‍मे	छन्	5	not_in_SIL
एको	यिनलाई	5	not_in_SIL
माल्‍नय	गर्नुपर्छ	5	not_in_SIL
मेको	यसका	5	not_in_SIL
बाक्‍ती	थिएँ	5	not_in_SIL
दुम्‍मल	होऊन्	5	not_in_SIL
सुतीन	गर	5	not_in_SIL
मारथामी	मार्थाले	5	not_in_SIL
सक्ति	महिमा	5	not_in_SIL
सेल्‍ब	गर्नुहुनेछ	5	not_in_SIL
नेंतक	छौँ	5	not_in_SIL
रे	संसारबाट	5	agree
दाक्‍मुने	प्रेम	5	not_in_SIL
ङा	मेरो	5	agree
बाक्‍ब	हुनुहुनेछ	5	not_in_SIL
दुम्‍नीनी	सक	5	not_in_SIL
खोदेंशो	शुद्ध	5	disagree
मदाक्‍बा	घृणा	5	not_in_SIL
कोव़ङानु	तिनले	5	not_in_SIL
हिब्रू	भाषामा	5	not_in_SIL
लाप्‍चो	ढोकाहरू	5	not_in_SIL
ब्रीशो	भरिएको	5	not_in_SIL
सांकछी	साक्षीहरू	5	not_in_SIL
मुर	दिने	5	disagree
नें	भनिने	5	disagree
छक	चिन्हहरू	5	not_in_SIL
इन	तपाईंहरूका	5	disagree
लोक्‍बपुकी	दाजुभाइहरू	5	not_in_SIL
परमप्रभु	प्रतिज्ञा	5	not_in_SIL
जाम्‍शा	नाश	5	not_in_SIL
आसीक	आशिषित	5	disagree
आसीक	आशिष्	5	disagree
मुल	अझ	5	disagree
वोंइश	पतिलाई	5	disagree
सुइक्‍ब	विश्‍वासीहरू	5	not_in_SIL
प्रोंइब	मुक्तिदाता	5	not_in_SIL
वाइलीम	कमारा	5	disagree
जोक्‍तीक	बुद्धि	5	not_in_SIL
बारन	रूपमा	5	not_in_SIL
आ	आफ्नै	5	disagree
मूर्ति	मूर्तिहरूलाई	5	not_in_SIL
सुइक्‍बपुकीमी	चेलाहरूले	5	not_in_SIL
मान	भय	5	not_in_SIL
कोंइताक्‍व	प्रकट	5	not_in_SIL
प्रभु	प्रभुका	5	not_in_SIL
आ	अरू	5	disagree
निक्‍शीमी	मानिसहरू	5	not_in_SIL
शेंब	शिक्षकहरू	5	disagree
ङा	सन्तानहरू	5	agree
शेंनीकी	घोषणा	5	not_in_SIL
रागी	गैरयहूदीहरूका	5	disagree
यावे	वचनको	5	not_in_SIL
आन	विरोध	5	disagree
सिलास	सिलास	5	not_in_SIL
ग्रीक	ग्रीक	5	not_in_SIL
बाक्‍तक	बस्यौँ	5	not_in_SIL
जेल्‍खान	झ्यालखानाका	5	not_in_SIL
पर्बम	जस्तो	5	disagree
आन	सबैको	5	disagree
जहाजमी	जहाजमा	5	not_in_SIL
नेल्‍ल	आफैँलाई	5	disagree
दुम्‍तेक्‍म	छन्	5	not_in_SIL
नेल्‍ल	नै	5	disagree
जिचा	वादविवाद	5	disagree
दे	मेरो	5	disagree
अग्रीप्‍पा	राजा	5	not_in_SIL
बेक्‍शा	जीवित	5	not_in_SIL
मरिम्‍शो	निन्दा	5	not_in_SIL
का	समयमा	5	disagree
जहाज	चालकहरूले	5	not_in_SIL
गोपुकीम	हामीले	5	not_in_SIL
थमा	तिमीहरूका	5	disagree
इन	मेरो	5	disagree
मुर	गरिएका	5	disagree
मबाक्‍नीम	छैन	5	not_in_SIL
सुइक्‍तीके	विश्‍वासद्वारा	5	disagree
सुइक्‍तीके	विश्‍वासलाई	5	disagree
चाप्‍ब	सक्षम	5	not_in_SIL
अब्राहाम	उनको	5	not_in_SIL
का	अर्थात्	5	disagree
बाक्‍नय	छौँ	5	not_in_SIL
पाप	पापलाई	5	not_in_SIL
सोक्‍त	आत्मिक	5	disagree
मुर	शरीरको	5	disagree
ख्रीस्‍त	ख्रीष्‍टसँगै	5	not_in_SIL
ख्रीस्‍त	ख्रीष्‍टबाट	5	not_in_SIL
आल	सन्तानहरू	5	disagree
रीब	चाँडै	5	not_in_SIL
बाक्‍ब	गर्छ	5	not_in_SIL
दाक्‍शो	ग्रहणयोग्य	5	not_in_SIL
हना	छ	5	disagree
ग्‍येरसीने	आनन्द	5	not_in_SIL
नेल्‍ल	सबैसँग	5	agree
ठीक	खडा	5	not_in_SIL
प्रभुमी	परमप्रभु	5	not_in_SIL
का	होस्	5	disagree
गेपुकी	त्यसकारण	5	disagree
माल्‍नीम	गरून्	5	not_in_SIL
नेल्‍ल	पूर्ण	5	disagree
पुनीन	प्रार्थना	5	not_in_SIL
पुनीन	गर	5	not_in_SIL
दाक्‍शो	इच्छाद्वारा	5	not_in_SIL
गेमुने	गर	5	not_in_SIL
दुमीने	होओ	5	not_in_SIL
ख्रुइश्‍शो	रहस्यको	5	not_in_SIL
क्‍याम्‍चा	निम्ति	5	not_in_SIL
हीरा	बहुमूल्य	5	disagree
दुम्‍ती	बनेँ	5	not_in_SIL
खोदेंशो	अनुकरण	5	disagree
मिनु	एक	5	disagree
ग्रांग्रा	अनैतिक	5	disagree
मीश	स्‍त्रीको	5	disagree
बाक्‍चा	होस्	5	not_in_SIL
ख्रोइक्‍तीक	न	5	not_in_SIL
वोंइश	पुरुषले	5	disagree
ग्‍युंबे	स्वतन्‍त्र	5	not_in_SIL
माल्‍नीम	हुनुपर्छ	5	not_in_SIL
परमप्रभु	एउटै	5	not_in_SIL
थुं	तिमीहरूको	5	disagree
कली	फाइदा	5	disagree
शेंशो	मण्डलीहरूलाई	5	not_in_SIL
जाक्‍ङानु	आउँदा	5	not_in_SIL
येसुमी	येशूको	5	not_in_SIL
तिमोथी	तिमोथीबाट	5	not_in_SIL
रे	बचाउनुभयो	5	disagree
बाक्‍नीकी	गर्छौं	5	not_in_SIL
दाक्‍तीके	प्रेमको	5	disagree
ङोन	शुद्ध	5	disagree
परमप्रभु	ईश्‍वरीय	5	not_in_SIL
मुल	मैले	5	disagree
ब्रेम्‍शो	नम्रता	5	not_in_SIL
माल्‍ब	नगर्ने	5	not_in_SIL
परमप्रभु	सट्टामा	5	not_in_SIL
थमा	अलग	5	disagree
परमप्रभु	येशूमा	5	not_in_SIL
टिने	बस	5	not_in_SIL
इन	आत्माको	5	disagree
ख्रीस्‍तमी	ख्रीष्‍टबाट	5	not_in_SIL
तेको	कुराहरू	5	disagree
दे	हुन	5	disagree
सैतान	शैतानका	5	not_in_SIL
गेय	कामहरूबाट	5	agree
मेल्‍कीसेदेक	मल्कीसेदेकको	5	not_in_SIL
सुइश्‍शा	नै	5	not_in_SIL
ठेयब	शेखी	5	disagree
सुइक्‍ब	मण्डलीका	5	not_in_SIL
ग्रानीमी	जित्छ	5	not_in_SIL
कागज	मुट्ठोलाई	5	not_in_SIL
प्राक्‍ने	खोल्न	5	not_in_SIL
छाप	छापलाई	5	not_in_SIL
प्राक्‍गानु	खोल्‍नुभयो	5	not_in_SIL
शारा	सवार	5	disagree
ताप्‍तु	फुके	5	not_in_SIL
रागी	पृथ्‍वीमा	5	disagree
पिया	टाउका	5	disagree
बाक्‍त	थिई	5	not_in_SIL
बुस्‍स	अजिङ्गर	5	not_in_SIL
जन्‍तु	त्यसको	5	not_in_SIL
सेउ	पुजा	5	not_in_SIL
पालामी	समयमा	4	not_in_SIL
बेबीलोन	बेबिलोनको	4	not_in_SIL
बाक्‍माक्‍त	भयो	4	not_in_SIL
मरीयम	मरियमको	4	not_in_SIL
क्‍येङा	हुनुभन्दा	4	not_in_SIL
बाक्‍शो	हुनुहुन्छ	4	not_in_SIL
पाप	पापबाट	4	not_in_SIL
परमप्रभु	हुनलाई	4	not_in_SIL
यावे	परमप्रभुका	4	not_in_SIL
गेय	दूतले	4	disagree
आ	उनकी	4	disagree
बाक्‍मा	आएका	4	not_in_SIL
बाक्‍त	गराए	4	not_in_SIL
ग्रुंइशा	निकाले	4	not_in_SIL
ब्रोव़शो	सुगन्धित	4	disagree
फो	दूत	4	disagree
मोबु	बालक	4	not_in_SIL
मोबु	उहाँकी	4	not_in_SIL
आल	बालकहरूलाई	4	disagree
बेक्‍माक्‍त	मरे	4	not_in_SIL
इस्राएल	इस्राएल	4	not_in_SIL
हिंमाक्‍त	डराए	4	not_in_SIL
सहर	वरपरका	4	disagree
जाक्‍शा	उनीकहाँ	4	not_in_SIL
बाक्‍त	लिए	4	not_in_SIL
बुस्‍स	विषालु	4	not_in_SIL
आल	सन्तान	4	disagree
चाप्‍ब	सक्‍नुहुन्छ	4	not_in_SIL
ब्‍वाक्‍कुम	पानीले	4	not_in_SIL
हाम्‍शो	उहाँको	4	not_in_SIL
चेरब	गहुँ	4	agree
ब्‍वाक्‍कु	पानीबाट	4	not_in_SIL
दुम्‍शा	गरी	4	not_in_SIL
ग्‍येरसीनुङ	प्रसन्‍न	4	not_in_SIL
नवे	हुनुहुन्छ	4	not_in_SIL
सैतानमी	दुष्‍टले	4	not_in_SIL
इ	तपाईंका	4	disagree
पोक्‍च	घोप्‍टो	4	not_in_SIL
पाइबपुकी	स्वर्गदूतहरू	4	not_in_SIL
जाक्‍दीश्‍शा	जानुभयो	4	not_in_SIL
समुन्‍द्र	गालील	4	not_in_SIL
साइ	यशैया	4	disagree
लेत्‍तीन	गर	4	not_in_SIL
रे	जाँदै	4	disagree
सापाइक्‍ना	निको	4	not_in_SIL
बाक्‍तीकेमी	भएको	4	not_in_SIL
मिनु	मानिसहरूले	4	disagree
आन	ल्याए	4	disagree
ग्‍येरसीने	होओ	4	not_in_SIL
छेङछेङ	उज्यालो	4	agree
पा	बिचमा	4	disagree
दुम्‍ब	जानेछैन	4	not_in_SIL
मुर	हत्या	4	disagree
मसाइक्‍चा	नगर	4	not_in_SIL
ताइक्‍तो	फ्याँकिदेऊ	4	not_in_SIL
नरकम	नरकमा	4	not_in_SIL
पुंइसीचा	आफ्नो	4	disagree
ब्रेक्‍शा	पत्र	4	not_in_SIL
नेंमी	म	4	not_in_SIL
सेल्‍ने	बनाउन	4	not_in_SIL
आन	सट्टामा	4	disagree
लने	जाऊ	4	not_in_SIL
पुनीने	गर	4	not_in_SIL
आन	दुवैका	4	disagree
आन	दाजुभाइहरूलाई	4	disagree
होस	सावधान	4	disagree
पांइसीने	रहो	4	not_in_SIL
आफोमी	पिताबाट	4	not_in_SIL
मपने	नहोओ	4	not_in_SIL
लांमी	छेउमा	4	not_in_SIL
राप्‍शा	उभिएर	4	not_in_SIL
ख्रेक्‍शा	अभिषेक	4	not_in_SIL
शोंप	सम्‍पत्ति	4	disagree
खिया	जहाँ	4	not_in_SIL
खुइ	घर	4	disagree
तेकेर	जहाँ	4	disagree
मेकेरन	त्यहाँ	4	not_in_SIL
तूचा	वा	4	disagree
श्‍येत	चिन्ता	4	not_in_SIL
पुक्‍शा	नापले	4	not_in_SIL
ओव़चा	उघारिनेछ	4	disagree
मेकोमी	सबैले	4	not_in_SIL
बुस्‍स	सर्प	4	not_in_SIL
आ	उहाँसँग	4	disagree
क्‍येङा	बढ्ता	4	not_in_SIL
भेडा	भेडाको	4	not_in_SIL
कली	असल	4	disagree
दाक्‍शो	इच्छालाई	4	not_in_SIL
छक	धेरै	4	not_in_SIL
सेरथे	चट्टानमाथि	4	not_in_SIL
रेउ	बाढी	4	disagree
शेंशो	शिक्षा	4	not_in_SIL
सापाइक्‍ने	पार्न	4	not_in_SIL
सामाक्‍त	भयो	4	not_in_SIL
साशो	पुजारीकहाँ	4	not_in_SIL
बाक्‍नीम	बस्‍नेछन्	4	not_in_SIL
मुरपुकी	रुवाबासी	4	not_in_SIL
पत्रुस	पत्रुसको	4	not_in_SIL
बाक्‍त	थालिन्	4	not_in_SIL
यो	तपाईंलाई	4	disagree
बाक्‍तीक	ठाउँ	4	not_in_SIL
गोपुकी	हामीलाई	4	agree
ग्रूशा	निस्के	4	not_in_SIL
समुन्‍द्रम	समुद्रमा	4	not_in_SIL
शोव़ङमे	बताइदिए	4	not_in_SIL
कली	भेट्न	4	disagree
रागी	तिनीहरूको	4	disagree
लने	जान	4	not_in_SIL
पुन्‍मे	अनुरोध	4	not_in_SIL
मेकेर	गर्नुभयो	4	disagree
मदुक्‍ब	पक्षाघातीलाई	4	not_in_SIL
बोक्‍शा	उठ्यो	4	not_in_SIL
खिं	घरतर्फ	4	agree
छुल	तिनी	4	disagree
काथा	खाना	4	not_in_SIL
ममाल्‍नीम	पर्दैन	4	not_in_SIL
मुर	केवल	4	disagree
मनङ	हुँ	4	not_in_SIL
थैलो	मशक	4	not_in_SIL
शांबु	नयाँ	4	disagree
ब्रोंइब	जीवित	4	not_in_SIL
नोले	पछाडि	4	agree
थुं	साहस	4	disagree
सुइश्‍शोमी	निको	4	not_in_SIL
बाक्‍शो	गरिरहेका	4	not_in_SIL
ममाइ	छैनन्	4	disagree
इस	तिमीहरूले	4	agree
खुप्‍शा	बोलाउनुभयो	4	not_in_SIL
गेम्‍तीमी	दिनुभयो	4	not_in_SIL
बारथोलोमाइ	बारथोलोमाइ	4	not_in_SIL
अल्‍फयस	अल्फयसका	4	not_in_SIL
झोला	झोला	4	not_in_SIL
फेक्‍तीक	दौरा	4	not_in_SIL
कोक्‍के	लौरो	4	agree
मजाक्‍म	त्यहीँ	4	not_in_SIL
हिक्‍सीशो	मूल्यवान्	4	not_in_SIL
ममा	उसकी	4	disagree
पाइब	भएको	4	not_in_SIL
गेबा	देला	4	not_in_SIL
दोपा	रीतिले	4	disagree
लोव़	शिक्षा	4	disagree
गेय	कामहरूको	4	agree
मार	सुनेका	4	disagree
नेंबाक्‍तेक्‍म	छन्	4	not_in_SIL
महिक्‍सीशो	अनि	4	not_in_SIL
एलीया	एलियालाई	4	not_in_SIL
दोदेंशो	केसँग	4	disagree
वोलम	भूत	4	not_in_SIL
पापी	पापीहरूको	4	not_in_SIL
तशो	गरिएका	4	not_in_SIL
वा	हुने	4	disagree
ताइनीनी	हुनेछ	4	not_in_SIL
तुइक्‍ब	बुद्धिमानी	4	not_in_SIL
आं	हो	4	disagree
तौमी	पुत्र	4	not_in_SIL
तौमी	पुत्रले	4	not_in_SIL
बाला	अन्‍न	4	not_in_SIL
पामे	गरे	4	not_in_SIL
के	एउटा	4	disagree
कांइचीक	मात्र	4	disagree
फरिसीपुकीमी	फरिसीहरू	4	not_in_SIL
सापाइक्‍तीमी	पार्नुभयो	4	not_in_SIL
रागी	गैरयहूदीहरूलाई	4	disagree
तुइश्‍शा	जान्‍नुभयो	4	not_in_SIL
खिं	घराना	4	agree
रवा	बनाओ	4	disagree
नाक्‍तीम	दिनमा	4	not_in_SIL
नाइक्‍तीके	ठाउँ	4	disagree
शुश	अझ	4	disagree
निस्‍साक्‍व	बस्‍नुभयो	4	not_in_SIL
लांमी	बाटोको	4	not_in_SIL
नां	घाम	4	disagree
बाक्‍मा	थिएनन्	4	not_in_SIL
मारदे	तपाईं	4	disagree
पुंइसीब	दिइनेछ	4	not_in_SIL
दुम्‍त	हुन्छ	4	not_in_SIL
मरुप्‍नीनी	बुझ्दैनौ	4	not_in_SIL
दे	गरेका	4	disagree
आ	हो	4	disagree
खोदेंशो	चाहिँ	4	disagree
बिश्‍शा	ग्रहण	4	not_in_SIL
बाक्‍त	गयो	4	not_in_SIL
सुवा	सामाहरू	4	disagree
ममाइ	थिएन	4	disagree
चेरब	गहुँलाई	4	agree
हना	हुन्छ	4	disagree
ग्‍योव़	गुँड	4	not_in_SIL
प्रोंइशा	छोड्नुभयो	4	not_in_SIL
शेंसीबपुकीमी	उहाँकहाँ	4	not_in_SIL
पाइब	स्वर्गदूतहरू	4	not_in_SIL
मोदेंशोन	यस्तै	4	not_in_SIL
छक	आश्‍चर्यकर्महरू	4	not_in_SIL
मेको	यिनी	4	not_in_SIL
जाक्‍माक्‍त	आयो	4	not_in_SIL
पा	राखेर	4	disagree
डोंगामी	डुङ्गामा	4	not_in_SIL
दल्‍गीर	शङ्का	4	not_in_SIL
थिचा	छुन	4	agree
पाइनीनी	गर्दछौ	4	not_in_SIL
आस	आमाको	4	disagree
चहिं	भन्छौ	4	disagree
यसैयामी	यशैयाले	4	not_in_SIL
ठेयब	आदर	4	disagree
कली	टाढा	4	disagree
मताइब	मानिसलाई	4	not_in_SIL
मतुइक्‍नीनी	छैन	4	not_in_SIL
तेल्‍लेम	कामुक	4	disagree
पचा	अनैतिकता	4	disagree
जाक्‍शा	आइन्	4	not_in_SIL
पाइय्‍यीनी	गर्नुहोस्	4	not_in_SIL
खोइश्‍शा	उहाँलाई	4	not_in_SIL
जचा	खानको	4	disagree
जचा	रोटी	4	disagree
सरीङ	आकाश	4	agree
ओटा	रोटी	4	not_in_SIL
निक्‍शीमी	अरूले	4	not_in_SIL
परमप्रभु	अगमवक्‍ताहरूमध्ये	4	not_in_SIL
येसुमी	उत्तर	4	not_in_SIL
रागीम	पृथ्वीमा	4	not_in_SIL
रे	समयदेखि	4	disagree
ब्रेश्‍शा	यसो	4	not_in_SIL
मदुम्‍ल	नहोस्	4	not_in_SIL
प्रोंइचा	बचाउन	4	disagree
गिंम	जीवन	4	agree
गेब	दिनेछन्	4	not_in_SIL
सां	तिनवटा	4	disagree
आ	यिनको	4	disagree
जाक्‍शा	आई	4	not_in_SIL
रोइ	रोग	4	disagree
मचबेम	सकेनन्	4	not_in_SIL
गेना	कहिलेसम्म	4	agree
ङा	दिने	4	disagree
पिपपुकीमी	राजाहरूले	4	not_in_SIL
तचा	गर्नु	4	disagree
राज्‍यमी	जीवनमा	4	not_in_SIL
पाप्‍तु	गर्छ	4	not_in_SIL
लोव़	शब्द	4	disagree
७०	सत्तरी	4	not_in_SIL
हिसाब	हिसाब	4	not_in_SIL
टलेन्‍ट	नोकर	4	not_in_SIL
जेर	तिर्नुपर्ने	4	disagree
बाक्‍त	गरिदिए	4	not_in_SIL
वारच	सहकर्मी	4	disagree
मेकोमी	त्यसको	4	not_in_SIL
सम्‍म	नगरेसम्म	4	not_in_SIL
इन	तिमीहरूसित	4	disagree
खोला	नदीको	4	not_in_SIL
मुर	गरी	4	disagree
चाक्‍बा	विवाह	4	not_in_SIL
दुम्‍ब	गर्दछ	4	not_in_SIL
सेल्‍शो	बनाइएका	4	not_in_SIL
बाक्‍नीम	थिए	4	not_in_SIL
बाक्‍तीके	आउन	4	disagree
वोइश्‍शा	राख्‍नुभयो	4	not_in_SIL
दाक्‍शो	आफूलाई	4	not_in_SIL
दाक्‍तो	गर्नू	4	not_in_SIL
नेंशा	सुन्यो	4	not_in_SIL
चाप्‍ब	हुन्छ	4	not_in_SIL
पने	सम्भव	4	not_in_SIL
नोले	पछ्याएका	4	disagree
थर	कुलको	4	not_in_SIL
नित्‍तीकेम	सिंहासनमा	4	not_in_SIL
आ	खातिर	4	disagree
लोक्‍ब	दाजुभाइ	4	not_in_SIL
रूमी	दाखबारीमा	4	not_in_SIL
ङा	अरू	4	agree
खोइश्‍शा	जाँदै	4	not_in_SIL
शीम	उहाँलाई	4	not_in_SIL
मान	सेवा	4	not_in_SIL
शुश	धेरैका	4	agree
ब्रेश्‍शा	बोलाएर	4	not_in_SIL
ङोइश्‍शा	भएर	4	not_in_SIL
नासरथ	नासरतबाट	4	not_in_SIL
यावे	आउनुभएका	4	not_in_SIL
दीसा	बिहान	4	disagree
फोव़शी	अन्जीरको	4	disagree
पङा	गर्छु	4	not_in_SIL
लोव़सी	छलफल	4	disagree
देंतय	भन्यौँ	4	not_in_SIL
यूहन्‍ना	उनलाई	4	not_in_SIL
आस	दुई	4	agree
अङगुर	दाखको	4	not_in_SIL
अङगुर	फल	4	not_in_SIL
सु	जसमाथि	4	disagree
जचा	भोज	4	disagree
सेल्‍शा	तयार	4	not_in_SIL
साइश्‍शा	मारे	4	not_in_SIL
नेल्‍ल	एकसाथ	4	disagree
भोज	भोजमा	4	not_in_SIL
देंने	बोल्न	4	not_in_SIL
शेंनीनी	सिकाउनुहुन्छ	4	not_in_SIL
कुल	पक्षपात	4	disagree
क्‍येट	सिक्‍का	4	not_in_SIL
सेंसीशा	पुनरुत्थानमा	4	not_in_SIL
ब्रोंइमानु	न	4	not_in_SIL
ठेयब	पहिलो	4	disagree
कली	ख्रीष्‍टलाई	4	agree
आ	दाऊदका	4	disagree
मेकोपुकीम	तिनीहरू	4	not_in_SIL
मान	प्रमुख	4	not_in_SIL
जशोमी	खान्छ	4	not_in_SIL
चढ़ेतीके	वेदीको	4	disagree
मेकेर	त्यसमा	4	disagree
परमप्रभु	बास	4	not_in_SIL
दारशो	सुन्दर	4	disagree
परमप्रभु	अगमवक्‍ताहरूका	4	not_in_SIL
तुइक्‍ब	बुद्धिमान्	4	not_in_SIL
निक्‍शी	केहीलाई	4	not_in_SIL
लडाइ	लडाइँ	4	not_in_SIL
माल्‍ब	हुनैपर्छ	4	not_in_SIL
ङोंइती	जातिको	4	disagree
अन्‍काल	अनिकाल	4	not_in_SIL
आन	अर्कालाई	4	disagree
आ	सुसमाचार	4	disagree
पाइब	व्यक्‍तिलाई	4	not_in_SIL
प्रोक्‍मल	भागून्	4	not_in_SIL
रूमी	खेतमा	4	not_in_SIL
जचा	न	4	agree
योव़शो	चुनिएकाहरूका	4	not_in_SIL
रागी	चारै	4	disagree
सम्‍म	अगि	4	not_in_SIL
जाक्‍ब	आउनुहुनेछ	4	not_in_SIL
पाइश्‍शो	गरेको	4	not_in_SIL
यो	भएको	4	disagree
जाक्‍त	हेर	4	not_in_SIL
नेल्‍ल	दुवैलाई	4	disagree
का	फेरि	4	disagree
ताक्‍बमी	उसले	4	not_in_SIL
टलेन्‍ट	पाएको	4	not_in_SIL
पाप्‍तीवी	विश्‍वासयोग्‍य	4	not_in_SIL
बाक्‍ते	छौ	4	not_in_SIL
मशोक्‍शो	ठाउँबाट	4	not_in_SIL
मशोक्‍शो	कटनी	4	not_in_SIL
मिनु	त्‍यसकारण	4	disagree
बाक्‍ङानु	थिएँ	4	not_in_SIL
ग्रुम्‍थ	मेरो	4	not_in_SIL
ग्रुम्‍थ	मकहाँ	4	not_in_SIL
यो	जीवनमा	4	disagree
काइयाफास	कैयाफा	4	not_in_SIL
यो	यो	4	disagree
शुश	दुःखित	4	disagree
ग्‍याइक्‍पाइक्‍चा	धोका	4	not_in_SIL
माल्‍ब	छ	4	not_in_SIL
मोदेंशो	त्यो	4	disagree
दुम्‍ब	हुने	4	not_in_SIL
कुम्‍सो	भजन	4	not_in_SIL
नाक्‍दो	राती	4	not_in_SIL
तामी	भेट्टाउनुभयो	4	not_in_SIL
रांमी	शरीर	4	not_in_SIL
हुल	भिडलाई	4	disagree
प्रोंइशा	छोडे	4	not_in_SIL
नेल्‍ल	उहाँलाई	4	disagree
बाक्‍त	भेट्टाएनन्	4	not_in_SIL
आ	आज्ञा	4	disagree
मार	तपाईंहरू	4	disagree
भाले	बास्यो	4	not_in_SIL
बेक्‍माक्‍त	मर्‍यो	4	not_in_SIL
दे	येशूले	4	disagree
मलेत्‍ता	जवाफ	4	not_in_SIL
प्रोंइचा	मुक्त	4	disagree
तन्‍न	तब	4	disagree
थोक्‍शा	लगाए	4	not_in_SIL
पिप	राजालाई	4	agree
शी	क्रुस	4	disagree
वासी	भाग	4	disagree
चढ़ेब	पुजारीहरूले	4	not_in_SIL
प्रोंइने	बचाउन	4	not_in_SIL
छिङछिङ	अन्धकारले	4	disagree
एली	इलोई	4	not_in_SIL
ब्रेत्‍ताक्‍व	बोलाउँदै	4	not_in_SIL
नोले	चेला	4	disagree
गेयीनी	मागे	4	not_in_SIL
सेल्‍शो	बनाएका	4	not_in_SIL
कली	मुखमा	4	disagree
दीसा	भोलिपल्ट	4	agree
हप्‍ता	हप्‍ताको	4	not_in_SIL
दोरशा	दौडे	4	not_in_SIL
बाप्‍शा	दण्डवत्	4	not_in_SIL
निक्‍शीमी	कतिले	4	not_in_SIL
गेनायो	सधैँ	4	disagree
ख्रुम्‍शा	दिँदै	4	not_in_SIL
ख्रुम्‍शा	बप्‍तिस्माको	4	not_in_SIL
यरूसलेम	यरूशलेमका	4	not_in_SIL
बाक्‍माक्‍त	रहनुभयो	4	not_in_SIL
स्‍वर्ग	स्वर्गदूतहरूले	4	not_in_SIL
खतम	नाश	4	not_in_SIL
वोलमी	आत्माले	4	not_in_SIL
जाक्‍दीम्‍माक्‍त	जानुभयो	4	not_in_SIL
वोल	भूतहरूलाई	4	agree
बोक्‍शा	उठ्नुभयो	4	not_in_SIL
माल्‍मे	खोजे	4	not_in_SIL
चाप्‍नीनी	सक्‍नुहुन्छ	4	not_in_SIL
गो	केही	4	disagree
शेंदीमी	प्रचार	4	not_in_SIL
मदुक्‍ब	पक्षाघाती	4	not_in_SIL
बाक्‍त	सिकाउनुभयो	4	not_in_SIL
खोइय्‍यी	लाग	4	not_in_SIL
माल्‍नीम	पर्छ	4	not_in_SIL
बाक्‍मानु	हुँदा	4	not_in_SIL
वामी	कपडाले	4	not_in_SIL
कोव़ङीन	हेर्नुहोस्	4	not_in_SIL
ओव़शा	गए	4	not_in_SIL
ला	अरू	4	disagree
गेचा	लगाउन	4	not_in_SIL
समुन्‍द्र	समुद्रतिर	4	not_in_SIL
आन	आफूकहाँ	4	disagree
कथा	दृष्‍टान्तमा	4	not_in_SIL
ओव़ने	पस्‍न	4	not_in_SIL
पाम्‍तेक्‍म	गरेका	4	not_in_SIL
शेंचा	सिकाउन	4	disagree
गेडा	बिउ	4	disagree
नोफामी	तिनीहरूले	4	not_in_SIL
तन्‍न	आफ्‍नो	4	disagree
रुप्‍ने	बुझ्‍न	4	not_in_SIL
ओव़शा	पस्‍न	4	not_in_SIL
आ	यिनले	4	disagree
सेंदामी	कराए	4	not_in_SIL
श्‍येत	कि	4	not_in_SIL
पोव़	सुँगुरको	4	agree
गेकी	दिनुहोस्	4	not_in_SIL
नेक्‍था	येशूकहाँ	4	not_in_SIL
आं	गर्छु	4	disagree
बाक्‍त	निको	4	not_in_SIL
देंनीनी	भन्‍नुहुन्छ	4	not_in_SIL
बाक्‍को	होऊ	4	not_in_SIL
आन	मानिसहरूमा	4	disagree
रे	ठाउँ	4	disagree
यावे	फर्केर	4	not_in_SIL
तेल	तेलले	4	disagree
काबु	त्यसपछि	4	disagree
भोज	भोज	4	not_in_SIL
मेको	उनका	4	not_in_SIL
बोइश्‍शा	भन्‍नुभयो	4	not_in_SIL
मेकोमी	मानिसले	4	not_in_SIL
इन	तपाईंहरूले	4	disagree
पाइनीनी	गर्छौ	4	not_in_SIL
सेल्‍ने	पार्न	4	not_in_SIL
गेहे	ईर्ष्या	4	not_in_SIL
मुरुमी	भनिन्	4	not_in_SIL
सीदोन	सिदोन	4	not_in_SIL
मतामे	छैन	4	not_in_SIL
कली	अगाडि	4	disagree
सोइक्‍ता	पठाउनुभयो	4	not_in_SIL
लोव़	बहस	4	disagree
का	तिमीहरूमध्ये	4	disagree
लोव़सी	कुरा	4	agree
शोव़	मुखमा	4	not_in_SIL
वोल	आत्मा	4	disagree
जाक्‍दीम्‍मा	आइपुग्‍नुभयो	4	not_in_SIL
सिक्‍सी	चुपचाप	4	not_in_SIL
ब्राइब	गर्छ	4	not_in_SIL
दुशा	शान्तिमा	4	not_in_SIL
ख्रोइक्‍ब	गर्छ	4	not_in_SIL
मुरुमी	तिनले	4	not_in_SIL
हना	गर्दैन	4	disagree
रे	यात्रा	4	disagree
मख्रोइक्‍चा	नगर्नू	4	not_in_SIL
पन	गरेको	4	not_in_SIL
श्‍येत	कठिन	4	not_in_SIL
हना	संसारमा	4	disagree
दुम्‍चा	इच्छा	4	not_in_SIL
नोले	पछिपछि	4	agree
डांडा	डाँडामा	4	agree
गधा	बछेडो	4	not_in_SIL
लेश्‍शा	फिर्ता	4	not_in_SIL
मारदे	त्यो	4	disagree
मिनु	अहिले	4	disagree
प्रार्थना	प्रार्थनाको	4	not_in_SIL
पाइब	उनले	4	not_in_SIL
सोइक्‍ता	पठाए	4	not_in_SIL
फुल्‍लु	कुने-ढुङ्गो	4	disagree
आल	बालबच्‍चा	4	disagree
ममाइ	होइनौ	4	agree
नोले	आज्ञा	4	disagree
गेप्‍तु	दिए	4	not_in_SIL
सहर	सहरतिर	4	disagree
का	एक-एक	4	agree
तूङमे	पिए	4	not_in_SIL
खेयप	तिमीले	4	not_in_SIL
मिनु	येशू	4	disagree
लेश्‍शा	उहाँ	4	not_in_SIL
देंशो	दिएका	4	not_in_SIL
नां	सबेरै	4	disagree
प्रोंइचा	मुक्‍त	4	disagree
मरिम्‍शो	सहभागी	4	not_in_SIL
चोक्‍चा	झ्यालखानामा	4	not_in_SIL
खुप्‍शा	बोलाए	4	not_in_SIL
वा	बैजनी	4	disagree
ङा	कुनचाहिँ	4	disagree
नोले	आउन	4	disagree
पुक्‍खी	चिहानभित्र	4	not_in_SIL
फेक्‍शो	लगाएर	4	not_in_SIL
मुल	तर	4	disagree
ओटा	सातवटा	4	not_in_SIL
सम्‍म	उहाँले	4	not_in_SIL
निस्‍से	बस्‍नुभयो	4	not_in_SIL
सुइक्‍बपुकी	चेलाहरू	4	not_in_SIL
जकरिया	जकरिया	4	not_in_SIL
दोस	निर्दोष	4	not_in_SIL
मथीब	बाँझी	4	agree
खाल्‍पा	वृद्ध	4	not_in_SIL
स्‍वर्ग	परमप्रभुका	4	not_in_SIL
सक्ति	शक्‍तिमा	4	not_in_SIL
नेल्‍ल	हुने	4	disagree
मेको	महान्	4	not_in_SIL
आल	जन्माउन	4	disagree
मरीयममी	भनिन्	4	not_in_SIL
आसीक	धन्यको	4	disagree
कली	भएकाहरूलाई	4	agree
सेल्‍तु	गर्नुभएको	4	not_in_SIL
ब्रमाक्‍त	फैलियो	4	not_in_SIL
दुम्‍बा	हुनेछ	4	not_in_SIL
किकी	पुर्खा	4	not_in_SIL
यावे	महिमा	4	not_in_SIL
लाक्‍मा	आश्‍चर्य	4	not_in_SIL
सेल्‍ना	गर्दै	4	not_in_SIL
लेम्‍मा	फर्के	4	not_in_SIL
ब्रेक्‍शो	व्यवस्थाअनुसार	4	not_in_SIL
चढ़ेचा	चढाउन	4	agree
पाप	मृत्यु	4	not_in_SIL
वाइल	दासलाई	4	agree
आसीक	आशीर्वाद	4	agree
मरीयम	आइन्	4	not_in_SIL
यहूदीया	यहूदियाका	4	not_in_SIL
अर्ती	उत्साह	4	not_in_SIL
गेने	दिन	4	not_in_SIL
यसैया	यशैया	4	not_in_SIL
पर्बम	घोषणा	4	disagree
ग्रुम्‍तीक	सभाघरको	4	not_in_SIL
मुरपुकीमी	तिमीलाई	4	not_in_SIL
नेल्‍लेम	सबै	4	not_in_SIL
दाते	बिचबाट	4	disagree
ङा	छ	4	disagree
सिमोन	सिमोनको	4	not_in_SIL
आन	आत्माहरूलाई	4	disagree
ग्‍याइली	जाल	4	not_in_SIL
मारदे	तिनीहरूले	4	disagree
ङोंइती	गर्नुभयो	4	disagree
ङोइश्‍शा	चढे	4	not_in_SIL
चाप्‍ब	सक्छ	4	not_in_SIL
गेय	थोक	4	disagree
काबु	दिनहरूमा	4	agree
वोलम	अशुद्ध	4	not_in_SIL
वोलम	आत्माले	4	not_in_SIL
कली	भलाइ	4	disagree
पनी	भयो	4	not_in_SIL
शिशी	कृपालु	4	disagree
गेपुकीमी	तिमी	4	not_in_SIL
कली	न्याय	4	disagree
देंनीनी	भन्दछौ	4	not_in_SIL
टीबा	गर्छ	4	not_in_SIL
वारच	साथीहरू	4	agree
आ	महान्	4	disagree
कोव़थ	हेर्नलाई	4	not_in_SIL
खमे	भोजन	4	disagree
चांमी	कपालले	4	not_in_SIL
चांमी	पाउ	4	not_in_SIL
अरु	बाँकी	4	not_in_SIL
आ	दुष्‍ट	4	disagree
मुर	अझै	4	disagree
पवानु	हुनुहुन्थ्यो	4	not_in_SIL
तुइश्‍शा	पाएर	4	not_in_SIL
याकूब	याकूबलाई	4	not_in_SIL
आन	सँगै	4	disagree
राप्‍शो	उभिरहेका	4	not_in_SIL
ला	एकलै	4	disagree
पचा	हामीले	4	disagree
मुरपुकी	मानिसहरूले	4	not_in_SIL
कली	गर्छौ	4	disagree
क्‍येट	खर्च	4	not_in_SIL
मारथा	मार्था	4	not_in_SIL
मरीयम	बहिनी	4	not_in_SIL
मारथामी	भनिन्	4	not_in_SIL
मेको	तिनीबाट	4	not_in_SIL
पाइनीम	गर्नेहरू	4	not_in_SIL
हना	त्यसले	4	disagree
क्‍येङा	त्योभन्दा	4	not_in_SIL
सोलोमन	सोलोमनको	4	not_in_SIL
जोक्‍तीक	ज्ञानको	4	not_in_SIL
थोव़क	कुरा	4	disagree
मान	इज्‍जत	4	not_in_SIL
बाक्‍नीनी	होस्	4	not_in_SIL
खुम्‍सीशा	जम्मा	4	not_in_SIL
हजार	सङ्ख्या	4	not_in_SIL
देंबा	स्वीकार	4	not_in_SIL
कली	सामु	4	disagree
क्‍येङा	कुराभन्दा	4	not_in_SIL
थोव़क	कुराहरूको	4	disagree
गेनायो	न	4	agree
जाक्‍ब	आउँछ	4	not_in_SIL
होव़प	सेवकले	4	disagree
श्‍येत	दुर्व्यवहार	4	not_in_SIL
मचाप्‍नीम	विरुद्धमा	4	not_in_SIL
देंनीनी	हुनेछ	4	not_in_SIL
मुल	वर्तमान	4	disagree
मुल	यस	4	disagree
बाक्‍त	भन्‍नुभयो	4	not_in_SIL
ग्रुम्‍तीक	सभाघरका	4	not_in_SIL
मुर	नातेदारहरू	4	disagree
ना	हुँदा	4	disagree
रिम्‍शो	धर्मी	4	not_in_SIL
यो	मानिसहरूले	4	disagree
पर्बम	तिमीहरू	4	disagree
लोव़	रद्द	4	disagree
सामरीया	सामरिया	4	not_in_SIL
बाक्‍त	उभिए	4	not_in_SIL
ठेयब	आफ्नो	4	disagree
सु	कसैलाई	4	disagree
थमा	यो	4	disagree
पाइनुङ	गर्नेछु	4	not_in_SIL
नेक्‍था	नजिकैको	4	not_in_SIL
सुइमी	कोही	4	not_in_SIL
तारी	राखे	4	disagree
गारो	पर्खाल	4	agree
मथिथु	निसन्तान	4	not_in_SIL
बाक्‍चा	अनन्त	4	not_in_SIL
पर्बम	कारण	4	disagree
चाड	चाड	4	not_in_SIL
इन	तपाईंसँग	4	disagree
मबाक्‍त	छैन	4	not_in_SIL
पुना	प्रार्थना	4	not_in_SIL
दे	नपरोस्	4	disagree
नोले	बेरपछि	4	agree
नवे	होस्	4	not_in_SIL
हिल्‍लो	दिनुभयो	4	not_in_SIL
हना	उनले	4	disagree
दोस	मानिसलाई	4	not_in_SIL
सुइमी	तिनीहरूले	4	not_in_SIL
मरुप्‍ब	मूर्ख	4	not_in_SIL
काथा	उनीहरूसँग	4	not_in_SIL
सांकछी	साक्षी	4	not_in_SIL
गेनुङ	प्रतिज्ञा	4	not_in_SIL
नु	हुनुहुन्‍थ्‍यो	4	disagree
छेङछेङ	ज्‍योति	4	disagree
थुं	दिनुहुने	4	disagree
तमी	सन्तानहरू	4	disagree
परमप्रभु	पिताबाट	4	not_in_SIL
यूहन्‍नामी	पानीले	4	not_in_SIL
ङोंइती	उहाँ	4	disagree
आं	पवित्र	4	disagree
पाप्‍तु	दिए	4	not_in_SIL
योआन्‍नेस	यूहन्‍नाका	4	not_in_SIL
केफास	केफास	4	not_in_SIL
सेल्‍चा	बनाउन	4	not_in_SIL
नाक्‍दो	राति	4	not_in_SIL
तुइक्‍नीकी	जान्दछौँ	4	not_in_SIL
लाक्‍चा	चिह्न‍हरू	4	not_in_SIL
नोफा	तिमीलाई	4	disagree
छक	अचम्म	4	not_in_SIL
बाक्‍ब	यही	4	not_in_SIL
चहिं	तापनि	4	disagree
परमप्रभु	स्वर्गबाट	4	not_in_SIL
वोंइश	लोग्‍ने	4	disagree
डांडामी	पर्वतमा	4	not_in_SIL
बाक्‍तेक्‍म	गरे	4	not_in_SIL
इं	हे	4	disagree
माल्‍नीम	गर्नुपर्छ	4	not_in_SIL
शेंब	बताउनुहुनेछ	4	disagree
सोइक्‍ब	पठाउनुभयो	4	not_in_SIL
नु	बस्‍नुभयो	4	disagree
पाप	उहाँ	4	not_in_SIL
यरूसलेममी	यरूशलेमको	4	not_in_SIL
येसु	को	4	not_in_SIL
नोले	हुन	4	disagree
सोइक्‍ब	पठाउनुहुनेको	4	not_in_SIL
परमप्रभु	प्रशंसा	4	not_in_SIL
मेना	बेला	4	agree
जचा	खानाको	4	disagree
किकी	पिताहरूले	4	not_in_SIL
मन्‍ना	मन्‍न	4	not_in_SIL
गेशो	दिनुभएका	4	not_in_SIL
ङा	अन्त्यको	4	agree
मेको	जसका	4	not_in_SIL
आन	परमेश्‍वरद्वारा	4	disagree
ब्रोंइतीक	जीवित	4	not_in_SIL
लाम्‍तेक्‍म	गए	4	not_in_SIL
सेंदा	सोरमा	4	disagree
येसु	उहाँमा	4	not_in_SIL
आन	अझ	4	disagree
लोव़मी	धर्मशास्‍त्रले	4	not_in_SIL
गेय	अधिकारीहरू	4	disagree
पाइनीम	गर्छ	4	not_in_SIL
मुर	शरीरअनुसार	4	disagree
मपाइनुङ	गर्दिनँ	4	not_in_SIL
पतीकेमी	पापमा	4	not_in_SIL
तशा	देखेको	4	not_in_SIL
दाक्‍नीनी	गर्छौ	4	not_in_SIL
पाइनुङ	गर्दछु	4	not_in_SIL
आफोमी	आमाबुबाले	4	not_in_SIL
आ	ममा	4	disagree
आफ	पितामा	4	disagree
ममाइ	हुँदैन	4	disagree
सेंसीनीम	जीवित	4	not_in_SIL
बेक्‍शो	मरेको	4	not_in_SIL
मेकोपुकीम	तिनीहरूले	4	not_in_SIL
बाक्‍त	बोले	4	not_in_SIL
जाक्‍त	आएको	4	not_in_SIL
ग्‍येरसीशो	धन्यका	4	not_in_SIL
दाक्‍मुने	अर्कालाई	4	not_in_SIL
गेनन्‍नी	गर्नेछु	4	not_in_SIL
बाक्‍तीके	तिमीहरूकहाँ	4	disagree
मेकोम	त्यसले	4	not_in_SIL
राशी	हाँगालाई	4	agree
दाक्‍मुशा	प्रेममा	4	not_in_SIL
नेंशा	कारण	4	not_in_SIL
लती	गएँ	4	not_in_SIL
नाक्‍त	उप्रान्त	4	disagree
तुइक्‍नीम	जान्दछन्	4	not_in_SIL
खोदेंशो	भएझैँ	4	disagree
बाक्‍ल	रहोस्	4	not_in_SIL
हिल्‍लो	सोधपुछ	4	not_in_SIL
यहूदीपुकीमी	तिनीहरू	4	not_in_SIL
ब्रेक्‍ताक्‍ङ	लेखेँ	4	not_in_SIL
ब्रेक्‍शो	धर्मशास्‍त्रको	4	not_in_SIL
कली	मृत्यु	4	disagree
दाक्‍नेवे	गर्छौ	4	not_in_SIL
तुइक्‍नीनी	गर्छु	4	not_in_SIL
मेको	यिनै	4	not_in_SIL
आ	तल	4	disagree
यो	म	4	disagree
सक्ति	शक्तिशाली	4	not_in_SIL
ताइतक	साक्षी	4	not_in_SIL
भोज	रोटी	4	not_in_SIL
पाइब	जनलाई	4	not_in_SIL
यावेमी	साक्षी	4	not_in_SIL
साइ	पहिले	4	disagree
इन	तपाईंहरूको	4	disagree
मेको	तिनीहरूद्वारा	4	not_in_SIL
कली	बोलाए	4	disagree
सोइक्‍तमे	जान	4	not_in_SIL
कांइचीक	एउटै	4	disagree
सोइश्‍शोपुकीमी	प्रेरितहरूले	4	not_in_SIL
सोइश्‍शो	प्रेरितहरूका	4	not_in_SIL
परमप्रभु	समयमा	4	not_in_SIL
लत	भयो	4	not_in_SIL
मिम्‍शो	योजना	4	not_in_SIL
सुइक्‍ब	चेलाहरूको	4	not_in_SIL
छेङछेङ	महिमाका	4	disagree
रागी	देश	4	agree
लोव़	तिनीसित	4	disagree
थर	कुलका	4	not_in_SIL
खिं	तिनका	4	disagree
सीनै	सीनै	4	not_in_SIL
नेंता	सुनेको	4	not_in_SIL
मोसा	मोशालाई	4	not_in_SIL
मूर्ति	मूर्ति	4	not_in_SIL
ल‍माक्‍त	गए	4	not_in_SIL
शेंशा	प्रचार	4	not_in_SIL
योप्‍पा	योप्पामा	4	not_in_SIL
कोठा	कोठामा	4	not_in_SIL
कोरनेलीयस	कर्नेलियस	4	not_in_SIL
कोरनेलीयसमी	कर्नेलियसले	4	not_in_SIL
प्रभुमी	दर्शन	4	not_in_SIL
जन्‍तु	प्राणीहरू	4	not_in_SIL
जन्‍तु	घस्रने	4	not_in_SIL
जन्‍तु	जन्तुहरू	4	not_in_SIL
मारेइ	हरेक	4	disagree
मिनु	अर्थात्	4	disagree
बाक्‍ङानु	मैले	4	not_in_SIL
मेकोपुकी	तिनीहरूको	4	not_in_SIL
पर्बम	प्रचार	4	disagree
प्रभुमी	प्रभुको	4	not_in_SIL
लोव़	केही	4	disagree
बारनाबास	शाऊल	4	not_in_SIL
मर्कूस	मर्कूस	4	not_in_SIL
नित्‍तीकेमी	सिंहासनमा	4	not_in_SIL
टापु	टापु	4	not_in_SIL
आ	प्रकारको	4	disagree
मोपा	जसरी	4	disagree
मोपा	त्यसकारण	4	disagree
रे	उहाँ	4	disagree
एन्‍टीओक	एन्टिओखिया	4	not_in_SIL
अर्को	पहिले	4	not_in_SIL
श्‍ये	मासु	4	not_in_SIL
आ	नाउँको	4	disagree
नेंमी	खातिर	4	not_in_SIL
यो	जीवनलाई	4	disagree
आ	अगाडि	4	disagree
मासीडोनीया	माकेडोनियाको	4	not_in_SIL
सिपाही	आदेश	4	not_in_SIL
श्‍येत	गरेको	4	not_in_SIL
थुं	पार्ने	4	disagree
सहरमी	सहर	4	not_in_SIL
बाक्‍ब	सेवा	4	not_in_SIL
रे	पृथ्वीमा	4	disagree
बाक्‍ब	गर्नुभयो	4	not_in_SIL
आ	आसनको	4	disagree
एफिसस	एफिससमा	4	not_in_SIL
सुइक्‍ब	चेलाहरूलाई	4	not_in_SIL
कली	ज्ञानमा	4	disagree
एफिससमी	एफिससमा	4	not_in_SIL
थमा	विश्‍वासीहरू	4	disagree
पाइब	गर्नेहरू	4	not_in_SIL
रोम	रोममा	4	not_in_SIL
मोदेंशो	यस	4	agree
जाक्‍दीत्‍तक	आइपुग्यौँ	4	not_in_SIL
यावे	परमेश्‍वरमा	4	not_in_SIL
थुं	निर्माण	4	disagree
लाइतक	गर्‍यौँ	4	not_in_SIL
आल	छोराछोरीहरू	4	disagree
लडाइ	प्रमुख	4	not_in_SIL
हजुर	तपाईंलाई	4	not_in_SIL
लडाइ	कप्‍तानले	4	not_in_SIL
अरेशो	व्यवस्थाअनुसार	4	not_in_SIL
रिम्‍शो	आदर	4	not_in_SIL
नङ	थिएँ	4	not_in_SIL
आ	आत्मा	4	disagree
लोव़	आग्रह	4	disagree
बाक्‍नुङ	गर्छु	4	not_in_SIL
बर्स	वर्षपछि	4	disagree
गेचा	केही	4	not_in_SIL
आन	समर्थन	4	disagree
मुददा	कैसरकहाँ	4	disagree
लोव़	निश्‍चित	4	disagree
गेशो	प्रतिज्ञाको	4	not_in_SIL
दे	गर्नुपर्छ	4	disagree
मुर	मृत्यु	4	disagree
जहाज	हामीले	4	not_in_SIL
जहाज	जहाजको	4	not_in_SIL
लाम्‍तेक्‍म	छन्	4	not_in_SIL
क्‍येट	पुरा	4	not_in_SIL
मोपा	अर्थात्	4	disagree
परमप्रभु	यसैमा	4	not_in_SIL
गेय	कार्य	4	disagree
कली	गर्नेहरूको	4	disagree
मेको	गर्नेलाई	4	not_in_SIL
अरेशो	व्यवस्थाविना	4	not_in_SIL
बाक्‍बा	गर्छ	4	not_in_SIL
यावे	परमेश्‍वरप्रति	4	not_in_SIL
कली	अरूलाई	4	agree
आइक्‍च	अपमान	4	not_in_SIL
मोदेंशो	त्यसो	4	disagree
ममाइ	यस्तो	4	disagree
पाइनीम	छन्	4	not_in_SIL
ब्रेक्‍शो	भन्दछ	4	not_in_SIL
ब्रेक्‍शो	धर्मशास्‍त्रले	4	not_in_SIL
दुम्‍पाइक्‍तु	गनियो	4	not_in_SIL
ग्‍येरसीशो	धन्यको	4	not_in_SIL
मेको	यति	4	not_in_SIL
शिशी	वरदान	4	disagree
येसु	ख्रीष्‍ट	4	not_in_SIL
रे	पारिनुभएको	4	disagree
लाइब	मरणशील	4	not_in_SIL
रां	अङ्गहरूलाई	4	disagree
रिम्‍शो	प्रयोग	4	not_in_SIL
रां	अङ्गहरू	4	disagree
रे	स्वतन्त्र	4	disagree
बेक्‍पाइक्‍ब	मृत्यु	4	not_in_SIL
पाता	गर्छु	4	not_in_SIL
थुं	नयाँ	4	disagree
आगाम	बास	4	not_in_SIL
यावे	गर्नुहुने	4	not_in_SIL
दला	शरीरका	4	not_in_SIL
गेब	दिनुहुन्छ	4	not_in_SIL
ताइब	उत्तराधिकारीहरू	4	not_in_SIL
दुम्‍तय	हौँ	4	not_in_SIL
श्‍येत	कष्‍टहरू	4	not_in_SIL
लोव़	प्रतिज्ञाहरू	4	disagree
यसैयामी	भन्छन्	4	not_in_SIL
माल्‍शो	थियो	4	not_in_SIL
थमा	सायद	4	disagree
चाप्‍नीमी	छ	4	not_in_SIL
रिम्‍शो	उचित	4	not_in_SIL
फाल्‍शा	धैर्य	4	not_in_SIL
छेङछेङ	ज्योतिका	4	disagree
श्‍ये	थोक	4	not_in_SIL
सुइक्‍तीक	निर्माण	4	not_in_SIL
गेय	कामलाई	4	agree
बोल्‍यो	बलिया	4	not_in_SIL
दुम्‍चा	लागि	4	not_in_SIL
लोव़	लेखिरहेको	4	disagree
गेने	सकोस्	4	not_in_SIL
गेब	शान्तिका	4	not_in_SIL
पपाइश्‍शो	वरदानहरूको	4	not_in_SIL
इन	विश्‍वासयोग्य	4	disagree
ठेयब	गर्व	4	disagree
रागी	सांसारिक	4	disagree
बाक्‍नीस	हुन्	4	not_in_SIL
लोव़	सत्यताको	4	disagree
ग्‍येरपाइक्‍ब	सुसमाचारद्वारा	4	not_in_SIL
पने	होओ	4	not_in_SIL
कली	तिमीहरूका	4	disagree
पात्‍के	अनैतिक	4	not_in_SIL
मूर्ति	मूर्तिपूजक	4	not_in_SIL
मेकोपुकी	यस्ता	4	not_in_SIL
कोव़ज	पेट	4	not_in_SIL
पचा	कुराहरूका	4	disagree
मिम्‍नुङ	गर्दछु	4	not_in_SIL
ग्‍युंबे	अविवाहित	4	not_in_SIL
चढ़ेशो	चढाइएको	4	not_in_SIL
हना	नभए	4	disagree
ङोंइती	अधीनमा	4	disagree
चां	केश	4	agree
प्रभुमी	प्रभुमा	4	not_in_SIL
मिम्‍तीन	विचार	4	not_in_SIL
मिम्‍शा	सम्झना	4	not_in_SIL
पपाइश्‍शो	फरक	4	not_in_SIL
यो	होइन	4	disagree
ग्रुम्‍तीकेमी	मण्डलीमा	4	not_in_SIL
गेय	जोसिलो	4	disagree
मोशीन	व्यर्थ	4	not_in_SIL
बेक्‍शो	मरेकाहरू	4	not_in_SIL
ना	आगमनमा	4	disagree
बेक्‍तीक	मृत्यु	4	not_in_SIL
नां	सूर्यको	4	agree
खप	माटोबाट	4	agree
दुम्‍चा	धारण	4	not_in_SIL
दे	सक	4	disagree
ग्‍येरसाक्‍यी	आनन्दित	4	not_in_SIL
गे	यो	4	disagree
बाक्‍नीकी	छ	4	not_in_SIL
बाक्‍नीकी	गर्दछौँ	4	not_in_SIL
आंइ	हामीमा	4	disagree
गेप्‍तु	छ	4	not_in_SIL
रांम	शरीरमा	4	not_in_SIL
इन	इमानदार	4	disagree
मोपतीके	कारण	4	disagree
तुइश्‍शा	कारणले	4	not_in_SIL
इं	ईश्‍वरीय	4	disagree
परमप्रभु	मण्डलीहरूलाई	4	not_in_SIL
आकाया	अखैयामा	4	not_in_SIL
गेना	सधैँभरि	4	disagree
परमप्रभु	परमेश्‍वरप्रति	4	not_in_SIL
रागीम	शरीरमा	4	not_in_SIL
दुम्‍ती	भएको	4	not_in_SIL
मारेइ	बोझ	4	disagree
दे	निरन्तरता	4	disagree
गेय	कामहरूद्वारा	4	agree
शेंथ	खतना	4	not_in_SIL
श्‍येत	पीडा	4	not_in_SIL
शिशी	अनुग्रहबाट	4	disagree
रिम्‍शो	प्रार्थनामा	4	not_in_SIL
बाक्‍ब	गर्दछ	4	not_in_SIL
सम्‍म	निम्ति	4	not_in_SIL
वोंइश	पतिहरू	4	disagree
मीश	पत्‍नीहरूलाई	4	disagree
शिरशो	योग्य	4	agree
तुइक्‍नीनी	छ	4	not_in_SIL
प्रोंइब	मुक्‍तिदाता	4	not_in_SIL
नेंतीनी	सुन्यौ	4	not_in_SIL
लाओडीसीया	लाउडिकियामा	4	not_in_SIL
इन	साक्षी	4	disagree
कोंइतीक	उदाहरण	4	not_in_SIL
अरेतीक	अर्ती	4	not_in_SIL
गेना	अनन्तको	4	disagree
रिम्‍शो	प्रतिष्‍ठित	4	not_in_SIL
शेंतीके	शिक्षा	4	disagree
मिम्‍तो	गर	4	not_in_SIL
ग्रांग्रा	घृणित	4	disagree
राज्‍य	विश्राममा	4	not_in_SIL
नाइक्‍चा	विश्राममा	4	not_in_SIL
पाको	सिद्ध	4	not_in_SIL
चोशा	न	4	not_in_SIL
मटीब	उल्लङ्घन	4	not_in_SIL
नेंशो	सुनेको	4	not_in_SIL
तौपुकी	बालकहरू	4	not_in_SIL
सैतान	विजय	4	not_in_SIL
आइक्‍च	प्रिय	4	not_in_SIL
दाक्‍नय	गर्छौं	4	not_in_SIL
ब्रेक्‍पाइक्‍ती	वचनहरू	4	not_in_SIL
फ्रा	चाँडै	4	disagree
लेश्‍शा	आउँदै	4	not_in_SIL
२४	चौबिस	4	not_in_SIL
अर्को	दोस्रो	4	not_in_SIL
जन्‍तुमी	प्राणीले	4	not_in_SIL
ताता	हेरेँ	4	disagree
शारा	घोडा	4	agree
सेंदामी	सोरले	4	not_in_SIL
श्‍येत	यातना	4	not_in_SIL
हिंचा	विपत्ति	4	disagree
गन्‍धक	गन्धकको	4	not_in_SIL
बेबीलोन	पतन	4	not_in_SIL
चिन्‍ड	छाप	4	not_in_SIL
गुये	हँसिया	4	agree
श्‍येत	विपत्ति	4	not_in_SIL
आबी	धिकार	4	not_in_SIL
हाल्‍लेलया	हल्लेलूयाह	4	not_in_SIL
बाक्‍माक्‍त	यहूदा	3	not_in_SIL
बाक्‍माक्‍त	भनिन्छ	3	not_in_SIL
दुम्‍मा	पुस्ता	3	not_in_SIL
मरीयम	उहाँकी	3	not_in_SIL
मरीयम	आमा	3	not_in_SIL
आल	मगनी	3	disagree
तुइश्‍शा	शर्ममा	3	not_in_SIL
ङोमु	सपनामा	3	agree
लोव़	बोल्नुभएको	3	disagree
नेसी	यस्तो	3	not_in_SIL
मरीयम	उनले	3	not_in_SIL
नां	पूर्वबाट	3	disagree
सोरुल	ज्ञानी	3	disagree
बेथलेहेम	बेथलेहेममा	3	not_in_SIL
यहूदीया	यहूदाको	3	not_in_SIL
यहूदीया	यहूदाका	3	not_in_SIL
मतुइक्‍थु	गुप्‍त	3	not_in_SIL
लां	अगि-अगि	3	disagree
दिक्‍माक्‍त	रोकियो	3	not_in_SIL
थोव़क	कुराहरू	3	disagree
ङोमुमी	सपनामा	3	not_in_SIL
सम्‍म	नभनेसम्म	3	not_in_SIL
आन	पठाएर	3	disagree
नासरथ	नासरत	3	not_in_SIL
यसैयामी	भनिएको	3	not_in_SIL
थेलीने	बनाओ	3	not_in_SIL
के	पेटी	3	disagree
खलकपुकी	सर्पका	3	not_in_SIL
गे	आउन	3	disagree
ब्रोंइचा	क्रोधबाट	3	disagree
थुं	पश्‍चात्तापको	3	disagree
तचा	निम्ति	3	disagree
मबाक्‍कीन	नगर	3	not_in_SIL
फल	नफलाउने	3	not_in_SIL
मसिप्‍ब	हरेक	3	not_in_SIL
ख्रुम्‍ब	दिनुहुनेछ	3	not_in_SIL
ब्‍वाक्‍कुम	बप्‍तिस्‍मा	3	not_in_SIL
परवा	ढुकुरजस्तै	3	not_in_SIL
थाम्‍चा	परीक्षित	3	not_in_SIL
मिनु	रात	3	disagree
लदा	अग्लो	3	not_in_SIL
इ	तपाईंलाई	3	disagree
थेक्‍शा	भन्यो	3	not_in_SIL
देंशा	यसो	3	not_in_SIL
लमाक्‍त	गयो	3	not_in_SIL
लशा	छोड्नुभयो	3	not_in_SIL
बाक्‍माक्‍त	बस्‍नुभयो	3	not_in_SIL
रागी	गैरयहूदीहरूको	3	disagree
का	उनका	3	disagree
अन्‍द्रीयास	अन्द्रियासलाई	3	not_in_SIL
प्रोंइशा	छाडे	3	not_in_SIL
बाक्‍मा	गर्दै	3	not_in_SIL
गुरशो	रोग	3	not_in_SIL
पाइक्‍न	पार्दै	3	not_in_SIL
रोइ	रोगहरू	3	disagree
ङा	आएको	3	agree
थुं	शोक	3	disagree
दुम्‍ब	गर्नेछन्	3	not_in_SIL
दुम्‍शोपुकी	हुनेहरू	3	not_in_SIL
ग्‍येरसीने	आनन्दित	3	not_in_SIL
जाम्‍त	बनाउने	3	not_in_SIL
दाशा	बालेर	3	not_in_SIL
ठेयब	सबैभन्दा	3	disagree
यो	कुनै	3	disagree
नेसी	समयमा	3	not_in_SIL
पुंइसीब	पर्नेछ	3	not_in_SIL
कली	भाइलाई	3	agree
नरक	नरकको	3	not_in_SIL
चढ़ेचा	तिम्रो	3	disagree
चढ़ेचा	लाग	3	disagree
दुशा	मिलाप	3	not_in_SIL
तुइक्‍नीनी	सुनेका	3	not_in_SIL
नाता	नगर	3	not_in_SIL
मिक्‍चीमी	आँखाको	3	not_in_SIL
ताइक्‍तो	तिमीबाट	3	not_in_SIL
ताइक्‍तो	टाढा	3	not_in_SIL
हना	सम्पूर्ण	3	disagree
गेचा	देओस्	3	not_in_SIL
आन	भएकाहरूलाई	3	disagree
मजने	नखाओ	3	not_in_SIL
सहर	त्यो	3	disagree
मजने	हो	3	not_in_SIL
क्‍येर	कालो	3	not_in_SIL
लोव़	बोली	3	disagree
मिक्‍च	यसो	3	not_in_SIL
मेको	आँखाको	3	not_in_SIL
ख्रुइ	दाँत	3	agree
यावे	गर	3	not_in_SIL
ङा	हुनुहुने	3	disagree
दाक्‍ताक्‍नी	गर्छौ	3	not_in_SIL
मपाइनीम	गर्दैनन्	3	not_in_SIL
मान	अभिवादन	3	not_in_SIL
पाइबा	हुनुहुन्छ	3	not_in_SIL
खिंमी	सभाघरहरू	3	not_in_SIL
पेरा	देब्रे	3	disagree
ख्रुइश्‍शो	गुप्‍तमा	3	not_in_SIL
तुइक्‍ब	देख्‍नुहुने	3	not_in_SIL
ओव़शा	कोठामा	3	not_in_SIL
चोक्‍शा	बन्द	3	not_in_SIL
ताइनीम	हुन्छ	3	not_in_SIL
ओदें	यसरी	3	not_in_SIL
ठेयब	पवित्र	3	disagree
स्‍वर्गमी	स्वर्गीय	3	not_in_SIL
मगेतीनी	गरेनौ	3	not_in_SIL
कली	पाप	3	disagree
बाक्‍शो	बसेको	3	not_in_SIL
खुइ	चोरेर	3	agree
मदाक्‍ब	गर्छ	3	not_in_SIL
ममिम्‍तीने	नगर	3	not_in_SIL
क्‍येङा	बहुमूल्य	3	not_in_SIL
माल्‍शो	आवश्यक	3	not_in_SIL
ताइनीनी	दिइनेछ	3	not_in_SIL
कसीङगर	परालको	3	not_in_SIL
मिक्‍चीम	निकाल्न	3	not_in_SIL
मगेने	नदेऊ	3	not_in_SIL
दाक्‍नीनी	चाहन्छौ	3	not_in_SIL
मोदेंशो	त्यस्तै	3	disagree
लाप्‍चो	ढोकाबाट	3	not_in_SIL
लाप्‍चो	भित्र	3	not_in_SIL
फल	फलाउन	3	not_in_SIL
ब्रोव़शो	असल	3	disagree
मसिप्‍ब	सक्छ	3	not_in_SIL
पाइबपुकी	पालन	3	not_in_SIL
ताइनीम	गर्नेछ	3	not_in_SIL
निप्‍स	बुद्धिमान्	3	not_in_SIL
खोदेंशो	मानिसजस्तै	3	agree
शेंने	वचन	3	not_in_SIL
हना	तिनीहरूका	3	disagree
शेंदा	सिकाउनुभयो	3	not_in_SIL
डांडा	डाँडाबाट	3	agree
मुरुमी	भिडले	3	not_in_SIL
सापाइक्‍चा	तपाईंले	3	not_in_SIL
दाक्‍ताक्‍नी	गर्नुभयो	3	not_in_SIL
सापाइक्‍चा	शुद्ध	3	not_in_SIL
माल्‍ब	गरेअनुसार	3	not_in_SIL
कापेरनाउम	कर्फनहुममा	3	not_in_SIL
अधिकार	अधिकारको	3	not_in_SIL
ओहो	छक्‍क	3	not_in_SIL
इस्राएल	इस्राएलमा	3	not_in_SIL
थिवानु	छुनुभयो	3	not_in_SIL
सापाइक्‍मी	पार्नुभयो	3	not_in_SIL
देल्‍शो	भिडलाई	3	not_in_SIL
आइक्‍ची	समुद्रको	3	not_in_SIL
देंमाक्‍त	दिनुभयो	3	not_in_SIL
फश	आँधी	3	disagree
समुन्‍द्र	समुद्रलाई	3	not_in_SIL
हुइक्‍ता	हकार्नुभयो	3	not_in_SIL
बाक्‍त	छायो	3	not_in_SIL
माइ	मान्छन्	3	not_in_SIL
मेकेर	चिहानबाट	3	disagree
निक्‍शी	धेरै	3	not_in_SIL
गे	तपाईंसँग	3	disagree
जाक्‍नी	आउनुभएको	3	not_in_SIL
आ	त्‍यहाँ	3	disagree
जोन	चरिरहेको	3	not_in_SIL
पोव़	बथानमा	3	disagree
पोव़	सुँगुर	3	agree
पोव़	सुँगुरहरू	3	agree
योव़बपुकीमी	चराइरहेका	3	not_in_SIL
कली	मानिसहरूलाई	3	agree
डोंगामी	पारिपट्टि	3	not_in_SIL
गुइ	उहाँकहाँ	3	disagree
कुरशा	एउटा	3	not_in_SIL
मिनु	देखेर	3	disagree
देंचा	भन्‍न	3	not_in_SIL
एर	हिँड	3	disagree
जरमेशोमी	पुत्रलाई	3	not_in_SIL
गुइ	त्यस	3	disagree
छुल	मानिस	3	disagree
गेब	दिनुभएको	3	not_in_SIL
ताप्‍तु	थिए	3	not_in_SIL
जाम्‍तेक्‍म	खाए	3	not_in_SIL
मुर	भएकाहरूलाई	3	disagree
यूहन्‍ना	बप्‍तिस्मा-दिने	3	not_in_SIL
काबु	दिन	3	agree
सेल्‍ब	हुनेछ	3	not_in_SIL
शांबु	मद्यको	3	disagree
वा	वस्‍त्रको	3	disagree
थिवा	छोइन्	3	not_in_SIL
थमा	भनेकी	3	disagree
बेक्‍शो	मरेकी	3	not_in_SIL
खिं	कोठाभित्र	3	disagree
आंस	हामीमाथि	3	disagree
पांइस्‍की	गर्नुहोस्	3	not_in_SIL
लाटा	बोल्न	3	not_in_SIL
वोल	भूतहरूको	3	agree
बाली	फसल	3	not_in_SIL
बाली	फसलका	3	not_in_SIL
आ	आफ्‍नो	3	disagree
वोल	अशुद्ध	3	disagree
अन्‍द्रीयास	अन्द्रियास	3	not_in_SIL
कनानी	कनानी	3	not_in_SIL
सोइश्‍शा	पठाउनुभयो	3	not_in_SIL
सापतीन	पार	3	not_in_SIL
कोर	शुद्ध	3	disagree
मेको	सित्तैँमा	3	not_in_SIL
खिंमी	घर	3	not_in_SIL
थुर	धुलो	3	not_in_SIL
दातेम	बिचमा	3	not_in_SIL
पिप	राजाहरू	3	agree
पुंइसीनीनी	दिइनेछ	3	not_in_SIL
सम्‍म	घडीसम्म	3	not_in_SIL
सहर	सहरहरू	3	disagree
खिं	घरका	3	agree
निम्‍फा	दुवैलाई	3	not_in_SIL
हिनीन	डराओ	3	not_in_SIL
आफोमी	पिताको	3	not_in_SIL
खपीम	भुइँमा	3	not_in_SIL
देंबा	गर्दछ	3	not_in_SIL
तमी	छोरीलाई	3	agree
खोइक्‍चा	योग्यको	3	not_in_SIL
ब्राइबमी	उसले	3	not_in_SIL
मिक्‍च	दृष्‍टिविहीनहरूले	3	not_in_SIL
मिक्‍च	लङ्गडा	3	not_in_SIL
नोफा	सुनिरहेका	3	disagree
लनी	गयौ–	3	not_in_SIL
दारशो	मलमलको	3	disagree
सोइक्‍नुङ	पठाउँदै	3	not_in_SIL
लां	अगाडि	3	disagree
रोंका	शोक	3	not_in_SIL
राकसीमी	पियक्‍कड	3	not_in_SIL
गेय	कामहरूले	3	agree
ए	धिक्‍कार	3	not_in_SIL
बेथसैदा	तँलाई	3	not_in_SIL
बेथसैदा	बेथसेदा	3	not_in_SIL
पची	इन्साफको	3	not_in_SIL
काबु	बेला	3	disagree
मोदेंशो	यही	3	disagree
आफोमी	पिताद्वारा	3	not_in_SIL
जाक्‍कीन	आओ	3	not_in_SIL
नु	मबाट	3	disagree
चेरब	अन्‍नका	3	disagree
शोव़लु	भोकाएको	3	agree
ओव़शा	पसेर	3	not_in_SIL
मपचा	प्रभु	3	not_in_SIL
खाल्‍टाम	खाल्डोमा	3	not_in_SIL
कीशा	समातेर	3	not_in_SIL
साशा	निको	3	not_in_SIL
पाम्‍तेक्‍म	थाले	3	not_in_SIL
सेंदा	स्वर	3	agree
मी	बलिरहेको	3	disagree
पा	गर्नेछन्	3	disagree
मनेंब	नसक्‍ने	3	not_in_SIL
बाक्‍म	हुन	3	not_in_SIL
आन	विचार	3	disagree
जिशा	आफैँमा	3	not_in_SIL
पाइनीम	हुनेछन्	3	not_in_SIL
दुम्‍नीम	हुन्छ	3	not_in_SIL
बेक्‍शा	न	3	not_in_SIL
योना	योना	3	not_in_SIL
सम्‍म	रात	3	not_in_SIL
निनवे	निनवेका	3	not_in_SIL
योना	योनाको	3	not_in_SIL
क्‍येङा	अझै	3	not_in_SIL
पाला	पुस्ताका	3	not_in_SIL
क्‍येङा	आफूभन्दा	3	not_in_SIL
शोक्‍थ	छर्ने	3	not_in_SIL
लमाक्‍त	निस्क्यो	3	not_in_SIL
निक्‍शी	बिउहरू	3	not_in_SIL
खपीम	माटोमा	3	not_in_SIL
६०	गुणा	3	not_in_SIL
मताइनीनी	देख्दैनौ	3	not_in_SIL
सापदुमी	निको	3	not_in_SIL
तचा	इच्छा	3	disagree
तचा	तिनीहरूले	3	disagree
पर्बम	वचनको	3	disagree
गेडा	फल	3	disagree
देंनीनी	चाहनुहुन्छ	3	not_in_SIL
राज्‍य	राज्यचाहिँ	3	not_in_SIL
कामी	स्‍त्रीले	3	not_in_SIL
साइ	अगमवक्‍ताहरूले	3	disagree
नेसी	भनेका	3	not_in_SIL
सम्‍म	मेरो	3	not_in_SIL
अर्थ	व्याख्या	3	not_in_SIL
आ	छोराहरू	3	disagree
सैतान	दुष्‍ट	3	not_in_SIL
लाइब	एउटा	3	not_in_SIL
मोती	मोती	3	not_in_SIL
दे	चेलाहरूले	3	disagree
जाक्‍दीश्‍शा	प्रवेश	3	not_in_SIL
ङा	कहाँबाट	3	disagree
मनमी	छैनन्	3	not_in_SIL
लाक्‍चा	आश्‍चर्यकर्महरू	3	not_in_SIL
मदुम्‍ब	छैन	3	not_in_SIL
तशा	मानिसहरूसँग	3	not_in_SIL
जरमेशो	जन्म	3	not_in_SIL
हेरोद	हेरोदलाई	3	not_in_SIL
जशा	खाए	3	not_in_SIL
थालम	थालमा	3	not_in_SIL
मिनु	राजा	3	disagree
कसम	शपथको	3	not_in_SIL
भोजमी	भोजमा	3	not_in_SIL
थिम्‍मे	गाडे	3	not_in_SIL
पा	भरिनुभयो	3	disagree
रिक्‍चावानु	पर्‍यो	3	not_in_SIL
ग्‍याप्‍शा	किन्‍न	3	not_in_SIL
नु	यहाँ	3	disagree
योक्‍शा	दिनुभयो	3	not_in_SIL
जाइबपुकी	त्यहाँ	3	not_in_SIL
आन	उहाँ	3	disagree
डांडाम	डाँडामा	3	not_in_SIL
गो	मै	3	agree
गेन	तपाईं	3	not_in_SIL
हिंशा	डराए	3	not_in_SIL
गेनेसरेथ	उहाँहरू	3	not_in_SIL
सु	जतिले	3	disagree
सास्‍त्रीपुकी	शास्‍त्रीहरू	3	not_in_SIL
मेकोपुकीमी	तपाईंले	3	not_in_SIL
थोव़कीमी	कुराले	3	not_in_SIL
मताइब	अगुवाहरू	3	not_in_SIL
साइक्‍चा	हत्या	3	not_in_SIL
मरिम्‍शो	अपमान	3	not_in_SIL
एको	यहाँबाट	3	not_in_SIL
इस्राएल	इस्राएलको	3	not_in_SIL
पथ	घरको	3	not_in_SIL
मीश	तिनी	3	disagree
पुंइशो	इच्छा	3	not_in_SIL
कली	निको	3	disagree
मिनु	चेलाहरूले	3	disagree
आन	सन्तुष्‍ट	3	disagree
कुरनी	तिमीहरूसँग	3	not_in_SIL
दोशो	कतिवटा	3	agree
कुरनी	छन्	3	not_in_SIL
दे	दिनुभएपछि	3	disagree
जिक्‍शा	दिनुभयो	3	not_in_SIL
डालो	डाला	3	not_in_SIL
जाक्‍दीम्‍मानु	आए	3	not_in_SIL
ओख्‍ती	खमिरबाट	3	not_in_SIL
सुइक्‍ने	गर्छौ	3	not_in_SIL
मिनु	अथवा	3	disagree
दोशो	कति	3	agree
बाक्‍माक्‍त	रहेछ	3	not_in_SIL
इ	प्रकट	3	disagree
मेना	त्यस	3	agree
बाक्‍ङे	तँ	3	not_in_SIL
थुं	इच्छा	3	disagree
दाक्‍स	इन्कार	3	not_in_SIL
स्‍वर्ग	स्वर्गदूतहरूसँग	3	not_in_SIL
मबेक्‍नीम	मृत्यु	3	not_in_SIL
डांडामी	पहाडमा	3	not_in_SIL
कुल	रूप	3	disagree
खोदेंशो	परिवर्तन	3	disagree
बुश	चम्किलो	3	disagree
दाक्‍नीनी	चाहनुहुन्छ	3	not_in_SIL
नेनीने	सुन	3	not_in_SIL
कोव़ङमेनु	हेरे	3	not_in_SIL
डांडा	पहाडबाट	3	disagree
सास्‍त्रीपुकीमी	शास्‍त्रीहरू	3	not_in_SIL
सेल्‍ब	गर्नेछन्	3	not_in_SIL
मोदेंशो	त्यसै	3	disagree
बाक्‍नुङा	पुस्ता	3	not_in_SIL
आल	केटा	3	disagree
पा	कारण	3	disagree
याक्‍सो	जा	3	not_in_SIL
पुंइसीब	सुम्पिनेछन्	3	not_in_SIL
लेश्‍शा	गए	3	not_in_SIL
इस	तिम्रो	3	disagree
समुन्‍द्रमी	समुद्रको	3	not_in_SIL
खोइलीमी	खुट्टाले	3	not_in_SIL
मिक्‍चीमी	आँखाले	3	not_in_SIL
ओव़चा	गर्नु	3	disagree
आइक्‍च	घृणा	3	not_in_SIL
पाइबपुकी	दूतहरूले	3	not_in_SIL
का	विचार	3	disagree
यो	नाश	3	disagree
मरिम्‍शो	गल्ती	3	not_in_SIL
मुर	यो	3	disagree
दे	कर	3	disagree
आफ	पिताद्वारा	3	disagree
खेयप	पल्टसम्म	3	not_in_SIL
खुम्‍की	घुँडा	3	not_in_SIL
बाप्‍शा	गर्‍यो	3	not_in_SIL
जेल्‍खानम	झ्यालखानामा	3	not_in_SIL
मीश	उसकी	3	disagree
सेल्‍तीम्‍सी	बनाउनुभयो	3	not_in_SIL
पाइबा	गर्दछ	3	not_in_SIL
ग्‍युंबे	आफ्नी	3	not_in_SIL
आल	स-साना	3	disagree
आल	साना	3	disagree
माल्‍नेवे	गर	3	not_in_SIL
एको	येशूले	3	not_in_SIL
लोव़	भन्‍नुभएको	3	disagree
ओव़ने	प्रवेश	3	not_in_SIL
लूजे	सियोको	3	agree
लूजे	नाथ्रीबाट	3	disagree
ग्रीने	सजिलो	3	not_in_SIL
खोइक्‍तक	छौँ	3	not_in_SIL
ङोंइती	अहिले	3	disagree
मथिप्‍ब	नगरी	3	not_in_SIL
बाक्‍नी	छौ	3	not_in_SIL
गाल्‍च	ज्याला	3	not_in_SIL
नोले	अन्तमा	3	disagree
पा	म	3	disagree
शिशी	असल	3	disagree
दुम्‍नीम	हुनेछ	3	not_in_SIL
यरूसलेम	यरूशलेमतर्फ	3	not_in_SIL
लाइनय	जाँदै	3	not_in_SIL
कांटी	कोर्रा	3	disagree
राज्‍यम	राज्यमा	3	not_in_SIL
ग्‍युरा	दायाँ	3	not_in_SIL
पेरा	बायाँ	3	disagree
कचौरा	कचौराबाट	3	not_in_SIL
बाक्‍चा	बस्‍न	3	not_in_SIL
शेंसीब	अरू	3	disagree
वोइश्‍शा	तिनीहरूमाथि	3	not_in_SIL
गाक्‍बपुकीमी	भिडले	3	not_in_SIL
आंस	हाम्रा	3	disagree
नेक्‍था	पुग्‍नुभयो	3	not_in_SIL
चाइक्‍ब	मकहाँ	3	not_in_SIL
थित्‍नीसी	ल्याओ	3	not_in_SIL
दुम्‍चा	हुनलाई	3	not_in_SIL
बाक्‍तीके	तिमीकहाँ	3	disagree
पिन	आउँदै	3	not_in_SIL
वा	कपडाहरू	3	disagree
ठेयब	धन्यको	3	disagree
गे	विराजमान	3	disagree
कली	हुनुहुनेलाई	3	agree
खोल्‍शा	पल्टाइदिनुभयो	3	not_in_SIL
प्रोंइशा	तिनीहरूबाट	3	not_in_SIL
पशो	गरिएको	3	not_in_SIL
बाक्‍मेनु	गर्नुहुँदा	3	not_in_SIL
मुरपुकीमी	तिनीहरू	3	not_in_SIL
मतुइक्‍नीकी	थाहा	3	not_in_SIL
के	मानिसका	3	disagree
लाइनुङ	जानेछु	3	not_in_SIL
अङगुर	लगाए	3	not_in_SIL
बुम्‍था	दाख	3	not_in_SIL
अङगुर	दाख	3	not_in_SIL
सोइक्‍तीमी	नोकरहरू	3	not_in_SIL
तुप्‍मे	पिटे	3	not_in_SIL
कली	आदर	3	disagree
टीनीम	गर्नेछन्	3	not_in_SIL
गारमा	मारौँ	3	not_in_SIL
नेल्‍ल	उत्तराधिकार	3	disagree
ओदेंशो	के	3	disagree
फुल्‍लु	ढुङ्गालाई	3	agree
फुल्‍लु	ढुङ्गो	3	disagree
दुम्‍माक्‍त	बन्यो	3	not_in_SIL
लाक्‍चा	आश्‍चर्यपूर्ण	3	not_in_SIL
इं	तिनीहरूकै	3	disagree
सोइक्‍तीमी	भोजमा	3	not_in_SIL
लचा	आउन	3	disagree
शुक्‍शी	व्यवहार	3	not_in_SIL
कली	सक्‍ने	3	disagree
मरिम्‍शो	दुष्‍टता	3	not_in_SIL
सिजर	कैसरका	3	not_in_SIL
बेक्‍त	मर्‍यो	3	not_in_SIL
भोग्‍यु	पत्‍नीलाई	3	not_in_SIL
वोंइसीशा	विवाह	3	not_in_SIL
कामी	पहिलोले	3	not_in_SIL
सक्ति	शक्‍तिलाई	3	not_in_SIL
मपाइनीम	गर्दछन्	3	not_in_SIL
परमप्रभु	हुनुहुन्‍न	3	not_in_SIL
आन	चुप	3	disagree
दाक्‍चा	गर्नू	3	not_in_SIL
मपने	गर	3	not_in_SIL
दाक्‍नीम	चाहन्छन्	3	not_in_SIL
कली	भनी	3	disagree
का	समुद्र	3	disagree
नरक	पुत्र	3	not_in_SIL
चढ़ेतीके	वेदी	3	disagree
जाइबमी	खान्छ	3	not_in_SIL
जशो	खान्छ	3	not_in_SIL
ठीक	व्यवस्थाका	3	not_in_SIL
बोस	भित्रपट्टि	3	disagree
युइ	सन्तान	3	disagree
बुस्‍स	सर्पहरू	3	not_in_SIL
कोर्रामी	कोर्रा	3	not_in_SIL
हुशेमी	रगत	3	not_in_SIL
एको	यसै	3	not_in_SIL
लमेनु	जानुभयो	3	not_in_SIL
खिं	मन्दिरका	3	disagree
फुल्‍लु	ढुङ्गामाथि	3	agree
दुम्‍बा	हुनेछन्	3	not_in_SIL
जाक्‍ची	आगमन	3	not_in_SIL
ब्रशा	आउनेछन्	3	not_in_SIL
पाइनीम	हुनेछ	3	not_in_SIL
साइक्‍नीम	मार्नेछन्	3	not_in_SIL
आ	अगमवक्‍ताले	3	disagree
ग्‍येत्‍थ	पहाडहरूतिर	3	not_in_SIL
प्रोक्‍मल	लिन	3	not_in_SIL
तूब	हाय	3	not_in_SIL
हिउंदमी	हिउँदमा	3	not_in_SIL
मदुम्‍ल	नपरोस्	3	not_in_SIL
नाक्‍त	दिनहरू	3	agree
छक	झुटा	3	not_in_SIL
इन	अगाडि	3	disagree
देंतेक्‍म	भनेर	3	not_in_SIL
मसुतीन	नगर	3	not_in_SIL
तांइसीब	देखा	3	not_in_SIL
सोइक्‍ब	पठाउनुहुनेछ	3	not_in_SIL
रवा	हाँगाहरू	3	disagree
मनुप्‍थु	पुस्ता	3	not_in_SIL
मनुप्‍थु	बितेर	3	not_in_SIL
लाइनीम	जानेछ	3	not_in_SIL
यावे	पितालाई	3	not_in_SIL
जन	खाँदै	3	not_in_SIL
पुंइसीब	लगिनेछ	3	not_in_SIL
वोइक्‍चा	छोडिनेछ	3	not_in_SIL
गेना	कुन	3	disagree
जिम्‍मा	जिम्मा	3	not_in_SIL
गेब	दिनेछ	3	not_in_SIL
होव़प	नोकरले	3	disagree
मिम्‍शा	भन्दछ	3	not_in_SIL
मिनु	मालिकले	3	disagree
ग्‍युम्‍ले	दुलहालाई	3	not_in_SIL
निप्‍स	निर्बुद्धि	3	not_in_SIL
निप्‍स	बुद्धिमती	3	not_in_SIL
मजाक्‍दीप्‍ब	तेल	3	not_in_SIL
दाइश्‍शा	दिएर	3	not_in_SIL
नेनीने	भन्‍दछु	3	not_in_SIL
टलेन्‍त	सिक्‍का	3	not_in_SIL
देंमेनु	उसले	3	not_in_SIL
हजुर	मालिक	3	not_in_SIL
गेतीनी	दिनुभएको	3	not_in_SIL
मुल	हेर्नुहोस्	3	disagree
वा	पाउने	3	disagree
रोइक्‍चा	खोसिनेछ	3	not_in_SIL
पेरा	बायाँपट्टि	3	disagree
गेतीनी	दियौ	3	not_in_SIL
दाक्‍ङानु	थिएँ	3	not_in_SIL
फेक्‍चा	परदेशी	3	not_in_SIL
गेना	हामीले	3	disagree
तूतू	तिर्खाएको	3	not_in_SIL
मेकोपुकी	यिनीहरू	3	not_in_SIL
थुम्‍शा	भनिसक्‍नुभएपछि	3	not_in_SIL
जोक्‍ब	मानिसहरूका	3	not_in_SIL
क्‍येट	बहुमूल्य	3	not_in_SIL
ब्रोव़शो	सिङ्गमरमरको	3	disagree
तुइश्‍शा	जानेर	3	not_in_SIL
रां	शरीरमाथि	3	agree
तेल	गरिन्	3	disagree
येसु	इस्करियोत	3	not_in_SIL
रे	बेलादेखि	3	disagree
वारच	हातमा	3	disagree
शेंबमी	भन्‍नुहुन्छ	3	not_in_SIL
नु	चेलाहरूसँगै	3	agree
वारच	दिनेछ	3	disagree
पर्बमी	बारेमा	3	not_in_SIL
ग्‍याइक्‍चा	धोका	3	not_in_SIL
देंमेनु	भन्‍नुभयो	3	not_in_SIL
मेरे	फेरि	3	not_in_SIL
जैतून	उहाँहरू	3	not_in_SIL
खेयप	मलाई	3	not_in_SIL
सम्‍म	पल्ट	3	not_in_SIL
काथा	तपाईंसँगै	3	not_in_SIL
शेंसीब	चेलाले	3	disagree
इच्‍का	अलि	3	not_in_SIL
आइक्‍ची	पर	3	not_in_SIL
मदुम्‍ल	होइन	3	not_in_SIL
इप्‍शो	सुतिरहेको	3	not_in_SIL
इन	तपाईंकै	3	disagree
यहूदामी	ऊ	3	not_in_SIL
ग्रि	प्रहार	3	disagree
तरवार	के	3	not_in_SIL
कोक्‍के	तिमीहरू	3	disagree
पाइब	अगमवक्‍ताहरूले	3	not_in_SIL
ओव़शा	भित्र	3	not_in_SIL
मार	कस्तो	3	disagree
चढ़ेबमी	पुजारी	3	not_in_SIL
देंशो	दिइरहेका	3	not_in_SIL
मेरे	उसो	3	not_in_SIL
खाक्‍शा	च्याते	3	not_in_SIL
तोक्‍तमे	थुके	3	not_in_SIL
पत्रुस	दासी	3	not_in_SIL
मार	बारेमा	3	disagree
गाक्‍ब	देखी	3	not_in_SIL
बाक्‍ब	भएकाहरूलाई	3	not_in_SIL
नासरथ	नासरतको	3	not_in_SIL
जशा	खाँदै	3	not_in_SIL
ओंथ	उभिरहेका	3	disagree
बाक्‍ङे	हौ	3	not_in_SIL
ङाक्‍माक्‍त	धुरुधुरु	3	not_in_SIL
ङाक्‍माक्‍त	रोए	3	not_in_SIL
पामे	रचे	3	not_in_SIL
खाल्‍पा	एल्डरहरूलाई	3	not_in_SIL
रिम्‍शो	निर्दोष	3	not_in_SIL
आन	मन्दिरमा	3	disagree
रू	जमिनलाई	3	disagree
साइ	अगमवक्‍ताले	3	disagree
रू	जमिनको	3	disagree
मेकोमी	हाकिमले	3	not_in_SIL
आंमा	त्यसो	3	disagree
मुरुमी	भने	3	not_in_SIL
कली	कसलाई	3	agree
मपाइब	निर्दोष	3	not_in_SIL
नेल्‍ल	पानी	3	disagree
बारब्‍बा	छोडिदिए	3	not_in_SIL
चाक्‍दीश्‍शा	लगे	3	not_in_SIL
लल	लाल	3	disagree
थेक्‍शा	टेके	3	not_in_SIL
गे	टाँगिएका	3	disagree
मुर	भएर	3	disagree
जाक्‍शा	यसो	3	not_in_SIL
प्रोंइन	बचायो	3	not_in_SIL
रे	भनेको	3	disagree
बजे	दिउँसो	3	not_in_SIL
ग्‍युरशो	अमिलो	3	not_in_SIL
जाक्‍बा	आउँछन्	3	not_in_SIL
आगा	पर्दा	3	disagree
रे	भाग	3	disagree
सम्‍म	भएर	3	not_in_SIL
वारच	हेरचाह	3	disagree
बाक्‍मा	हेरिरहेका	3	not_in_SIL
योसेफमी	योसेफले	3	not_in_SIL
बुश	मलमलको	3	disagree
फुल्‍लुमी	ढुङ्गा	3	not_in_SIL
अर्को	अर्की	3	not_in_SIL
नोले	चेलाहरू	3	disagree
सेंसाक्‍व	हुनुभएको	3	not_in_SIL
फुल्‍लुमी	ढुङ्गामा	3	not_in_SIL
खाल	पहरेदारहरू	3	disagree
मरीयम	गरेकी	3	not_in_SIL
आ	स्वर्गदूत	3	disagree
बुबु	सेतो	3	not_in_SIL
मार	भएका	3	disagree
सम्‍म	यही	3	not_in_SIL
११	एघार	3	not_in_SIL
आन	उनीहरूकहाँ	3	disagree
मेको	पालन	3	not_in_SIL
ब्‍वाक्‍कुम	पश्‍चात्तापको	3	not_in_SIL
माले	सलहहरू	3	disagree
जुत्ता	फित्ता	3	not_in_SIL
प्रुइक्‍चा	फुकाल्न	3	not_in_SIL
ख्रुम्‍ब	बप्‍तिस्मा	3	not_in_SIL
मेना	दिनहरूमा	3	disagree
बाक्‍त	लिनुभयो	3	not_in_SIL
जाक्‍त	छ	3	not_in_SIL
नाइक्‍तीक	शबाथ-दिनमा	3	not_in_SIL
पमुया	सरोकार	3	not_in_SIL
तशा	भन्‍न	3	not_in_SIL
पाइश्‍शो	एउटा	3	not_in_SIL
लोव़	समाचार	3	disagree
लमाक्‍त	फैलियो	3	not_in_SIL
चाक्‍ग्‍मे	उहाँकहाँ	3	not_in_SIL
रोइ	रोगी	3	disagree
रां	आफैँलाई	3	disagree
मचबा	सक्‍नुभएन	3	not_in_SIL
ङोंइती	नजिक	3	disagree
क्‍याम्‍ने	क्षमा	3	not_in_SIL
तुइश्‍शा	सोचिरहेका	3	not_in_SIL
गाक्‍माक्‍त	गयो	3	not_in_SIL
लेवी	लेवी	3	not_in_SIL
जन	हुनुहुन्थ्यो	3	not_in_SIL
पापीपुकी	पापीहरू	3	not_in_SIL
डाक्‍टर	वैद्यको	3	not_in_SIL
बाला	बाला	3	not_in_SIL
बाक्‍ब	बनाइएको	3	not_in_SIL
ओव़माक्‍त	जानुभयो	3	not_in_SIL
कोव़शा	तिनीहरूतिर	3	not_in_SIL
शुश	तिनीहरूले	3	disagree
खिं	परिवारले	3	disagree
जाक्‍मा	आए	3	not_in_SIL
नेक्‍था	वरिपरि	3	not_in_SIL
लोक्‍ब	बहिनीहरू	3	not_in_SIL
शेंदा	सिकाउँदै	3	not_in_SIL
गेडा	छर्दा	3	disagree
कथा	दृष्‍टान्तको	3	not_in_SIL
शोक्‍बमी	छर्नेले	3	not_in_SIL
शोक्‍शो	छरिएका	3	not_in_SIL
नेंशा	सुन्छन्	3	not_in_SIL
शुश	समयसम्म	3	disagree
मिम्‍शा	फिक्री	3	not_in_SIL
नोफा	ध्यान	3	disagree
नेनीने	देओ	3	not_in_SIL
जाक्‍दीय्‍य	जाऔँ	3	not_in_SIL
गिवार	चल्न	3	not_in_SIL
फश	थाल्यो	3	disagree
जाक्‍दीम्‍मा	क्षेत्रमा	3	not_in_SIL
ब्रीशो	लागेको	3	not_in_SIL
कली	वशमा	3	disagree
गार	चोट	3	disagree
सेंदामी	भन्यो	3	not_in_SIL
ओव़चा	पस्‍न	3	agree
लशा	पसे	3	not_in_SIL
निश्‍शो	बसिरहेको	3	not_in_SIL
बाक्‍चा	आउन	3	not_in_SIL
मगेथु	दिनुभएन	3	not_in_SIL
रिम्‍शो	निम्ति	3	not_in_SIL
पवा	गर्नुभएका	3	not_in_SIL
याइरस	याइरस	3	not_in_SIL
थेक्‍शा	परे	3	not_in_SIL
कोव़शा	भन्‍नुभयो	3	not_in_SIL
बाक्‍त	हेर्नुभयो	3	not_in_SIL
बाप्‍शा	घोप्टो	3	not_in_SIL
शोव़ङा	बताइन्	3	not_in_SIL
बाक्‍को	जाऊ	3	not_in_SIL
रोइ	रोगबाट	3	disagree
आ	अगुवाको	3	disagree
पा	अर्थात्	3	disagree
आल	बालिका	3	disagree
आफ	बाबु	3	agree
शेंन	शिक्षा	3	not_in_SIL
झोला	न	3	not_in_SIL
नेंना	सुने	3	not_in_SIL
लोक्‍ब	भाइकी	3	not_in_SIL
साइक्‍पाइक्‍चा	मार्न	3	not_in_SIL
आल	केटीलाई	3	disagree
लोव़	शपथ	3	disagree
पुना	चाहन्छु	3	not_in_SIL
देंने	इन्कार	3	not_in_SIL
जाक्‍मा	वरिपरि	3	not_in_SIL
मबाक्‍तीके	निर्जन	3	not_in_SIL
नु	तिनीहरूसँग	3	agree
श्‍येत	गाह्रो	3	not_in_SIL
ते	जहाँ-जहाँ	3	disagree
बाक्‍त	हुन्थे	3	not_in_SIL
नित्‍तीके	बस्‍ने	3	disagree
देंशो	आज्ञालाई	3	not_in_SIL
साइक्‍चा	मारिनेछ	3	not_in_SIL
मुर	त्यस्तो	3	disagree
मुर	भित्रबाट	3	disagree
जोल	धोखा	3	disagree
बाक्‍ब	आउँछन्	3	not_in_SIL
नेंशा	सुनिन्	3	not_in_SIL
इ	तिम्री	3	disagree
मनेंब	सुन्‍न	3	not_in_SIL
लें	जिब्रो	3	agree
मशेंदीने	नभन्‍नू	3	not_in_SIL
दोपा	कहाँ	3	disagree
जशा	खाएर	3	not_in_SIL
डालो	रोटीका	3	not_in_SIL
मुलाक्‍त	यो	3	disagree
शेंसीबपुकी	उहाँहरू	3	not_in_SIL
निक्‍शीमी	अरूहरूले	3	not_in_SIL
गेपुकी	तिमीहरूचाहिँ	3	agree
सेंसीब	उठ्नेछ	3	not_in_SIL
नु	पवित्र	3	agree
छेङछेङ	महिमामा	3	disagree
जाक्‍मेनु	आउँदा	3	not_in_SIL
बाक्‍त	परे	3	not_in_SIL
पत्रुसमी	जवाफ	3	not_in_SIL
रे	उठ्नु	3	disagree
देंशो	अर्थ	3	not_in_SIL
लोव़सी	बहस	3	disagree
पुंइता	गरेँ	3	not_in_SIL
थमा	अविश्‍वासी	3	disagree
गेना	कति	3	disagree
थमा	अविश्‍वासमा	3	disagree
जाक्‍शो	आइरहेको	3	not_in_SIL
मरुप्‍मे	बुझेनन्	3	not_in_SIL
शेंसीब	बाह्र	3	disagree
नेल्‍ल	कोही	3	disagree
ब्राइब	ग्रहण	3	not_in_SIL
तेक्‍तु	ठेस	3	not_in_SIL
तेक्‍तु	लगाउँछ	3	not_in_SIL
मारदे	दुईवटा	3	disagree
निम्‍फा	लिएर	3	not_in_SIL
खिंमी	घरभित्र	3	not_in_SIL
गेमी	दिनुभयो	3	not_in_SIL
नेल्‍ल	पालन	3	disagree
लोव़	भनाइको	3	disagree
सु	कसले	3	disagree
खिं	घरहरू	3	agree
गाक्‍मानु	हुनुहुन्थ्यो	3	not_in_SIL
हिंमा	डराएका	3	not_in_SIL
ख्रुम्‍चा	बप्‍तिस्मा	3	not_in_SIL
मदुम्‍ब	हुनेछैन	3	not_in_SIL
कली	धेरैको	3	disagree
मताइबमी	मानिसले	3	not_in_SIL
मिनु	उनीहरूलाई	3	disagree
ङोंइती	अगिअगि	3	disagree
जाक्‍चशो	आउने	3	not_in_SIL
नेन्‍मे	सुने	3	not_in_SIL
ति	सम्झे	3	disagree
माफ	पापहरू	3	not_in_SIL
रे	मानिसहरूबाट	3	agree
देनीन	देओ	3	not_in_SIL
तुप्‍शा	पिटे	3	not_in_SIL
का	अझै	3	disagree
अरु	अरूहरूलाई	3	not_in_SIL
ताइश्‍शो	निर्माणकर्ताहरूले	3	not_in_SIL
दुम्‍माक्‍त	भएको	3	not_in_SIL
मकोव़थु	भेदभाव	3	not_in_SIL
देनार	सिक्‍का	3	not_in_SIL
सु	कसको	3	agree
सेंसीशा	उठ्नेछन्	3	not_in_SIL
ममाइ	हुनुहुन्‍न	3	disagree
रुप्‍तीक	सारा	3	not_in_SIL
बाक्‍माक्‍त	दिनुभयो	3	not_in_SIL
भोजमी	भोजहरूमा	3	not_in_SIL
वोंइश	विधवाहरूको	3	disagree
मुर	मानिसहरूले	3	agree
मुरुमी	मानिसहरूले	3	not_in_SIL
कली	पहिले	3	disagree
लोव़	बोल्नुपर्ने	3	disagree
मेकोपुकी	त्यो	3	not_in_SIL
नाक्‍त	दिनलाई	3	agree
सरीङमी	स्वर्गमा	3	not_in_SIL
गोस्‍सुमी	बादलमा	3	not_in_SIL
रवा	रुखबाट	3	agree
आं	त्यसकारण	3	disagree
पियामी	टाउकोमा	3	not_in_SIL
निक्‍शीमी	कोही-कोही	3	not_in_SIL
रिम्‍शो	सुन्दर	3	not_in_SIL
रागीम	सारा	3	not_in_SIL
पास्‍सा	निस्तारको	3	not_in_SIL
साचा	तयारी	3	agree
कोठा	कोठा	3	not_in_SIL
यो	जसद्वारा	3	disagree
आब्‍बा	अब्बा	3	not_in_SIL
चाप्‍नीनी	छ	3	not_in_SIL
जाक्‍शा	आउनुभयो	3	not_in_SIL
मारेइ	तिनीहरूले	3	disagree
येसु	आयो	3	not_in_SIL
चढ़ेब	पुजारीका	3	not_in_SIL
हना	उसले	3	disagree
शिश्रा	नाङ्गै	3	disagree
माल्‍मे	खोजिरहेका	3	not_in_SIL
मुरुमी	विरुद्धमा	3	not_in_SIL
ममाइ	यसले	3	disagree
नेंतक	सुन्यौँ	3	not_in_SIL
गुइमी	हातद्वारा	3	not_in_SIL
यावे	गवाहीको	3	not_in_SIL
साइक्‍चा	मृत्युको	3	not_in_SIL
खेयप	दोस्रो	3	not_in_SIL
खेयप	चोटि	3	not_in_SIL
पिलातस	पिलातसलाई	3	not_in_SIL
लाक्‍माक्‍त	परे	3	not_in_SIL
रेयके	चिच्‍च्याए	3	disagree
क्‍येप्‍शा	टाँग्‍नुहोस्	3	not_in_SIL
गेचा	गरेको	3	not_in_SIL
फेक्‍तीक	बैजनी	3	not_in_SIL
सेल्‍शा	बनाएर	3	not_in_SIL
९	तेस्रो	3	not_in_SIL
बजे	घडीमा	3	not_in_SIL
रुम्‍सीब	हुन्छ	3	not_in_SIL
पा	कि	3	disagree
सेंसीशा	उठ्नुभएपछि	3	not_in_SIL
थुम्‍शा	बोलिसक्‍नुभएपछि	3	not_in_SIL
एलीशीबा	एलीशिबा	3	not_in_SIL
ग्रूशा	परे	3	not_in_SIL
मेको	स्वर्गदूतलाई	3	not_in_SIL
ठीक	त्यसो	3	not_in_SIL
नासरथ	नासरतमा	3	not_in_SIL
दाक्‍शा	निगाह	3	not_in_SIL
ठेयब	सर्वोच्‍चका	3	disagree
मबाक्‍ब	हुनेछैन	3	not_in_SIL
दुम्‍ती	हुँ	3	not_in_SIL
रागी	देशको	3	agree
कोव़ज	गर्भमा	3	not_in_SIL
सेंदा	आवाजले	3	disagree
मरीयम	भनिन्	3	not_in_SIL
आसीक	धन्यकी	3	disagree
ताइब	हौ	3	not_in_SIL
ग्‍येरसीनुङ	आनन्दित	3	not_in_SIL
नङ	अवस्थामा	3	not_in_SIL
मेकोमी	उहाँका	3	not_in_SIL
ग्‍येरसमा	आनन्दित	3	not_in_SIL
आल	जन्मेको	3	disagree
८	आठौँ	3	not_in_SIL
तौ	बालक	3	disagree
शिशी	कृपाद्वारा	3	disagree
बेक्‍पाइक्‍ब	मृत्युको	3	not_in_SIL
आन	मानिसहरूमाथि	3	disagree
लमाक्‍त	गए	3	not_in_SIL
बाक्‍त	राखिन्	3	not_in_SIL
बाक्‍मा	बसिरहेका	3	not_in_SIL
मिनु	एक्‍कासि	3	disagree
आल	जन्म	3	disagree
दोपा	दिइएको	3	disagree
पाइब	एउटा	3	not_in_SIL
दाक्‍शो	प्रसन्‍न	3	not_in_SIL
सहर	दिनहरू	3	disagree
चढ़ेचा	बलिदान	3	disagree
बाक्‍त	ल्याइयो	3	not_in_SIL
आम	आमाबुबा	3	agree
ओंथ	क्षेत्रहरूमा	3	disagree
रिम्‍शो	राम्रा	3	not_in_SIL
जुत्ता	जुत्ताको	3	not_in_SIL
गेशा	दिँदै	3	not_in_SIL
बाक्‍त	ओर्लनुभयो	3	not_in_SIL
योसेफ	लेवी	3	not_in_SIL
मत्‍थाथीयास	मत्ताथियासका	3	not_in_SIL
ब्रीशा	भरिएर	3	not_in_SIL
इर	उच्‍च	3	disagree
इर	स्थानमा	3	disagree
नेल्‍ल	सबैमाथि	3	agree
बाक्‍त	लगेर	3	not_in_SIL
इ	तपाईंको	3	disagree
लशा	प्रवेश	3	not_in_SIL
पाइब	सेवकलाई	3	not_in_SIL
मुर	उखान	3	disagree
थमा	तर	3	disagree
हना	पर्दा	3	disagree
मीश	विधवाहरू	3	disagree
रागी	सहरको	3	disagree
छक	आश्‍चर्य	3	not_in_SIL
सोइश्‍शो	पठाइएको	3	not_in_SIL
मुरपुकीमी	समयमा	3	not_in_SIL
ङोंइती	घोप्‍टो	3	disagree
बाप्‍शा	परेर	3	not_in_SIL
आ	भनी	3	disagree
शेंबपुकी	शिक्षकहरू	3	not_in_SIL
कुरशा	बोकेर	3	not_in_SIL
येसु	कारणले	3	not_in_SIL
बोक्‍शा	उठेर	3	not_in_SIL
बोक्‍शा	उठ	3	not_in_SIL
नेल्‍ले	सबै	3	not_in_SIL
पा	भरिएर	3	disagree
प्रोंइशा	छाडेर	3	not_in_SIL
काथा	चेलाहरूसँग	3	not_in_SIL
ममाल्‍नीम	आवश्यकता	3	not_in_SIL
फरिसी	फरिसीहरूका	3	not_in_SIL
जन्‍ती	विवाह	3	not_in_SIL
जन्‍ती	भोजमा	3	not_in_SIL
यावे	गरिएको	3	not_in_SIL
शोब्‍ले	रोटीबाट	3	not_in_SIL
नाक्‍ती	दिनको	3	not_in_SIL
नाइक्‍तीक	विश्राममा	3	not_in_SIL
देंशा	थिएः	3	not_in_SIL
जाक्‍शो	बासिन्दाहरू	3	not_in_SIL
जाक्‍मा	आएका	3	not_in_SIL
मेको	शक्‍ति	3	not_in_SIL
ग्‍येरसीने	धन्य	3	not_in_SIL
के	तिमीहरूकै	3	disagree
मान	प्रशंसा	3	not_in_SIL
आन	गरेका	3	disagree
पापीपुकीमी	पापीहरूले	3	not_in_SIL
कली	गर्नेहरूलाई	3	agree
पाइनीम	दिन्छन्	3	not_in_SIL
कली	फिर्ता	3	disagree
दाक्‍तीन	गर	3	not_in_SIL
कसीङगर	कसिङ्गर	3	not_in_SIL
थुं	आफ्नो	3	disagree
नेंशा	आउँछ	3	not_in_SIL
नेल्‍ल	तुरुन्तै	3	disagree
सहरम	प्रवेश	3	not_in_SIL
शिरशो	योग्यका	3	agree
ग्रुम्‍तीक	सभाघर	3	not_in_SIL
बाक्‍त	बताइदिए	3	not_in_SIL
आस	दिएर	3	disagree
मिक्‍च	बाटो	3	not_in_SIL
लनी	गयौ	3	not_in_SIL
ताइतीनी	छ	3	not_in_SIL
फरिसी	व्यवस्थाका	3	not_in_SIL
बाक्‍त	थिएनन्	3	not_in_SIL
खोदेंशो	क्षेत्रमा	3	disagree
हिशेक	विलाप	3	not_in_SIL
यावे	बुद्धि	3	not_in_SIL
खोइल	पाउमा	3	disagree
आस	जनालाई	3	disagree
नाइश्‍शा	शान्तिसँग	3	not_in_SIL
बाक्‍माक्‍त	भनिन्थ्यो	3	not_in_SIL
जुक्‍शो	मानिसहरूजस्ता	3	not_in_SIL
जुक्‍शो	बिउ	3	not_in_SIL
जचा	सुख	3	disagree
खिं	उसले	3	disagree
नेल्‍लेम	सबैले	3	not_in_SIL
येसु	येशूकी	3	not_in_SIL
रिम्‍शा	पर्खिरहेका	3	not_in_SIL
बर्स	समयदेखि	3	disagree
सेंदा	स्वरमा	3	agree
वोइश्‍शो	राखेको	3	not_in_SIL
वोलम	दुष्‍ट	3	not_in_SIL
दुम्‍शो	त्यो	3	not_in_SIL
ग्रूशो	आए	3	not_in_SIL
बाक्‍ब	छिन्	3	not_in_SIL
सोइक्‍तीमी	पठाउनुभयो	3	not_in_SIL
झोला	थैली	3	not_in_SIL
खोइल	खुट्टाको	3	disagree
जिक्‍शा	भाँचेर	3	not_in_SIL
नु	उहाँसँग	3	agree
पर्बम	वचनहरू	3	disagree
जाक्‍मेनु	तिनीहरूसँग	3	not_in_SIL
यरूसलेमम	यरूशलेममा	3	not_in_SIL
बाक्‍त	हुनुभयो	3	not_in_SIL
बाक्‍तीके	स्वर्गतिर	3	disagree
गाउं	गाउँतिर	3	agree
खिं	ठाउँ	3	disagree
ङोंइती	प्रभु	3	disagree
थुं	तिमीहरूमा	3	disagree
बास	स्वागत	3	disagree
गेशा	गरे	3	not_in_SIL
यावे	कि	3	not_in_SIL
ना	दिन	3	disagree
छक	गरिएका	3	not_in_SIL
मब्राइब	गर्छ	3	not_in_SIL
आं	कुराहरू	3	disagree
नेल्‍ल	सुम्पिएको	3	disagree
मतुइक्‍नीम	जान्दैन	3	not_in_SIL
सास्‍त्री	यहूदी	3	not_in_SIL
इ	प्रेम	3	disagree
बाक्‍त	छोडे	3	not_in_SIL
तारी	राखेर	3	disagree
लाइश्‍शा	ल्याए	3	not_in_SIL
पाइश्‍शो	गरेकी	3	not_in_SIL
शेंशो	वचन	3	not_in_SIL
लोक्‍बमी	काममा	3	not_in_SIL
आ	आपसमा	3	disagree
जोरी	विरुद्धमा	3	not_in_SIL
लेश्‍शा	फर्की	3	not_in_SIL
सिनाक्‍त	यो	3	disagree
मुर	मानिसहरूसँगै	3	agree
बत्ती	बत्तीको	3	not_in_SIL
दे	तिमीहरू	3	disagree
लोव़	कुराका	3	agree
हजार	हजारौँ	3	not_in_SIL
लोव़	उनीहरूको	3	disagree
वोइश्‍शो	गुप्‍त	3	not_in_SIL
नोले	त्यो	3	disagree
ठेयब	शासक	3	disagree
हुकुम	अधिकारीहरूको	3	not_in_SIL
सुर्ता	चिन्तित	3	not_in_SIL
मिम्‍नीम	गर्दछन्	3	not_in_SIL
जाक्‍शा	आउँछ	3	not_in_SIL
हना	भित्री	3	disagree
मतुइक्‍थु	थाहै	3	not_in_SIL
बाक्‍नुङ	हुँ	3	not_in_SIL
मलेत्‍ताक्‍नी	पश्‍चात्ताप	3	not_in_SIL
मलेत्‍ताक्‍नी	गरेनौ	3	not_in_SIL
१८	अठार	3	not_in_SIL
गेय	हेरचाह	3	disagree
पाइबमी	गर्नेले	3	not_in_SIL
मुने	लज्‍जित	3	disagree
मचाप्‍नीम	सक्षम	3	not_in_SIL
आन	जान	3	disagree
नित्‍तीकेमी	आदरको	3	not_in_SIL
खिं	माथिल्लो	3	disagree
वारचपुकी	साथीहरू	3	not_in_SIL
कली	छिमेकीहरूलाई	3	agree
लेन्‍ने	गर्न	3	not_in_SIL
मुलाक्‍ती	मैले	3	not_in_SIL
सेल्‍ने	बनाउने	3	not_in_SIL
लाइश्‍शा	साथ	3	not_in_SIL
पाप	पश्‍चात्ताप	3	not_in_SIL
ग्‍येरसीनीम	हुनेछ	3	not_in_SIL
मोपा	त्यसै	3	disagree
इच्‍का	धेरै	3	not_in_SIL
अङस	उनले	3	disagree
दोम्‍शो	मोटो	3	not_in_SIL
जाक्‍त	आउनुभएको	3	not_in_SIL
देंमेनु	भने	3	not_in_SIL
क्‍येट	धन	3	not_in_SIL
क्‍येट	धनी	3	not_in_SIL
गेमी	तिम्रो	3	not_in_SIL
गेयी	देऊ	3	not_in_SIL
आन	प्रत्येकलाई	3	disagree
मरिम्‍शो	अधर्मी	3	not_in_SIL
पाइब	अधर्मी	3	not_in_SIL
जोल	विश्‍वासयोग्य	3	disagree
शोंप	सम्पत्तिमा	3	disagree
शोंप	सम्पत्ति	3	disagree
यावे	नजरमा	3	not_in_SIL
पाइश्‍शो	वस्‍त्र	3	not_in_SIL
बाक्‍त	पायो	3	not_in_SIL
बाक्‍नेवे	छौ	3	not_in_SIL
मेको	मेरा	3	not_in_SIL
मेकोपुकीमी	चर्को	3	not_in_SIL
थमा	तिमीहरूले	3	disagree
क्‍येङा	उहाँ	3	not_in_SIL
मार	विभिन्‍न	3	disagree
का	एकै	3	agree
मीश	विधवाले	3	disagree
आल	जवान	3	disagree
आंइ	सबै	3	disagree
बाक्‍बपुकीमी	यसो	3	not_in_SIL
नङा	हुँ	3	not_in_SIL
मेको	उसँग	3	not_in_SIL
पतीके	कारण	3	disagree
सोइक्‍नुङ	पठाउनेछु	3	not_in_SIL
देनीन	अर्थ	3	not_in_SIL
मसेंसीनीम	हुँदैन	3	not_in_SIL
परमप्रभु	परमप्रभुलाई	3	not_in_SIL
हना	उहाँकै	3	disagree
भेटी	भेटीहरू	3	not_in_SIL
काबु	अब	3	disagree
ताइनीनी	गर्नेछौ	3	not_in_SIL
सहर	सहरभित्र	3	disagree
तास्‍ला	चन्द्रमा	3	not_in_SIL
तुइक्‍नीनी	पाउनेछौ	3	not_in_SIL
नोफा	तिमीहरूलाई	3	disagree
देंशो	तिमीहरू	3	not_in_SIL
रागीम	पृथ्वी	3	not_in_SIL
हुशेमी	रगतमा	3	not_in_SIL
गोपुकी	यही	3	disagree
काथा	टेबलमा	3	not_in_SIL
सुइक्‍चा	बलियो	3	not_in_SIL
जाक्‍शो	आउने	3	not_in_SIL
एकोमी	यसले	3	not_in_SIL
लोव़	शब्दहरूमा	3	disagree
थोक्‍शा	टाँग्‍ने	3	not_in_SIL
दे	निर्णय	3	disagree
पा	जसद्वारा	3	disagree
ङा	आउँदै	3	disagree
ङाक्‍कीन	रोओ	3	not_in_SIL
शी	टाँगे	3	disagree
मुरपुकीमी	उहाँलाई	3	not_in_SIL
योव़शो	चुनिएको	3	not_in_SIL
मनवे	होइनौ	3	not_in_SIL
रे	उभिएर	3	disagree
पिलातसमी	लगे	3	not_in_SIL
पुक्‍खी	चिहानबाट	3	not_in_SIL
सेंसीचा	जीवित	3	disagree
सेंसीब	जीवित	3	not_in_SIL
बाप्‍शा	निहुरेर	3	not_in_SIL
स्‍तादीयोन	किलोमिटर	3	not_in_SIL
गेमी	तपाईं	3	not_in_SIL
आ	सम्बन्धित	3	disagree
कली	गर्नुहुने	3	disagree
ग्रूशा	तिनीहरू	3	not_in_SIL
ब्रेक्‍शो	पुस्तक	3	not_in_SIL
ङोंइती	सुरुमा	3	disagree
जाक्‍त	आउनुहुने	3	not_in_SIL
रागीमी	संसार	3	not_in_SIL
नु	स्‍वीकार	3	agree
जरमेतीके	न	3	agree
बाक्‍तक	छौँ	3	not_in_SIL
गेनायो	देखेको	3	disagree
यूहन्‍नामी	उनले	3	not_in_SIL
गोरशो	मरुभूमिमा	3	not_in_SIL
आ	निम्‍ति	3	disagree
नथानेलमी	नथानेलले	3	not_in_SIL
फिलीप	फिलिपले	3	not_in_SIL
नाक्‍ती	दिनपछि	3	not_in_SIL
दे	शुद्धिकरणको	3	disagree
भेडा	भेडाहरू	3	not_in_SIL
पशो	यो	3	not_in_SIL
तने	देख्‍न	3	not_in_SIL
आ	आमाको	3	disagree
चाप्‍नीम	सक्दैन	3	not_in_SIL
रां	शरीरबाट	3	agree
मलाक्‍कीन	नमान	3	not_in_SIL
पाता	भनेँ	3	not_in_SIL
मोसा	मोशाले	3	not_in_SIL
थमा	उहाँमा	3	disagree
पा	गरिएका	3	disagree
नेल्‍ल	होऊन्	3	disagree
लाम्‍तेक्‍म	जानुभयो	3	not_in_SIL
ग्‍युम्‍लेमी	दुलहाको	3	not_in_SIL
पाइब	बोल्दछ	3	not_in_SIL
पाइब	दिनुहुन्छ	3	not_in_SIL
आ	गरेर	3	disagree
तौ	पुत्रमा	3	disagree
ताइब	हुन्छ	3	not_in_SIL
मेना	यो	3	disagree
इ	वरदानलाई	3	disagree
ब्रोंइचा	जिउँदो	3	disagree
तूबा	पिउँछ	3	not_in_SIL
तूतू	तिर्खाउनेछैन	3	not_in_SIL
नोले	आइरहेको	3	disagree
सेल्‍नीनी	गर्छौ	3	not_in_SIL
यहूदी	यहूदीहरूबाट	3	not_in_SIL
बाली	कटनी	3	not_in_SIL
आंम	आफैँले	3	disagree
बेक्‍चा	मर्न	3	not_in_SIL
जाक्‍कीन	आउनुहोस्	3	not_in_SIL
नेल्‍लेमी	घरानाले	3	not_in_SIL
माइश्‍शो	भनिन्छ	3	not_in_SIL
तुइश्‍शा	महसुस	3	not_in_SIL
हिल्‍लो	चाहन्छौ	3	not_in_SIL
ब्राख्‍ये	चकटी	3	not_in_SIL
गाक्‍को	हिँड	3	not_in_SIL
मुरुमी	मानिस	3	not_in_SIL
गोम्‍तेक्‍म	थियो	3	not_in_SIL
पाइनुङ	गरिरहेको	3	not_in_SIL
कली	झनै	3	disagree
सेंपाइक्‍ब	जीवन	3	not_in_SIL
मपाइबा	गर्दैन	3	not_in_SIL
सजाइ	न्यायको	3	disagree
वा	थियौ	3	disagree
मोदेंशो	यसो	3	disagree
देंत	भन्‍नुभएको	3	not_in_SIL
समुन्‍द्र	समुद्रका	3	not_in_SIL
डोंगा	डुङ्गाको	3	disagree
ताम्‍तेक्‍म	देखे	3	not_in_SIL
लाक्‍चा	गर्नुहुनेछ	3	not_in_SIL
कली	तपाईंलाई	3	agree
दे	यस्तो	3	disagree
आं	पुत्रलाई	3	disagree
पिने	आउन	3	not_in_SIL
ब्‍वचा	खान	3	not_in_SIL
बाक्‍नुङ	रहन्छु	3	not_in_SIL
आं	यही	3	disagree
तुइश्‍शा	जानेका	3	not_in_SIL
ख्रुइश्‍शा	गुप्‍तमा	3	not_in_SIL
लची	समय	3	not_in_SIL
के	आएको	3	agree
चिनु	खतनाको	3	disagree
सोइक्‍ताक्‍यी	पठाउनुभयो	3	not_in_SIL
नु	तिमीहरूसँगै	3	agree
बाक्‍तीकेमी	जान्छु	3	not_in_SIL
ब्रशा	छरपष्‍ट	3	not_in_SIL
माल्‍नीनी	खोज्‍नेछौ	3	not_in_SIL
ब्‍वाक्‍कु	पानीका	3	not_in_SIL
बाक्‍तेक्‍म	गर्थे	3	not_in_SIL
मगेशो	दिइएको	3	not_in_SIL
फरिसी	फरिसीहरूकहाँ	3	not_in_SIL
मुर	५३-८	3	disagree
रे	सुरु	3	disagree
नेल्‍ल	तिनीहरू	3	disagree
मतुइक्‍नीनी	चिनेका	3	not_in_SIL
बेक्‍नीनी	मर्नेछौ	3	not_in_SIL
बाक्‍ब	गर्नु	3	not_in_SIL
नकी	हौँ	3	not_in_SIL
पाइनीमी	गर्छ	3	not_in_SIL
कली	परमेश्‍वरबाट	3	disagree
पाता	बोल्छु	3	not_in_SIL
निशा	माटो	3	not_in_SIL
मिक्‍चीमी	आँखामा	3	not_in_SIL
हना	यसले	3	disagree
मसुदेम	गरेनन्	3	not_in_SIL
ममाइ	हो	3	agree
यो	त	3	disagree
दुम्‍चा	बन्‍न	3	not_in_SIL
पशो	बोल्नुभयो	3	not_in_SIL
बाक्‍मे	हुनुहुन्छ	3	not_in_SIL
मेकोन	उही	3	not_in_SIL
देंनीनी	भन्छौ	3	not_in_SIL
भेडापुकीमी	भेडाहरूले	3	not_in_SIL
मरुप्‍शो	बुझेनन्	3	not_in_SIL
कली	खोसेर	3	disagree
गशो	पागल	3	disagree
पशो	होइनन्	3	not_in_SIL
यहूदीपुकी	यहूदीहरूले	3	not_in_SIL
सुइमी	दिनुहुने	3	not_in_SIL
गेय	कामहरूमा	3	agree
मारथा	तिनकी	3	not_in_SIL
पाइश्‍शो	अभिषेक	3	not_in_SIL
दाक्‍शो	माया	3	not_in_SIL
सक्ति	महिमाको	3	not_in_SIL
लचा	जाँदै	3	disagree
चाप्‍नीनी	सक	3	not_in_SIL
जौंले	दिदुमस	3	not_in_SIL
ग्रुम्‍थ	भेट्न	3	not_in_SIL
वा	थिएनन्	3	disagree
खाइक्‍त	हुनुभयो	3	not_in_SIL
सोइश्‍शो	पठाउनुभएको	3	not_in_SIL
बर्स	वर्षका	3	disagree
एको	त्यो	3	not_in_SIL
गोपुकी	तिमीहरू	3	disagree
चहिं	जो	3	disagree
ग्रुम्‍चा	भेट्न	3	not_in_SIL
दाक्‍नीकी	चाहन्छौँ	3	not_in_SIL
लाइब	हुने	3	not_in_SIL
पुंइसीचा	मृत्यु	3	disagree
लोव़	हामीले	3	disagree
नोले	अन्त्यसम्मै	3	disagree
सक्ति	थोक	3	not_in_SIL
काइ	कहिल्यै	3	disagree
दाक्‍मुने	एकले	3	not_in_SIL
मुर	यसैद्वारा	3	disagree
मपने	नहोस्	3	not_in_SIL
मिनु	हामीले	3	disagree
पाइनीनी	गर्नेछौ	3	not_in_SIL
वारच	सल्लाहकार	3	disagree
कली	एकलै	3	disagree
ब्रोंइनुङ	जिउँछु	3	not_in_SIL
आगामी	तिमीहरूमा	3	not_in_SIL
नेंतीनी	सुनेका	3	not_in_SIL
मचाप्‍ब	छैन	3	not_in_SIL
दाक्‍नुङ	गर्छु	3	not_in_SIL
ङा	संसारले	3	agree
राशी	हाँगाहरूलाई	3	agree
टीतीनी	पालन	3	not_in_SIL
गो	छु	3	disagree
लील	होस्	3	not_in_SIL
शेंताक्‍न्‍नी	भनेको	3	not_in_SIL
मदाक्‍बा	गर्छ	3	not_in_SIL
थमा	अर्थात्	3	disagree
बाक्‍तीक	जाँदै	3	not_in_SIL
नोले	बेरमा	3	disagree
मख्रुइक्‍थु	आलङ्कारिक	3	not_in_SIL
आन	मानिसहरूकहाँ	3	disagree
बाक्‍मल	होऊन्	3	not_in_SIL
इन	तपाईंकहाँ	3	disagree
बाक्‍मल	गरून्	3	not_in_SIL
हना	प्रेमले	3	disagree
मेको	तिनीहरूमा	3	not_in_SIL
आन	समूह	3	disagree
देंती	भनेँ	3	not_in_SIL
दुम्‍चा	हुनको	3	not_in_SIL
लाइक्‍तेक्‍म	लगे	3	not_in_SIL
पिलातस	राज्यपालको	3	not_in_SIL
जरमेशा	जन्मिएको	3	not_in_SIL
मुर	मानिसमा	3	agree
ग्रीतेक्‍म	कराए	3	not_in_SIL
कांटी	टाँग	3	disagree
कांटी	येशूलाई	3	disagree
ब्रेक्‍स	चिन्ह	3	not_in_SIL
ठेयब	महत्त्‍वपूर्ण	3	disagree
सहे	झण्डै	3	not_in_SIL
दाक्‍शो	गर्नुभएका	3	not_in_SIL
सुइक्‍तु	गरे	3	not_in_SIL
ङाक्‍न	रुँदै	3	not_in_SIL
राप्‍शा	उभिरहनुभएको	3	not_in_SIL
गुइमी	हात	3	not_in_SIL
ताइनीनी	सक	3	not_in_SIL
मिम्‍नुङ	लाग्छ	3	not_in_SIL
परमप्रभु	लेखेको	3	not_in_SIL
लाइक्‍चा	माथि	3	not_in_SIL
सोइश्‍शो	प्रेरितहरूलाई	3	not_in_SIL
ममाल्‍नीनी	होइन	3	not_in_SIL
ग्‍येत्‍थ	माथि	3	not_in_SIL
राप्‍शो	छेउमा	3	not_in_SIL
कोंइब	अगुवाइ	3	not_in_SIL
पर्बम	बारे	3	agree
दुम्‍चा	हुनु	3	not_in_SIL
माल्‍ब	साथ	3	not_in_SIL
सोइश्‍शो	प्रेरितको	3	not_in_SIL
फ्रिगीया	फ्रिगिया	3	not_in_SIL
पशो	कामहरूका	3	not_in_SIL
नेनीने	सुन्‍नुहोस्	3	not_in_SIL
हुश	रगतमा	3	agree
प्रभु	कि	3	not_in_SIL
कली	अधर्मी	3	disagree
बाक्‍ब	थिएन	3	not_in_SIL
प्रभु	परमप्रभुलाई	3	not_in_SIL
गेपुकीमी	यही	3	not_in_SIL
मिनु	भाइहरू	3	disagree
इस्राएलीपुकी	इस्राएलका	3	not_in_SIL
गे	तपाईंहरूले	3	disagree
साइक्‍तीनी	हत्या	3	not_in_SIL
मुर	व्यक्ति	3	disagree
शेंशो	घोषणा	3	not_in_SIL
सु	कुन	3	disagree
रुपीने	कि	3	not_in_SIL
नेंमी	नाउँ	3	not_in_SIL
सुइ	न	3	not_in_SIL
टिचा	गर्नु	3	disagree
आंमा	न्याय	3	disagree
गो	किनकि	3	disagree
छक	आश्‍चर्यकर्म	3	not_in_SIL
देंमा	प्रतिवेदन	3	not_in_SIL
नेंशा	सुनेपछि	3	not_in_SIL
रागी	जातिहरू	3	disagree
पिपपुकी	राजाहरू	3	not_in_SIL
ठेयब	साहससित	3	disagree
सुइक्‍ब	गर्नेहरूको	3	not_in_SIL
सोइश्‍शो	पाउमा	3	not_in_SIL
सैतान	शैतानले	3	not_in_SIL
मारदे	हृदयमा	3	disagree
नेंशा	सुन्‍नेहरू	3	not_in_SIL
लाइश्‍शा	बोकेर	3	not_in_SIL
साइश्‍शो	रगत	3	not_in_SIL
नेंमी	नाउँको	3	not_in_SIL
श्‍येत	निम्ति	3	not_in_SIL
खिं	घर-घरमा	3	agree
बारन	वृद्धि	3	not_in_SIL
लोव़	हामीलाई	3	disagree
अब्राहाम	तिनलाई	3	not_in_SIL
प्रोंइशा	गरे	3	not_in_SIL
बेक्‍म	मृत्यु	3	not_in_SIL
दुम्‍माक्‍त	बने	3	not_in_SIL
गेहे	डाह	3	not_in_SIL
याकूबमी	याकूबले	3	not_in_SIL
मोसा	तिनी	3	not_in_SIL
गे	तपाईंहरू	3	disagree
बाक्‍मेनु	बने	3	not_in_SIL
देवता	देवताहरू	3	not_in_SIL
दाक्‍शो	दृष्‍टिमा	3	not_in_SIL
पाइनीनी	गर्नुहुन्छ	3	not_in_SIL
अरेशो	पालना	3	not_in_SIL
सेंदा	सोरले	3	disagree
खेदा	सतावट	3	not_in_SIL
बाक्‍माक्‍त	गर्थ्यो	3	not_in_SIL
सामरीया	सामरियाका	3	not_in_SIL
मुरुमी	नपुंसकले	3	not_in_SIL
ठेयब	त्यस	3	disagree
दमस्‍कस	दमस्कसका	3	not_in_SIL
दिङ	भुइँमा	3	disagree
सावल	ए	3	not_in_SIL
दमस्‍कसमी	दमस्कसमा	3	not_in_SIL
कोंइतीक	दर्शनमा	3	not_in_SIL
शुश	खातिर	3	disagree
प्रभुमी	प्रभु	3	not_in_SIL
महिंथु	साहसपूर्वक	3	not_in_SIL
लिडडा	लुड्‌डा	3	not_in_SIL
योप्‍पा	योप्पा	3	not_in_SIL
बाक्‍म	होला	3	not_in_SIL
यो	सारा	3	disagree
बाक्‍चा	गर्नु	3	not_in_SIL
नेल्‍ल	सुसमाचार	3	disagree
सेल्‍तु	दिनुभयो	3	not_in_SIL
ख्रोइक्‍तीक	खतनाको	3	not_in_SIL
थमा	मानिसहरूले	3	disagree
कली	गरे	3	disagree
ङा	जङ्गली	3	disagree
चिक्‍ब	चराहरू	3	not_in_SIL
नेंता	सुने	3	not_in_SIL
सिजरिया	कैसरियाबाट	3	not_in_SIL
लोव़	वचनहरूलाई	3	disagree
यो	विरोध	3	disagree
स्‍तीफानस	स्तिफनसको	3	not_in_SIL
साइप्रस	साइप्रस	3	not_in_SIL
एन्‍टीओक	एन्टिओखियामा	3	not_in_SIL
सावल	शाऊललाई	3	not_in_SIL
एन्‍टीओकम	एन्टिओखियामा	3	not_in_SIL
शेंन	सिकाए	3	not_in_SIL
दातेमी	एक	3	not_in_SIL
तरवारमी	तरवारले	3	not_in_SIL
४	चारवटा	3	not_in_SIL
हना	अचानक	3	disagree
रे	देशबाट	3	agree
आ	ईश्‍वरको	3	disagree
ङोइश्‍शा	चढी	3	not_in_SIL
साइप्रस	साइप्रसको	3	not_in_SIL
कोंइब	जादुगर	3	not_in_SIL
हुकुम	प्रान्तीय	3	not_in_SIL
मोपा	यी	3	disagree
नोले	कुरापछि	3	agree
आस	पावल	3	disagree
मप्रोनीन	उत्साह	3	not_in_SIL
बारनाबासमी	बारनाबासले	3	not_in_SIL
रागी	यो	3	disagree
ठेयब	महत्त्वपूर्ण	3	disagree
शेंब	अगुवाहरूलाई	3	disagree
लिस्‍त्रा	लुस्‍त्रा	3	not_in_SIL
लिस्‍त्रा	लुस्‍त्रामा	3	not_in_SIL
गोपुकी	हामीकहाँ	3	agree
कली	मनलाई	3	agree
शेंशा	तपाईंहरूलाई	3	not_in_SIL
माफ	शुद्ध	3	not_in_SIL
तुइक्‍ब	गर्नुहुन्छ	3	not_in_SIL
लाक्‍चा	आश्‍चर्यकर्महरूको	3	not_in_SIL
मब्‍वचा	घाँटी	3	not_in_SIL
मजचा	मारेको	3	not_in_SIL
साइश्‍शो	अलग	3	not_in_SIL
बारनाबास	बारनाबासका	3	not_in_SIL
सिरीया	सिरिया	3	not_in_SIL
थुं	आत्मालाई	3	agree
मेको	एकसाथ	3	not_in_SIL
लमाक्‍त	गरे	3	not_in_SIL
नेल्‍लेमी	भाइहरूले	3	not_in_SIL
मिनु	पावलले	3	disagree
बाक्‍ब	मण्डलीहरूमा	3	not_in_SIL
मासीडोनीया	माकेडोनियाका	3	not_in_SIL
मुर	हामीलाई	3	disagree
जाक्‍दीत्‍तक	लाग्यौँ	3	not_in_SIL
कोंइब	घोषणा	3	not_in_SIL
कीशा	घिसार्दै	3	not_in_SIL
रेयके	भिड	3	disagree
निसाफ	न्यायाधीशहरूले	3	not_in_SIL
पा	कडा	3	disagree
मिनु	झ्यालखानाका	3	disagree
हजुर	हजुर	3	not_in_SIL
यासोन	यासोन	3	not_in_SIL
वोंइश	पुरुषहरूले	3	disagree
बाक्‍ब	दिनुहुन्छ	3	not_in_SIL
लोव़	कुरामा	3	agree
मासीडोनीया	माकेडोनियाबाट	3	not_in_SIL
पावल	पावलका	3	not_in_SIL
आकाया	अखैयाका	3	not_in_SIL
पाइब	पावललाई	3	not_in_SIL
नें	नाउँहरू	3	disagree
गे	अगि	3	disagree
जहाज	चढेर	3	not_in_SIL
आकाया	अखैया	3	not_in_SIL
थुं	ठूलो	3	disagree
रे	देखाउन	3	disagree
ग्रुंइचा	लियौ	3	not_in_SIL
सां	तीन	3	agree
पाइब	आत्माहरू	3	not_in_SIL
ङा	त्यस्तो	3	disagree
गायस	गायस	3	not_in_SIL
मरिम्‍शो	गरेका	3	not_in_SIL
सुइक्‍ब	विश्‍वासीहरूलाई	3	not_in_SIL
आन	उत्साह	3	disagree
अरीस्‍तारकस	अरिस्तार्खस	3	not_in_SIL
त्रोआस	त्रोआसमा	3	not_in_SIL
थमा	गवाही	3	disagree
काथा	मसँग	3	not_in_SIL
आन	भएकाहरूका	3	disagree
जाक्‍दीश्‍शा	लाग्यौँ	3	not_in_SIL
आ	सात	3	disagree
साइ	एक	3	disagree
ङोंइती	पुराना	3	disagree
गाक्‍ब	नगर्नू	3	not_in_SIL
लोव़	भन्छौँ	3	disagree
चढ़ेचा	शुद्ध	3	disagree
राप्‍पदा	आदेश	3	not_in_SIL
पा	भएको	3	disagree
लां	मार्गलाई	3	disagree
साइक्‍चा	मृत्युसम्मै	3	not_in_SIL
लोव़	आवाजलाई	3	disagree
दमस्‍कस	दमस्कसमा	3	not_in_SIL
मताइब	देख्‍न	3	not_in_SIL
इं	एक	3	disagree
लडाइ	सेनापति	3	not_in_SIL
लोव़	निन्दा	3	disagree
प्रभुमी	परमेश्‍वर	3	not_in_SIL
लोव़	सहमत	3	disagree
पाइब	राख्‍ने	3	not_in_SIL
का	गर्छु	3	disagree
पा	अगाडि	3	disagree
फेस्‍तस	फेस्तस	3	not_in_SIL
पर्बम	विरुद्ध	3	disagree
मुददा	इन्साफ	3	disagree
दोस	विरुद्ध	3	not_in_SIL
आ	ल्याउने	3	disagree
हजुरपुकी	मानिसहरू	3	not_in_SIL
ब्रेक्‍चा	कुराहरू	3	not_in_SIL
अग्रीप्‍पामी	अग्रिपासले	3	not_in_SIL
सरकार	अग्रिपास	3	not_in_SIL
नङ	गर्दछु	3	not_in_SIL
गाक्‍ती	गरेँ	3	not_in_SIL
ङा	कोसिस	3	agree
पा	जानेका	3	disagree
बौला	पागल	3	disagree
क्रेट	क्रेटको	3	not_in_SIL
जहाज	जहाजका	3	not_in_SIL
टापु	टापुको	3	not_in_SIL
नां	जहाजलाई	3	disagree
ओरग्‍या	गहिराइ	3	not_in_SIL
तोक्‍शा	तल	3	not_in_SIL
आंइ	उत्साहित	3	disagree
साइक्‍ब	हत्यारा	3	not_in_SIL
नेल्‍लेमी	साथ	3	not_in_SIL
जचा	थियौँ	3	disagree
कली	नाउँको	3	disagree
बाक्‍चा	रहोस्	3	not_in_SIL
अर्को	यहूदीहरू	3	not_in_SIL
यावेमी	प्रकाश	3	not_in_SIL
थुंमी	हृदयका	3	not_in_SIL
ठेयब	घमण्डी	3	disagree
यावेमी	उहाँको	3	not_in_SIL
पची	हुने	3	not_in_SIL
सजाइ	क्रोध	3	disagree
पाइब	गर्नुहुन्‍न	3	not_in_SIL
गेब	दिन्छ	3	not_in_SIL
गो	मानौँ	3	agree
नङ	हौ	3	not_in_SIL
आन	हुनेहरूका	3	disagree
ग्रांग्रा	घृणा	3	disagree
मदुम्‍नीम	हो	3	not_in_SIL
सराप	श्राप	3	not_in_SIL
लोव़	अधीनमा	3	disagree
परमप्रभु	व्यवस्था	3	not_in_SIL
बाक्‍नीम	छैन	3	not_in_SIL
चिनु	कि	3	disagree
नु	उपस्थितिमा	3	disagree
मारेइ	अस्तित्वमा	3	disagree
दुम्‍शो	समर्थ	3	not_in_SIL
मपथु	बरु	3	not_in_SIL
बाक्‍यानु	हुँदा	3	not_in_SIL
बेक्‍त	मर्नुभयो	3	not_in_SIL
शुश	आफ्नो	3	disagree
ख्रीस्‍तम	ख्रीष्‍टद्वारा	3	not_in_SIL
खोदेंशो	प्रतिरूप	3	disagree
गेशो	आउने	3	not_in_SIL
देंचा	भनौँ	3	not_in_SIL
मो	यस्तो	3	disagree
ख्रीस्‍त	ख्रीष्‍टसँग	3	not_in_SIL
गेनायो	उहाँ	3	disagree
ग्रांग्रा	अशुद्धता	3	disagree
ग्‍युंबे	विवाहित	3	not_in_SIL
येसु	तिमीहरू	3	not_in_SIL
नु	अर्थात्	3	agree
मरिम्‍शो	पापमय	3	not_in_SIL
मदाक्‍शो	त्यही	3	not_in_SIL
अर्को	फरक	3	not_in_SIL
थुं	गर्छु	3	disagree
थुंमी	मानसिकता	3	not_in_SIL
थुंमी	शरीरमा	3	not_in_SIL
मेको	शरीरलाई	3	not_in_SIL
फाल्‍शा	धैर्यसाथ	3	not_in_SIL
पुंइचा	प्रार्थना	3	disagree
नेल्‍ल	खोजी	3	disagree
रे	अलग	3	disagree
कली	अधिकार	3	disagree
शिशी	दयाका	3	agree
खोदेंशो	थिए	3	disagree
फुल्‍लुमी	लाग्‍ने	3	not_in_SIL
लोव़	सुन्‍न	3	disagree
मोपा	यसको	3	disagree
माल्‍शा	खोजी	3	not_in_SIL
तन्‍न	अब	3	disagree
राशी	कलमी	3	disagree
पा	अन्जान	3	disagree
गेशो	वरदानहरू	3	not_in_SIL
गेनायो	अपरिवर्तनशील	3	disagree
थुं	मनलाई	3	disagree
मारेइ	निम्ति	3	disagree
खोदेंशो	बलिको	3	disagree
ठीक	सिद्ध	3	not_in_SIL
पुंइसाक्‍वे	वरदान	3	not_in_SIL
पावो	गरोस्	3	not_in_SIL
श्‍येत	दुःखमा	3	not_in_SIL
ङा	मनका	3	disagree
परमप्रभु	प्रेममा	3	not_in_SIL
छिङछिङ	अन्धकारका	3	disagree
तेल्‍लेम	अनैतिकता	3	disagree
दुम्‍शा	धारण	3	not_in_SIL
चहिं	अर्कोले	3	disagree
श्‍ये	प्रभुकै	3	not_in_SIL
मारदे	यही	3	disagree
दुम्‍त	हुनुभयो	3	not_in_SIL
थुं	चोट	3	disagree
दुशा	शान्ति	3	not_in_SIL
पाइतीनी	गर्ने	3	not_in_SIL
पने	छन्	3	not_in_SIL
बाक्‍ब	राख	3	not_in_SIL
दाक्‍शो	खुसी	3	not_in_SIL
कुम्‍सो	गाउनेछु	3	not_in_SIL
ग्‍येरसीन	आनन्द	3	not_in_SIL
थुं	शान्तिले	3	disagree
ङोंइती	कुराहरूमा	3	disagree
नु	सबैसँग	3	agree
शुश	कडा	3	disagree
बाक्‍कीन	देओ	3	not_in_SIL
गेनन्‍नी	गर्छु	3	not_in_SIL
बाक्‍कीन	गरेका	3	not_in_SIL
सहर	मण्डलीलाई	3	disagree
शुश	ज्ञानमा	3	disagree
रिम्‍शो	धन्यवाद	3	not_in_SIL
खोदेंशो	मानवीय	3	disagree
ख्रीस्‍त	क्रुसको	3	not_in_SIL
मूर्ख	मूर्खता	3	not_in_SIL
नमी	कहाँ	3	not_in_SIL
दाइल	लाग्‍ने	3	not_in_SIL
गेब	बन्‍नुभयो	3	not_in_SIL
हीरा	पत्थर	3	disagree
मीम	प्रकट	3	not_in_SIL
मीम	आगोद्वारा	3	not_in_SIL
पाइतक	गर्‍यौँ	3	not_in_SIL
ठेयब	फरक	3	disagree
पाइतीनी	छौ	3	not_in_SIL
दुम्‍तक	छौँ	3	not_in_SIL
मचाप्‍ब	दुर्बल	3	not_in_SIL
ग्रांग्रा	घिनलाग्दा	3	disagree
ब्रेक्‍ताक्‍ङ	लेख्छु	3	not_in_SIL
सोइक्‍ताक्‍ङ	पठाएँ	3	not_in_SIL
ठेयब	अहङ्कारी	3	disagree
खोदेंशो	भएजस्तै	3	agree
थुं	साथ	3	disagree
थोव़क	खाना	3	disagree
इं	उहाँसँग	3	disagree
रांमी	शरीरमा	3	not_in_SIL
वोंइश	पुरुषको	3	disagree
यो	अनैतिक	3	disagree
मप्रोनल	सम्बन्ध	3	not_in_SIL
बाक्‍चा	सन्तुष्‍ट	3	not_in_SIL
मख्रोंइ‍सीशो	खतना	3	not_in_SIL
मपने	नगरोस्	3	not_in_SIL
श्‍येत	आउन	3	not_in_SIL
पा	व्यवहार	3	disagree
चिक्‍शो	अन्त्य	3	not_in_SIL
पचा	पार्ने	3	disagree
ग्‍येरपाइक्‍चा	प्रसन्‍न	3	not_in_SIL
मरिम्‍शो	व्यवहार	3	not_in_SIL
ग्‍येरशा	परमेश्‍वरको	3	not_in_SIL
नु	परमेश्‍वर	3	agree
मिम्‍शा	भएको	3	not_in_SIL
मजोक्‍ब	कमजोर	3	not_in_SIL
पुंइसाक्‍व	मर्नुभयो	3	not_in_SIL
आ	कामको	3	disagree
दे	गर्नुहुन्छ	3	disagree
दुम्‍मल	जित्‍नको	3	not_in_SIL
ङोंइती	एक	3	disagree
यावे	प्रसन्‍न	3	not_in_SIL
मदुमीन	नहोओ	3	not_in_SIL
फाल्‍ने	सहन	3	not_in_SIL
बारपाइक्‍ब	प्रदान	3	not_in_SIL
पाइनुङ	बोल्दछु	3	not_in_SIL
बाक्‍य	हौँ	3	not_in_SIL
ठीक	न्यायसङ्गत	3	not_in_SIL
मारेइ	कुरामा	3	disagree
दारस	गौरव	3	not_in_SIL
वोंइश	पुरुषबाट	3	disagree
बाक्‍नीनी	हुन्छ	3	not_in_SIL
ग्रुम्‍तीक	मण्डलीलाई	3	not_in_SIL
मिनु	त्यसरी	3	disagree
नाक्‍शा	जाँच	3	not_in_SIL
सुइक्‍चा	कि	3	not_in_SIL
परमप्रभु	अगमवाणीको	3	not_in_SIL
वाइलीम	स्वतन्‍त्र	3	disagree
कांइचीक	अङ्गले	3	disagree
आइक्‍च	कमजोर	3	not_in_SIL
नोले	तेस्रो	3	disagree
आ	अन्य	3	disagree
मिम्‍ताक्‍ङ	गरेँ	3	not_in_SIL
मेकोमी	व्यक्‍तिले	3	not_in_SIL
बाक्‍कीने	बन	3	not_in_SIL
देय	जाँच	3	disagree
पुंइसाक्‍व	पारिनुभयो	3	not_in_SIL
सेंचा	पुनरुत्थान	3	disagree
गुइम	अधीनमा	3	not_in_SIL
बेक्‍चा	हाम्रा	3	not_in_SIL
खाल	शरीर	3	disagree
तास्‍ला	चन्द्रमाको	3	not_in_SIL
सोरुल	ताराको	3	agree
लाइब	भएर	3	not_in_SIL
बेक्‍चा	प्राकृतिक	3	not_in_SIL
सेल्‍शो	बनेको	3	not_in_SIL
ङोंइती	र	3	disagree
लमे	छ	3	not_in_SIL
यो	शक्‍ति	3	disagree
मुम्‍मुशा	चुम्बनले	3	not_in_SIL
थमा	विश्‍वासीहरूलाई	3	disagree
सेल्‍नीकी	होस्	3	not_in_SIL
नेंमी	ख्रीष्‍टद्वारा	3	not_in_SIL
नाइक्‍पाइक्‍चा	सहभागी	3	not_in_SIL
मोदेंशो	त्यस्तो	3	agree
ख्रीस्‍तमी	ख्रीष्‍टमा	3	not_in_SIL
श्‍येत	दुःखित	3	not_in_SIL
मरिम्‍शो	उसले	3	not_in_SIL
ब्रोव़शो	मिठो	3	disagree
रिना	सुबास्‍ना	3	disagree
बाक्‍नीकी	हौँ	3	not_in_SIL
मेकोमी	परमेश्‍वरले	3	not_in_SIL
सेल्‍शा	बनाउनुभएको	3	not_in_SIL
गिल्‍शो	घुम्टो	3	not_in_SIL
प्रभु	परमप्रभुबाट	3	not_in_SIL
जाम्‍शा	विनाश	3	not_in_SIL
तशो	देखिने	3	not_in_SIL
लोव़	गर्व	3	disagree
गारपाइक्‍तु	ल्याउनुभयो	3	not_in_SIL
आ	लेखा	3	disagree
देंनीकी	गर्दछौँ	3	not_in_SIL
चोक्‍चा	कैदी	3	not_in_SIL
शिशी	दयामा	3	agree
पा	सट्टामा	3	disagree
बाक्‍नुङ	गर्नेछु	3	not_in_SIL
दुम्‍नुङ	हुनेछु	3	not_in_SIL
रां	अशुद्ध	3	disagree
यो	फाइदा	3	disagree
तीतस	तीतसको	3	not_in_SIL
ङोंइती	सुरु	3	disagree
मोपा	हामीले	3	disagree
शेंचा	आवश्यक	3	disagree
दे	भाइहरूलाई	3	disagree
शुश	किसिमले	3	disagree
गेय	सेवाको	3	disagree
बोल्‍यो	शक्‍तिशाली	3	not_in_SIL
दुम्‍खु	भेस	3	not_in_SIL
गाक्‍चा	खतरामा	3	not_in_SIL
गाक्‍ङा	खतरामा	3	not_in_SIL
मचाप्‍ब	दुर्बलतामा	3	not_in_SIL
दिचा	कामवासनाको	3	not_in_SIL
आं	अन्तमा	3	disagree
रागीम	भएका	3	not_in_SIL
थमा	अरू	3	disagree
पतीके	व्यवस्थाद्वारा	3	disagree
परमप्रभु	शरीरमा	3	not_in_SIL
साइक्‍चा	दिनुभयो	3	not_in_SIL
पतीक	अनुसारका	3	not_in_SIL
मुरपुकी	यसै	3	not_in_SIL
येसु	येशूद्वारा	3	not_in_SIL
नेंमी	येशूमा	3	not_in_SIL
पशो	कुराहरूलाई	3	not_in_SIL
रुम्‍सीब	हो	3	not_in_SIL
आल	जन्माउने	3	disagree
नु	गरिएका	3	agree
मूर्ति	मूर्तिपूजा	3	not_in_SIL
अरु	अर्काको	3	not_in_SIL
स्‍वर्गम	स्थानहरूमा	3	not_in_SIL
योव़तु	चुन्‍नुभयो	3	not_in_SIL
दाक्‍ताक्‍व	गर्नुभयो	3	not_in_SIL
ठेयब	प्रशंसाको	3	disagree
सक्तिम	शक्तिको	3	not_in_SIL
सेल्‍तु	बनाउनुभयो	3	not_in_SIL
लोव़	सेवक	3	disagree
कली	आग्रह	3	disagree
बारन	होस्	3	not_in_SIL
नेंमी	उत्साह	3	not_in_SIL
आ	यस्तो	3	disagree
इ	तिमीमा	3	disagree
आलपुकी	छोराछोरीहरू	3	not_in_SIL
आफपुकी	बुबाहरू	3	not_in_SIL
गेपुकीमी	सारा	3	not_in_SIL
पाप	मुक्तिको	3	not_in_SIL
सोइक्‍ताक्‍ङ	पठाएको	3	not_in_SIL
कोव़ब	बिशप	3	not_in_SIL
पतीके	गरेको	3	disagree
आगाम	पृथ्वीमुनि	3	not_in_SIL
जाक्‍नुङ	छु	3	not_in_SIL
ममाइ	नभएर	3	disagree
आन	गर्नेहरूदेखि	3	disagree
इन	सहनशीलता	3	disagree
हुशेमी	रगतद्वारा	3	not_in_SIL
नु	आत्मामा	3	disagree
हना	तिमीहरूका	3	disagree
वोंइश	पतिहरूका	3	disagree
वाइल	सङ्गी	3	disagree
शुश	सक्दो	3	disagree
श्‍येत	यसैको	3	not_in_SIL
ब्रेक्‍चा	लेख्‍न	3	not_in_SIL
कली	जिउन	3	disagree
यो	आउनुहुनेछ	3	disagree
आ	आगमनको	3	disagree
नाक्‍त	दिनका	3	agree
गेय	स्वर्गदूतहरूका	3	disagree
आंइ	अब	3	disagree
गे	विश्‍वासमा	3	disagree
थुं	हृदयलाई	3	disagree
मिम्‍तीके	विवेक	3	not_in_SIL
दाक्‍तीके	अनुग्रह	3	disagree
थमा	भरोसायोग्य	3	disagree
माल्‍ब	समझदार	3	not_in_SIL
रिम्‍शो	सक्‍ने	3	not_in_SIL
ङा	राम्रोसँग	3	agree
रागीमी	शरीरमा	3	not_in_SIL
ठिटी	जवान	3	not_in_SIL
नेल्‍ल	राज्‍य	3	disagree
मदुमीन	भन	3	not_in_SIL
सु	कसैले	3	disagree
शोर	मूल्यहीन	3	not_in_SIL
फल	निष्फल	3	not_in_SIL
शुश	आनन्द	3	disagree
मेकोमी	जसको	3	not_in_SIL
जेल्‍खानम	कारागारमा	3	not_in_SIL
छेङछेङ	चमक	3	disagree
पाइब	मुकुट	3	not_in_SIL
पाप	समर्पण	3	not_in_SIL
मदुमीन	नपार	3	not_in_SIL
७	सातौँ	3	not_in_SIL
मेकोमी	यसले	3	not_in_SIL
चढ़ेचा	बलि	3	disagree
गेना	सधैँका	3	disagree
लोव़	प्रतिज्ञा	3	disagree
कसम	शपथविना	3	not_in_SIL
चाप्‍ब	हुनुहुन्छ	3	not_in_SIL
थुम्‍तु	गर्नुभयो	3	not_in_SIL
भेटी	बलिदानहरू	3	not_in_SIL
सेल्‍चा	थोकहरू	3	not_in_SIL
माल्‍बा	हुने	3	not_in_SIL
हिंचा	डरलाग्दो	3	disagree
यो	विश्‍वासद्वारा	3	disagree
चाप्‍ब	सक्‍नुहुने	3	not_in_SIL
साइक्‍चा	दुःख	3	not_in_SIL
श्‍ये	शरीरलाई	3	not_in_SIL
शेंने	वशमा	3	not_in_SIL
कशो	तितो	3	disagree
कली	गर्नुहुन्छ	3	disagree
गेय	शक्‍तिशाली	3	disagree
पाप	मुक्ति	3	not_in_SIL
येसु	जस्तो	3	not_in_SIL
फुल्‍लुमी	ठक्‍कर	3	not_in_SIL
अधिकार	अधिकारलाई	3	not_in_SIL
पशा	गरेर	3	not_in_SIL
बाक्‍ब	गर	3	not_in_SIL
सुक्‍कुर	बिहानको	3	not_in_SIL
क्‍येङा	घोर	3	not_in_SIL
खुइ	चोरजस्तै	3	agree
दूली	विरोधी	3	disagree
मदाक्‍बा	गर्दैन	3	not_in_SIL
शेंब	एल्डर	3	disagree
नित्‍तीके	सिंहासनका	3	disagree
ङोंइती	पुजारीहरू	3	disagree
आल्‍फा	अल्फा	3	not_in_SIL
ओमेगा	ओमेगा	3	not_in_SIL
ब्रेक्‍तो	लेख	3	not_in_SIL
बुश	सेता	3	disagree
खोला	पानीको	3	not_in_SIL
नेंने	जसको	3	not_in_SIL
चोक्‍ने	बन्द	3	not_in_SIL
वाक्‍श	इन्द्रेणी	3	not_in_SIL
जन्‍तु	प्राणीमध्ये	3	not_in_SIL
बाक्‍तेक्‍मे	थिए	3	not_in_SIL
निप्‍ब	हुनुहुने	3	not_in_SIL
मेकोमी	स्वर्गदूतले	3	not_in_SIL
खाल्‍पा	एल्डरहरूका	3	not_in_SIL
राप्‍शो	उभिरहेको	3	not_in_SIL
सेस	परेर	3	disagree
ताक्‍तु	दिइयो	3	not_in_SIL
मी	एक-तिहाइ	3	disagree
सां	भागमा	3	disagree
पुं	अतल	3	disagree
ग्रूशो	आइरहेको	3	not_in_SIL
सेंदामी	आवाजले	3	not_in_SIL
शारा	घोडाहरू	3	agree
ओटा	गर्जनले	3	not_in_SIL
सेल्‍ब	थोक	3	not_in_SIL
जन्‍तु	पशुले	3	not_in_SIL
हिक्‍तीक	सङ्ख्या	3	not_in_SIL
जन्‍तु	त्यो	3	not_in_SIL
हजार	१	3	not_in_SIL
दुम्‍त	छ	3	not_in_SIL
चहिं	अस्तित्वमा	3	disagree
जेल्‍खान	वासस्थान	3	not_in_SIL
श्‍येत	थिई	3	not_in_SIL
तशा	रुने	3	not_in_SIL
घन्‍टा	एकै	3	not_in_SIL
ग्‍याप्‍ब	तेरा	3	not_in_SIL
मनेंसीब	कहिल्‍यै	3	not_in_SIL
हुम्‍चा	फालियो	3	not_in_SIL
उत्तरम	तिनवटा	3	not_in_SIL
किताबमी	पुस्तकको	3	not_in_SIL
