suz_word	npi_word	frequency
।	।	7911
,	,	2980
।	,	1820
“	“	1626
नु	र	1112
”	।	1056
।	”	1054
,	र	1035
?	?	765
।	र	537
गो	म	506
यो	पनि	386
हना	भने	375
तन्‍न	तर	345
मिनु	र	336
आं	मेरो	325
परमप्रभु	परमेश्‍वरको	316
येसु	येशू	311
थमा	विश्‍वास	288
कली	निम्ति	287
आं	मलाई	282
इन	तिमीहरूलाई	279
मारदे	किनकि	278
मिनु	जब	257
येसुमी	भन्‍नुभयो	249
येसुमी	येशूले	244
‘	‘	241
देंमाक्‍त	”	219
गो	मैले	216
आं	मेरा	211
प्रभु	प्रभु	208
मिनु	येशूले	206
मिनु	तिनीहरूले	192
मेको	त्यो	192
”	”	192
आ	उहाँको	189
इन	तिमीहरूका	189
मार	के	189
“	,	186
दे	भनी	185
ङा	र	185
बाक्‍त	थिए	184
कली	,	183
देंत	”	182
मिनु	तर	179
ख्रीस्‍त	ख्रीष्‍ट	173
मिनु	त्यसपछि	173
बाक्‍ब	हो	172
बाक्‍त	गरे	171
’	’	171
नेल्‍ल	सबै	171
मिनु	उहाँले	171
मिनु	अनि	169
यावेमी	परमेश्‍वरले	168
शुश	धेरै	168
बाक्‍त	थियो	167
बाक्‍ब	छ	166
आ	आफ्नो	162
रिम्‍शो	असल	160
मेको	यो	158
आ	उहाँका	158
।	;	145
आं	म	141
कली	भन्‍नुभयो	141
इं	हाम्रा	139
गे	तिमीहरू	139
मारदे	किनभने	134
मिनु	तब	131
बाक्‍ब	हुनुहुन्छ	130
कली	भने	129
येसु	उहाँलाई	129
तौ	छोरा	129
कली	लागि	122
ख्रीस्‍त	ख्रीष्‍टको	119
आन	तिनीहरूका	116
गो	हामी	116
लोव़	वचन	114
,	कि	114
आन	तिनीहरूलाई	112
मेको	तिनीहरूलाई	110
यावे	परमेश्‍वरको	107
“	जवाफ	107
बाक्‍त	।	105
ला	मात्र	104
इन	तिमीहरूको	104
इ	तिम्रो	104
लोक्‍बपुकी	हो	100
।	!	97
येसु	येशूलाई	97
मेकोपुकीमी	तिनीहरूले	93
लोव़	कुरा	93
आफ	पिता	93
दे	भनेर	92
ममाइ	होइन	91
आ	पवित्र	90
दे	भन्‍ने	90
एको	यो	90
लोक्‍बपुकी	भाइहरू	89
तौ	पुत्र	87
बाक्‍माक्‍त	थिए	87
पर्बम	बारेमा	86
गे	तिमी	86
आं	मैले	85
गेपुकी	तिमीहरू	84
“	भने	83
,	हो	83
मुर	मानिस	83
सुमी	जसले	83
,	;	83
आ	आफ्ना	82
,	वा	81
एको	यी	80
परमप्रभु	परमेश्‍वर	79
येसुमी	दिनुभयो	79
परमप्रभु	परमेश्‍वरलाई	79
मेको	यी	79
येसु	येशूको	78
लेंशा	फेरि	78
,	भने	77
यावे	परमेश्‍वरका	77
“	उहाँलाई	76
येसुमी	उहाँले	76
गेय	काम	76
मेको	ती	75
नङ	हुँ	75
प्रार्थना	प्रार्थना	74
का	एक	74
यावे	पवित्र	73
,	तिनीहरूले	73
लोव़	कुराहरू	73
मारदे	किन	73
गे	तिमीहरूले	73
मेको	त्यस	72
येसु	उहाँको	71
येसु	उहाँ	71
ठेयब	मुख्य	70
परमप्रभु	तर	70
पत्रुस	पत्रुस	70
नोफा	म	70
निक्‍शी	दुई	69
देंशा	,	69
दे	कि	69
पाप	पाप	69
।	छु	69
“	भन्‍नुभयो	68
इ	तिमीलाई	68
मिनु	तिनीहरू	67
इन	तिमीहरूले	67
मेको	तिनीहरू	67
परमप्रभु	किनकि	66
मिनु	त्यसैले	66
बाक्‍माक्‍त	थियो	65
नें	नाउँ	65
मेको	तिनीहरूले	65
शोब्‍ले	रोटी	65
पा	र	65
कली	प्रेम	65
इन	तपाईंको	65
ठेयब	महान्	64
दे	”	64
मेको	त्यसलाई	64
येसुमी	जवाफ	63
इं	हामीलाई	63
मिनु	,	63
रागीम	मानिसका	62
गुइ	हात	61
परमप्रभु	परमेश्‍वरका	60
ठेयब	ठुलो	60
दोपा	कसरी	60
देंमेनु	”	60
गोपुकी	हामी	60
बेक्‍शो	जीवित	59
ठीक	धर्मी	59
मिनु	उनले	58
दाइश्‍शा	तिमीहरूलाई	58
इन	तिमीहरू	58
हना	भए	58
निसाफ	न्याय	58
परमप्रभु	,	58
नाक्‍त	दिन	57
गे	तपाईं	57
पर्बम	निम्ति	57
पत्रुसमी	पत्रुसले	57
आन	आफ्नो	56
मेको	उहाँ	56
बाक्‍तेक्‍म	थिए	55
मेकोमी	त्यसले	55
ङोंइती	पहिलो	55
मुल	अहिले	55
,	त्यो	54
नक	नयाँ	54
”	?	54
शिशी	अनुग्रह	54
का	एउटा	53
मेको	उहाँलाई	53
बाक्‍त	दिए	53
सिमोन	सिमोन	53
इन	आफ्नो	53
पावल	पावल	53
“	यसो	52
तशा	देखे	52
राज्‍य	राज्य	52
सुइमी	कसैले	52
,	निम्ति	52
,	उहाँ	51
।	?	51
आंइ	हामीलाई	51
,	म	51
ठेयब	प्रधान	51
ख्रीस्‍त	ख्रीष्‍टमा	51
बाक्‍त	भए	50
,	तिनीहरू	50
”	भनी	50
ब्रेक्‍शो	लेखिएको	50
नु	वा	50
रां	शरीर	50
गेपुकीमी	तिमीहरूले	50
आ	त्यसको	50
।	गर	49
दाक्‍शो	प्रिय	49
सोक्‍त	आत्मा	49
गो	मेरो	49
जना	जना	48
सां	तिन	48
मुर	एक	47
मेको	र	47
ङोंइती	अगाडि	46
पिप	राजा	46
”	छन्	46
।	’	46
आंइ	हाम्रा	46
यावे	परमेश्‍वर	46
मेकोमी	उहाँले	45
कली	यसो	45
ङोंइती	पहिले	45
मारेइ	केही	45
आन	मानिसहरूलाई	45
मोपतीके	त्यसैले	45
सु	को	45
इं	हाम्रो	45
।	छ	45
नु	,	45
मेकोपुकी	तिनीहरू	44
कली	उहाँलाई	44
कली	विरुद्धमा	44
गेपुकी	तिमीहरूले	44
मुर	मानिसलाई	44
मुल	अब	44
आ	तिनको	43
मिनु	उहाँलाई	43
बाक्‍ब	हुन्	43
शुश	ठुलो	43
मिनु	उहाँ	43
दाइश्‍शा	साँचो	43
का	एउटै	43
पने	गर	43
।	होस्	43
बाक्‍नीम	छन्	43
मेकेर	त्यहाँ	43
आ	परमेश्‍वरको	42
कली	मानिसलाई	42
”	!	42
।	छन्	42
बाक्‍ब	छन्	42
गेना	अनन्त	42
पावलमी	पावलले	42
बाक्‍त	हो	41
।	ताकि	41
नोले	पछि	41
गे	तिमीले	41
मेकोमी	उसले	41
आफोमी	पिताले	41
आन	तिनीहरूको	41
अरेशो	व्यवस्था	41
नेंमी	नाउँमा	41
खिं	घर	41
,	छ	41
ब्‍वाक्‍कु	पानी	41
७	सातवटा	41
आंइ	हाम्रो	41
बाक्‍ब	हुन्छ	40
नेंशा	सुने	40
मरिम्‍शो	दुष्‍ट	40
मार	जे	40
मुर	मानिसहरू	40
थमा	सत्य	40
मिनु	त्यहाँ	40
तन्‍न	,	40
मिनु	त्यो	39
यरूसलेम	यरूशलेम	39
गेय	सेवा	39
गो	हामीले	39
परमप्रभु	जसले	39
लोक्‍ब	भाइ	39
दोस	दोष	39
आन	आफ्ना	38
येसुमी	तिनीहरूलाई	38
आन	तिनीहरू	38
आफ	पिताको	38
मोपतीके	त्यसकारण	38
नोफा	साँच्‍चै	38
शेंसीब	चेलाहरूलाई	38
आ	उसको	38
आ	उनको	38
मान	आदर	38
चढ़ेब	पुजारीहरू	38
पावल	पावललाई	38
मुर	मानिसहरूलाई	37
गोपुकीमी	हामीले	37
,	उहाँले	37
मिक्‍च	आँखा	37
गेय	कामहरू	37
शेंसीबपुकीमी	चेलाहरूले	37
हना	,	37
रागी	संसारको	37
बाक्‍मा	थिए	37
यहूदी	यहूदी	37
थि‍माक्‍त	पिता	36
‘	“	36
यूहन्‍ना	यूहन्‍ना	36
मरिम्‍शो	पाप	36
गेनायो	कहिल्यै	36
रे	बाहिर	36
नेनीने	भन्दछु	36
इन	तिम्रो	36
ङोंइती	अगि	36
मोदेंशो	यी	36
चहिं	तर	36
१२	बाह्र	36
मीश	स्‍त्री	36
अर्को	अर्को	36
कली	त्यसलाई	36
इ	तिमीले	36
थमा	विश्‍वासको	36
प्रभु	प्रभुको	36
ताता	देखेँ	36
चढ़ेब	पुजारी	35
बाक्‍त	गए	35
“	भन्यो	35
आ	उहाँ	35
लोव़	प्रचार	35
ठेयब	प्रशंसा	35
पचा	गर्न	35
,	गर्दा	35
तिरो	कर	35
खोदेंशो	जस्तै	35
का	केही	35
अधिकार	अधिकार	35
येसुमी	येशू	35
मेको	उसले	35
ग्रांग्रा	अशुद्ध	35
पिलातसमी	पिलातसले	35
यावेमी	उहाँले	34
ग्‍येरपाइक्‍ब	सुसमाचार	34
शिशी	दया	34
सहर	सहर	34
ग्‍युरा	दाहिने	34
,	केही	34
श्‍येत	दुःख	34
ङोंइती	सामु	34
यो	तापनि	34
आंम	आफ्नो	34
मारेइ	कुनै	34
ख्रोइक्‍तीक	खतना	34
यहूदीपुकीमी	यहूदीहरूले	34
ते	कहाँ	33
ख्रुम्‍शा	बप्‍तिस्मा	33
दे	निम्ति	33
बाक्‍त	भयो	33
का	जना	33
इन	तपाईंका	33
,	उसले	33
७	सात	33
,	एउटा	33
आंम	आफ्नै	33
ख्रीस्‍त	ख्रीष्‍टका	33
परमप्रभु	परमेश्‍वरमा	33
परमप्रभु	परमेश्‍वरले	33
मेको	तर	32
इन	म	32
याकूब	याकूब	32
ठीक	धार्मिकताको	32
दाक्‍शो	इच्छा	32
माफ	क्षमा	32
मरिम्‍शो	खराब	32
दे	ताकि	32
नाक्‍त	दिनमा	32
मारेइ	सबै	32
मिनु	अब	32
प्रभु	प्रभुमा	32
थमा	पुरा	31
बाक्‍त	आए	31
स्‍वर्ग	स्वर्गको	31
गे	तपाईंले	31
मोपतीके	यसकारण	31
जरमेशो	पुत्र	31
बाक्‍नीनी	धन्यवाद	31
पाप	पापको	31
बाक्‍त	गर्नुभयो	31
सोक्‍तीमी	आत्माले	31
येसु	येशूमा	31
यूहन्‍नामी	यूहन्‍नाले	30
गुइमी	हातमा	30
छेङछेङ	ज्योति	30
राज्‍य	राज्यको	30
आन	मानिसहरूका	30
बाक्‍त	ल्याए	30
इ	तिम्रा	30
जाक्‍शा	आए	30
ए	“	30
कली	मेरो	30
इन	तपाईंलाई	30
सक्ति	शक्‍ति	30
ठेयब	महिमा	30
आ	उहाँले	30
‘	,	30
रिम्‍शो	अभिवादन	30
मुर	मानिसहरूका	29
खिं	घरमा	29
ठीक	धार्मिकता	29
क्‍येङा	भन्दा	29
ग्‍युंबे	विवाह	29
पने	गर्न	29
परमप्रभु	नै	29
खिंमी	घरमा	29
बाक्‍त	थिएन	29
,	गर्नुभयो	29
मरीयम	मरियम	29
मेको	त्यसको	29
परमप्रभु	यो	29
गे	,	29
पर्बम	विषयमा	29
बाक्‍नीम	हुन्	29
ङा	त	29
लोव़	वचनहरू	29
मिनु	ती	28
गे	पश्‍चात्ताप	28
आ	जसको	28
रोइ	बिरामी	28
सुमी	कसैले	28
,	भन्‍ने	28
इन	कि	28
।	भने	28
हुश	रगत	28
एको	यस	28
मेको	त्यसले	28
मिनु	त्यसकारण	28
स्‍वर्ग	स्वर्गबाट	28
नाक्‍ती	दिनमा	28
आन	कि	28
परमप्रभु	कि	28
ममा	आमा	27
हना	निम्ति	27
बाक्‍शो	भएको	27
हजार	हजार	27
मिनु	उहाँहरू	27
शेंब	गुरुज्यू	27
मेको	उसलाई	27
शोंप	धनी	27
।	छौँ	27
बाक्‍कीन	रहो	27
आ	,	27
थमा	विश्‍वासद्वारा	27
यहूदी	यहूदीहरूका	26
लां	बाटो	26
,	अनि	26
आ	यसो	26
आन	तिनीहरूले	26
,	उसलाई	26
परमप्रभु	के	26
आन	मानिसहरूको	26
मेको	तिनीहरूको	26
बाक्‍माक्‍त	थिइन्	26
छक	छक्‍क	26
।	थिए	26
इन	तिम्रा	26
५	पाँच	26
‘	भन्यो	26
आ	त्यसका	26
वाइल	दास	26
इं	हामी	26
ङा	भएका	26
परमप्रभु	परमेश्‍वरबाट	26
थमा	विश्‍वासमा	26
लोव़	आज्ञा	25
फल	फल	25
क्‍येङा	सबैभन्दा	25
मिनु	फेरि	25
आ	उनका	25
शेंसीबपुकी	चेलाहरू	25
पर्बम	खातिर	25
।	कि	25
हना	कि	25
लाप्‍चो	ढोका	25
दे	बारेमा	25
,	भनेर	25
कली	सोधे	25
लोव़	घोषणा	25
रां	शरीरलाई	25
,	भनी	25
मारेइ	कुरा	25
आंम	आफैँलाई	25
”	आज्ञा	25
पा	गरी	25
मेको	जुन	25
आ	सबै	25
लोव़	गवाही	25
मुरपुकीमी	तिनीहरूले	25
मुर	मानिसको	25
ब्रोंइशा	जीवन	25
आल	बालक	24
ठेयब	आराधना	24
बाक्‍त	दिनुभयो	24
जाक्‍शो	आएको	24
आ	निम्ति	24
देंशो	भन्‍ने	24
कसम	शपथ	24
इन	आफ्ना	24
मोदेंशो	यो	24
आफ	बुबा	24
नेल्‍लेमी	सबैले	24
बाक्‍त	जानुभयो	24
४	चार	24
रे	नै	24
आ	एउटा	24
प्रभु	प्रभुलाई	24
मारदे	ताकि	24
यरूसलेममी	यरूशलेममा	23
सहरमी	सहरमा	23
पा	रूपमा	23
ननी	हौ	23
ओव़चा	प्रवेश	23
स्‍वर्गम	स्वर्गमा	23
नेनीने	,	23
आमेन	आमेन	23
ङा	भएको	23
आन	निम्ति	23
बाक्‍मे	छ	23
आफ	पितालाई	23
का	कोही	23
,	त्यसले	23
लोव़	अगमवाणी	23
छक	चकित	23
मीश	पत्‍नी	23
पिया	शिर	23
अरेशो	आज्ञा	23
सांकछी	गवाही	23
नु	उहाँसँगै	23
नेनीन	साँचो	23
गेना	सदासर्वदा	23
इच्‍का	केही	23
छेङछेङ	महिमा	23
लोव़	पालन	23
गोरशो	उजाड-स्थानमा	22
सहर	सहरमा	22
नेल्‍ल	सबैलाई	22
हना	तिनीहरूले	22
सरीङ	स्वर्ग	22
देंनुङ	भन्दछु	22
रां	शरीरको	22
सु	जसले	22
हना	तिमीहरू	22
कली	घोषणा	22
मेकोपुकीमी	तिनीहरू	22
होस	होसियार	22
,	हामीले	22
नम	हुन्	22
श्‍येत	कष्‍ट	22
मिनु	तिनले	22
गो	मसँग	22
”	भन्‍ने	22
रागीमी	संसारमा	22
लशा	गए	22
गोमी	मैले	22
आ	अर्थात्	22
चहिं	,	22
निक्‍शी	केही	22
।	)	22
नाक्‍ती	दिन	22
बाक्‍ब	भएका	22
नाइश्‍शा	शान्ति	22
सेस	जीवित	22
तौ	पुत्रलाई	21
हिल्‍लो	सोधे	21
बर्स	वर्ष	21
सरीङ	स्वर्गबाट	21
स्‍वर्गमी	स्वर्गमा	21
इनाम	इनाम	21
इन	तिमीलाई	21
इ	तिमी	21
,	भएर	21
सुइ	कोही	21
खोदेंशो	जस्तो	21
आ	उहाँलाई	21
येसु	तिनीहरूले	21
निसाफ	न्यायको	21
गेय	आफ्नो	21
आं	मकहाँ	21
आ	मेरो	21
दुम्‍ब	हुनेछ	21
मुर	भिड	21
होव़प	मालिक	21
दे	थाहा	21
नेक्‍था	नजिक	21
निक्‍शीमी	,	21
बेक्‍शो	मृतकहरूबाट	21
मारदे	तिमीहरू	21
शीमी	क्रुसमा	21
ग्रुम्‍तीक	सभाघरमा	21
प्रभुमी	प्रभुले	21
अब्राहाम	अब्राहामका	20
दे	उनले	20
साइक्‍चा	मार्न	20
,	!	20
मुरपुकीमी	मानिसहरूले	20
मो	त्यसो	20
गेने	देओ	20
दोपा	जसरी	20
मोपा	त्यसरी	20
फुल्‍लु	ढुङ्गा	20
यहूदा	यहूदा	20
,	इच्छा	20
सहे	सय	20
दातेमी	माझमा	20
ब्रोंइशा	जीवित	20
अरु	अरू	20
इन	तिमीहरूकहाँ	20
गो	मलाई	20
मीश	स्‍त्रीले	20
मुरुमी	मानिसले	20
,	आफैँलाई	20
मेको	उहाँको	20
बेक्‍शो	मृत्युबाट	20
मिनु	ताकि	20
ख्रीस्‍त	ख्रीष्‍टलाई	20
आंम	आफ्ना	20
अरेशो	व्यवस्थाको	20
दाऊद	दाऊदका	19
आ	तिनका	19
वा	वस्‍त्र	19
रागी	सारा	19
मुरपुकी	मानिसहरू	19
मिनु	तुरुन्तै	19
कली	आज्ञा	19
तशा	देख्‍नुभयो	19
रागी	पृथ्वी	19
दुम्‍ब	हुन्छ	19
रे	आएको	19
पा	गरेर	19
लोक्‍ब	भाइलाई	19
ङांइ	माछा	19
,	मेरो	19
इन	तिमीले	19
फरिसीपुकीमी	फरिसीहरूले	19
फरिसीपुकी	फरिसीहरू	19
शांबु	दाखमद्य	19
मेको	तिनलाई	19
सुइ	कसैलाई	19
शुश	बढी	19
आ	उनले	19
नेल्‍लेमी	सबै	19
क्‍येङा	अझ	19
लोव़	बोल्न	19
सोक्‍त	आत्माको	19
सास्‍त्री	शास्‍त्रीहरू	19
बाक्‍शो	भएका	19
,	अर्को	19
बाक्‍त	थाले	19
,	गरेर	19
खोदेंशो	झैँ	19
आंइ	हामी	19
कांटी	क्रुसमा	19
मिनु	तिनी	19
नेल्‍ल	सारा	19
कली	अर्थात्	19
खिंमी	मन्दिरमा	19
,	गरेको	19
कली	नै	19
थुं	हृदय	19
यरूसलेम	यरूशलेममा	19
सोइश्‍शो	प्रेरित	19
गेपुकी	तिमीहरूसँग	19
आस	आशा	19
गोपुकीमी	हामी	19
मिनु	यसरी	19
पा	निम्ति	18
मिनु	हेर	18
लोव़	बारेमा	18
सेंदा	आवाज	18
रे	तल	18
परमप्रभु	परमप्रभु	18
कली	बारेमा	18
थुं	सान्त्वना	18
कली	तिमीहरूलाई	18
दुम्‍ब	हो	18
दाक्‍ब	प्रेम	18
आन	गर्नेहरूलाई	18
शोंप	धन	18
मेकोमी	जसले	18
इ	आफ्नो	18
मोसामी	मोशाले	18
रागीमी	मानिसका	18
पाम्‍तेक्‍म	गरे	18
मेको	जसले	18
ब्रोंइचा	जीवन	18
यूहन्‍ना	यूहन्‍नालाई	18
मिनु	तिमीहरू	18
वा	कपडा	18
नोफा	कान	18
रागी	पृथ्वीका	18
गे	तिमीहरूलाई	18
पाइब	गर्ने	18
एलीया	एलिया	18
नवे	हौ	18
दातेमी	बिचमा	18
,	हामीलाई	18
मिनु	केही	18
मेको	ताकि	18
।	हुनुहुन्छ	18
स्‍वर्ग	स्वर्गदूतले	18
मेकोमी	तिनले	18
मेको	,	18
अब्राहाम	अब्राहाम	17
बाक्‍त	लागे	17
पाइब	शासक	17
हना	जसले	17
“	तिनीहरूलाई	17
आल	बालकलाई	17
रागी	संसारका	17
नेल्‍ल	थोक	17
मेको	उहाँले	17
मेकेर	त्यहाँबाट	17
सु	जो	17
।	हुनेछ	17
लांमी	बाटोमा	17
नेल्‍ल	सम्पूर्ण	17
शेंसीबपुकीमी	चेलाहरू	17
मनङ	होइनँ	17
रोइ	निको	17
सहर	सहरको	17
लोव़	बोल्ने	17
बाक्‍नीनी	छौ	17
आ	उसले	17
शिशी	कृपा	17
पर्बम	विरुद्धमा	17
निक्‍शीमी	भने	17
नेंशा	सुनेर	17
लोक्‍ब	भाइहरू	17
पाइब	अगमवक्‍ता	17
ननी	हुनुहुन्छ	17
मान	आराधना	17
वारच	सहायता	17
रे	भई	17
गे	हातपट्टि	17
नें	नाउँमा	17
मेको	सबै	17
नाइक्‍तीक	विश्रामको	17
बाक्‍त	हुन्	17
गोपुकी	हामीले	17
आंइ	हामीले	17
आं	,	17
बाक्‍तीनी	थियौ	17
स्‍वर्ग	स्वर्गदूत	16
कली	तिनलाई	16
मेको	उनले	16
बाक्‍त	राखे	16
सोरुल	तारा	16
लावो	जाऊ	16
मिनु	उनी	16
ठेयब	एउटा	16
मिनु	त्यसले	16
मुर	भिडलाई	16
,	तिमीहरू	16
राज्‍यमी	राज्यमा	16
बुश	सेतो	16
रागीमी	पृथ्वीमा	16
बाक्‍कीन	गर	16
मपने	नगर	16
शेंसीब	चेला	16
मतुइक्‍नुङ	इन्कार	16
दे	म	16
गे	हे	16
कली	जसलाई	16
चाप्‍बा	सक्छ	16
लोव़	सन्देश	16
एकेर	यहाँ	16
वांचेर	बिउ	16
निक्‍शी	अरू	16
गेशो	दिइएको	16
जेल्‍खानमी	झ्यालखानामा	16
पत्रुसमी	भने	16
येसु	येशूकहाँ	16
”	गरे	16
गेपुकीमी	तिमीहरू	16
लोव़	यो	16
जाक्‍शो	आएका	16
खेयप	पटक	16
१०	दस	16
टलेन्‍ट	सिक्‍का	16
?	”	16
मार	सबै	16
खिं	मन्दिर	16
,	अर्थात्	16
ङा	,	16
दाइश्‍शा	भन्दछु	16
मिनु	उनीहरूले	16
।	थियौ	16
देंशो	भनेको	16
नाक्‍त	दिनसम्म	16
ग्‍येरपाइक्‍ब	सुसमाचारको	16
बाक्‍त	बताए	16
तशा	देखेर	16
मचाप्‍नीम	सक्दैन	16
इ	तेरो	16
कली	केही	16
मी	आगो	16
मेकोमी	उनले	16
यहूदी	यहूदीहरू	16
तन्‍न	बरु	16
गो	तर	16
पावल	पावलले	16
नेंता	सुनेँ	16
थि‍माक्‍त	थिए	15
योसेफ	योसेफ	15
ए	ए	15
तशो	देखेका	15
सुन	सुन	15
गालील	गालीलको	15
परमप्रभु	यसो	15
।	तर	15
समुन्‍द्र	समुद्रको	15
,	गर्दछ	15
लोव़	यी	15
राज्‍य	राज्यमा	15
मीश	व्यभिचार	15
गे	ए	15
कली	दिने	15
ङोन	टाढा	15
खिं	घरको	15
दे	उसले	15
देय	कि	15
मोदेंशो	यस्तो	15
शुक्‍शी	गिल्ला	15
नें	नाउँको	15
नु	न	15
निक्‍शी	दुईवटा	15
कली	ग्रहण	15
।	जो	15
”	उहाँलाई	15
देंशो	वचन	15
मिनु	त्यस	15
आं	यो	15
येसु	तिनीहरू	15
नां	साँझ	15
।	गरेको	15
अर्को	गैरयहूदीहरूका	15
क्‍येट	पैसा	15
गेय	कुराहरू	15
ठेयब	उच्‍च	15
ङा	सबै	15
‘	कि	15
थुं	र	15
कचौरा	कचौरा	15
नाक्‍त	समय	15
पाइबमी	स्वर्गदूतले	15
मिनु	मैले	15
ते	कहाँबाट	15
सु	यदि	15
ठेयब	घमण्ड	15
मोपा	उहाँले	15
नोले	,	15
दाऊद	दाऊदको	15
मेको	यस	15
मेको	नै	15
सोक्‍तीम	आत्माले	15
रे	छुटकारा	15
यावे	परमेश्‍वरसँग	15
यहूदी	यहूदीहरूको	15
लोव़	,	15
बाक्‍कीन	पठाएका	15
,	उहाँलाई	14
बोक्‍शा	उठे	14
वोंइश	पुरुष	14
प्रभु	परमप्रभुको	14
फरिसी	फरिसीहरू	14
सुमी	कसले	14
दे	विचार	14
गालील	गालीलमा	14
समुन्‍द्र	समुद्र	14
रिम्‍शो	शुद्ध	14
जोल	झुटो	14
नेल्‍ल	निम्ति	14
मीश	स्‍त्रीलाई	14
बाक्‍ब	होस्	14
गेब	दिनुहुनेछ	14
पाइनीम	गर्छन्	14
लेश्‍शा	फर्केर	14
कली	कसरी	14
शुशेमी	धेरै	14
पावो	गर	14
जरमेशो	पुत्रको	14
गो	हामीलाई	14
तेको	कुन	14
माइत	पुरानो	14
कामी	जना	14
थमा	विश्‍वासले	14
निक्‍शीमी	दुई	14
लोव़	सुसमाचार	14
परमप्रभु	प्रार्थना	14
मोदेंशो	तर	14
इन	तिमीहरूमा	14
इस्राएल	इस्राएलका	14
तरवार	तरवार	14
देय	वा	14
’	छ	14
ठीक	तयार	14
।	थियो	14
मेकोमी	त्यो	14
कथा	दृष्‍टान्त	14
‘	भने	14
कली	हामीले	14
मो	यसो	14
पचा	गर्नुपर्छ	14
जरमेशो	पुत्रलाई	14
पोक्‍च	घुँडा	14
,	गर्छ	14
बाक्‍चा	जीवन	14
‘	जवाफ	14
तुइक्‍नीनी	जान्दछौ	14
फुल्‍लु	ढुङ्गाले	14
सिरपेच	मुकुट	14
परमप्रभु	पवित्र	14
येसु	येशूका	14
“	कि	14
नु	अनि	14
आं	हे	14
जचा	खानेकुरा	14
दीसा	अर्को	14
परमप्रभु	उहाँ	14
,	हुनाले	14
आं	मसँग	14
थमा	साँचो	14
,	आफ्नो	14
यो	नै	14
दुम्‍तीनी	छौ	14
,	गरे	14
जाम्‍शा	नष्‍ट	14
जहाज	जहाज	14
वोंइश	पति	13
हेरोदमी	हेरोदले	13
बाक्‍त	बसे	13
ख्रुम्‍शा	बप्‍तिस्‍मा	13
सोक्‍तीमी	आत्मा	13
४०	चालिस	13
खिं	मन्दिरको	13
बाक्‍त	हुनुहुन्थ्यो	13
,	फेरि	13
मुर	कोही	13
थुंमी	हृदयमा	13
मीश	पत्‍नीलाई	13
मचाप्‍नीनी	सक्दैनौ	13
कली	छिमेकीलाई	13
स्‍वर्ग	स्वर्गमा	13
।	सक	13
तुराही	तुरही	13
ब्रोंइचा	जीवनको	13
मिक्‍चीम	आँखामा	13
गे	तिमीहरूका	13
लाक्‍चा	शक्‍तिशाली	13
मेकेर	जहाँ	13
कामी	जनाले	13
मेको	त्‍यो	13
खतम	नष्‍ट	13
बाक्‍नीनी	हुनुहुन्छ	13
मिक्‍च	दृष्‍टि	13
यूहन्‍ना	यूहन्‍नाको	13
,	व्यक्‍ति	13
मबाक्‍ब	छैन	13
नेल्‍ल	कुराहरू	13
,	भएको	13
लशा	जानुभयो	13
येसुमी	उहाँ	13
लोव़	कि	13
ममाइ	होइनन्	13
जचा	खान	13
शेशा	लिनुभयो	13
नेल्‍ल	र	13
यावे	धन्यवाद	13
मीश	स्‍त्रीहरू	13
शेंसीब	चेलाहरू	13
थुं	दुःखित	13
सुइक्‍ब	गर्ने	13
इन	तिमीहरूमध्ये	13
बाक्‍त	गर्‍यो	13
मोपतीके	यसैकारण	13
ब्रेश्‍शा	बोलाए	13
कली	यो	13
यावेमी	निम्ति	13
मारेइ	थोक	13
मरिम्‍शो	खराबी	13
का	अर्को	13
आ	येशूको	13
यावे	मन्दिरमा	13
हिल्‍लो	प्रश्‍न	13
मेको	एउटा	13
वा	पोशाक	13
थमा	सत्यतामा	13
अरेशो	व्यवस्थामा	13
दाक्‍चा	प्रेम	13
मो	तर	13
रागी	संसारमा	13
वारच	सेवा	13
बाक्‍त	लगे	13
पवानु	,	13
मो	यो	13
सुइ	कसैको	13
आ	परमेश्‍वरका	13
तेल्‍लेम	यौन	13
मिनु	यो	13
,	कारण	13
कली	उनले	13
मार	यही	13
चिन्‍ड	चिह्न	13
अब्राहाममी	अब्राहामले	13
मिनु	अर्को	13
पर्बम	गवाही	13
सक्ति	महिमित	13
,	ताकि	13
लोव़	भाषामा	13
थमा	विश्‍वासयोग्य	13
शिशी	अनुग्रहको	13
गेय	परिश्रम	13
सोक्‍तीम	आत्मिक	13
इं	परमेश्‍वर	13
भाग	एक-तिहाइ	13
लशा	गएर	12
बाक्‍त	देखे	12
बाक्‍त	लगाए	12
यर्दन	यर्दन	12
पचा	गर्नु	12
सोक्‍तीमी	आत्माद्वारा	12
गालील	गालील	12
आसीक	धन्य	12
रागी	पृथ्वीमा	12
बाक्‍ब	हुनेछ	12
रागी	यस	12
।	सक्दैन	12
बाक्‍ब	हुनुहुने	12
परमप्रभु	म	12
हना	नत्रता	12
देंशो	भनिएको	12
यो	न	12
मदुम्‍ब	होइन	12
,	आफ्ना	12
मोपतीके	त्यसैकारण	12
नेल्‍ल	कुरा	12
लोक्‍ब	भाइको	12
‘	भन्‍नेछन्	12
?	हो	12
माइश्‍शो	नाउँ	12
तमी	छोरी	12
आस	तिनीहरूका	12
ओदेंशो	यस्तो	12
”	होस्	12
दे	विषयमा	12
कली	ल्याउन	12
दोस	दोषरहित	12
,	उनले	12
सैतानमी	शैतानले	12
शुक्‍शी	निन्दा	12
नमी	हुन्	12
शुश	प्रशस्त	12
खोदेंशो	थियो	12
रागी	संसार	12
देंशो	कुरा	12
कली	बिचमा	12
५	पाँचवटा	12
पथ	गर्न	12
आन	सबैलाई	12
मतुइक्‍नीनी	थाहा	12
छक	अचम्मित	12
पत्रुस	पत्रुसलाई	12
मोसा	मोशा	12
गेपुकी	म	12
बाक्‍बा	हो	12
आबी	धिक्‍कार	12
।	नगर	12
ङोंइती	सुरुदेखि	12
यो	जीवनको	12
ङोंइती	पहिला	12
कली	सारा	12
पाइब	सेवक	12
मेको	यसको	12
दुम्‍चा	हुन	12
कोव़ङीन	हेर	12
तौ	छोरालाई	12
नेल्‍लेमी	सारा	12
मोपतीके	म	12
शोब्‍ले	रोटीको	12
कली	भन	12
तशा	कारण	12
भाले	भाले	12
कली	लिएर	12
बाक्‍माक्‍त	बसे	12
पशो	गरेका	12
ए	हे	12
खेयप	पल्ट	12
हिल्‍लो	जवाफ	12
दे	यो	12
नाक्‍त	दिनको	12
तौ	छोरो	12
माइजा	उपवास	12
नेनीन	भन्दछु	12
सुम	कसले	12
मेको	उनी	12
हना	उहाँ	12
रे	एउटा	12
बाक्‍ब	छैन	12
कली	परमेश्‍वरलाई	12
कली	परमेश्‍वरको	12
इस्राएली	इस्राएलका	12
गे	तिमीलाई	12
लोव़	कुराहरूको	12
नाइक्‍तीक	विश्राम	12
बर्स	वर्षसम्म	12
कली	इन्कार	12
हना	गर	12
मिनु	त्यसो	12
आन	परमेश्‍वरको	12
।	दिन्छु	12
इन	तपाईंहरूलाई	12
ख्रीस्‍त	ख्रीष्‍टद्वारा	12
बाक्‍तेक्‍म	थियो	12
थमा	भरोसा	12
तौ	पुत्रको	12
पाइनुङ	गर्छु	12
ठीक	धार्मिक	12
रिम्‍शो	उत्तम	12
पा	,	12
सावल	शाऊल	12
पावलमी	पावल	12
बाक्‍कीन	अभिवादन	12
मासीडोनीया	माकेडोनिया	12
परमप्रभु	विश्‍वासद्वारा	12
“	भन्‍नुहुन्छ	12
सोक्‍त	अन्य	12
जन्‍तु	पशु	12
आ	जसलाई	11
ग्‍युंबे	विवाहको	11
मोपतीके	यसैले	11
सोक्‍त	आत्माद्वारा	11
नेनीने	हेर	11
रुम्‍सीब	अर्थ	11
नु	तिनीसँग	11
लाइश्‍शा	लिएर	11
बाक्‍कीन	बस	11
आन	आ-आफ्ना	11
ठेयब	शक्‍तिशाली	11
कली	गर्नुभयो	11
जाक्‍शा	आएर	11
नोले	जब	11
नेक्‍था	छेउमा	11
मीश	आफ्नी	11
,	गर्नेले	11
क्‍येङा	बढी	11
जोरी	शत्रुहरूलाई	11
,	तिमीहरूले	11
आन	उनीहरूलाई	11
बाक्‍त	छन्	11
दुम्‍त	भयो	11
आन	तिनीहरूसँग	11
वोल	भूतहरू	11
बोक्‍शा	र	11
लचा	जान	11
जाक्‍दीश्‍शा	गए	11
देंमेनु	तिनीहरूले	11
लाक्‍शा	परे	11
आम	आफ्ना	11
नोले	अन्तिम	11
शेंब	गुरु	11
तूचा	पिउन	11
मुल	अहिलेसम्म	11
वारच	मित्र	11
गे	तँ	11
”	दिनुभयो	11
सोक्‍तीम	आत्मा	11
रागी	पृथ्वीको	11
जुक्‍तमे	परे	11
मुल	तिमीहरूले	11
सम्‍म	समयसम्म	11
रे	आयो	11
आं	तिमीहरूले	11
लाक्‍शा	भए	11
यरूसलेम	यरूशलेमबाट	11
लोव़	वचनलाई	11
शोव़	मुखबाट	11
मिक्‍च	दृष्‍टिविहीन	11
गिश	कति	11
नित्‍थ	तेस्रो	11
मोसा	मोशाको	11
गुइ	हातबाट	11
हिल्‍लो	?	11
कामी	एउटा	11
।	हुनाले	11
मिनु	“	11
होव़पमी	मालिकले	11
जैतून	जैतून	11
मुरपुकीमी	कसैले	11
।	हो	11
पाता	छु	11
मुल	तिमीहरू	11
खुम्‍सीशा	भेला	11
सुन	सुनको	11
का	तिनीहरूमध्ये	11
ग्रूशा	बाहिर	11
पास्‍सा	निस्तार-चाड	11
कली	येशूलाई	11
परमप्रभु	अर्थात्	11
।	भए	11
मेको	त्यसमाथि	11
,	हुँदा	11
दाक्‍शा	प्रेम	11
इन	तपाईंले	11
प्रुङग	गरिब	11
पाठा	थुमा	11
।	छैनन्	11
मतुइक्‍नुङ	थाहा	11
पा	गरे	11
परमप्रभु	तिनीहरूले	11
स्‍वर्ग	स्वर्गदूतलाई	11
आं	ममाथि	11
सोक्‍तीम	आत्मामा	11
,	तपाईंहरूलाई	11
बाक्‍कीन	होओ	11
कली	गरेको	11
।	समय	11
इं	हामीले	11
परमप्रभु	प्रभु	11
बाक्‍नीम	हो	11
नेनीन	हेर	11
पाइतीनी	धन्यवाद	11
परमप्रभु	किनभने	11
सासन	राज्य	11
ब्रेक्‍शो	लेखिएका	11
कबल	करार	11
मार	कुराहरू	11
हना	“	11
मो	कुराहरू	11
सेंदा	सोर	11
मेको	त्यसका	11
मोपा	ताकि	11
परमप्रभु	ताकि	11
जाक्‍नुङ	आउनेछु	11
थमा	सत्यको	11
सोक्‍तीम	आत्माको	11
लोव़	भाषा	11
चिठी	पत्र	11
गो	मेरा	11
रां	शरीरमा	11
पाप	पापका	11
मारदे	तर	11
माइक्‍चा	देओ	11
ख्रीस्‍तमी	ख्रीष्‍टको	11
गो	,	11
ठेयब	चर्को	11
आल	सानो	10
रोंका	विलाप	10
यहूदीया	यहूदियामा	10
हना	यो	10
आं	मभन्दा	10
पतीके	निम्ति	10
कली	भन्यो	10
आन	हुने	10
“	उत्तर	10
गेनन	दिनेछु	10
गालील	उहाँ	10
हना	तिनीहरू	10
पाइब	अगमवक्‍ताहरूलाई	10
लोव़	अगमवक्‍ताहरू	10
आ	आफ्नी	10
परमप्रभु	न	10
नित्‍तीके	सिंहासन	10
’	यसो	10
रिम्‍शो	प्रशंसा	10
यावे	तिमीहरू	10
का	एउटालाई	10
का	अर्कोलाई	10
रेउ	पानी	10
ठेयब	र	10
सास्‍त्रीपुकीमी	शास्‍त्रीहरूले	10
जाक्‍शा	आयो	10
पिवो	आऊ	10
पाइब	गर्छ	10
येसु	उहाँकहाँ	10
नेक्‍था	नजिकै	10
सुइश्‍शा	गरे	10
अर्थ	अर्थ	10
दे	’	10
आं	मेरी	10
खिं	घरभित्र	10
मिनु	तिनीहरूका	10
शेंना	प्रचार	10
फिलीप	फिलिप	10
जाक्‍ती	आएँ	10
ख्रीस्‍तमी	ख्रीष्‍टले	10
गेय	कार्यहरू	10
वा	थिए	10
वा	थियो	10
मुर	व्यक्‍ति	10
चिन्‍ड	चिन्ह	10
मुर	मानिसहरूसँग	10
सेल्‍शा	भन्‍नुभयो	10
कली	“	10
येसु	येशूले	10
काबु	एक	10
ग्रुंइब	बप्‍तिस्मा-दिने	10
आ	त्यस	10
“	दिए	10
मार	किन	10
जचा	खाना	10
ङा	यसो	10
आं	मबाट	10
ब्रेश्‍शा	बोलाउनुभयो	10
गेशा	दिए	10
मसुइक्‍ब	अविश्‍वासी	10
लो	“	10
आं	ममा	10
लशा	गयो	10
आन	तिनीहरूमाथि	10
कोव़शा	हेर्नुभयो	10
लशा	जाओ	10
,	तिनीहरूलाई	10
रे	हामीले	10
तुइश्‍शा	थाहा	10
रे	पुनरुत्थान	10
ङा	एक	10
बाक्‍को	बस	10
सुइ	कुनै	10
मिक्‍च	अन्धा	10
भाग	दशांश	10
ब्रीशो	भरिएका	10
परमप्रभु	परमप्रभुको	10
दाक्‍मुचा	प्रेम	10
जोल	झुटा	10
।	हुनेछन्	10
तुइक्‍नीनी	थाहा	10
आंमा	आफैँले	10
दुम्‍ब	हुनेछन्	10
,	हात	10
देंशो	भन्‍नुभएको	10
“	आपसमा	10
कों	कि	10
लोक्‍ब	भाइहरूलाई	10
नासरथ	नासरतका	10
सिक्‍सी	चुप	10
रे	आएका	10
सोइक्‍तमे	पठाए	10
ख्रुइश्‍शो	गुप्‍त	10
मोपतीके	,	10
पाइश्‍शो	गरेका	10
एर	वरिपरि	10
सेंचा	जीवित	10
का	अरूहरूले	10
बाक्‍त	सकेनन्	10
बाक्‍माक्‍त	थिएन	10
दाक्‍बा	गर्छ	10
क्‍येङा	झन्	10
किकी	पिता	10
यो	प्रतिज्ञा	10
नु	निम्ति	10
लोव़	वचनमा	10
मेकोमी	,	10
मेको	तिनीहरूका	10
कली	हरेकलाई	10
पापी	पापी	10
कली	बिन्ती	10
लोव़	आवाज	10
खोदेंशो	त्यसै	10
मुल	म	10
ब्रोंइतीक	जीवनको	10
।	जसलाई	10
तुइक्‍नुङ	थाहा	10
इन	,	10
मार	“	10
।	गरेँ	10
ख्रीस्‍त	ख्रीष्‍टले	10
यहूदी	यहूदीहरूलाई	10
आगामी	ममा	10
मनङ	होइन	10
बाक्‍तेक्‍म	छन्	10
देंशा	कि	10
आन	सबैका	10
सोक्‍तीमी	आत्मामा	10
यावे	परमेश्‍वरलाई	10
कली	खातिर	10
जहाज	जहाजमा	10
पावलमी	उनले	10
पावल	पावलको	10
यावेमी	यो	10
श्‍येत	कष्‍टमा	10
मुने	शर्ममा	10
सक्ति	सर्वशक्‍तिमान्	10
पाठा	थुमाको	10
डप्‍का	कचौरा	10
हेरोद	हेरोदको	9
“	उहाँ	9
हेरोद	हेरोद	9
शुश	अति	9
इजीप्‍त	मिश्र	9
इजीप्‍त	मिश्रमा	9
यसैयामी	यशैया	9
,	अगि	9
रवा	रुख	9
गालील	गालीलबाट	9
एको	यिनी	9
ब्रेक्‍पाइश्‍शो	लेखिएको	9
पाइब	गर्नुहुनेछ	9
खोइल	खुट्टा	9
सैतान	शैतान	9
नेंशा	सुन्‍नुभयो	9
कापेरनाउम	कफर्नहुममा	9
नु	बिचमा	9
बाक्‍त	लाग्यो	9
,	कसरी	9
आन	र	9
गोमी	म	9
मार	तिमीहरूलाई	9
बाक्‍ब	थियो	9
मो	ताकि	9
स्‍वर्ग	स्वर्गीय	9
मोदेंशो	ताकि	9
आफ	पितासँग	9
मुलाक्‍ती	आज	9
इन	निम्ति	9
थुं	मन	9
फेक्‍चा	वा	9
सेल्‍शो	बनाइएको	9
इन	तपाईं	9
पाइब	निको	9
मिनु	त्‍यसपछि	9
मेको	सो	9
नेल्‍ल	पुरै	9
बाक्‍त	आयो	9
क्‍याम्‍चा	क्षमा	9
पोक्‍ब	उठाउने	9
दाक्‍नुङ	चाहन्छु	9
मो	तुरुन्तै	9
कली	भिडलाई	9
थमा	“	9
सु	जसलाई	9
जना	जनालाई	9
अर्को	गैरयहूदीहरू	9
मुरपुकीमी	जसले	9
?	!	9
महिनीन	नडराओ	9
लोव़	अगमवक्‍ता	9
बेक्‍शो	फेरि	9
मार	यस्तो	9
देंशा	?	9
बाक्‍माक्‍त	हो	9
हना	यदि	9
नङ	छु	9
आन	निको	9
पाइब	दास	9
मताइब	अन्धो	9
आ	उसका	9
दोस	न्याय	9
मेकोमी	तिनी	9
जुक्‍तमे	बिउहरू	9
६०	केहीले	9
कली	दिइएको	9
मुर	मानिसले	9
आ	हामीलाई	9
समुन्‍द्रमी	समुद्रमा	9
हिल्‍लो	उहाँलाई	9
फश	बतास	9
वोल	भूत	9
,	खातिर	9
निम्‍फा	दुवै	9
“	भनिन्	9
मेकोपुकीमी	उहाँलाई	9
शेंशो	कुरा	9
खिं	निर्माण	9
पाइबा	गर्छ	9
रिम्‍शो	लाभ	9
येसु	उहाँसँग	9
थमा	साँच्‍चै	9
।	हुन्छन्	9
बाक्‍नीम	हुन्छ	9
दुम्‍शा	भएर	9
प्रोंइशा	छोडेर	9
पचा	इच्छा	9
नोले	त्यसपछि	9
बाक्‍त	भेट्टाए	9
नेल्‍लेमी	हरेकले	9
नोले	तर	9
आ	उहाँबाट	9
सिजर	कैसरको	9
पाम्‍तेक्‍म	छन्	9
सम्‍म	जबसम्म	9
सजाइ	दण्ड	9
बाक्‍माक्‍त	हुनुहुन्थ्यो	9
ठेयब	महिमित	9
।	भएर	9
गेना	सधैँ	9
पास्‍सा	निस्तार-चाडको	9
?	होला	9
गो	मसँगै	9
कली	उसले	9
थुं	आत्मा	9
लशा	र	9
मुल	अझै	9
किंत	दिनहुँ	9
पत्रुस	पत्रुसले	9
सांमी	तिन	9
आ	मानिसको	9
ख्रिनु	भूकम्प	9
मरीयम	मग्दलिनी	9
सम्‍म	दिनसम्म	9
लोव़	यही	9
पाप	पापहरू	9
पाइश्‍शो	शक्‍तिशाली	9
आन	मानिसको	9
डोंगा	डुङ्गा	9
,	हुनुहुँदा	9
शेंसीबपुकीमी	तिनीहरूले	9
येसुमी	सोध्‍नुभयो	9
बाक्‍नीकी	छौँ	9
ङोंइती	तिनीहरूले	9
गे	तिम्रो	9
मारेइ	न	9
यो	मेरो	9
सोक्‍त	आत्मामा	9
मेको	यसलाई	9
निक्‍शीमी	केहीले	9
मोदेंशो	तिनीहरूले	9
कामी	कसैले	9
,	गरी	9
।	हुन्	9
आसीक	आशिष्‌‌	9
हना	गर्छौ	9
पशो	गरेको	9
मिनु	[	9
दुम्‍त	थियो	9
ब्रेक्‍पाइश्‍शो	धर्मशास्‍त्र	9
बाक्‍त	गरेनन्	9
ना	समय	9
बाक्‍ब	बस्‍ने	9
नेंशा	सुनेका	9
अरेशो	व्यवस्थाले	9
मुरपुकीमी	भिडले	9
जग	जग	9
बाक्‍नीमी	छन्	9
,	जीवन	9
,	अवस्थामा	9
नोले	कुराहरूपछि	9
मबाक्‍ब	होइन	9
आ	प्रभुको	9
,	तथा	9
तन्‍न	किनकि	9
लाजरस	लाजरस	9
ङा	बिचमा	9
ग्‍येरपाइक्‍तीक	सुसमाचार	9
मेकोपुकीमी	उनीहरूले	9
मेकोपुकी	तिनीहरूका	9
काथा	तिनीहरूसँगै	9
मेको	जसको	9
सुइक्‍तेक्‍म	गरे	9
जरमेशो	जन्मेको	9
रेयके	आवाज	9
रागी	संसारलाई	9
सुइक्‍बा	गर्छ	9
तुइक्‍नुङ	जान्दछु	9
आफ	पिताबाट	9
बाक्‍ब	रहन्छ	9
गेपुकी	तिमीहरूको	9
जोल	झुट	9
तन्‍न	तापनि	9
खोइल	गोडा	9
बेक्‍चा	मृत्यु	9
मोपा	तिनीहरू	9
लोव़	अर्थ	9
गेपुकीमी	तपाईंहरूले	9
आ	ख्रीष्‍टको	9
शिशी	अनुग्रहमा	9
रागी	माझमा	9
तिमोथी	तिमोथी	9
पावल	उनलाई	9
रोमी	रोमी	9
गे	तिमीहरूको	9
सुइक्‍ब	मण्डलीलाई	9
कली	भएको	9
नेल्‍ल	सबैका	9
सेल्‍शो	सृष्‍टि	9
,	आज्ञाकारी	9
सराप	श्रापित	9
नें	गर्व	9
बाक्‍नीनी	हौ	9
जन्‍तु	पशुको	9
नित्‍तीकेमी	विराजमान	9
जन्‍तु	पशुलाई	9
याकूब	याकूबका	8
मिनु	जसै	8
रे	यसो	8
आ	भएको	8
आ	उहाँकी	8
मेकेर	त्यहीँ	8
दुम्‍माक्‍त	भयो	8
मुरुमी	तिनीहरूले	8
मेको	तिनले	8
मशिरनुङ	छैनँ	8
ग्रूशा	निस्केर	8
लोव़मी	छ	8
सेउ	आराधना	8
ग्‍याइल	जाल	8
जब्‍दी	जब्दियाका	8
डोंगाम	डुङ्गामा	8
तौ	सन्तान	8
,	किसिमका	8
आन	मानिसहरूले	8
फरिसी	फरिसी	8
साइ	प्राचीन	8
मूर्ख	मूर्ख	8
मीम	आगोमा	8
नु	विरुद्धमा	8
मुरुमी	कसैले	8
कली	घृणा	8
तौ	छोराहरू	8
क्‍याम्‍शा	क्षमा	8
मचाप्‍ब	सक्दैन	8
तुइक्‍ब	जान्‍नुहुन्छ	8
गे	तिमीहरूमध्ये	8
आन	अगमवक्‍ताहरूको	8
,	थियो	8
कप्‍तान	कप्‍तान	8
कली	नोकरलाई	8
नोले	उहाँ	8
खोदेंशो	यस्तो	8
मेकोमी	उहाँ	8
आइक्‍ची	पारिपट्टि	8
कली	व्यक्‍तिलाई	8
छुल	उठ	8
ब्राख्‍ये	ओछ्यान	8
ग्‍युम्‍ले	दुलहा	8
वा	कपडाको	8
बर्स	वर्षदेखि	8
लोव़	खबर	8
रे	भएर	8
सुम्‍शो	लागेको	8
चहिं	यसो	8
शिशी	दयाले	8
वोल	आत्माहरू	8
चांदी	चाँदी	8
गाउं	गाउँमा	8
खिंमी	सभाघरहरूमा	8
तमी	छोराछोरीहरू	8
होव़प	नोकर	8
बाक्‍मा	भएका	8
’	गर्नेछु	8
ब्राइब	गर्दछ	8
सोइक्‍ब	पठाउनुहुनेलाई	8
यूहन्‍ना	यूहन्‍नाले	8
कली	जसको	8
बेक्‍शो	मरेका	8
वा	लुगा	8
टायर	टुरोस	8
गेपुकी	तिमीहरूका	8
,	बेलामा	8
बोल्‍यो	बलियो	8
पाप	क्षमा	8
थुं	हृदयमा	8
वोइश्‍शो	राखिएको	8
मोदेंशो	यस्तै	8
३०	गुणा	8
दा	त	8
जाक्‍मेनु	समयमा	8
रे	सुरुदेखि	8
आन	जनालाई	8
रू	जमिन	8
गेय	नोकरहरूलाई	8
निक्‍शी	छन्	8
हिंशा	डरले	8
डोंगा	डुङ्गामा	8
मोदेंशो	यसरी	8
मिनु	उहाँका	8
मबा	छैन	8
कली	देखाउन	8
मुर	जनाको	8
कों	वा	8
कली	बदला	8
,	उनीहरूले	8
मोदेंशो	हामीले	8
इ	तँलाई	8
मीश	पत्‍नीसँग	8
बाक्‍ती	छु	8
सोइक्‍तीमी	पठाए	8
यरूसलेम	यरूशलेमतिर	8
ङोइश्‍शा	चढेर	8
खिं	मन्दिरभित्र	8
,	हुँदै	8
मतुइक्‍नीनी	जान्दैनौ	8
बाक्‍ब	हुने	8
बाक्‍नीम	हुन्छन्	8
बेक्‍शो	मृतकहरूको	8
शेंब	रब्बी	8
कपटी	पाखण्डीहरू	8
पाइनीम	गर्नेछन्	8
लोव़	भनेका	8
पाइबपुकीमी	न	8
का	मानिस	8
अर्को	अर्का	8
ग्‍युरा	दाहिनेपट्टि	8
चढ़ेब	पुजारीको	8
आ	एक	8
इन	तपाईंहरूकहाँ	8
चांदी	चाँदीका	8
मसुप्‍शो	अखमिरी	8
जाक्‍मेनु	आउनुभयो	8
मोपतीके	ताकि	8
बाक्‍त	आइपुगे	8
ताइनीनी	देख्‍नेछौ	8
येसु	प्रभु	8
दिचा	आत्मा	8
कली	तल	8
मुरपुकीमी	मानिसहरू	8
बाक्‍त	सकून्	8
शेंसीबपुकी	चेलाहरूसँग	8
बेक्‍शो	चिहानमा	8
नाक्‍दो	रात	8
क्‍येङा	सर्वोच्‍च	8
नें	नाम	8
मेको	त्यहाँ	8
वोलमी	भूत	8
कली	कुराहरू	8
लोव़	सत्यता	8
महिनो	नडराऊ	8
।	(	8
जचा	खाने	8
सापाइक्‍चा	निको	8
सरीङ	स्वर्गतिर	8
,	मानिसहरूको	8
कली	जीवन	8
मेको	त्यससँग	8
दुम्‍ब	छ	8
दुम्‍शो	भएको	8
,	गर्छु	8
मरिम्‍शो	विरुद्धमा	8
अरेशो	आज्ञाहरू	8
मेको	उहाँका	8
प्रभुमी	परमप्रभुले	8
ना	समयमा	8
एक	यहाँ	8
ठिटा	जवान	8
दोस	विरुद्धमा	8
कली	आवश्यक	8
मी	आगोको	8
,	)	8
महिना	महिनासम्म	8
नेंशो	सुनेका	8
पाप	उद्धार	8
मेको	जुनचाहिँ	8
पा	भएर	8
अर्को	अर्कोलाई	8
बेक्‍शो	मृत	8
दाक्‍तीके	प्रेम	8
आं	अब	8
शुश	लामो	8
सुमी	कोही	8
क्‍येट	पैसाको	8
शेंब	शिक्षक	8
आफ	पिताले	8
।	होओ	8
मेको	त्यसमा	8
लाइनुङ	छु	8
।	गर्दैन	8
ओटा	दसवटा	8
अब्राहाम	अब्राहामलाई	8
मारेइ	कुराहरू	8
मान	महिमा	8
नोले	अन्त्य	8
दुम्‍शा	,	8
मुल	किनकि	8
साइक्‍चा	मृत्युदण्ड	8
शीम	क्रुसमा	8
आंस	हामीलाई	8
तपांइसाक्‍व	देखा	8
मेको	उहाँमा	8
कली	दिएको	8
फिलीप	फिलिपलाई	8
फिलीपमी	फिलिपले	8
कली	उहाँमा	8
कली	ताकि	8
गेप्‍तु	दिनुभएको	8
मेको	(	8
कली	काम	8
परमप्रभु	आफैँलाई	8
रे	परमेश्‍वरबाट	8
यहूदीपुकीमी	यहूदीहरू	8
चच	सन्तानहरू	8
गोठला	गोठालो	8
थुं	आत्मामा	8
दुम्‍शा	रूपमा	8
पाइब	गर्नेछ	8
दाक्‍शो	प्रेम	8
कली	अगि	8
खोदेंशो	हुने	8
ब्‍वाक्‍कुम	बप्‍तिस्मा	8
योव़शो	पवित्र	8
आ	वचन	8
बारनाबास	बारनाबास	8
सोक्‍त	आत्मालाई	8
स्‍वर्ग	स्वर्गदूतको	8
लोव़	समय	8
निसाफ	न्यायकर्ता	8
प्रभु	परमेश्‍वरको	8
ताता	थियो	8
थुं	उत्साह	8
लोव़	भन्दै	8
देंनुङ	दिन्छु	8
यहूदी	व्यवस्था	8
अरेशो	व्यवस्थाद्वारा	8
छाप	छाप	8
अरेशो	व्यवस्थाबाट	8
टिने	अधीनमा	8
सुइक्‍ब	विश्‍वासीहरूको	8
बाक्‍नय	हौँ	8
यो	,	8
क्‍येक्‍क	बदला	8
रागी	पृथ्‍वी	8
सक्ति	वरदान	8
,	सकूँ	8
नें	घमण्ड	8
ङोन	अलग	8
हेश्‍शो	धारिलो	8
कबल	करारको	8
सुन	सुनका	8
चाप्‍नीमी	कान	8
नेन्‍मेक्‍ल	सुनोस्	8
ठेयब	सिंहासनमा	8
इसहाक	इसहाक	7
योसेफ	योसेफका	7
मिनु	समयमा	7
यहूदीया	यहूदियाको	7
ग्‍येरशा	आनन्दित	7
धूप	धूप	7
सम्‍म	नभएसम्म	7
आ	भन्‍नुभएको	7
जाक्‍चशो	नजिकै	7
यहूदीया	यहूदिया	7
खोला	नदी	7
पा	गर्दै	7
चहिं	चाहिँ	7
तवा	देख्‍नुभयो	7
ला	केवल	7
बेक्‍चा	मृत्युको	7
ग्रुम्‍तीक	सभाघरहरूमा	7
मुरुमी	भिड	7
ताइनीम	देख्‍नेछन्	7
सुइमी	न	7
अरेशो	व्यवस्थालाई	7
आइक्‍च	तुच्छ	7
यरूसलेम	यरूशलेमको	7
पिप	राजाको	7
हना	नगर	7
आफोमी	पिता	7
अर्को	गैरयहूदीहरूले	7
थुं	परीक्षामा	7
बर्त	उपवास	7
कुल	अनुहार	7
होव़प	मालिकको	7
ङा	दिनको	7
चाप्‍नीनी	सक्छौ	7
बाक्‍ब	हुन्छन्	7
चू	काँडाको	7
पाइबपुकी	गर्नेहरू	7
नेंशा	सुन्छ	7
देंशो	आज्ञा	7
गेय	नोकर	7
पाइनुङ	छु	7
ख्रुइ	किटाइ	7
कप्‍तान	कप्‍तानलाई	7
,	तपाईं	7
खोइय्‍यी	पछ्याऊ	7
सहरम	सहरमा	7
शुक्‍शी	ईश्‍वर-निन्दा	7
मेकेर	तिनीहरू	7
बाक्‍शा	बसेर	7
तन्‍न	म	7
यूहन्‍ना	यूहन्‍नाका	7
कली	गर्न	7
आसीक	अभिवादन	7
नाइक्‍चा	शान्ति	7
सोदोम	सदोम	7
अर्को	अन्यजातिहरूका	7
कली	भन्दछु	7
दुम्‍नीम	हुनेछन्	7
आम	आफ्नो	7
ताइब	पाउनेछ	7
कली	कारणले	7
आ	अगमवक्‍ताको	7
आन	सिकाउन	7
यूहन्‍नामी	यूहन्‍नाको	7
सु	जससँग	7
आन	उहाँका	7
फेक्‍शा	लगाएर	7
मपढेनी	पढेका	7
मपढेनी	छैनौ	7
जामे	खाए	7
ग्रूशा	गए	7
सुमी	जो	7
दोस	दोषी	7
६०	साठी	7
जोरी	शत्रु	7
आइक्‍च	सानो	7
मीश	एउटी	7
लत	जानुभयो	7
मीश	पत्‍नीको	7
बाक्‍त	दिइयो	7
ङांइ	दुईवटा	7
सरीङ	स्वर्गमा	7
हिंशा	तिनीहरू	7
आम	आमा	7
कली	त्यो	7
ला	बाहेक	7
जचा	केही	7
जिक्‍शा	भाँच्‍नुभयो	7
लल	रातो	7
कोव़शा	हेरेर	7
कली	अझै	7
,	तिमी	7
६	छ	7
आन	उनीहरूको	7
तामे	देखे	7
शेंसीब	चेलाहरूकहाँ	7
नु	तिमीहरूसँग	7
कली	बचाउन	7
जेर	ऋण	7
मिनु	एउटा	7
निक्‍शी	जना	7
लोव़	ग्रहण	7
टिचा	पालन	7
योक्‍शा	गरिबहरूलाई	7
ताइब	प्राप्‍त	7
दुम्‍चा	हुने	7
नोले	पछ्याए	7
,	भई	7
अधिकारमी	अधिकारले	7
पवा	गर्‍यो	7
ग्‍याइश्‍शा	पक्रे	7
मुर	जातिलाई	7
,	भित्र	7
छिङछिङमी	अन्धकारमा	7
बाक्‍त	बनाए	7
आन	बिचमा	7
नोले	दोस्रो	7
मेकोपुकीमी	तिनीहरूका	7
नेल्‍ल	नष्‍ट	7
थमा	विश्‍वासलाई	7
किकी	पुर्खाहरूको	7
शुश	एउटा	7
जाक्‍ब	आउने	7
दूध	दूध	7
।	भएको	7
नां	सूर्य	7
कली	सबैलाई	7
दे	तिमीहरूलाई	7
ङा	यो	7
वा	थिएन	7
गेय	सहकर्मी	7
तेल	तेल	7
तुइश्‍शो	थाहा	7
रागी	जाति	7
वोइय्‍यीमीनु	थिएँ	7
लोव़	जवाफ	7
नु	तथा	7
थुं	दुःख	7
मिनु	उनीहरू	7
दुम्‍ल	होस्	7
ब्रेक्‍शो	लेखेका	7
मेको	म	7
वारच	दिने	7
आंमा	आफैँ	7
चढ़ेबपुकीमी	पुजारीहरूले	7
बाक्‍त	दिनुभएन	7
पाइब	गरेको	7
बारब्‍बा	बारब्बालाई	7
नाक्‍तीमी	दिनमा	7
हना	हो	7
सां	तेस्रो	7
।	नहोओ	7
सिपाहीपुकीमी	सिपाहीहरूले	7
बाक्‍नुङ	छु	7
परमप्रभु	जसरी	7
लाक्‍मा	परे	7
शेंथ	प्रचार	7
दाऊद	दाऊद	7
मरिम्‍शो	हानि	7
आ	मेरा	7
मुर	मानिसबाट	7
पुना	बिन्ती	7
मुर	,	7
शुश	महान्	7
आन	गएर	7
बाक्‍त	गरिन्	7
नेल्‍ल	यो	7
ग्‍याइश्‍शा	समातेर	7
बोक्‍को	उठ	7
बाक्‍शा	तिनीहरूसँग	7
आफोमी	बुबाले	7
नेल्‍ल	सबैको	7
दे	फेरि	7
दे	सो	7
हुकुम	शासकहरू	7
आन	तिमीहरूका	7
सुनी	बिहान	7
”	छैनन्	7
थीब	धनी	7
बाक्‍कीन	राख	7
येसु	उहाँमाथि	7
शुश	धेरैले	7
कप्‍तानमी	कप्‍तानले	7
लोव़	पालना	7
ङोंइती	उपस्थितिमा	7
काइ	घृणा	7
बाक्‍त	फर्के	7
मार	विषयमा	7
नाक्‍दो	दिनरात	7
यूहन्‍नामी	दिए	7
नाक्‍त	समयको	7
गेनुङ	दिनेछु	7
किताब	चर्मपत्रको	7
किताब	मुट्ठो	7
कली	दिन	7
आ	“	7
कली	थाहा	7
,	टाढा	7
नेंचा	सुन्‍न	7
सहर	सहरबाट	7
मिनु	यसपछि	7
?	,	7
।	गरी	7
दाक्‍बा	प्रेम	7
इच्‍का	थोरै	7
मुरपुकीमी	ताकि	7
खिं	भित्र	7
कली	गर्दा	7
कली	गर्‍यो	7
निक्‍शीमी	कसैले	7
सहर	सहरका	7
रां	शरीरले	7
सुइक्‍चा	विश्‍वासयोग्य	7
तेको	जे	7
बाक्‍ल	होस्	7
सु	कोही	7
बाक्‍त	चाहन्थे	7
रे	जीवित	7
रिम्‍शो	विश्‍वासयोग्य	7
अर्को	अरू	7
लाजरस	लाजरसलाई	7
ब्‍वाक्‍कु	पानीको	7
ङा	देखेको	7
पा	जस्तै	7
ठेयब	त्यो	7
सासन	शासन	7
सुइक्‍ब	गरेका	7
बाक्‍मे	हो	7
,	खडा	7
वारच	विश्‍वासघात	7
गे	ताकि	7
दीसा	दिन	7
बाक्‍ङानु	हुँदा	7
हना	तपाईंहरूलाई	7
मीश	स्‍त्रीहरूले	7
मुल	,	7
देंशो	बोलेका	7
ब्रोंइतीक	जीवन	7
मुरपुकीमी	संसारले	7
मेको	उहाँमाथि	7
नेल्‍लेमी	हरेक	7
छक	चिह्न‍हरू	7
थमा	स्वीकार	7
मसुइक्‍नीनी	गर्दैनौ	7
रागीम	संसारमा	7
छेङछेङमी	ज्योतिमा	7
प्रभु	महाशय	7
ख्रीस्‍त	उहाँमा	7
गेशो	दिनुभएको	7
गेना	जीवनको	7
लीशो	बाँकी	7
समुन्‍द्र	समुद्रमा	7
हना	सदैव	7
गो	तिमीहरू	7
गोपुकी	हामीहरू	7
मरिम्‍शो	पापको	7
तुइक्‍नय	जान्दछौँ	7
लोव़	बोलेको	7
।	हुन्छ	7
सुम	जसले	7
आफ	पिताकहाँ	7
लोव़	बोलिरहेको	7
गेपुकी	कि	7
गेप्‍तु	दिनुभयो	7
गेपुकी	तिमीहरूलाई	7
किताबमी	पुस्तकमा	7
यावेमी	भन्‍नुहुन्छ	7
परमप्रभुमी	परमेश्‍वरले	7
कली	नियुक्त	7
चढ़ेब	पूजाहारी	7
गेय	निम्ति	7
प्रोंइचा	स्वतन्‍त्र	7
हनानीया	हननिया	7
ग्रीक	ग्रिक	7
यावे	निम्ति	7
सुइक्‍ब	मण्डलीको	7
तातामी	देखेँ	7
,	निर्णय	7
थमा	विश्‍वासबाट	7
आस	उनीहरूलाई	7
रे	पार्नुभयो	7
सिलास	सिलासलाई	7
प्रभुमी	परमेश्‍वरले	7
’	ʼ	7
।	हुन	7
मूर्ति	मूर्तिलाई	7
का	भाग	7
रे	निम्ति	7
फेस्‍तसमी	फेस्तसले	7
लोव़	नसक्‍ने	7
सैतान	शैतानको	7
मेको	हामीलाई	7
मेकोपुकीमी	जसले	7
रिम्‍शो	भलाइ	7
आस	भविष्यको	7
सोक्‍तीम	आत्माद्वारा	7
छेङछेङ	महिमाको	7
शेंनीकी	गर्छौं	7
प्रभु	परमप्रभुमा	7
बाक्‍तेक्‍म	हुन्	7
,	काम	7
बाक्‍बा	छन्	7
माल्‍नीनी	गर	7
ब्रेक्‍ताक्‍ङ	लेखेको	7
नित्‍तीके	सिंहासनको	7
जन्‍तु	प्राणी	7
ग्रोव़	सिङ	7
पाठामी	थुमाले	7
कुप्‍फीमी	निधारमा	7
इसहाक	इसहाकका	6
दाऊदमी	दाऊद	6
कुरशो	गर्भवती	6
,	विचार	6
नेसी	अगमवक्‍ताद्वारा	6
यावेमी	परमप्रभुले	6
लोव़	भनाइ	6
कोव़ज	गर्भवती	6
गोपुकी	हामीसँग	6
खुप्‍शा	भेला	6
आइक्‍च	कम	6
लने	जाओ	6
कली	गर	6
फो	देखा	6
मेको	त्योभन्दा	6
लोव़	अगमवक्‍ताहरूद्वारा	6
रे	कि	6
बाक्‍तीकेमी	आउनुभयो	6
दुम्‍माक्‍त	हेर	6
स्‍वर्ग	स्वर्ग	6
यिशा	तल	6
स्‍वर्ग	स्वर्गदूतहरूलाई	6
थुं	परीक्षा	6
छिङछिङम	अन्धकारमा	6
बाक्‍बपुकीमी	मानिसहरूले	6
माइश्‍शो	भनिने	6
गालील	गालीलका	6
जाक्‍मा	उहाँकहाँ	6
यो	निम्ति	6
बत्ती	बत्ती	6
जाक्‍ती	आएको	6
लोव़	भङ्ग	6
यावे	स्वर्गको	6
इन	तिमीहरूसँग	6
दाक्‍तीने	गर	6
आन	गर्नेहरूका	6
श्‍येत	तिमीहरू	6
गुइमी	हातले	6
गुइ	हातले	6
बाक्‍ब	रहनुहुन्छ	6
छिङछिङ	अन्धकार	6
स्‍वर्गम	स्वर्गीय	6
सुर्ता	चिन्ता	6
दोपा	जुन	6
देंने	भन्‍न	6
पने	निम्ति	6
गाक्‍नीम	छन्	6
निक्‍शी	थोरै	6
फल	रुखले	6
लोव़	बोलेका	6
देंशो	पालन	6
यिशा	आयो	6
हना	त्यो	6
खिं	घरलाई	6
पाइब	एक	6
कली	जनालाई	6
शेप्‍शा	हुनेछ	6
आ	भई	6
छुल	उठिन्	6
आफ	बुबालाई	6
?	कि	6
बाक्‍त	भेटे	6
बेक्‍मा	मरे	6
दुम्‍मे	भएको	6
क्‍याम्‍साक्‍व	क्षमा	6
तुइश्‍शा	पाउनुभयो	6
आन	हृदयमा	6
तशा	देख्यो	6
पोक्‍ब	उठाउनेहरू	6
बाक्‍म	हो	6
ब्रेत्‍थ	बोलाउन	6
जाक्‍शा	उहाँकहाँ	6
शुश	प्रायः	6
हना	तिनी	6
फेक्‍शो	उहाँको	6
साते	पारेको	6
वाइ	स्वरले	6
येसु	यो	6
१२	बाह्रै	6
आन	म	6
वोइश्‍शो	लुकाइएको	6
मुर	मानिसका	6
येसु	जब	6
पशो	गर्नुभएका	6
कोव़थ	हेर्न	6
रे	दिनदेखि	6
नेंनल	सुनोस्	6
नु	भएका	6
मुर	निम्ति	6
गे	तपाईंको	6
नाइक्‍चा	विश्राम	6
ब्रेम्‍शो	नम्र	6
नाइक्‍तीक	शबाथको	6
सोव़शो	सुकेको	6
सापाइक्‍तीक	निको	6
मुर	व्यक्‍तिलाई	6
।	न	6
मिक्‍च	देख्‍न	6
राज्‍य	राज्यलाई	6
नोले	आउने	6
चिन्‍ड	चिन्हहरू	6
ङोंइती	पहिलेको	6
लोव़	बोल्दै	6
लोक्‍बपुकी	भाइ	6
दाक्‍शो	इच्छाअनुसार	6
रे	निस्केर	6
कथा	दृष्‍टान्तहरूमा	6
ग्‍याङग्रो	ढुङ्गेनी	6
,	किन	6
राज्‍य	राज्यका	6
परमप्रभु	धर्मी	6
जरमेशोमी	पुत्रले	6
शेप्‍शा	दाह्रा	6
पवानु	भने	6
मेकेर	त्यस	6
नु	माझमा	6
हेरोद	हेरोदले	6
ममामी	भनिन्	6
गेयीनी	दिनुहोस्	6
डालो	बटुले	6
कली	आदेश	6
आगा	भित्र	6
ग्रांग्रा	अपवित्र	6
मिक्‍च	अन्धो	6
खुइ	चोरी	6
आ	तिनकी	6
चाक्‍शा	ल्याए	6
ङोइश्‍शा	चढ्नुभयो	6
डालो	टोकरी	6
नाक्‍त	दिनपछि	6
हे	“	6
कली	गर्नुहोस्	6
लशा	जाऊ	6
आन	उनीहरूका	6
।	गर्दछ	6
अर्को	गैरयहूदी	6
मो	त्यसैले	6
देनार	दिनार	6
सेउ	बिन्ती	6
थुं	निराश	6
इ	तेरा	6
मोपतीके	तिमीहरू	6
परमप्रभु	जे	6
कली	आमालाई	6
इ	तिमीसँग	6
नेल्‍ल	त्यो	6
?	छैन	6
गेशो	दिने	6
गेचा	दिने	6
हुकुम	अधिकार	6
पाइनीम	गर्दछन्	6
लां	भएर	6
दे	रहन	6
राशी	हाँगाहरू	6
होसन्‍ना	होसन्‍ना	6
मेकेर	तिनीहरूले	6
माइ	हुन्	6
छक	गर्नुभएका	6
प्रार्थना	प्रार्थनामा	6
मिम्‍तीने	विचार	6
।	केही	6
इन	तिमीहरूभन्दा	6
सेल्‍शा	बनाए	6
बाक्‍त	पठाए	6
सदमे	मारे	6
इन	तिमीहरूबाट	6
बाक्‍त	डराए	6
ठीक	निम्ति	6
सिजर	कैसरलाई	6
जाक्‍शा	सोधे	6
चढ़ेशो	भेटी	6
दे	गवाही	6
ङोंइती	माझमा	6
खिं	मन्दिरबाट	6
गेना	कहिले	6
शुश	वृद्धि	6
मोदेंशो	तिमीहरू	6
तुराही	तुरहीको	6
जाम्‍शा	बितेर	6
नाक्‍दो	रातको	6
खुइ	चोर	6
मइप्‍थु	जागा	6
भेडा	भेडाहरूलाई	6
गेना	अनन्‍त	6
खाल्‍पापुकी	एल्डरहरू	6
पियामी	शिरमा	6
मारदे	कारण	6
रिम्‍शो	राम्रो	6
तेल	अत्तर	6
मुल	समय	6
रिक्‍मेनु	पर्‍यो	6
आन	दिनुभयो	6
गे	म	6
लेंशा	दोस्रो	6
लेंशा	तेस्रो	6
लय	जाऔँ	6
खिं	मन्दिरलाई	6
निक्‍शीमी	उहाँलाई	6
पत्रुसमी	उनले	6
मतुइक्‍नुङ	चिन्दिनँ	6
पिलातस	पिलातसकहाँ	6
हुश	रगतको	6
मिनु	तिनीहरूमध्ये	6
कामी	एक	6
कली	देखा	6
मीश	स्‍त्रीहरूलाई	6
येसु	त्यहाँ	6
नु	साथमा	6
लाप्‍चो	ढोकामा	6
सुनी	सबेरै	6
ओंथ	वरिपरि	6
मचाप्‍मे	सकेनन्	6
बाक्‍त	पारे	6
नेल्‍लेमी	तिनीहरू	6
कली	होस्	6
सुइ	कसैले	6
खपीम	जमिनमा	6
बाक्‍त	आउनुभयो	6
दोरशा	दौडेर	6
पुन्‍मे	बिन्ती	6
हिंमा	डराए	6
मीश	भएकी	6
बाक्‍को	गर	6
लाक्‍मा	भए	6
दोपा	कस्तो	6
रोइ	बिरामीहरूलाई	6
बेक्‍शो	भई	6
जेल्‍खानमी	कैदमा	6
सोइश्‍शोपुकी	प्रेरितहरू	6
बाक्‍त	गर्थे	6
दे	जसको	6
आन	भन्‍नुभयो	6
“	पत्रुसलाई	6
आ	सुसमाचारको	6
माल्‍ब	हुनुपर्छ	6
।	राख	6
”	दिए	6
आल	बालबालिकाहरूलाई	6
आलपुकी	बालकहरू	6
साइक्‍चा	मार्ने	6
सोइक्‍तमे	पठाइदिए	6
सक्ति	शक्‍तिको	6
यावे	सारा	6
ठीक	असल	6
दुम्‍ने	हुन	6
बाक्‍त	हाले	6
शेंसीब	चेलाहरूमध्ये	6
थुं	तिमीहरूलाई	6
यो	हुन्छन्	6
आ	जे	6
तला	माथिल्लो	6
नोले	मैले	6
,	यहूदी	6
कली	हातमा	6
,	हानि	6
प्रभु	प्रभुले	6
थमा	थाहा	6
ठीक	धार्मिकतामा	6
सुइ	यसो	6
महिना	महिना	6
मेको	त्यसपछि	6
पाप	मुक्‍तिको	6
सेल्‍शा	गरे	6
।	जुन	6
मोसामी	मोशाको	6
सोक्‍तीमी	आत्माको	6
बर्स	वर्षको	6
पिलातस	पिलातस	6
प्रुङग	गरिबहरूलाई	6
नेंतक	सुनेका	6
ला	पनि	6
मेकोपुकीमी	यसो	6
सिमोन	सिमोनलाई	6
शेंब	प्रभु	6
साशो	निको	6
राप्‍शा	खडा	6
किकी	पुर्खाहरूले	6
गे	तिमीसँग	6
दुम्‍नीनी	हुनेछौ	6
कली	मानिसहरूप्रति	6
आं	आफ्नो	6
कली	जातिहरूलाई	6
हिरशा	फर्केर	6
सोइश्‍शो	पठाइएका	6
देंशा	होः	6
मुरपुकीमी	,	6
येसुमी	तिनलाई	6
सहर	सहरलाई	6
इं	हामीसँग	6
गे	आँखा	6
लोव़	विवाद	6
पा	छु	6
आ	हुनुभयो	6
तशो	देखेको	6
सामरीया	सामरी	6
बाक्‍त	भरिए	6
माल्‍ब	आवश्यक	6
मरिम्‍शो	पापहरू	6
मिम्‍तीने	गर	6
थमा	विश्‍वासी	6
गेय	सेवकहरू	6
मुर	हो	6
मोदेंशो	त्यसैले	6
वा	वस्‍त्रहरू	6
पाता	गरेँ	6
गेय	व्यवहार	6
गो	आफैँलाई	6
कि	वा	6
श्‍येत	यसले	6
मनङ	छैनँ	6
दुम्‍त	आएको	6
थमा	सत्यता	6
चिन्‍ड	चिह्नहरू	6
मदाक्‍नीम	घृणा	6
मोपतीके	तब	6
आं	त्यो	6
सुइक्‍ब	भाइहरूलाई	6
शुक्‍शी	अपमान	6
सजाइ	सजाय	6
निक्‍शी	मानिसहरू	6
गुइ	हातहरू	6
थुं	विवेक	6
माल्‍ब	गर्नुपर्छ	6
अरेशो	व्‍यवस्‍था	6
आ	पिताको	6
जाक्‍ने	आउन	6
जोल	छल	6
सोक्‍त	आत्माबाट	6
सुमी	किनकि	6
थमा	ग्रहण	6
मेको	न	6
परमप्रभु	जान्दछौँ	6
पाप्‍तु	गर्नुभयो	6
मपावो	नगर	6
सोइक्‍ब	पठाउनुहुने	6
मपाइब	गर्दैन	6
तन्‍न	यदि	6
गन	गनगन	6
बेक्‍तेक्‍म	मरे	6
लोक्‍बपुकीमी	भाइहरूले	6
ङा	आएका	6
पाइबपुकी	अगमवक्‍ताहरू	6
तुइक्‍नुङ	चिन्छु	6
अब्राहाममी	अब्राहाम	6
”	छु	6
साइक्‍चा	ज्यान	6
यहूदीपुकी	यहूदीहरू	6
आ	कुराहरूका	6
दाइल	ठेस	6
गेमी	तपाईंले	6
छेङछेङ	ज्योतिको	6
मटीब	कठोर	6
पाइतीनी	गर्‍यौ	6
मार	थोक	6
पुंइनुङ	प्रार्थना	6
ग्‍येरसीशा	आनन्द	6
।	गर्दछु	6
,	बिन्ती	6
लोव़	वचनद्वारा	6
पत्रुस	तिनलाई	6
मोपतीके	“	6
हिब्रू	हिब्रू	6
कली	अनुमति	6
मुर	हुन्	6
तपांइसाक्‍व	पर्नुभयो	6
सक्ति	शक्ति	6
सेंताक्‍व	पार्नुभयो	6
यावेमी	यसकारण	6
गेशो	प्रतिज्ञा	6
अर्ती	आग्रह	6
ख्रुम्‍शा	लिए	6
गो	तपाईंहरू	6
गेय	कामको	6
वोंइश	पतिको	6
नेल्‍ल	सबैले	6
किकी	पुर्खाहरू	6
मोपतीके	गर्दा	6
चोव़खो	शुद्ध	6
बारनाबास	बारनाबासलाई	6
आन	आज्ञा	6
हना	समयमा	6
यहूदी	यहूदीहरूले	6
थमा	केही	6
पावल	उनको	6
थमा	मण्डली	6
सोइश्‍शो	प्रेरितहरू	6
गो	हामीहरू	6
शिशी	अनुग्रहद्वारा	6
तिमोथी	तिमोथीलाई	6
आ	कुरामा	6
कोरिन्‍थ	कोरिन्थमा	6
एसीया	एसियामा	6
ङोइश्‍शा	यात्रा	6
थुं	मनको	6
नागरिक	नागरिक	6
लोव़	विरुद्धमा	6
पाइब	गर्नुहुन्छ	6
थुंमी	हृदयले	6
दाक्‍शो	प्रियहरू	6
सुइश्‍शा	विश्‍वासद्वारा	6
थमा	सत्यताको	6
निसाफ	इन्साफ	6
चिनु	बेखतना	6
वाइल	सेवक	6
रां	शरीरका	6
।	गर्छ	6
आस	निश्‍चयता	6
थुं	विचार	6
रे	आउने	6
रुश	डाही	6
पुंइसाक्‍यी	छु	6
दाक्‍मुशा	प्रेम	6
थमा	विश्‍वासीहरूका	6
सक्तिमी	शक्‍तिद्वारा	6
बाक्‍को	अभिवादन	6
येसुमी	येशूमा	6
नकी	हुँ	6
।	कारणले	6
नु	सहभागी	6
मीश	स्‍त्रीबाट	6
सेल्‍शो	गरिएका	6
गेब	दिइएको	6
बाक्‍नीमी	हुन्	6
गेय	स्वर्गदूतहरूको	6
दाक्‍तीक	प्रेम	6
इं	हामीमा	6
इन	तिमीहरूप्रति	6
दुम्‍तीनी	हौ	6
छेङछेङ	महिमित	6
प्रभु	परमप्रभु	6
पा	धारण	6
।	थियौँ	6
बाक्‍तय	थियौँ	6
वाइलीम	दासहरू	6
तेल्‍लेम	अनैतिक	6
गो	तिमीहरूका	6
,	धारण	6
माइश्‍शो	,	6
लील	रहोस्	6
पाप	मुक्‍ति	6
कुम्‍सो	गीत	6
हुश	रगतद्वारा	6
इम्‍चीली	सानो	6
पाइश्‍शो	परमप्रभु	6
तांइसाक्‍व	थियो	6
शेंब	दूतलाई	6
ब्रेक्‍पाइक्‍ती	लेखः	6
नेंने	हुनुहुन्छ	6
सेंदामी	सोरमा	6
पाठा	थुमाका	6
कुन	धुवाँ	6
मोइक्‍तु	खन्याए	6
यहूदामी	यहूदा	5
१४	चौध	5
बाक्‍माक्‍त	गरे	5
पाइबमी	भने	5
“	हे	5
मरीयम	मरियमलाई	5
चहिं	उहाँ	5
,	भएपछि	5
ताइतक	देख्यौँ	5
इं	मेरा	5
इस्राएली	इस्राएलको	5
कली	तिनीहरू	5
दे	चेतावनी	5
रागी	देशमा	5
बाक्‍त	पाए	5
दे	मानिसहरूबाट	5
कली	मार्न	5
मो	यसरी	5
परमप्रभु	परमप्रभुका	5
लां	मार्ग	5
शुश	निम्ति	5
आं	मपछि	5
मशिरनुङ	योग्यको	5
सोक्‍ती	आत्मा	5
परमप्रभु	फेरि	5
सेउ	दण्डवत्	5
गोवा	थाल्नुभयो	5
येसुमी	देख्‍नुभयो	5
शेंना	गर्दै	5
रोइ	बिमारीहरूलाई	5
सुम्‍शो	लागेका	5
ङोइश्‍शा	जानुभयो	5
ताइनीम	पाउनेछन्	5
आसीक	धन्यका	5
पाम्‍तेक्‍म	थिए	5
नेल्‍ल	पुरा	5
आ	व्यवस्थाको	5
लोव़	कुराहरूलाई	5
मसाइक्‍चा	हत्या	5
ए	तँ	5
चढ़ेचा	भेटी	5
कली	दोष	5
ङा	कुनै	5
दे	यसो	5
आफ	पिताका	5
आफोमी	उहाँले	5
रिम्‍शो	सिद्ध	5
ङोंइती	सामुन्‍ने	5
पनीनु	गर्छौ	5
मेकोपुकीमी	मानिसहरूले	5
खोदेंशो	जस्ता	5
जचा	भोजन	5
बाक्‍शो	बसिरहेका	5
गेपुकीमी	तिमीहरूमध्ये	5
आन	इन्साफ	5
।	हुनेछैन	5
पुंइतु	माग्दा	5
शेंतीक	शिक्षा	5
दूली	झुटा	5
सिप्‍ब	फलाउँछ	5
हे	हे	5
कली	शुद्ध	5
थिशा	छुनुभयो	5
का	उहाँकहाँ	5
छिङछिङमी	अन्‍धकारमा	5
गुइ	हातमा	5
कली	सेवा	5
परमप्रभु	हे	5
’	छन्	5
रागीमी	पृथ्‍वीमा	5
लमेनु	जाँदै	5
मत्ती	मत्ती	5
का	व्यक्‍तिलाई	5
कली	गर्नलाई	5
ङा	झन्	5
थैलोमी	मशकमा	5
वोल	भूतात्मा	5
गाउं	गाउँहरूमा	5
शेंसीब	चेलालाई	5
थोमास	थोमा	5
जाम्‍शो	हराएको	5
पाइब	हुनुहुन्छ	5
खिं	घरानालाई	5
तांइसीब	प्रकट	5
,	विरुद्ध	5
आम	आमालाई	5
नोले	निम्ति	5
श्‍येत	क्रुस	5
ब्राइब	स्वागत	5
पाइब	अगमवक्‍तालाई	5
मुर	भएको	5
सहर	सहरहरूमा	5
कली	पठाए	5
अर्को	अर्कै	5
मुर	भिडहरूलाई	5
पिप	राजाहरूका	5
दोदेंशो	तुलना	5
यूहन्‍नामी	यूहन्‍ना	5
देंनीम	भन्छन्	5
थुं	पश्‍चात्ताप	5
ङा	मालिक	5
मेको	व्यक्‍तिले	5
ताइनीनी	पाउनेछौ	5
लां	हुँदै	5
नाइक्‍तीक	शबाथमा	5
?	थियो	5
ला	मात्रै	5
भेडा	भेडा	5
का	कति	5
ब्राशा	विभाजित	5
सैतान	शैतानलाई	5
गो	मसित	5
मुरपुकीमी	मानिसले	5
मुल	यो	5
रवा	रुखलाई	5
मेकोन	त्यही	5
नेल्‍लेमी	मानिसहरूले	5
पशो	आफूले	5
लोव़	वचनको	5
फरिसी	फरिसीहरूले	5
लाक्‍शा	अरू	5
वोल	आत्मालाई	5
खिं	घरबाट	5
शाक्‍श	जरा	5
३०	तिस	5
तेम्‍शा	अझ	5
नेंचा	सुन्‍ने	5
कामी	जसले	5
‘	मालिकले	5
यो	तर	5
ख्रुइश्‍शो	लुकाइएका	5
मीम	आगोको	5
जाक्‍शा	आउनेछन्	5
मनमी	होइनन्	5
बेक्‍शो	मरेकाहरूबाट	5
ममामी	आमाले	5
ब्‍वाक्‍कुम	मलाई	5
थुं	निकै	5
लाइश्‍शा	लगेर	5
डोंगा	डुङ्गाबाट	5
डालो	टुक्राहरू	5
मीश	महिला	5
येसुमी	आफ्ना	5
नां	बिहान	5
हिंशा	भयभीत	5
लोव़	मानिसहरूले	5
मेकोपुकीमी	तिनीहरूलाई	5
थुं	हृदयबाट	5
मेकेर	ठाउँ	5
सेल्‍शा	दिए	5
ङा	सक्छौँ	5
‘	भन्छौ	5
लोव़	भनेँ	5
सिजरिया	कैसरिया	5
मार	को	5
शेंशो	गरेको	5
कली	हो	5
”	गर्नुभयो	5
जोक्‍ब	धर्म-गुरुहरू	5
लदा	लैजानुभयो	5
एलीया	एलियाको	5
गोस्‍स	बादल	5
तशा	प्रसन्‍न	5
शेंसीबपुकी	चेलाहरूले	5
बोक्‍कीन	उठ	5
थेक्‍शा	टेकेर	5
सुइक्‍तीनी	छ	5
डांडा	पहाडलाई	5
जरमेशोमी	पुत्र	5
शोव़	मुख	5
एको	किनकि	5
लोक्‍बमी	भाइले	5
पत्रुसमी	पत्रुस	5
शुश	अगाडि	5
बाक्‍त	पर्‍यो	5
थाम्‍चा	जाँच	5
नेल्‍ल	कि	5
’	आज्ञा	5
मीश	पत्‍नीहरू	5
मीश	स्‍त्रीसँग	5
मेकोमी	भन्यो	5
लोव़	आज्ञाहरू	5
शुश	उहाँलाई	5
मपचा	नगर्नू	5
ङा	हुने	5
पाइश्‍शो	भएको	5
ओटा	बाह्रवटा	5
बजे	बजे	5
३	तिन	5
नोले	अन्त्यमा	5
लां	बाटोमा	5
शेंसीब	उहाँले	5
मुल	हेर	5
तूने	पिउन	5
माल्‍ब	हुनुपर्दछ	5
लसे	जाओ	5
कली	घर	5
लाक्‍चा	अचम्मका	5
,	हुनुभयो	5
रवा	बोट	5
नोले	समयपछि	5
रू	दाखबारी	5
पिपमी	राजाले	5
मकोव़थु	गर्नुहुन्‍न	5
जाक्‍तेक्‍म	आए	5
आ	गर्नुपर्छ	5
रे	पुनरुत्थानको	5
सोक्‍त	आत्माले	5
खोइल	पाउदान	5
दाऊदमी	दाऊदले	5
टिने	गर	5
लाइश्‍शो	लामो	5
पचा	गर्नुपर्ने	5
डांडामी	डाँडामा	5
जात	विरुद्धमा	5
जात	जाति	5
रागीमी	ठाउँमा	5
जाक्‍ब	आउनेछ	5
नां	अँध्यारो	5
जाक्‍माक्‍त	नजिकै	5
मतुइक्‍नीम	थाहा	5
स्‍वर्ग	स्वर्गका	5
पन	गर्दै	5
सम्‍म	तिनीहरूलाई	5
सासीशा	जागा	5
गेचा	ठिक	5
रिम्‍शो	त्यसै	5
बत्ती	बत्तीहरू	5
कुरशा	लिएर	5
छेङछेङमी	महिमामा	5
एको	नै	5
मतनीनु	तपाईंलाई	5
गेय	दूतहरूका	5
बाक्‍शो	हुनुभएको	5
नित्‍थ	दिनपछि	5
आ	गरेका	5
पास्‍सा	चाडको	5
वा	सकिन्थ्यो	5
,	हरेकले	5
हिल्‍लो	सोध्‍न	5
देंनेवे	गर्नेछौ	5
पाप	परीक्षामा	5
मचाप्‍ब	कमजोर	5
लेश्‍शा	फेरि	5
पुक्‍पु	चुम्बन	5
कली	अभिवादन	5
येसु	येशूसँग	5
लोव़	भनेको	5
मिनु	बेला	5
खाल्‍पा	एल्डरहरू	5
राप्‍शा	उभिए	5
निक्‍शीमी	मानिसहरूले	5
चढ़ेबमी	पुजारीले	5
मुल	अबदेखि	5
गुइमी	सुम्पिदिए	5
मुल	आजको	5
देंतीनी	भन्‍नुहुन्छ	5
दोस	अभियोग	5
बारब्‍बा	बारब्बा	5
माइश्‍शो	नाम	5
पर्बम	कारणले	5
आ	तिनीहरूले	5
आंमा	आफ्नै	5
शीमी	उहाँलाई	5
पेरा	क्रुसमा	5
पिया	टाउको	5
आंमा	आफैँलाई	5
परमप्रभु	मेरा	5
सोक्‍त	प्राण	5
बाक्‍माक्‍त	रहेछन्	5
गाक्‍माक्‍त	गए	5
मेको	अर्को	5
जोल	धोका	5
दे	झन्	5
,	लाग्दा	5
खोइल	पाउ	5
आन	यस्तो	5
मेको	उनीहरूलाई	5
का	तर	5
ब्रेक्‍शो	अगमवक्‍ताको	5
मिनु	पुरै	5
जाक्‍ब	आउँदै	5
ग्‍येरपाइक्‍ब	सुसमाचारमा	5
पशो	गरिरहेका	5
जाक्‍दीम्‍मा	आउनुभयो	5
?	को	5
ग्रुम्‍तीक	सभाघरबाट	5
खिंम	घरमा	5
बाक्‍त	थाल्यो	5
नोले	दिनपछि	5
कली	आफ्‍नो	5
देंचा	भन्‍नु	5
समुन्‍द्र	तालको	5
नेक्‍था	उहाँकहाँ	5
मचाप्‍नीम	सक्दैनन्	5
शुश	धेरैलाई	5
लोव़	कडा	5
जिशा	विरुद्धमा	5
मरिम्‍शो	ईश्‍वर-निन्दा	5
बाक्‍त	बढे	5
नेंब	सुन्‍ने	5
नेंनीम	सुन्छन्	5
नाक्‍दो	रातमा	5
,	अर्कालाई	5
में	हो	5
दुम्‍मे	थियो	5
दोदेंशो	कस्तो	5
याइरस	सभाघरका	5
ठेयब	अगुवा	5
आन	अरू	5
पा	गरिरहेको	5
शुशेमी	धेरैले	5
सक्ति	अधिकार	5
गेवा	दिनुभयो	5
,	पुगे	5
इन	साहसी	5
तुइक्‍ब	केही	5
ब्रेक्‍शो	लेखे	5
कली	मबाट	5
आल	छोराछोरीहरूलाई	5
मेकोपुकी	तिनीहरूसँग	5
आन	अगाडि	5
छुल	तुरुन्तै	5
ङा	एउटा	5
लाइश्‍शा	लगे	5
दुम्‍बा	हुन्छ	5
मार	जीवनको	5
बाक्‍तीके	ठाउँ	5
सेउ	अभिवादन	5
आल	बालकको	5
ब्राइबा	ग्रहण	5
ब्राइबा	गर्छ	5
खोइली	खुट्टा	5
मीम	आगोले	5
रे	छोडेर	5
मोपतीके	यही	5
बाक्‍चा	हुन	5
आ	त्यो	5
लोव़	वचनहरूमा	5
तूचा	पिउने	5
परमप्रभु	जसको	5
फोव़शी	अञ्‍जीरको	5
ओव़शा	प्रवेश	5
बाक्‍त	खोजे	5
दे	तिमीलाई	5
मोपतीके	त्यसपछि	5
कली	नाश	5
लोव़	धर्मशास्‍त्र	5
सक्ति	शक्‍तिले	5
लोव़	हो	5
एकोमी	तिनले	5
,	त्यसपछि	5
वोंइश	एक	5
मीश	विधवा	5
लडाइ	युद्ध	5
आंम	आफूलाई	5
बाक्‍बपुकी	हुनेहरू	5
छेङछेङ	प्रकाश	5
तुइक्‍नीनी	तिमीहरूले	5
गेना	कहिल्यै	5
कोव़शा	,	5
चाड	चाडको	5
नाक्‍ती	समयमा	5
मारदे	यो	5
का	जनाले	5
पाप	निम्ति	5
दुम्‍चा	होस्	5
पा	तिनीहरूका	5
दोस	गल्ती	5
ख्रीस्‍तमी	ख्रीष्‍ट	5
,	देखेर	5
मार	यो	5
मरीयममी	मरियमले	5
ङोंइती	दृष्‍टिमा	5
पुंइना	प्रार्थना	5
वाइलीम	दासी	5
मिनु	जहाँ	5
पा	यसो	5
आं	कि	5
ला	पवित्र	5
परमप्रभुमी	परमप्रभुले	5
चिनु	गर्न	5
कली	झैँ	5
थुं	शान्तिको	5
आ	व्यवस्थाले	5
इस्राएली	इस्राएलमा	5
थुं	हृदयका	5
लां	यात्रा	5
,	भन्‍न	5
आदम	आदम	5
नाक्‍त	दिनहरूमा	5
हुकुम	शासन	5
इ	आफ्ना	5
बाक्‍ब	छैनन्	5
लोव़	साक्षी	5
यो	आफैँलाई	5
लोव़	म	5
सिमोनमी	सिमोनले	5
मिम्‍शो	विचार	5
थुंम	हृदयमा	5
ताइतय	छौँ	5
लोव़	कुराकानी	5
मुल	जो	5
गेने	देऊ	5
पाइतीनी	गर्छौ	5
इन	आफैँलाई	5
देंती	भन्छु	5
मुरपुकी	तिनीहरू	5
जाक्‍शा	,	5
खमे	खानलाई	5
“	उसले	5
५०	पचास	5
तशा	देखेपछि	5
नु	येशूसँगै	5
दे	आउन	5
अधिकार	शक्‍ति	5
छक	अन्योलमा	5
बाक्‍शा	थिए	5
मेको	जो	5
योव़शो	चुनिएका	5
मपाइब	हुँदैन	5
नोले	तब	5
बेक्‍शो	मृतकहरूलाई	5
बाक्‍कीन	होस्	5
थुं	शान्ति	5
गे	तपाईंलाई	5
थाम्‍चा	परीक्षामा	5
लाङगा	बाहिर	5
मुर	बस्‍ने	5
कली	भार	5
तुइक्‍तीक	बुद्धिको	5
मिनु	त्यसै	5
पाइब	गर्दछ	5
सु	हरेक	5
कली	कति	5
खोदेंशो	आफैँलाई	5
,	समयको	5
एको	यसलाई	5
मिनु	यसले	5
ठेयब	शासकहरू	5
दीसा	भोलि	5
काबु	एउटा	5
बाक्‍त	रहे	5
”	गर	5
लोक्‍बपुकी	दाजुभाइ	5
सेल्‍चा	निर्माण	5
यावे	अगमवक्‍ताका	5
रवा	नेभाराको	5
नय	हौँ	5
आंइ	हामीमाथि	5
मताइनीनी	देख्‍नेछैनौ	5
यावे	भय	5
बाक्‍चा	प्राप्‍त	5
सहरमी	त्यहाँ	5
ग्‍येरसीशा	खुसीसाथ	5
मीना	सिक्‍का	5
आ	परमप्रभुको	5
आन	आफू	5
बेक्‍शो	मृतकबाट	5
देंमा	”	5
ठेयब	ठुला-ठुला	5
चां	कपाल	5
गाइश्‍शो	क्रोध	5
इन	तिमीहरूमाथि	5
चहिं	जसलाई	5
जिचा	झगडा	5
हुकुम	राज्य	5
थुं	तिमीहरू	5
गेय	स्वर्गदूत	5
मिनु	पत्रुस	5
ठेयब	शासकहरूले	5
थमा	उनले	5
ङोन	टाढै	5
आन	प्रेरितहरूलाई	5
सुइक्‍ने	गर्न	5
आंम	आफैँ	5
जाक्‍त	आउनुभयो	5
बाक्‍शो	बास	5
बाक्‍ब	हुनुहुन्‍छ	5
सोक्‍त	आत्‍मा	5
नेंशा	सुन्‍ने	5
काइ	कुनै	5
इस्राएली	इस्राएली	5
लेंशा	,	5
बाक्‍त	थिइन्	5
सोइक्‍ताक्‍व	पठाउनुभयो	5
पाइबा	गर्ने	5
ठेयब	माथि	5
गेब	दिने	5
इच्‍का	समय	5
थमा	साँचा	5
पिने	आओ	5
प्रोंइब	उद्धारकर्ता	5
ङा	घोषणा	5
पास्‍सा	चाडमा	5
यहूदीया	यहूदियाबाट	5
आं	किनकि	5
पचा	गर्ने	5
पतीक	गर्ने	5
कली	दिनुभएका	5
कली	कस्तो	5
मोसामी	मोशा	5
गेय	पुरा	5
रां	देह	5
मोपा	यसरी	5
यहूदा	यहूदाको	5
हना	गर्छ	5
पा	तरिकाले	5
बाक्‍मे	छन्	5
एको	यिनलाई	5
माल्‍नय	गर्नुपर्छ	5
मेको	यसका	5
बाक्‍ती	थिएँ	5
दुम्‍मल	होऊन्	5
।	सकोस्	5
सुतीन	गर	5
मारथामी	मार्थाले	5
।	जहाँ	5
सक्ति	महिमा	5
सेल्‍ब	गर्नुहुनेछ	5
नेंतक	छौँ	5
रे	संसारबाट	5
दाक्‍मुने	प्रेम	5
ङा	मेरो	5
बाक्‍ब	हुनुहुनेछ	5
दुम्‍नीनी	सक	5
खोदेंशो	शुद्ध	5
मदाक्‍बा	घृणा	5
।	जसमा	5
कोव़ङानु	तिनले	5
हिब्रू	भाषामा	5
लाप्‍चो	ढोकाहरू	5
ब्रीशो	भरिएको	5
सांकछी	साक्षीहरू	5
मुर	दिने	5
नें	भनिने	5
छक	चिन्हहरू	5
इन	तपाईंहरूका	5
लोक्‍बपुकी	दाजुभाइहरू	5
परमप्रभु	प्रतिज्ञा	5
जाम्‍शा	नाश	5
आसीक	आशिषित	5
आसीक	आशिष्	5
।	बारेमा	5
मुल	अझ	5
वोंइश	पतिलाई	5
सुइक्‍ब	विश्‍वासीहरू	5
”	गर्छौ	5
प्रोंइब	मुक्तिदाता	5
।	भयो	5
वाइलीम	कमारा	5
जोक्‍तीक	बुद्धि	5
बारन	रूपमा	5
आ	आफ्नै	5
मूर्ति	मूर्तिहरूलाई	5
सुइक्‍बपुकीमी	चेलाहरूले	5
मान	भय	5
कोंइताक्‍व	प्रकट	5
प्रभु	प्रभुका	5
आ	अरू	5
निक्‍शीमी	मानिसहरू	5
शेंब	शिक्षकहरू	5
बाक्‍त	)	5
ङा	सन्तानहरू	5
शेंनीकी	घोषणा	5
रागी	गैरयहूदीहरूका	5
यावे	वचनको	5
आन	विरोध	5
सिलास	सिलास	5
ग्रीक	ग्रीक	5
बाक्‍तक	बस्यौँ	5
जेल्‍खान	झ्यालखानाका	5
पर्बम	जस्तो	5
आन	सबैको	5
जहाजमी	जहाजमा	5
नेल्‍ल	आफैँलाई	5
दुम्‍तेक्‍म	छन्	5
नेल्‍ल	नै	5
जिचा	वादविवाद	5
दे	मेरो	5
अग्रीप्‍पा	राजा	5
बेक्‍शा	जीवित	5
मरिम्‍शो	निन्दा	5
का	समयमा	5
जहाज	चालकहरूले	5
गोपुकीम	हामीले	5
,	तरिकाले	5
थमा	तिमीहरूका	5
इन	मेरो	5
मुर	गरिएका	5
मबाक्‍नीम	छैन	5
सुइक्‍तीके	विश्‍वासद्वारा	5
सुइक्‍तीके	विश्‍वासलाई	5
चाप्‍ब	सक्षम	5
अब्राहाम	उनको	5
का	अर्थात्	5
बाक्‍नय	छौँ	5
पाप	पापलाई	5
सोक्‍त	आत्मिक	5
मुर	शरीरको	5
ख्रीस्‍त	ख्रीष्‍टसँगै	5
ख्रीस्‍त	ख्रीष्‍टबाट	5
आल	सन्तानहरू	5
रीब	चाँडै	5
बाक्‍ब	गर्छ	5
दाक्‍शो	ग्रहणयोग्य	5
हना	छ	5
ग्‍येरसीने	आनन्द	5
नेल्‍ल	सबैसँग	5
ठीक	खडा	5
प्रभुमी	परमप्रभु	5
का	होस्	5
गेपुकी	त्यसकारण	5
माल्‍नीम	गरून्	5
नेल्‍ल	पूर्ण	5
का	,	5
पुनीन	प्रार्थना	5
पुनीन	गर	5
दाक्‍शो	इच्छाद्वारा	5
गेमुने	गर	5
दुमीने	होओ	5
ख्रुइश्‍शो	रहस्यको	5
क्‍याम्‍चा	निम्ति	5
हीरा	बहुमूल्य	5
दुम्‍ती	बनेँ	5
खोदेंशो	अनुकरण	5
मिनु	एक	5
ग्रांग्रा	अनैतिक	5
मीश	स्‍त्रीको	5
बाक्‍चा	होस्	5
ख्रोइक्‍तीक	न	5
वोंइश	पुरुषले	5
ग्‍युंबे	स्वतन्‍त्र	5
माल्‍नीम	हुनुपर्छ	5
परमप्रभु	एउटै	5
थुं	तिमीहरूको	5
कली	फाइदा	5
शेंशो	मण्डलीहरूलाई	5
जाक्‍ङानु	आउँदा	5
येसुमी	येशूको	5
तिमोथी	तिमोथीबाट	5
रे	बचाउनुभयो	5
बाक्‍नीकी	गर्छौं	5
दाक्‍तीके	प्रेमको	5
ङोन	शुद्ध	5
परमप्रभु	ईश्‍वरीय	5
मुल	मैले	5
ब्रेम्‍शो	नम्रता	5
माल्‍ब	नगर्ने	5
परमप्रभु	सट्टामा	5
थमा	अलग	5
परमप्रभु	येशूमा	5
टिने	बस	5
इन	आत्माको	5
ख्रीस्‍तमी	ख्रीष्‍टबाट	5
तेको	कुराहरू	5
दे	हुन	5
सैतान	शैतानका	5
गेय	कामहरूबाट	5
मेल्‍कीसेदेक	मल्कीसेदेकको	5
सुइश्‍शा	नै	5
ठेयब	शेखी	5
सुइक्‍ब	मण्डलीका	5
ग्रानीमी	जित्छ	5
कागज	मुट्ठोलाई	5
प्राक्‍ने	खोल्न	5
छाप	छापलाई	5
प्राक्‍गानु	खोल्‍नुभयो	5
शारा	सवार	5
ताप्‍तु	फुके	5
रागी	पृथ्‍वीमा	5
पिया	टाउका	5
बाक्‍त	थिई	5
बुस्‍स	अजिङ्गर	5
जन्‍तु	त्यसको	5
सेउ	पुजा	5
पालामी	समयमा	4
बेबीलोन	बेबिलोनको	4
बाक्‍माक्‍त	भयो	4
मरीयम	मरियमको	4
क्‍येङा	हुनुभन्दा	4
बाक्‍शो	हुनुहुन्छ	4
पाप	पापबाट	4
परमप्रभु	हुनलाई	4
यावे	परमप्रभुका	4
गेय	दूतले	4
आ	उनकी	4
बाक्‍मा	आएका	4
बाक्‍त	गराए	4
ग्रुंइशा	निकाले	4
ब्रोव़शो	सुगन्धित	4
फो	दूत	4
मोबु	बालक	4
मोबु	उहाँकी	4
आल	बालकहरूलाई	4
बेक्‍माक्‍त	मरे	4
इस्राएल	इस्राएल	4
हिंमाक्‍त	डराए	4
सहर	वरपरका	4
जाक्‍शा	उनीकहाँ	4
बाक्‍त	लिए	4
बुस्‍स	विषालु	4
आल	सन्तान	4
चाप्‍ब	सक्‍नुहुन्छ	4
ब्‍वाक्‍कुम	पानीले	4
हाम्‍शो	उहाँको	4
चेरब	गहुँ	4
“	दिँदै	4
।	देऊ	4
ब्‍वाक्‍कु	पानीबाट	4
दुम्‍शा	गरी	4
ग्‍येरसीनुङ	प्रसन्‍न	4
नवे	हुनुहुन्छ	4
सैतानमी	दुष्‍टले	4
इ	तपाईंका	4
पोक्‍च	घोप्‍टो	4
पाइबपुकी	स्वर्गदूतहरू	4
जाक्‍दीश्‍शा	जानुभयो	4
समुन्‍द्र	गालील	4
साइ	यशैया	4
लेत्‍तीन	गर	4
रे	जाँदै	4
सापाइक्‍ना	निको	4
बाक्‍तीकेमी	भएको	4
मिनु	मानिसहरूले	4
आन	ल्याए	4
,	पारिएका	4
ग्‍येरसीने	होओ	4
छेङछेङ	उज्यालो	4
पा	बिचमा	4
।	हुँ	4
दुम्‍ब	जानेछैन	4
मुर	हत्या	4
मसाइक्‍चा	नगर	4
ताइक्‍तो	फ्याँकिदेऊ	4
नरकम	नरकमा	4
पुंइसीचा	आफ्नो	4
ब्रेक्‍शा	पत्र	4
नेंमी	म	4
सेल्‍ने	बनाउन	4
आन	सट्टामा	4
लने	जाऊ	4
पुनीने	गर	4
आन	दुवैका	4
आन	दाजुभाइहरूलाई	4
होस	सावधान	4
पांइसीने	रहो	4
आफोमी	पिताबाट	4
।	निम्ति	4
मपने	नहोओ	4
लांमी	छेउमा	4
राप्‍शा	उभिएर	4
ख्रेक्‍शा	अभिषेक	4
शोंप	सम्‍पत्ति	4
खिया	जहाँ	4
खुइ	घर	4
तेकेर	जहाँ	4
मेकेरन	त्यहाँ	4
तूचा	वा	4
श्‍येत	चिन्ता	4
पुक्‍शा	नापले	4
ओव़चा	उघारिनेछ	4
मेकोमी	सबैले	4
बुस्‍स	सर्प	4
आ	उहाँसँग	4
क्‍येङा	बढ्ता	4
भेडा	भेडाको	4
कली	असल	4
दाक्‍शो	इच्छालाई	4
छक	धेरै	4
सेरथे	चट्टानमाथि	4
रेउ	बाढी	4
शेंशो	शिक्षा	4
सापाइक्‍ने	पार्न	4
सामाक्‍त	भयो	4
साशो	पुजारीकहाँ	4
बाक्‍नीम	बस्‍नेछन्	4
मुरपुकी	रुवाबासी	4
पत्रुस	पत्रुसको	4
बाक्‍त	थालिन्	4
यो	तपाईंलाई	4
बाक्‍तीक	ठाउँ	4
गोपुकी	हामीलाई	4
ग्रूशा	निस्के	4
समुन्‍द्रम	समुद्रमा	4
शोव़ङमे	बताइदिए	4
कली	भेट्न	4
रागी	तिनीहरूको	4
लने	जान	4
पुन्‍मे	अनुरोध	4
मेकेर	गर्नुभयो	4
मदुक्‍ब	पक्षाघातीलाई	4
बोक्‍शा	उठ्यो	4
खिं	घरतर्फ	4
छुल	तिनी	4
काथा	खाना	4
ममाल्‍नीम	पर्दैन	4
मुर	केवल	4
मनङ	हुँ	4
थैलो	मशक	4
शांबु	नयाँ	4
ब्रोंइब	जीवित	4
नोले	पछाडि	4
थुं	साहस	4
सुइश्‍शोमी	निको	4
बाक्‍शो	गरिरहेका	4
ममाइ	छैनन्	4
इस	तिमीहरूले	4
खुप्‍शा	बोलाउनुभयो	4
गेम्‍तीमी	दिनुभयो	4
बारथोलोमाइ	बारथोलोमाइ	4
अल्‍फयस	अल्फयसका	4
झोला	झोला	4
फेक्‍तीक	दौरा	4
कोक्‍के	लौरो	4
मजाक्‍म	त्यहीँ	4
हिक्‍सीशो	मूल्यवान्	4
ममा	उसकी	4
पाइब	भएको	4
गेबा	देला	4
दोपा	रीतिले	4
लोव़	शिक्षा	4
गेय	कामहरूको	4
मार	सुनेका	4
नेंबाक्‍तेक्‍म	छन्	4
महिक्‍सीशो	अनि	4
एलीया	एलियालाई	4
दोदेंशो	केसँग	4
वोलम	भूत	4
पापी	पापीहरूको	4
तशो	गरिएका	4
वा	हुने	4
ताइनीनी	हुनेछ	4
तुइक्‍ब	बुद्धिमानी	4
आं	हो	4
तौमी	पुत्र	4
तौमी	पुत्रले	4
बाला	अन्‍न	4
पामे	गरे	4
के	एउटा	4
कांइचीक	मात्र	4
फरिसीपुकीमी	फरिसीहरू	4
सापाइक्‍तीमी	पार्नुभयो	4
रागी	गैरयहूदीहरूलाई	4
तुइश्‍शा	जान्‍नुभयो	4
खिं	घराना	4
रवा	बनाओ	4
नाक्‍तीम	दिनमा	4
नाइक्‍तीके	ठाउँ	4
शुश	अझ	4
निस्‍साक्‍व	बस्‍नुभयो	4
लांमी	बाटोको	4
नां	घाम	4
बाक्‍मा	थिएनन्	4
मारदे	तपाईं	4
पुंइसीब	दिइनेछ	4
दुम्‍त	हुन्छ	4
मरुप्‍नीनी	बुझ्दैनौ	4
दे	गरेका	4
आ	हो	4
खोदेंशो	चाहिँ	4
बिश्‍शा	ग्रहण	4
बाक्‍त	गयो	4
सुवा	सामाहरू	4
ममाइ	थिएन	4
चेरब	गहुँलाई	4
हना	हुन्छ	4
ग्‍योव़	गुँड	4
प्रोंइशा	छोड्नुभयो	4
शेंसीबपुकीमी	उहाँकहाँ	4
पाइब	स्वर्गदूतहरू	4
मोदेंशोन	यस्तै	4
,	जान्छ	4
छक	आश्‍चर्यकर्महरू	4
मेको	यिनी	4
जाक्‍माक्‍त	आयो	4
पा	राखेर	4
डोंगामी	डुङ्गामा	4
दल्‍गीर	शङ्का	4
,	पार	4
थिचा	छुन	4
पाइनीनी	गर्दछौ	4
आस	आमाको	4
चहिं	भन्छौ	4
यसैयामी	यशैयाले	4
ठेयब	आदर	4
कली	टाढा	4
मताइब	मानिसलाई	4
मतुइक्‍नीनी	छैन	4
तेल्‍लेम	कामुक	4
पचा	अनैतिकता	4
जाक्‍शा	आइन्	4
पाइय्‍यीनी	गर्नुहोस्	4
खोइश्‍शा	उहाँलाई	4
”	तिनीहरू	4
जचा	खानको	4
जचा	रोटी	4
सरीङ	आकाश	4
,	साथमा	4
ओटा	रोटी	4
निक्‍शीमी	अरूले	4
परमप्रभु	अगमवक्‍ताहरूमध्ये	4
येसुमी	उत्तर	4
रागीम	पृथ्वीमा	4
रे	समयदेखि	4
ब्रेश्‍शा	यसो	4
मदुम्‍ल	नहोस्	4
प्रोंइचा	बचाउन	4
गिंम	जीवन	4
गेब	दिनेछन्	4
सां	तिनवटा	4
आ	यिनको	4
जाक्‍शा	आई	4
रोइ	रोग	4
मचबेम	सकेनन्	4
गेना	कहिलेसम्म	4
ङा	दिने	4
पिपपुकीमी	राजाहरूले	4
तचा	गर्नु	4
राज्‍यमी	जीवनमा	4
पाप्‍तु	गर्छ	4
लोव़	शब्द	4
७०	सत्तरी	4
हिसाब	हिसाब	4
टलेन्‍ट	नोकर	4
जेर	तिर्नुपर्ने	4
बाक्‍त	गरिदिए	4
वारच	सहकर्मी	4
मेकोमी	त्यसको	4
सम्‍म	नगरेसम्म	4
इन	तिमीहरूसित	4
खोला	नदीको	4
मुर	गरी	4
चाक्‍बा	विवाह	4
दुम्‍ब	गर्दछ	4
सेल्‍शो	बनाइएका	4
बाक्‍नीम	थिए	4
बाक्‍तीके	आउन	4
वोइश्‍शा	राख्‍नुभयो	4
दाक्‍शो	आफूलाई	4
दाक्‍तो	गर्नू	4
नेंशा	सुन्यो	4
चाप्‍ब	हुन्छ	4
पने	सम्भव	4
नोले	पछ्याएका	4
थर	कुलको	4
नित्‍तीकेम	सिंहासनमा	4
आ	खातिर	4
लोक्‍ब	दाजुभाइ	4
रूमी	दाखबारीमा	4
ङा	अरू	4
खोइश्‍शा	जाँदै	4
सुइ	,	4
शीम	उहाँलाई	4
मान	सेवा	4
शुश	धेरैका	4
ब्रेश्‍शा	बोलाएर	4
ङोइश्‍शा	भएर	4
नासरथ	नासरतबाट	4
यावे	आउनुभएका	4
दीसा	बिहान	4
फोव़शी	अन्जीरको	4
पङा	गर्छु	4
लोव़सी	छलफल	4
देंतय	भन्यौँ	4
यूहन्‍ना	उनलाई	4
देंमाक्‍त	’	4
आस	दुई	4
अङगुर	दाखको	4
अङगुर	फल	4
सु	जसमाथि	4
‘	भन्‍नू	4
जचा	भोज	4
सेल्‍शा	तयार	4
साइश्‍शा	मारे	4
नेल्‍ल	एकसाथ	4
भोज	भोजमा	4
देंने	बोल्न	4
शेंनीनी	सिकाउनुहुन्छ	4
कुल	पक्षपात	4
क्‍येट	सिक्‍का	4
सेंसीशा	पुनरुत्थानमा	4
ब्रोंइमानु	न	4
ठेयब	पहिलो	4
कली	ख्रीष्‍टलाई	4
आ	दाऊदका	4
मेकोपुकीम	तिनीहरू	4
मान	प्रमुख	4
जशोमी	खान्छ	4
चढ़ेतीके	वेदीको	4
मेकेर	त्यसमा	4
परमप्रभु	बास	4
दारशो	सुन्दर	4
परमप्रभु	अगमवक्‍ताहरूका	4
तुइक्‍ब	बुद्धिमान्	4
निक्‍शी	केहीलाई	4
लडाइ	लडाइँ	4
माल्‍ब	हुनैपर्छ	4
ङोंइती	जातिको	4
अन्‍काल	अनिकाल	4
आन	अर्कालाई	4
आ	सुसमाचार	4
पाइब	व्यक्‍तिलाई	4
प्रोक्‍मल	भागून्	4
रूमी	खेतमा	4
जचा	न	4
योव़शो	चुनिएकाहरूका	4
मेरेक	!	4
रागी	चारै	4
सम्‍म	अगि	4
जाक्‍ब	आउनुहुनेछ	4
पाइश्‍शो	गरेको	4
यो	भएको	4
जाक्‍त	हेर	4
नेल्‍ल	दुवैलाई	4
का	फेरि	4
ताक्‍बमी	उसले	4
टलेन्‍ट	पाएको	4
पाप्‍तीवी	विश्‍वासयोग्‍य	4
बाक्‍ते	छौ	4
मशोक्‍शो	ठाउँबाट	4
मशोक्‍शो	कटनी	4
मिनु	त्‍यसकारण	4
बाक्‍ङानु	थिएँ	4
ग्रुम्‍थ	मेरो	4
ग्रुम्‍थ	मकहाँ	4
यो	जीवनमा	4
काइयाफास	कैयाफा	4
यो	यो	4
शुश	दुःखित	4
ग्‍याइक्‍पाइक्‍चा	धोका	4
माल्‍ब	छ	4
मोदेंशो	त्यो	4
दुम्‍ब	हुने	4
कुम्‍सो	भजन	4
नाक्‍दो	राती	4
तामी	भेट्टाउनुभयो	4
रांमी	शरीर	4
हुल	भिडलाई	4
प्रोंइशा	छोडे	4
नेल्‍ल	उहाँलाई	4
बाक्‍त	भेट्टाएनन्	4
आ	आज्ञा	4
मार	तपाईंहरू	4
भाले	बास्यो	4
बेक्‍माक्‍त	मर्‍यो	4
दे	येशूले	4
मलेत्‍ता	जवाफ	4
प्रोंइचा	मुक्त	4
तन्‍न	तब	4
थोक्‍शा	लगाए	4
पिप	राजालाई	4
शी	क्रुस	4
खप्‍परे	“	4
वासी	भाग	4
चढ़ेब	पुजारीहरूले	4
प्रोंइने	बचाउन	4
छिङछिङ	अन्धकारले	4
एली	इलोई	4
ब्रेत्‍ताक्‍व	बोलाउँदै	4
नोले	चेला	4
गेयीनी	मागे	4
सेल्‍शो	बनाएका	4
कली	मुखमा	4
दीसा	भोलिपल्ट	4
हप्‍ता	हप्‍ताको	4
?	छौ	4
दोरशा	दौडे	4
बाप्‍शा	दण्डवत्	4
निक्‍शीमी	कतिले	4
गेनायो	सधैँ	4
ख्रुम्‍शा	दिँदै	4
ख्रुम्‍शा	बप्‍तिस्माको	4
यरूसलेम	यरूशलेमका	4
बाक्‍माक्‍त	रहनुभयो	4
स्‍वर्ग	स्वर्गदूतहरूले	4
खतम	नाश	4
वोलमी	आत्माले	4
जाक्‍दीम्‍माक्‍त	जानुभयो	4
वोल	भूतहरूलाई	4
बोक्‍शा	उठ्नुभयो	4
माल्‍मे	खोजे	4
चाप्‍नीनी	सक्‍नुहुन्छ	4
गो	केही	4
शेंदीमी	प्रचार	4
मदुक्‍ब	पक्षाघाती	4
बाक्‍त	सिकाउनुभयो	4
खोइय्‍यी	लाग	4
माल्‍नीम	पर्छ	4
बाक्‍मानु	हुँदा	4
वामी	कपडाले	4
कोव़ङीन	हेर्नुहोस्	4
ओव़शा	गए	4
ला	अरू	4
गेचा	लगाउन	4
समुन्‍द्र	समुद्रतिर	4
आन	आफूकहाँ	4
कथा	दृष्‍टान्तमा	4
ओव़ने	पस्‍न	4
पाम्‍तेक्‍म	गरेका	4
शेंचा	सिकाउन	4
गेडा	बिउ	4
नोफामी	तिनीहरूले	4
तन्‍न	आफ्‍नो	4
रुप्‍ने	बुझ्‍न	4
ओव़शा	पस्‍न	4
आ	यिनले	4
सेंदामी	कराए	4
श्‍येत	कि	4
पोव़	सुँगुरको	4
गेकी	दिनुहोस्	4
नेक्‍था	येशूकहाँ	4
”	आग्रह	4
आं	गर्छु	4
बाक्‍त	निको	4
देंनीनी	भन्‍नुहुन्छ	4
बाक्‍को	होऊ	4
आन	मानिसहरूमा	4
रे	ठाउँ	4
यावे	फर्केर	4
तेल	तेलले	4
काबु	त्यसपछि	4
भोज	भोज	4
मेको	उनका	4
बोइश्‍शा	भन्‍नुभयो	4
मेकोमी	मानिसले	4
इन	तपाईंहरूले	4
पाइनीनी	गर्छौ	4
सेल्‍ने	पार्न	4
गेहे	ईर्ष्या	4
मुरुमी	भनिन्	4
सीदोन	सिदोन	4
मतामे	छैन	4
कली	अगाडि	4
सोइक्‍ता	पठाउनुभयो	4
लोव़	बहस	4
का	तिमीहरूमध्ये	4
लोव़सी	कुरा	4
देंशो	”	4
शोव़	मुखमा	4
वोल	आत्मा	4
जाक्‍दीम्‍मा	आइपुग्‍नुभयो	4
सिक्‍सी	चुपचाप	4
ब्राइब	गर्छ	4
दुशा	शान्तिमा	4
ख्रोइक्‍ब	गर्छ	4
मुरुमी	तिनले	4
हना	गर्दैन	4
रे	यात्रा	4
मख्रोइक्‍चा	नगर्नू	4
पन	गरेको	4
श्‍येत	कठिन	4
हना	संसारमा	4
दुम्‍चा	इच्छा	4
नोले	पछिपछि	4
डांडा	डाँडामा	4
गधा	बछेडो	4
लेश्‍शा	फिर्ता	4
मारदे	त्यो	4
मिनु	अहिले	4
प्रार्थना	प्रार्थनाको	4
पाइब	उनले	4
सोइक्‍ता	पठाए	4
फुल्‍लु	कुने-ढुङ्गो	4
आल	बालबच्‍चा	4
ममाइ	होइनौ	4
नोले	आज्ञा	4
गेप्‍तु	दिए	4
,	सो	4
।	थिएन	4
सहर	सहरतिर	4
का	एक-एक	4
तूङमे	पिए	4
खेयप	तिमीले	4
मिनु	येशू	4
लेश्‍शा	उहाँ	4
देंशो	दिएका	4
नां	सबेरै	4
प्रोंइचा	मुक्‍त	4
मरिम्‍शो	सहभागी	4
चोक्‍चा	झ्यालखानामा	4
खुप्‍शा	बोलाए	4
वा	बैजनी	4
बाक्‍माक्‍त	)	4
ङा	कुनचाहिँ	4
नोले	आउन	4
पुक्‍खी	चिहानभित्र	4
फेक्‍शो	लगाएर	4
मुल	तर	4
ओटा	सातवटा	4
सम्‍म	उहाँले	4
निस्‍से	बस्‍नुभयो	4
सुइक्‍बपुकी	चेलाहरू	4
जकरिया	जकरिया	4
दोस	निर्दोष	4
मथीब	बाँझी	4
खाल्‍पा	वृद्ध	4
स्‍वर्ग	परमप्रभुका	4
सक्ति	शक्‍तिमा	4
नेल्‍ल	हुने	4
मेको	महान्	4
आल	जन्माउन	4
मरीयममी	भनिन्	4
आसीक	धन्यको	4
कली	भएकाहरूलाई	4
सेल्‍तु	गर्नुभएको	4
ब्रमाक्‍त	फैलियो	4
दुम्‍बा	हुनेछ	4
किकी	पुर्खा	4
यावे	महिमा	4
लाक्‍मा	आश्‍चर्य	4
सेल्‍ना	गर्दै	4
लेम्‍मा	फर्के	4
ब्रेक्‍शो	व्यवस्थाअनुसार	4
चढ़ेचा	चढाउन	4
पाप	मृत्यु	4
वाइल	दासलाई	4
आसीक	आशीर्वाद	4
मरीयम	आइन्	4
यहूदीया	यहूदियाका	4
अर्ती	उत्साह	4
गेने	दिन	4
यसैया	यशैया	4
पर्बम	घोषणा	4
ग्रुम्‍तीक	सभाघरको	4
मुरपुकीमी	तिमीलाई	4
नेल्‍लेम	सबै	4
दाते	बिचबाट	4
ङा	छ	4
सिमोन	सिमोनको	4
आन	आत्माहरूलाई	4
ग्‍याइली	जाल	4
,	अरू	4
मारदे	तिनीहरूले	4
ङोंइती	गर्नुभयो	4
ङोइश्‍शा	चढे	4
चाप्‍ब	सक्छ	4
गेय	थोक	4
काबु	दिनहरूमा	4
वोलम	अशुद्ध	4
वोलम	आत्माले	4
कली	भलाइ	4
पनी	भयो	4
शिशी	कृपालु	4
गेपुकीमी	तिमी	4
कली	न्याय	4
देंनीनी	भन्दछौ	4
टीबा	गर्छ	4
वारच	साथीहरू	4
,	प्रभु	4
आ	महान्	4
।	यसो	4
कोव़थ	हेर्नलाई	4
“	गरे	4
खमे	भोजन	4
चांमी	कपालले	4
चांमी	पाउ	4
।	‘	4
अरु	बाँकी	4
,	दुष्‍ट	4
आ	दुष्‍ट	4
मुर	अझै	4
पवानु	हुनुहुन्थ्यो	4
तुइश्‍शा	पाएर	4
,	पारेर	4
याकूब	याकूबलाई	4
आन	सँगै	4
राप्‍शो	उभिरहेका	4
ला	एकलै	4
पचा	हामीले	4
मुरपुकी	मानिसहरूले	4
कली	गर्छौ	4
क्‍येट	खर्च	4
मारथा	मार्था	4
मरीयम	बहिनी	4
मारथामी	भनिन्	4
मेको	तिनीबाट	4
पाइनीम	गर्नेहरू	4
हना	त्यसले	4
क्‍येङा	त्योभन्दा	4
सोलोमन	सोलोमनको	4
जोक्‍तीक	ज्ञानको	4
थोव़क	कुरा	4
मान	इज्‍जत	4
बाक्‍नीनी	होस्	4
खुम्‍सीशा	जम्मा	4
हजार	सङ्ख्या	4
देंबा	स्वीकार	4
कली	सामु	4
”	हो	4
क्‍येङा	कुराभन्दा	4
थोव़क	कुराहरूको	4
गेनायो	न	4
जाक्‍ब	आउँछ	4
होव़प	सेवकले	4
श्‍येत	दुर्व्यवहार	4
मचाप्‍नीम	विरुद्धमा	4
देंनीनी	हुनेछ	4
मुल	वर्तमान	4
मुल	यस	4
बाक्‍त	भन्‍नुभयो	4
ग्रुम्‍तीक	सभाघरका	4
मुर	नातेदारहरू	4
ना	हुँदा	4
रिम्‍शो	धर्मी	4
यो	मानिसहरूले	4
पर्बम	तिमीहरू	4
लोव़	रद्द	4
सामरीया	सामरिया	4
बाक्‍त	उभिए	4
ठेयब	आफ्नो	4
”	,	4
सु	कसैलाई	4
थमा	यो	4
पाइनुङ	गर्नेछु	4
नेक्‍था	नजिकैको	4
सुइमी	कोही	4
तारी	राखे	4
गारो	पर्खाल	4
मथिथु	निसन्तान	4
बाक्‍चा	अनन्त	4
,	अगाडि	4
पर्बम	कारण	4
चाड	चाड	4
”	सहमत	4
इन	तपाईंसँग	4
मबाक्‍त	छैन	4
पुना	प्रार्थना	4
दे	नपरोस्	4
नोले	बेरपछि	4
नवे	होस्	4
हिल्‍लो	दिनुभयो	4
हना	उनले	4
“	उहाँद्वारा	4
दोस	मानिसलाई	4
।	हुने	4
?	हुनुहुन्छ	4
सुइमी	तिनीहरूले	4
मरुप्‍ब	मूर्ख	4
काथा	उनीहरूसँग	4
सांकछी	साक्षी	4
गेनुङ	प्रतिज्ञा	4
नु	हुनुहुन्‍थ्‍यो	4
छेङछेङ	ज्‍योति	4
थुं	दिनुहुने	4
तमी	सन्तानहरू	4
परमप्रभु	पिताबाट	4
यूहन्‍नामी	पानीले	4
ङोंइती	उहाँ	4
आं	पवित्र	4
पाप्‍तु	दिए	4
योआन्‍नेस	यूहन्‍नाका	4
केफास	केफास	4
सेल्‍चा	बनाउन	4
नाक्‍दो	राति	4
तुइक्‍नीकी	जान्दछौँ	4
लाक्‍चा	चिह्न‍हरू	4
नोफा	तिमीलाई	4
छक	अचम्म	4
बाक्‍ब	यही	4
चहिं	तापनि	4
परमप्रभु	स्वर्गबाट	4
वोंइश	लोग्‍ने	4
डांडामी	पर्वतमा	4
बाक्‍तेक्‍म	गरे	4
इं	हे	4
माल्‍नीम	गर्नुपर्छ	4
शेंब	बताउनुहुनेछ	4
सोइक्‍ब	पठाउनुभयो	4
नु	बस्‍नुभयो	4
पाप	उहाँ	4
यरूसलेममी	यरूशलेमको	4
,	गएका	4
येसु	को	4
नोले	हुन	4
सोइक्‍ब	पठाउनुहुनेको	4
परमप्रभु	प्रशंसा	4
मेना	बेला	4
जचा	खानाको	4
किकी	पिताहरूले	4
मन्‍ना	मन्‍न	4
।	आउँछ	4
गेशो	दिनुभएका	4
ङा	अन्त्यको	4
मेको	जसका	4
आन	परमेश्‍वरद्वारा	4
ब्रोंइतीक	जीवित	4
लाम्‍तेक्‍म	गए	4
सेंदा	सोरमा	4
येसु	उहाँमा	4
आन	अझ	4
लोव़मी	धर्मशास्‍त्रले	4
गेय	अधिकारीहरू	4
पाइनीम	गर्छ	4
मुर	शरीरअनुसार	4
मपाइनुङ	गर्दिनँ	4
पतीकेमी	पापमा	4
तशा	देखेको	4
दाक्‍नीनी	गर्छौ	4
पाइनुङ	गर्दछु	4
आफोमी	आमाबुबाले	4
।	छैनौँ	4
आ	ममा	4
आफ	पितामा	4
ममाइ	हुँदैन	4
सेंसीनीम	जीवित	4
बेक्‍शो	मरेको	4
मेकोपुकीम	तिनीहरूले	4
बाक्‍त	बोले	4
जाक्‍त	आएको	4
ग्‍येरसीशो	धन्यका	4
दाक्‍मुने	अर्कालाई	4
गेनन्‍नी	गर्नेछु	4
बाक्‍तीके	तिमीहरूकहाँ	4
मेकोम	त्यसले	4
पा	;	4
राशी	हाँगालाई	4
दाक्‍मुशा	प्रेममा	4
नेंशा	कारण	4
लती	गएँ	4
नाक्‍त	उप्रान्त	4
तुइक्‍नीम	जान्दछन्	4
बाक्‍शो	,	4
खोदेंशो	भएझैँ	4
बाक्‍ल	रहोस्	4
हिल्‍लो	सोधपुछ	4
यहूदीपुकीमी	तिनीहरू	4
ब्रेक्‍ताक्‍ङ	लेखेँ	4
ब्रेक्‍शो	धर्मशास्‍त्रको	4
कली	मृत्यु	4
दाक्‍नेवे	गर्छौ	4
तुइक्‍नीनी	गर्छु	4
”	दिने	4
मेको	यिनै	4
।	थिएनन्	4
आ	तल	4
यो	म	4
सक्ति	शक्तिशाली	4
ताइतक	साक्षी	4
भोज	रोटी	4
पाइब	जनलाई	4
यावेमी	साक्षी	4
साइ	पहिले	4
इन	तपाईंहरूको	4
मेको	तिनीहरूद्वारा	4
कली	बोलाए	4
सोइक्‍तमे	जान	4
कांइचीक	एउटै	4
सोइश्‍शोपुकीमी	प्रेरितहरूले	4
सोइश्‍शो	प्रेरितहरूका	4
,	सबैमा	4
परमप्रभु	समयमा	4
लत	भयो	4
मिम्‍शो	योजना	4
सुइक्‍ब	चेलाहरूको	4
छेङछेङ	महिमाका	4
रागी	देश	4
लोव़	तिनीसित	4
थर	कुलका	4
खिं	तिनका	4
सीनै	सीनै	4
नेंता	सुनेको	4
मोसा	मोशालाई	4
मूर्ति	मूर्ति	4
ल‍माक्‍त	गए	4
शेंशा	प्रचार	4
योप्‍पा	योप्पामा	4
कोठा	कोठामा	4
कोरनेलीयस	कर्नेलियस	4
कोरनेलीयसमी	कर्नेलियसले	4
प्रभुमी	दर्शन	4
जन्‍तु	प्राणीहरू	4
जन्‍तु	घस्रने	4
जन्‍तु	जन्तुहरू	4
मारेइ	हरेक	4
मिनु	अर्थात्	4
बाक्‍ङानु	मैले	4
मेकोपुकी	तिनीहरूको	4
पर्बम	प्रचार	4
प्रभुमी	प्रभुको	4
लोव़	केही	4
बारनाबास	शाऊल	4
मर्कूस	मर्कूस	4
नित्‍तीकेमी	सिंहासनमा	4
टापु	टापु	4
आ	प्रकारको	4
मोपा	जसरी	4
मोपा	त्यसकारण	4
रे	उहाँ	4
एन्‍टीओक	एन्टिओखिया	4
अर्को	पहिले	4
श्‍ये	मासु	4
आ	नाउँको	4
नेंमी	खातिर	4
यो	जीवनलाई	4
आ	अगाडि	4
मासीडोनीया	माकेडोनियाको	4
?	निम्ति	4
सिपाही	आदेश	4
।	तापनि	4
श्‍येत	गरेको	4
थुं	पार्ने	4
सहरमी	सहर	4
बाक्‍ब	सेवा	4
रे	पृथ्वीमा	4
बाक्‍ब	गर्नुभयो	4
आ	आसनको	4
एफिसस	एफिससमा	4
सुइक्‍ब	चेलाहरूलाई	4
कली	ज्ञानमा	4
एफिससमी	एफिससमा	4
थमा	विश्‍वासीहरू	4
पाइब	गर्नेहरू	4
रोम	रोममा	4
,	छन्	4
मोदेंशो	यस	4
जाक्‍दीत्‍तक	आइपुग्यौँ	4
यावे	परमेश्‍वरमा	4
थुं	निर्माण	4
लाइतक	गर्‍यौँ	4
आल	छोराछोरीहरू	4
लडाइ	प्रमुख	4
हजुर	तपाईंलाई	4
लडाइ	कप्‍तानले	4
अरेशो	व्यवस्थाअनुसार	4
रिम्‍शो	आदर	4
‘	भनेँ	4
नङ	थिएँ	4
आ	आत्मा	4
लोव़	आग्रह	4
बाक्‍नुङ	गर्छु	4
बर्स	वर्षपछि	4
गेचा	केही	4
आन	समर्थन	4
मुददा	कैसरकहाँ	4
लोव़	निश्‍चित	4
गेशो	प्रतिज्ञाको	4
दे	गर्नुपर्छ	4
मुर	मृत्यु	4
जहाज	हामीले	4
जहाज	जहाजको	4
रे	,	4
लाम्‍तेक्‍म	छन्	4
क्‍येट	पुरा	4
मोपा	अर्थात्	4
परमप्रभु	यसैमा	4
गेय	कार्य	4
कली	गर्नेहरूको	4
मेको	गर्नेलाई	4
अरेशो	व्यवस्थाविना	4
बाक्‍बा	गर्छ	4
यावे	परमेश्‍वरप्रति	4
कली	अरूलाई	4
आइक्‍च	अपमान	4
मोदेंशो	त्यसो	4
ममाइ	यस्तो	4
पाइनीम	छन्	4
ब्रेक्‍शो	भन्दछ	4
ब्रेक्‍शो	धर्मशास्‍त्रले	4
दुम्‍पाइक्‍तु	गनियो	4
ग्‍येरसीशो	धन्यको	4
मेको	यति	4
शिशी	वरदान	4
येसु	ख्रीष्‍ट	4
रे	पारिनुभएको	4
लाइब	मरणशील	4
रां	अङ्गहरूलाई	4
रिम्‍शो	प्रयोग	4
रां	अङ्गहरू	4
रे	स्वतन्त्र	4
बेक्‍पाइक्‍ब	मृत्यु	4
पाता	गर्छु	4
थुं	नयाँ	4
आगाम	बास	4
यावे	गर्नुहुने	4
दला	शरीरका	4
गेब	दिनुहुन्छ	4
ताइब	उत्तराधिकारीहरू	4
दुम्‍तय	हौँ	4
श्‍येत	कष्‍टहरू	4
लोव़	प्रतिज्ञाहरू	4
,	उद्देश्य	4
यसैयामी	भन्छन्	4
माल्‍शो	थियो	4
खोदेंशो	,	4
थमा	सायद	4
चाप्‍नीमी	छ	4
रिम्‍शो	उचित	4
,	जान्‍न	4
फाल्‍शा	धैर्य	4
छेङछेङ	ज्योतिका	4
श्‍ये	थोक	4
सुइक्‍तीक	निर्माण	4
गेय	कामलाई	4
बोल्‍यो	बलिया	4
दुम्‍चा	लागि	4
लोव़	लेखिरहेको	4
गेने	सकोस्	4
गेब	शान्तिका	4
पपाइश्‍शो	वरदानहरूको	4
इन	विश्‍वासयोग्य	4
ठेयब	गर्व	4
रागी	सांसारिक	4
बाक्‍नीस	हुन्	4
लोव़	सत्यताको	4
ग्‍येरपाइक्‍ब	सुसमाचारद्वारा	4
पने	होओ	4
कली	तिमीहरूका	4
पात्‍के	अनैतिक	4
मूर्ति	मूर्तिपूजक	4
मेकोपुकी	यस्ता	4
कोव़ज	पेट	4
पचा	कुराहरूका	4
मिम्‍नुङ	गर्दछु	4
ग्‍युंबे	अविवाहित	4
चढ़ेशो	चढाइएको	4
हना	नभए	4
ङोंइती	अधीनमा	4
चां	केश	4
प्रभुमी	प्रभुमा	4
मिम्‍तीन	विचार	4
मिम्‍शा	सम्झना	4
पपाइश्‍शो	फरक	4
यो	होइन	4
ग्रुम्‍तीकेमी	मण्डलीमा	4
गेय	जोसिलो	4
मोशीन	व्यर्थ	4
बेक्‍शो	मरेकाहरू	4
ना	आगमनमा	4
बेक्‍तीक	मृत्यु	4
नां	सूर्यको	4
खप	माटोबाट	4
दुम्‍चा	धारण	4
दे	सक	4
ग्‍येरसाक्‍यी	आनन्दित	4
गे	यो	4
बाक्‍नीकी	छ	4
मदुम्‍बा	”	4
ख्रीस्‍तमी	“	4
बाक्‍नीकी	गर्दछौँ	4
आंइ	हामीमा	4
गेप्‍तु	छ	4
रांम	शरीरमा	4
इन	इमानदार	4
“	छः	4
मोपतीके	कारण	4
तुइश्‍शा	कारणले	4
इं	ईश्‍वरीय	4
परमप्रभु	मण्डलीहरूलाई	4
आकाया	अखैयामा	4
गेना	सधैँभरि	4
परमप्रभु	परमेश्‍वरप्रति	4
रागीम	शरीरमा	4
दुम्‍ती	भएको	4
मारेइ	बोझ	4
दे	निरन्तरता	4
गेय	कामहरूद्वारा	4
शेंथ	खतना	4
श्‍येत	पीडा	4
शिशी	अनुग्रहबाट	4
रिम्‍शो	प्रार्थनामा	4
बाक्‍ब	गर्दछ	4
सम्‍म	निम्ति	4
वोंइश	पतिहरू	4
मीश	पत्‍नीहरूलाई	4
शिरशो	योग्य	4
तुइक्‍नीनी	छ	4
प्रोंइब	मुक्‍तिदाता	4
नेंतीनी	सुन्यौ	4
लाओडीसीया	लाउडिकियामा	4
इन	साक्षी	4
कोंइतीक	उदाहरण	4
अरेतीक	अर्ती	4
गेना	अनन्तको	4
रिम्‍शो	प्रतिष्‍ठित	4
शेंतीके	शिक्षा	4
मिम्‍तो	गर	4
ग्रांग्रा	घृणित	4
राज्‍य	विश्राममा	4
नाइक्‍चा	विश्राममा	4
पाको	सिद्ध	4
चोशा	न	4
मटीब	उल्लङ्घन	4
नेंशो	सुनेको	4
तौपुकी	बालकहरू	4
सैतान	विजय	4
आइक्‍च	प्रिय	4
दाक्‍नय	गर्छौं	4
ब्रेक्‍पाइक्‍ती	वचनहरू	4
फ्रा	चाँडै	4
लेश्‍शा	आउँदै	4
२४	चौबिस	4
अर्को	दोस्रो	4
जन्‍तुमी	प्राणीले	4
ताता	हेरेँ	4
शारा	घोडा	4
सेंदामी	सोरले	4
श्‍येत	यातना	4
हिंचा	विपत्ति	4
गन्‍धक	गन्धकको	4
बेबीलोन	पतन	4
चिन्‍ड	छाप	4
गुये	हँसिया	4
श्‍येत	विपत्ति	4
आबी	धिकार	4
हाल्‍लेलया	हल्लेलूयाह	4
बाक्‍माक्‍त	यहूदा	3
बाक्‍माक्‍त	भनिन्छ	3
दुम्‍मा	पुस्ता	3
मरीयम	उहाँकी	3
मरीयम	आमा	3
आल	मगनी	3
तुइश्‍शा	शर्ममा	3
“	उनले	3
ङोमु	सपनामा	3
।	नडराऊ	3
लोव़	बोल्नुभएको	3
नेसी	यस्तो	3
मरीयम	उनले	3
नां	पूर्वबाट	3
सोरुल	ज्ञानी	3
बेथलेहेम	बेथलेहेममा	3
यहूदीया	यहूदाको	3
यहूदीया	यहूदाका	3
मतुइक्‍थु	गुप्‍त	3
लां	अगि-अगि	3
दिक्‍माक्‍त	रोकियो	3
थोव़क	कुराहरू	3
ङोमुमी	सपनामा	3
सम्‍म	नभनेसम्म	3
आन	पठाएर	3
नासरथ	नासरत	3
यसैयामी	भनिएको	3
थेलीने	बनाओ	3
के	पेटी	3
खलकपुकी	सर्पका	3
गे	आउन	3
ब्रोंइचा	क्रोधबाट	3
थुं	पश्‍चात्तापको	3
तचा	निम्ति	3
मबाक्‍कीन	नगर	3
फल	नफलाउने	3
मसिप्‍ब	हरेक	3
ख्रुम्‍ब	दिनुहुनेछ	3
ब्‍वाक्‍कुम	बप्‍तिस्‍मा	3
परवा	ढुकुरजस्तै	3
थाम्‍चा	परीक्षित	3
मिनु	रात	3
लदा	अग्लो	3
इ	तपाईंलाई	3
थेक्‍शा	भन्यो	3
देंशा	यसो	3
लमाक्‍त	गयो	3
लशा	छोड्नुभयो	3
बाक्‍माक्‍त	बस्‍नुभयो	3
रागी	गैरयहूदीहरूको	3
का	उनका	3
अन्‍द्रीयास	अन्द्रियासलाई	3
प्रोंइशा	छाडे	3
बाक्‍मा	गर्दै	3
गुरशो	रोग	3
पाइक्‍न	पार्दै	3
रोइ	रोगहरू	3
ङा	आएको	3
थुं	शोक	3
दुम्‍ब	गर्नेछन्	3
दुम्‍शोपुकी	हुनेहरू	3
,	कष्‍ट	3
ग्‍येरसीने	आनन्दित	3
जाम्‍त	बनाउने	3
दाशा	बालेर	3
ठेयब	सबैभन्दा	3
यो	कुनै	3
नेसी	समयमा	3
पुंइसीब	पर्नेछ	3
कली	भाइलाई	3
नरक	नरकको	3
चढ़ेचा	तिम्रो	3
चढ़ेचा	लाग	3
,	भाइसँग	3
दुशा	मिलाप	3
तुइक्‍नीनी	सुनेका	3
नाता	नगर	3
मिक्‍चीमी	आँखाको	3
ताइक्‍तो	तिमीबाट	3
ताइक्‍तो	टाढा	3
हना	सम्पूर्ण	3
गेचा	देओस्	3
आन	भएकाहरूलाई	3
मजने	नखाओ	3
सहर	त्यो	3
मजने	हो	3
क्‍येर	कालो	3
लोव़	बोली	3
मिक्‍च	यसो	3
मेको	आँखाको	3
ख्रुइ	दाँत	3
यावे	गर	3
ङा	हुनुहुने	3
दाक्‍ताक्‍नी	गर्छौ	3
मपाइनीम	गर्दैनन्	3
मान	अभिवादन	3
पाइबा	हुनुहुन्छ	3
खिंमी	सभाघरहरू	3
पेरा	देब्रे	3
ख्रुइश्‍शो	गुप्‍तमा	3
तुइक्‍ब	देख्‍नुहुने	3
ओव़शा	कोठामा	3
चोक्‍शा	बन्द	3
ताइनीम	हुन्छ	3
ओदें	यसरी	3
ठेयब	पवित्र	3
स्‍वर्गमी	स्वर्गीय	3
मगेतीनी	गरेनौ	3
कली	पाप	3
बाक्‍शो	बसेको	3
खुइ	चोरेर	3
मदाक्‍ब	गर्छ	3
,	भन्दछु	3
ममिम्‍तीने	नगर	3
क्‍येङा	बहुमूल्य	3
माल्‍शो	आवश्यक	3
ताइनीनी	दिइनेछ	3
कसीङगर	परालको	3
मिक्‍चीम	निकाल्न	3
मगेने	नदेऊ	3
दाक्‍नीनी	चाहन्छौ	3
मोदेंशो	त्यस्तै	3
लाप्‍चो	ढोकाबाट	3
लाप्‍चो	भित्र	3
फल	फलाउन	3
ब्रोव़शो	असल	3
मसिप्‍ब	सक्छ	3
पाइबपुकी	पालन	3
ताइनीम	गर्नेछ	3
निप्‍स	बुद्धिमान्	3
खोदेंशो	मानिसजस्तै	3
शेंने	वचन	3
हना	तिनीहरूका	3
शेंदा	सिकाउनुभयो	3
डांडा	डाँडाबाट	3
मुरुमी	भिडले	3
सापाइक्‍चा	तपाईंले	3
दाक्‍ताक्‍नी	गर्नुभयो	3
सापाइक्‍चा	शुद्ध	3
माल्‍ब	गरेअनुसार	3
कापेरनाउम	कर्फनहुममा	3
अधिकार	अधिकारको	3
ओहो	छक्‍क	3
इस्राएल	इस्राएलमा	3
थिवानु	छुनुभयो	3
सापाइक्‍मी	पार्नुभयो	3
देल्‍शो	भिडलाई	3
आइक्‍ची	समुद्रको	3
देंमाक्‍त	दिनुभयो	3
फश	आँधी	3
समुन्‍द्र	समुद्रलाई	3
हुइक्‍ता	हकार्नुभयो	3
बाक्‍त	छायो	3
माइ	मान्छन्	3
मेकेर	चिहानबाट	3
निक्‍शी	धेरै	3
गे	तपाईंसँग	3
जाक्‍नी	आउनुभएको	3
आ	त्‍यहाँ	3
जोन	चरिरहेको	3
पोव़	बथानमा	3
पोव़	सुँगुर	3
पोव़	सुँगुरहरू	3
योव़बपुकीमी	चराइरहेका	3
,	त्यहाँबाट	3
कली	मानिसहरूलाई	3
डोंगामी	पारिपट्टि	3
गुइ	उहाँकहाँ	3
कुरशा	एउटा	3
मिनु	देखेर	3
देंचा	भन्‍न	3
एर	हिँड	3
जरमेशोमी	पुत्रलाई	3
गुइ	त्यस	3
छुल	मानिस	3
गेब	दिनुभएको	3
ताप्‍तु	थिए	3
जाम्‍तेक्‍म	खाए	3
मुर	भएकाहरूलाई	3
यूहन्‍ना	बप्‍तिस्मा-दिने	3
काबु	दिन	3
सेल्‍ब	हुनेछ	3
शांबु	मद्यको	3
वा	वस्‍त्रको	3
थिवा	छोइन्	3
थमा	भनेकी	3
बेक्‍शो	मरेकी	3
खिं	कोठाभित्र	3
आंस	हामीमाथि	3
पांइस्‍की	गर्नुहोस्	3
लाटा	बोल्न	3
वोल	भूतहरूको	3
बाली	फसल	3
बाली	फसलका	3
आ	आफ्‍नो	3
वोल	अशुद्ध	3
अन्‍द्रीयास	अन्द्रियास	3
कनानी	कनानी	3
सोइश्‍शा	पठाउनुभयो	3
सापतीन	पार	3
कोर	शुद्ध	3
मेको	सित्तैँमा	3
खिंमी	घर	3
थुर	धुलो	3
दातेम	बिचमा	3
पिप	राजाहरू	3
पुंइसीनीनी	दिइनेछ	3
सम्‍म	घडीसम्म	3
सहर	सहरहरू	3
खिं	घरका	3
निम्‍फा	दुवैलाई	3
हिनीन	डराओ	3
आफोमी	पिताको	3
खपीम	भुइँमा	3
देंबा	गर्दछ	3
तमी	छोरीलाई	3
खोइक्‍चा	योग्यको	3
ब्राइबमी	उसले	3
मिक्‍च	दृष्‍टिविहीनहरूले	3
मिक्‍च	लङ्गडा	3
खोइल	;	3
नोफा	सुनिरहेका	3
“	बताउन	3
लनी	गयौ–	3
दारशो	मलमलको	3
सोइक्‍नुङ	पठाउँदै	3
लां	अगाडि	3
रोंका	शोक	3
राकसीमी	पियक्‍कड	3
गेय	कामहरूले	3
।	गरेका	3
ए	धिक्‍कार	3
बेथसैदा	तँलाई	3
बेथसैदा	बेथसेदा	3
पची	इन्साफको	3
काबु	बेला	3
मोदेंशो	यही	3
आफोमी	पिताद्वारा	3
जाक्‍कीन	आओ	3
नु	मबाट	3
चेरब	अन्‍नका	3
शोव़लु	भोकाएको	3
ओव़शा	पसेर	3
मपचा	प्रभु	3
खाल्‍टाम	खाल्डोमा	3
कीशा	समातेर	3
”	न्यायसङ्गत	3
साशा	निको	3
पाम्‍तेक्‍म	थाले	3
”	नभन्‍नू	3
सेंदा	स्वर	3
मी	बलिरहेको	3
पा	गर्नेछन्	3
मनेंब	नसक्‍ने	3
बाक्‍म	हुन	3
आन	विचार	3
जिशा	आफैँमा	3
पाइनीम	हुनेछन्	3
दुम्‍नीम	हुन्छ	3
बेक्‍शा	न	3
योना	योना	3
सम्‍म	रात	3
निनवे	निनवेका	3
योना	योनाको	3
क्‍येङा	अझै	3
पाला	पुस्ताका	3
क्‍येङा	आफूभन्दा	3
शोक्‍थ	छर्ने	3
लमाक्‍त	निस्क्यो	3
निक्‍शी	बिउहरू	3
खपीम	माटोमा	3
६०	गुणा	3
मताइनीनी	देख्दैनौ	3
सापदुमी	निको	3
तचा	इच्छा	3
तचा	तिनीहरूले	3
पर्बम	वचनको	3
गेडा	फल	3
देंनीनी	चाहनुहुन्छ	3
राज्‍य	राज्यचाहिँ	3
कामी	स्‍त्रीले	3
साइ	अगमवक्‍ताहरूले	3
नेसी	भनेका	3
सम्‍म	मेरो	3
अर्थ	व्याख्या	3
आ	छोराहरू	3
सैतान	दुष्‍ट	3
लाइब	एउटा	3
मोती	मोती	3
दे	चेलाहरूले	3
जाक्‍दीश्‍शा	प्रवेश	3
ङा	कहाँबाट	3
मनमी	छैनन्	3
लाक्‍चा	आश्‍चर्यकर्महरू	3
मदुम्‍ब	छैन	3
तशा	मानिसहरूसँग	3
जरमेशो	जन्म	3
हेरोद	हेरोदलाई	3
जशा	खाए	3
थालम	थालमा	3
मिनु	राजा	3
कसम	शपथको	3
भोजमी	भोजमा	3
थिम्‍मे	गाडे	3
पा	भरिनुभयो	3
रिक्‍चावानु	पर्‍यो	3
ग्‍याप्‍शा	किन्‍न	3
नु	यहाँ	3
योक्‍शा	दिनुभयो	3
जाइबपुकी	त्यहाँ	3
आन	उहाँ	3
डांडाम	डाँडामा	3
गो	मै	3
गेन	तपाईं	3
हिंशा	डराए	3
गेनेसरेथ	उहाँहरू	3
सु	जतिले	3
सास्‍त्रीपुकी	शास्‍त्रीहरू	3
मेकोपुकीमी	तपाईंले	3
थोव़कीमी	कुराले	3
मताइब	अगुवाहरू	3
साइक्‍चा	हत्या	3
मरिम्‍शो	अपमान	3
एको	यहाँबाट	3
इस्राएल	इस्राएलको	3
पथ	घरको	3
मीश	तिनी	3
पुंइशो	इच्छा	3
कली	निको	3
मिनु	चेलाहरूले	3
आन	सन्तुष्‍ट	3
कुरनी	तिमीहरूसँग	3
दोशो	कतिवटा	3
कुरनी	छन्	3
दे	दिनुभएपछि	3
जिक्‍शा	दिनुभयो	3
डालो	डाला	3
जाक्‍दीम्‍मानु	आए	3
ओख्‍ती	खमिरबाट	3
सुइक्‍ने	गर्छौ	3
,	मैले	3
मिनु	अथवा	3
दोशो	कति	3
बाक्‍माक्‍त	रहेछ	3
’	हुन्	3
इ	प्रकट	3
मेना	त्यस	3
बाक्‍ङे	तँ	3
थुं	इच्छा	3
दाक्‍स	इन्कार	3
स्‍वर्ग	स्वर्गदूतहरूसँग	3
,	कामअनुसारको	3
मबेक्‍नीम	मृत्यु	3
डांडामी	पहाडमा	3
कुल	रूप	3
खोदेंशो	परिवर्तन	3
बुश	चम्किलो	3
दाक्‍नीनी	चाहनुहुन्छ	3
नेनीने	सुन	3
कोव़ङमेनु	हेरे	3
डांडा	पहाडबाट	3
सास्‍त्रीपुकीमी	शास्‍त्रीहरू	3
सेल्‍ब	गर्नेछन्	3
मोदेंशो	त्यसै	3
बाक्‍नुङा	पुस्ता	3
आल	केटा	3
पा	कारण	3
याक्‍सो	जा	3
पुंइसीब	सुम्पिनेछन्	3
लेश्‍शा	गए	3
इस	तिम्रो	3
समुन्‍द्रमी	समुद्रको	3
खोइलीमी	खुट्टाले	3
मिक्‍चीमी	आँखाले	3
ओव़चा	गर्नु	3
आइक्‍च	घृणा	3
पाइबपुकी	दूतहरूले	3
का	विचार	3
यो	नाश	3
मरिम्‍शो	गल्ती	3
मुर	यो	3
दे	कर	3
आफ	पिताद्वारा	3
खेयप	पल्टसम्म	3
खुम्‍की	घुँडा	3
बाप्‍शा	गर्‍यो	3
जेल्‍खानम	झ्यालखानामा	3
मीश	उसकी	3
सेल्‍तीम्‍सी	बनाउनुभयो	3
‘	हामीलाई	3
पाइबा	गर्दछ	3
ग्‍युंबे	आफ्नी	3
आल	स-साना	3
आल	साना	3
माल्‍नेवे	गर	3
एको	येशूले	3
लोव़	भन्‍नुभएको	3
ओव़ने	प्रवेश	3
लूजे	सियोको	3
लूजे	नाथ्रीबाट	3
ग्रीने	सजिलो	3
खोइक्‍तक	छौँ	3
ङोंइती	अहिले	3
मथिप्‍ब	नगरी	3
बाक्‍नी	छौ	3
गाल्‍च	ज्याला	3
नोले	अन्तमा	3
पा	म	3
शिशी	असल	3
दुम्‍नीम	हुनेछ	3
यरूसलेम	यरूशलेमतर्फ	3
लाइनय	जाँदै	3
कांटी	कोर्रा	3
राज्‍यम	राज्यमा	3
ग्‍युरा	दायाँ	3
पेरा	बायाँ	3
कचौरा	कचौराबाट	3
बाक्‍चा	बस्‍न	3
शेंसीब	अरू	3
वोइश्‍शा	तिनीहरूमाथि	3
गाक्‍बपुकीमी	भिडले	3
आंस	हाम्रा	3
नेक्‍था	पुग्‍नुभयो	3
चाइक्‍ब	मकहाँ	3
थित्‍नीसी	ल्याओ	3
दुम्‍चा	हुनलाई	3
बाक्‍तीके	तिमीकहाँ	3
पिन	आउँदै	3
वा	कपडाहरू	3
ठेयब	धन्यको	3
गे	विराजमान	3
कली	हुनुहुनेलाई	3
जाइ	!	3
खोल्‍शा	पल्टाइदिनुभयो	3
प्रोंइशा	तिनीहरूबाट	3
पशो	गरिएको	3
बाक्‍मेनु	गर्नुहुँदा	3
देंब	’	3
मुरपुकीमी	तिनीहरू	3
मतुइक्‍नीकी	थाहा	3
के	मानिसका	3
‘	छोराले	3
लाइनुङ	जानेछु	3
अङगुर	लगाए	3
बुम्‍था	दाख	3
बुम्‍था	;	3
अङगुर	दाख	3
सोइक्‍तीमी	नोकरहरू	3
तुप्‍मे	पिटे	3
कली	आदर	3
टीनीम	गर्नेछन्	3
गारमा	मारौँ	3
नेल्‍ल	उत्तराधिकार	3
ओदेंशो	के	3
फुल्‍लु	ढुङ्गालाई	3
फुल्‍लु	ढुङ्गो	3
दुम्‍माक्‍त	बन्यो	3
लाक्‍चा	आश्‍चर्यपूर्ण	3
इं	तिनीहरूकै	3
सोइक्‍तीमी	भोजमा	3
लचा	आउन	3
शुक्‍शी	व्यवहार	3
कली	सक्‍ने	3
मरिम्‍शो	दुष्‍टता	3
सिजर	कैसरका	3
बेक्‍त	मर्‍यो	3
भोग्‍यु	पत्‍नीलाई	3
वोंइसीशा	विवाह	3
कामी	पहिलोले	3
सक्ति	शक्‍तिलाई	3
मपाइनीम	गर्दछन्	3
परमप्रभु	हुनुहुन्‍न	3
आन	चुप	3
दाक्‍चा	गर्नू	3
मपने	गर	3
दाक्‍नीम	चाहन्छन्	3
कली	भनी	3
का	समुद्र	3
नरक	पुत्र	3
चढ़ेतीके	वेदी	3
जाइबमी	खान्छ	3
जशो	खान्छ	3
ठीक	व्यवस्थाका	3
बोस	भित्रपट्टि	3
युइ	सन्तान	3
बुस्‍स	सर्पहरू	3
कोर्रामी	कोर्रा	3
हुशेमी	रगत	3
एको	यसै	3
लमेनु	जानुभयो	3
खिं	मन्दिरका	3
फुल्‍लु	ढुङ्गामाथि	3
दुम्‍बा	हुनेछन्	3
जाक्‍ची	आगमन	3
ब्रशा	आउनेछन्	3
पाइनीम	हुनेछ	3
साइक्‍नीम	मार्नेछन्	3
आ	अगमवक्‍ताले	3
ग्‍येत्‍थ	पहाडहरूतिर	3
प्रोक्‍मल	लिन	3
तूब	हाय	3
हिउंदमी	हिउँदमा	3
मदुम्‍ल	नपरोस्	3
नाक्‍त	दिनहरू	3
छक	झुटा	3
इन	अगाडि	3
देंतेक्‍म	भनेर	3
मसुतीन	नगर	3
तांइसीब	देखा	3
सोइक्‍ब	पठाउनुहुनेछ	3
रवा	हाँगाहरू	3
मनुप्‍थु	पुस्ता	3
मनुप्‍थु	बितेर	3
लाइनीम	जानेछ	3
यावे	पितालाई	3
जन	खाँदै	3
पुंइसीब	लगिनेछ	3
वोइक्‍चा	छोडिनेछ	3
गेना	कुन	3
जिम्‍मा	जिम्मा	3
गेब	दिनेछ	3
होव़प	नोकरले	3
मिम्‍शा	भन्दछ	3
मिनु	मालिकले	3
ग्‍युम्‍ले	दुलहालाई	3
निप्‍स	निर्बुद्धि	3
निप्‍स	बुद्धिमती	3
मजाक्‍दीप्‍ब	तेल	3
दाइश्‍शा	दिएर	3
नेनीने	भन्‍दछु	3
टलेन्‍त	सिक्‍का	3
देंमेनु	उसले	3
हजुर	मालिक	3
गेतीनी	दिनुभएको	3
मुल	हेर्नुहोस्	3
वा	पाउने	3
रोइक्‍चा	खोसिनेछ	3
पेरा	बायाँपट्टि	3
गेतीनी	दियौ	3
दाक्‍ङानु	थिएँ	3
फेक्‍चा	परदेशी	3
गेना	हामीले	3
तूतू	तिर्खाएको	3
मेकोपुकी	यिनीहरू	3
।	जानेछन्	3
थुम्‍शा	भनिसक्‍नुभएपछि	3
जोक्‍ब	मानिसहरूका	3
क्‍येट	बहुमूल्य	3
ब्रोव़शो	सिङ्गमरमरको	3
तुइश्‍शा	जानेर	3
रां	शरीरमाथि	3
तेल	गरिन्	3
येसु	इस्करियोत	3
रे	बेलादेखि	3
वारच	हातमा	3
,	पारेको	3
शेंबमी	भन्‍नुहुन्छ	3
नु	चेलाहरूसँगै	3
वारच	दिनेछ	3
पर्बमी	बारेमा	3
ग्‍याइक्‍चा	धोका	3
देंमेनु	भन्‍नुभयो	3
मेरे	फेरि	3
जैतून	उहाँहरू	3
खेयप	मलाई	3
सम्‍म	पल्ट	3
काथा	तपाईंसँगै	3
शेंसीब	चेलाले	3
इच्‍का	अलि	3
आइक्‍ची	पर	3
मदुम्‍ल	होइन	3
इप्‍शो	सुतिरहेको	3
इन	तपाईंकै	3
यहूदामी	ऊ	3
ग्रि	प्रहार	3
तरवार	के	3
कोक्‍के	तिमीहरू	3
पाइब	अगमवक्‍ताहरूले	3
”	सकून्	3
ओव़शा	भित्र	3
मार	कस्तो	3
चढ़ेबमी	पुजारी	3
देंशो	दिइरहेका	3
मेरे	उसो	3
खाक्‍शा	च्याते	3
तोक्‍तमे	थुके	3
पत्रुस	दासी	3
मार	बारेमा	3
गाक्‍ब	देखी	3
बाक्‍ब	भएकाहरूलाई	3
नासरथ	नासरतको	3
जशा	खाँदै	3
ओंथ	उभिरहेका	3
बाक्‍ङे	हौ	3
ङाक्‍माक्‍त	धुरुधुरु	3
ङाक्‍माक्‍त	रोए	3
पामे	रचे	3
खाल्‍पा	एल्डरहरूलाई	3
रिम्‍शो	निर्दोष	3
आन	मन्दिरमा	3
रू	जमिनलाई	3
साइ	अगमवक्‍ताले	3
रू	जमिनको	3
मेकोमी	हाकिमले	3
आंमा	त्यसो	3
मुरुमी	भने	3
कली	कसलाई	3
मपाइब	निर्दोष	3
नेल्‍ल	पानी	3
बारब्‍बा	छोडिदिए	3
चाक्‍दीश्‍शा	लगे	3
लल	लाल	3
थेक्‍शा	टेके	3
गे	टाँगिएका	3
मुर	भएर	3
जाक्‍शा	यसो	3
प्रोंइन	बचायो	3
रे	भनेको	3
बजे	दिउँसो	3
ग्‍युरशो	अमिलो	3
जाक्‍बा	आउँछन्	3
आगा	पर्दा	3
रे	भाग	3
सम्‍म	भएर	3
वारच	हेरचाह	3
बाक्‍मा	हेरिरहेका	3
योसेफमी	योसेफले	3
बुश	मलमलको	3
फुल्‍लुमी	ढुङ्गा	3
अर्को	अर्की	3
नोले	चेलाहरू	3
सेंसाक्‍व	हुनुभएको	3
फुल्‍लुमी	ढुङ्गामा	3
खाल	पहरेदारहरू	3
मरीयम	गरेकी	3
आ	स्वर्गदूत	3
बुबु	सेतो	3
मार	भएका	3
”	पर्न	3
सम्‍म	यही	3
११	एघार	3
आन	उनीहरूकहाँ	3
मेको	पालन	3
ब्‍वाक्‍कुम	पश्‍चात्तापको	3
माले	सलहहरू	3
जुत्ता	फित्ता	3
प्रुइक्‍चा	फुकाल्न	3
ख्रुम्‍ब	बप्‍तिस्मा	3
मेना	दिनहरूमा	3
बाक्‍त	लिनुभयो	3
जाक्‍त	छ	3
नाइक्‍तीक	शबाथ-दिनमा	3
पमुया	सरोकार	3
तशा	भन्‍न	3
पाइश्‍शो	एउटा	3
लोव़	समाचार	3
लमाक्‍त	फैलियो	3
चाक्‍ग्‍मे	उहाँकहाँ	3
रोइ	रोगी	3
रां	आफैँलाई	3
मचबा	सक्‍नुभएन	3
ङोंइती	नजिक	3
क्‍याम्‍ने	क्षमा	3
तुइश्‍शा	सोचिरहेका	3
गाक्‍माक्‍त	गयो	3
लेवी	लेवी	3
जन	हुनुहुन्थ्यो	3
पापीपुकी	पापीहरू	3
डाक्‍टर	वैद्यको	3
बाला	बाला	3
बाक्‍ब	बनाइएको	3
ओव़माक्‍त	जानुभयो	3
,	वरिपरि	3
कोव़शा	तिनीहरूतिर	3
शुश	तिनीहरूले	3
खिं	परिवारले	3
जाक्‍मा	आए	3
नेक्‍था	वरिपरि	3
लोक्‍ब	बहिनीहरू	3
शेंदा	सिकाउँदै	3
गेडा	छर्दा	3
कथा	दृष्‍टान्तको	3
शोक्‍बमी	छर्नेले	3
शोक्‍शो	छरिएका	3
नेंशा	सुन्छन्	3
शुश	समयसम्म	3
मिम्‍शा	फिक्री	3
नोफा	ध्यान	3
नेनीने	देओ	3
जाक्‍दीय्‍य	जाऔँ	3
,	राखेर	3
गिवार	चल्न	3
फश	थाल्यो	3
,	लागे	3
जाक्‍दीम्‍मा	क्षेत्रमा	3
ब्रीशो	लागेको	3
कली	वशमा	3
गार	चोट	3
सेंदामी	भन्यो	3
ओव़चा	पस्‍न	3
लशा	पसे	3
निश्‍शो	बसिरहेको	3
बाक्‍चा	आउन	3
मगेथु	दिनुभएन	3
रिम्‍शो	निम्ति	3
पवा	गर्नुभएका	3
याइरस	याइरस	3
थेक्‍शा	परे	3
कोव़शा	भन्‍नुभयो	3
बाक्‍त	हेर्नुभयो	3
बाप्‍शा	घोप्टो	3
शोव़ङा	बताइन्	3
बाक्‍को	जाऊ	3
रोइ	रोगबाट	3
आ	अगुवाको	3
पा	अर्थात्	3
आल	बालिका	3
आफ	बाबु	3
शेंन	शिक्षा	3
झोला	न	3
नेंना	सुने	3
लोक्‍ब	भाइकी	3
साइक्‍पाइक्‍चा	मार्न	3
आल	केटीलाई	3
लोव़	शपथ	3
पुना	चाहन्छु	3
देंने	इन्कार	3
जाक्‍मा	वरिपरि	3
मबाक्‍तीके	निर्जन	3
नु	तिनीहरूसँग	3
श्‍येत	गाह्रो	3
ते	जहाँ-जहाँ	3
बाक्‍त	हुन्थे	3
नित्‍तीके	बस्‍ने	3
देंशो	आज्ञालाई	3
साइक्‍चा	मारिनेछ	3
मुर	त्यस्तो	3
मुर	भित्रबाट	3
जोल	धोखा	3
बाक्‍ब	आउँछन्	3
नेंशा	सुनिन्	3
इ	तिम्री	3
मनेंब	सुन्‍न	3
लें	जिब्रो	3
मशेंदीने	नभन्‍नू	3
दोपा	कहाँ	3
जशा	खाएर	3
डालो	रोटीका	3
मुलाक्‍त	यो	3
शेंसीबपुकी	उहाँहरू	3
निक्‍शीमी	अरूहरूले	3
गेपुकी	तिमीहरूचाहिँ	3
सेंसीब	उठ्नेछ	3
जाम्‍शा	,	3
नु	पवित्र	3
छेङछेङ	महिमामा	3
जाक्‍मेनु	आउँदा	3
बाक्‍त	परे	3
पत्रुसमी	जवाफ	3
रे	उठ्नु	3
देंशो	अर्थ	3
लोव़सी	बहस	3
पुंइता	गरेँ	3
थमा	अविश्‍वासी	3
गेना	कति	3
,	हामीमाथि	3
थमा	अविश्‍वासमा	3
जाक्‍शो	आइरहेको	3
मरुप्‍मे	बुझेनन्	3
शेंसीब	बाह्र	3
नेल्‍ल	कोही	3
ब्राइब	ग्रहण	3
तेक्‍तु	ठेस	3
तेक्‍तु	लगाउँछ	3
मारदे	दुईवटा	3
निम्‍फा	लिएर	3
खिंमी	घरभित्र	3
गेमी	दिनुभयो	3
नेल्‍ल	पालन	3
लोव़	भनाइको	3
सु	कसले	3
खिं	घरहरू	3
गाक्‍मानु	हुनुहुन्थ्यो	3
हिंमा	डराएका	3
ख्रुम्‍चा	बप्‍तिस्मा	3
मदुम्‍ब	हुनेछैन	3
कली	धेरैको	3
मताइबमी	मानिसले	3
मिनु	उनीहरूलाई	3
ङोंइती	अगिअगि	3
जाक्‍चशो	आउने	3
नेन्‍मे	सुने	3
ति	सम्झे	3
माफ	पापहरू	3
रे	मानिसहरूबाट	3
देनीन	देओ	3
तुप्‍शा	पिटे	3
का	अझै	3
अरु	अरूहरूलाई	3
ताइश्‍शो	निर्माणकर्ताहरूले	3
दुम्‍माक्‍त	भएको	3
मकोव़थु	भेदभाव	3
देनार	सिक्‍का	3
सु	कसको	3
सेंसीशा	उठ्नेछन्	3
ममाइ	हुनुहुन्‍न	3
रुप्‍तीक	सारा	3
बाक्‍माक्‍त	दिनुभयो	3
भोजमी	भोजहरूमा	3
वोंइश	विधवाहरूको	3
मुर	मानिसहरूले	3
मुरुमी	मानिसहरूले	3
कली	पहिले	3
लोव़	बोल्नुपर्ने	3
मेकोपुकी	त्यो	3
नाक्‍त	दिनलाई	3
सरीङमी	स्वर्गमा	3
गोस्‍सुमी	बादलमा	3
रवा	रुखबाट	3
आं	त्यसकारण	3
।	रहो	3
पियामी	टाउकोमा	3
निक्‍शीमी	कोही-कोही	3
रिम्‍शो	सुन्दर	3
रागीम	सारा	3
पास्‍सा	निस्तारको	3
साचा	तयारी	3
कोठा	कोठा	3
यो	जसद्वारा	3
आब्‍बा	अब्बा	3
चाप्‍नीनी	छ	3
जाक्‍शा	आउनुभयो	3
मारेइ	तिनीहरूले	3
येसु	आयो	3
चढ़ेब	पुजारीका	3
हना	उसले	3
शिश्रा	नाङ्गै	3
माल्‍मे	खोजिरहेका	3
मुरुमी	विरुद्धमा	3
ममाइ	यसले	3
नेंतक	सुन्यौँ	3
गुइमी	हातद्वारा	3
यावे	गवाहीको	3
साइक्‍चा	मृत्युको	3
खेयप	दोस्रो	3
खेयप	चोटि	3
पिलातस	पिलातसलाई	3
लाक्‍माक्‍त	परे	3
रेयके	चिच्‍च्याए	3
क्‍येप्‍शा	टाँग्‍नुहोस्	3
गेचा	गरेको	3
फेक्‍तीक	बैजनी	3
सेल्‍शा	बनाएर	3
९	तेस्रो	3
बजे	घडीमा	3
रुम्‍सीब	हुन्छ	3
”	थिएन	3
पा	कि	3
सेंसीशा	उठ्नुभएपछि	3
थुम्‍शा	बोलिसक्‍नुभएपछि	3
एलीशीबा	एलीशिबा	3
ग्रूशा	परे	3
मेको	स्वर्गदूतलाई	3
ठीक	त्यसो	3
नासरथ	नासरतमा	3
दाक्‍शा	निगाह	3
ठेयब	सर्वोच्‍चका	3
मबाक्‍ब	हुनेछैन	3
दुम्‍ती	हुँ	3
रागी	देशको	3
कोव़ज	गर्भमा	3
सेंदा	आवाजले	3
मरीयम	भनिन्	3
आसीक	धन्यकी	3
ताइब	हौ	3
ग्‍येरसीनुङ	आनन्दित	3
नङ	अवस्थामा	3
मेकोमी	उहाँका	3
ग्‍येरसमा	आनन्दित	3
आल	जन्मेको	3
८	आठौँ	3
तौ	बालक	3
शिशी	कृपाद्वारा	3
बेक्‍पाइक्‍ब	मृत्युको	3
आन	मानिसहरूमाथि	3
लमाक्‍त	गए	3
बाक्‍त	राखिन्	3
बाक्‍मा	बसिरहेका	3
मिनु	एक्‍कासि	3
आल	जन्म	3
दोपा	दिइएको	3
पाइब	एउटा	3
दाक्‍शो	प्रसन्‍न	3
सहर	दिनहरू	3
चढ़ेचा	बलिदान	3
बाक्‍त	ल्याइयो	3
आम	आमाबुबा	3
ओंथ	क्षेत्रहरूमा	3
रिम्‍शो	राम्रा	3
जुत्ता	जुत्ताको	3
गेशा	दिँदै	3
बाक्‍त	ओर्लनुभयो	3
योसेफ	लेवी	3
मत्‍थाथीयास	मत्ताथियासका	3
बाक्‍माक्‍त	,	3
ब्रीशा	भरिएर	3
इर	उच्‍च	3
इर	स्थानमा	3
नेल्‍ल	सबैमाथि	3
बाक्‍त	लगेर	3
इ	तपाईंको	3
,	गरिसकेपछि	3
लशा	प्रवेश	3
पाइब	सेवकलाई	3
मुर	उखान	3
थमा	तर	3
हना	पर्दा	3
मीश	विधवाहरू	3
रागी	सहरको	3
छक	आश्‍चर्य	3
सोइश्‍शो	पठाइएको	3
मुरपुकीमी	समयमा	3
ङोंइती	घोप्‍टो	3
बाप्‍शा	परेर	3
आ	भनी	3
शेंबपुकी	शिक्षकहरू	3
कुरशा	बोकेर	3
येसु	कारणले	3
बोक्‍शा	उठेर	3
बोक्‍शा	उठ	3
नेल्‍ले	सबै	3
पा	भरिएर	3
प्रोंइशा	छाडेर	3
काथा	चेलाहरूसँग	3
ममाल्‍नीम	आवश्यकता	3
फरिसी	फरिसीहरूका	3
जन्‍ती	विवाह	3
जन्‍ती	भोजमा	3
यावे	गरिएको	3
शोब्‍ले	रोटीबाट	3
नाक्‍ती	दिनको	3
नाइक्‍तीक	विश्राममा	3
देंशा	थिएः	3
जाक्‍शो	बासिन्दाहरू	3
जाक्‍मा	आएका	3
मेको	शक्‍ति	3
ग्‍येरसीने	धन्य	3
के	तिमीहरूकै	3
मान	प्रशंसा	3
आन	गरेका	3
पापीपुकीमी	पापीहरूले	3
कली	गर्नेहरूलाई	3
,	तिमीलाई	3
पाइनीम	दिन्छन्	3
कली	फिर्ता	3
दाक्‍तीन	गर	3
कसीङगर	कसिङ्गर	3
थुं	आफ्नो	3
नेंशा	आउँछ	3
नेल्‍ल	तुरुन्तै	3
सहरम	प्रवेश	3
शिरशो	योग्यका	3
ग्रुम्‍तीक	सभाघर	3
सेंसीशा	,	3
बाक्‍त	बताइदिए	3
आस	दिएर	3
मिक्‍च	बाटो	3
लनी	गयौ	3
ताइतीनी	छ	3
फरिसी	व्यवस्थाका	3
बाक्‍त	थिएनन्	3
खोदेंशो	क्षेत्रमा	3
हिशेक	विलाप	3
यावे	बुद्धि	3
खोइल	पाउमा	3
साइ	“	3
आस	जनालाई	3
नाइश्‍शा	शान्तिसँग	3
बाक्‍माक्‍त	भनिन्थ्यो	3
जुक्‍शो	मानिसहरूजस्ता	3
जुक्‍शो	बिउ	3
जचा	सुख	3
खिं	उसले	3
नेल्‍लेम	सबैले	3
येसु	येशूकी	3
रिम्‍शा	पर्खिरहेका	3
,	डरलाग्दो	3
बर्स	समयदेखि	3
सेंदा	स्वरमा	3
वोइश्‍शो	राखेको	3
वोलम	दुष्‍ट	3
दुम्‍शो	त्यो	3
ग्रूशो	आए	3
बाक्‍ब	छिन्	3
सोइक्‍तीमी	पठाउनुभयो	3
झोला	थैली	3
खोइल	खुट्टाको	3
जिक्‍शा	भाँचेर	3
नु	उहाँसँग	3
पर्बम	वचनहरू	3
जाक्‍मेनु	तिनीहरूसँग	3
यरूसलेमम	यरूशलेममा	3
बाक्‍त	हुनुभयो	3
बाक्‍तीके	स्वर्गतिर	3
गाउं	गाउँतिर	3
खिं	ठाउँ	3
ङोंइती	प्रभु	3
थुं	तिमीहरूमा	3
बास	स्वागत	3
गेशा	गरे	3
यावे	कि	3
ना	दिन	3
छक	गरिएका	3
मब्राइब	गर्छ	3
आं	कुराहरू	3
नेल्‍ल	सुम्पिएको	3
मतुइक्‍नीम	जान्दैन	3
सास्‍त्री	यहूदी	3
इ	प्रेम	3
बाक्‍त	छोडे	3
तारी	राखेर	3
लाइश्‍शा	ल्याए	3
पाइश्‍शो	गरेकी	3
शेंशो	वचन	3
लोक्‍बमी	काममा	3
आ	आपसमा	3
जोरी	विरुद्धमा	3
लेश्‍शा	फर्की	3
सिनाक्‍त	यो	3
मुर	मानिसहरूसँगै	3
बत्ती	बत्तीको	3
दे	तिमीहरू	3
लोव़	कुराका	3
हजार	हजारौँ	3
लोव़	उनीहरूको	3
वोइश्‍शो	गुप्‍त	3
नोले	त्यो	3
ठेयब	शासक	3
हुकुम	अधिकारीहरूको	3
सुर्ता	चिन्तित	3
।	अलग	3
तशा	,	3
,	कसैले	3
मिम्‍नीम	गर्दछन्	3
जाक्‍शा	आउँछ	3
हना	भित्री	3
मतुइक्‍थु	थाहै	3
बाक्‍नुङ	हुँ	3
,	नत्रता	3
मलेत्‍ताक्‍नी	पश्‍चात्ताप	3
मलेत्‍ताक्‍नी	गरेनौ	3
,	मरेका	3
१८	अठार	3
गेय	हेरचाह	3
पाइबमी	गर्नेले	3
मुने	लज्‍जित	3
मचाप्‍नीम	सक्षम	3
आन	जान	3
नित्‍तीकेमी	आदरको	3
खिं	माथिल्लो	3
वारचपुकी	साथीहरू	3
कली	छिमेकीहरूलाई	3
लेन्‍ने	गर्न	3
मुलाक्‍ती	मैले	3
’	छैन	3
सेल्‍ने	बनाउने	3
लाइश्‍शा	साथ	3
पाप	पश्‍चात्ताप	3
ग्‍येरसीनीम	हुनेछ	3
मोपा	त्यसै	3
इच्‍का	धेरै	3
अङस	उनले	3
दोम्‍शो	मोटो	3
जाक्‍त	आउनुभएको	3
देंमेनु	भने	3
क्‍येट	धन	3
क्‍येट	धनी	3
गेमी	तिम्रो	3
गेयी	देऊ	3
आन	प्रत्येकलाई	3
मरिम्‍शो	अधर्मी	3
पाइब	अधर्मी	3
जोल	विश्‍वासयोग्य	3
शोंप	सम्पत्तिमा	3
शोंप	सम्पत्ति	3
यावे	नजरमा	3
पाइश्‍शो	वस्‍त्र	3
बाक्‍त	पायो	3
बाक्‍नेवे	छौ	3
मेको	मेरा	3
,	बेला	3
मेकोपुकीमी	चर्को	3
थमा	तिमीहरूले	3
क्‍येङा	उहाँ	3
मार	विभिन्‍न	3
,	असल	3
का	एकै	3
मीश	विधवाले	3
आल	जवान	3
आंइ	सबै	3
बाक्‍बपुकीमी	यसो	3
नङा	हुँ	3
मेको	उसँग	3
पतीके	कारण	3
,	रित्तो	3
सोइक्‍नुङ	पठाउनेछु	3
देनीन	अर्थ	3
मसेंसीनीम	हुँदैन	3
परमप्रभु	परमप्रभुलाई	3
हना	उहाँकै	3
भेटी	भेटीहरू	3
काबु	अब	3
ताइनीनी	गर्नेछौ	3
सहर	सहरभित्र	3
तास्‍ला	चन्द्रमा	3
तुइक्‍नीनी	पाउनेछौ	3
नोफा	तिमीहरूलाई	3
देंशो	तिमीहरू	3
रागीम	पृथ्वी	3
हुशेमी	रगतमा	3
गोपुकी	यही	3
काथा	टेबलमा	3
सुइक्‍चा	बलियो	3
जाक्‍शो	आउने	3
एकोमी	यसले	3
लोव़	शब्दहरूमा	3
थोक्‍शा	टाँग्‍ने	3
दे	निर्णय	3
पा	जसद्वारा	3
ङा	आउँदै	3
ङाक्‍कीन	रोओ	3
शी	टाँगे	3
मुरपुकीमी	उहाँलाई	3
योव़शो	चुनिएको	3
मनवे	होइनौ	3
रे	उभिएर	3
पिलातसमी	लगे	3
पुक्‍खी	चिहानबाट	3
सेंसीचा	जीवित	3
सेंसीब	जीवित	3
बाप्‍शा	निहुरेर	3
स्‍तादीयोन	किलोमिटर	3
गेमी	तपाईं	3
आ	सम्बन्धित	3
कली	गर्नुहुने	3
ग्रूशा	तिनीहरू	3
ब्रेक्‍शो	पुस्तक	3
ङोंइती	सुरुमा	3
जाक्‍त	आउनुहुने	3
रागीमी	संसार	3
नु	स्‍वीकार	3
जरमेतीके	न	3
बाक्‍तक	छौँ	3
गेनायो	देखेको	3
यूहन्‍नामी	उनले	3
गोरशो	मरुभूमिमा	3
आ	निम्‍ति	3
नथानेलमी	नथानेलले	3
फिलीप	फिलिपले	3
नाक्‍ती	दिनपछि	3
दे	शुद्धिकरणको	3
भेडा	भेडाहरू	3
पशो	यो	3
तने	देख्‍न	3
आ	आमाको	3
चाप्‍नीम	सक्दैन	3
रां	शरीरबाट	3
मलाक्‍कीन	नमान	3
पाता	भनेँ	3
मोसा	मोशाले	3
थमा	उहाँमा	3
पा	गरिएका	3
नेल्‍ल	होऊन्	3
लाम्‍तेक्‍म	जानुभयो	3
ग्‍युम्‍लेमी	दुलहाको	3
पाइब	बोल्दछ	3
पाइब	दिनुहुन्छ	3
आ	गरेर	3
तौ	पुत्रमा	3
ताइब	हुन्छ	3
मेना	यो	3
इ	वरदानलाई	3
ब्रोंइचा	जिउँदो	3
तूबा	पिउँछ	3
तूतू	तिर्खाउनेछैन	3
नोले	आइरहेको	3
सेल्‍नीनी	गर्छौ	3
यहूदी	यहूदीहरूबाट	3
बाली	कटनी	3
आंम	आफैँले	3
बेक्‍चा	मर्न	3
जाक्‍कीन	आउनुहोस्	3
नेल्‍लेमी	घरानाले	3
माइश्‍शो	भनिन्छ	3
तुइश्‍शा	महसुस	3
हिल्‍लो	चाहन्छौ	3
ब्राख्‍ये	चकटी	3
गाक्‍को	हिँड	3
मुरुमी	मानिस	3
गोम्‍तेक्‍म	थियो	3
पाइनुङ	गरिरहेको	3
कली	झनै	3
सेंपाइक्‍ब	जीवन	3
मपाइबा	गर्दैन	3
सजाइ	न्यायको	3
वा	थियौ	3
मोदेंशो	यसो	3
देंत	भन्‍नुभएको	3
समुन्‍द्र	समुद्रका	3
डोंगा	डुङ्गाको	3
ताम्‍तेक्‍म	देखे	3
लाक्‍चा	गर्नुहुनेछ	3
कली	तपाईंलाई	3
दे	यस्तो	3
आं	पुत्रलाई	3
पिने	आउन	3
ब्‍वचा	खान	3
बाक्‍नुङ	रहन्छु	3
आं	यही	3
तुइश्‍शा	जानेका	3
,	कुरा	3
ख्रुइश्‍शा	गुप्‍तमा	3
लची	समय	3
के	आएको	3
चिनु	खतनाको	3
सोइक्‍ताक्‍यी	पठाउनुभयो	3
नु	तिमीहरूसँगै	3
बाक्‍तीकेमी	जान्छु	3
ब्रशा	छरपष्‍ट	3
माल्‍नीनी	खोज्‍नेछौ	3
ब्‍वाक्‍कु	पानीका	3
बाक्‍तेक्‍म	गर्थे	3
मगेशो	दिइएको	3
फरिसी	फरिसीहरूकहाँ	3
मुर	५३-८	3
रे	सुरु	3
नेल्‍ल	तिनीहरू	3
मतुइक्‍नीनी	चिनेका	3
बेक्‍नीनी	मर्नेछौ	3
बाक्‍ब	गर्नु	3
नकी	हौँ	3
पाइनीमी	गर्छ	3
कली	परमेश्‍वरबाट	3
पाता	बोल्छु	3
निशा	माटो	3
मिक्‍चीमी	आँखामा	3
हना	यसले	3
मसुदेम	गरेनन्	3
ममाइ	हो	3
यो	त	3
दुम्‍चा	बन्‍न	3
पशो	बोल्नुभयो	3
बाक्‍मे	हुनुहुन्छ	3
मेकोन	उही	3
देंनीनी	भन्छौ	3
भेडापुकीमी	भेडाहरूले	3
मरुप्‍शो	बुझेनन्	3
कली	खोसेर	3
गशो	पागल	3
पशो	होइनन्	3
यहूदीपुकी	यहूदीहरूले	3
सुइमी	दिनुहुने	3
गेय	कामहरूमा	3
मारथा	तिनकी	3
पाइश्‍शो	अभिषेक	3
दाक्‍शो	माया	3
सक्ति	महिमाको	3
लचा	जाँदै	3
चाप्‍नीनी	सक	3
जौंले	दिदुमस	3
ग्रुम्‍थ	भेट्न	3
वा	थिएनन्	3
खाइक्‍त	हुनुभयो	3
सोइश्‍शो	पठाउनुभएको	3
बर्स	वर्षका	3
एको	त्यो	3
गोपुकी	तिमीहरू	3
चहिं	जो	3
ग्रुम्‍चा	भेट्न	3
दाक्‍नीकी	चाहन्छौँ	3
लाइब	हुने	3
पुंइसीचा	मृत्यु	3
लोव़	हामीले	3
नोले	अन्त्यसम्मै	3
सक्ति	थोक	3
काइ	कहिल्यै	3
मुल	“	3
दाक्‍मुने	एकले	3
,	गर्‍यौ	3
मुर	यसैद्वारा	3
मपने	नहोस्	3
मिनु	हामीले	3
पाइनीनी	गर्नेछौ	3
वारच	सल्लाहकार	3
कली	एकलै	3
ब्रोंइनुङ	जिउँछु	3
आगामी	तिमीहरूमा	3
नेंतीनी	सुनेका	3
मचाप्‍ब	छैन	3
दाक्‍नुङ	गर्छु	3
ङा	संसारले	3
राशी	हाँगाहरूलाई	3
टीतीनी	पालन	3
गो	छु	3
लील	होस्	3
शेंताक्‍न्‍नी	भनेको	3
मदाक्‍बा	गर्छ	3
थमा	अर्थात्	3
बाक्‍तीक	जाँदै	3
नोले	बेरमा	3
मख्रुइक्‍थु	आलङ्कारिक	3
,	गर्छौ	3
आन	मानिसहरूकहाँ	3
।	गर्छु	3
बाक्‍मल	होऊन्	3
इन	तपाईंकहाँ	3
बाक्‍मल	गरून्	3
हना	प्रेमले	3
मेको	तिनीहरूमा	3
आन	समूह	3
देंती	भनेँ	3
दुम्‍चा	हुनको	3
लाइक्‍तेक्‍म	लगे	3
पिलातस	राज्यपालको	3
जरमेशा	जन्मिएको	3
मुर	मानिसमा	3
ग्रीतेक्‍म	कराए	3
कांटी	टाँग	3
कांटी	येशूलाई	3
ब्रेक्‍स	चिन्ह	3
“	थियोः	3
ठेयब	महत्त्‍वपूर्ण	3
सहे	झण्डै	3
दाक्‍शो	गर्नुभएका	3
,	आइपुगे	3
सुइक्‍तु	गरे	3
ङाक्‍न	रुँदै	3
राप्‍शा	उभिरहनुभएको	3
गुइमी	हात	3
ताइनीनी	सक	3
मिम्‍नुङ	लाग्छ	3
परमप्रभु	लेखेको	3
लाइक्‍चा	माथि	3
सोइश्‍शो	प्रेरितहरूलाई	3
ममाल्‍नीनी	होइन	3
ग्‍येत्‍थ	माथि	3
राप्‍शो	छेउमा	3
कोंइब	अगुवाइ	3
पर्बम	बारे	3
दुम्‍चा	हुनु	3
माल्‍ब	साथ	3
सोइश्‍शो	प्रेरितको	3
फ्रिगीया	फ्रिगिया	3
पशो	कामहरूका	3
नेनीने	सुन्‍नुहोस्	3
हुश	रगतमा	3
प्रभु	कि	3
कली	अधर्मी	3
बाक्‍ब	थिएन	3
प्रभु	परमप्रभुलाई	3
गेपुकीमी	यही	3
मिनु	भाइहरू	3
इस्राएलीपुकी	इस्राएलका	3
गे	तपाईंहरूले	3
साइक्‍तीनी	हत्या	3
मुर	व्यक्ति	3
शेंशो	घोषणा	3
सु	कुन	3
रुपीने	कि	3
नेंमी	नाउँ	3
सुइ	न	3
टिचा	गर्नु	3
आंमा	न्याय	3
गो	किनकि	3
छक	आश्‍चर्यकर्म	3
देंमा	प्रतिवेदन	3
नेंशा	सुनेपछि	3
रागी	जातिहरू	3
पिपपुकी	राजाहरू	3
ठेयब	साहससित	3
सुइक्‍ब	गर्नेहरूको	3
सोइश्‍शो	पाउमा	3
सैतान	शैतानले	3
मारदे	हृदयमा	3
नेंशा	सुन्‍नेहरू	3
लाइश्‍शा	बोकेर	3
साइश्‍शो	रगत	3
नेंमी	नाउँको	3
श्‍येत	निम्ति	3
खिं	घर-घरमा	3
बारन	वृद्धि	3
लोव़	हामीलाई	3
अब्राहाम	तिनलाई	3
प्रोंइशा	गरे	3
बेक्‍म	मृत्यु	3
दुम्‍माक्‍त	बने	3
गेहे	डाह	3
याकूबमी	याकूबले	3
मोसा	तिनी	3
गे	तपाईंहरू	3
,	चाहन्छौ	3
बाक्‍मेनु	बने	3
देवता	देवताहरू	3
दाक्‍शो	दृष्‍टिमा	3
पाइनीनी	गर्नुहुन्छ	3
अरेशो	पालना	3
सेंदा	सोरले	3
खेदा	सतावट	3
बाक्‍माक्‍त	गर्थ्यो	3
सामरीया	सामरियाका	3
मुरुमी	नपुंसकले	3
ठेयब	त्यस	3
दमस्‍कस	दमस्कसका	3
दिङ	भुइँमा	3
सावल	ए	3
दमस्‍कसमी	दमस्कसमा	3
कोंइतीक	दर्शनमा	3
शुश	खातिर	3
प्रभुमी	प्रभु	3
महिंथु	साहसपूर्वक	3
लिडडा	लुड्‌डा	3
योप्‍पा	योप्पा	3
बाक्‍म	होला	3
यो	सारा	3
बाक्‍चा	गर्नु	3
नेल्‍ल	सुसमाचार	3
सेल्‍तु	दिनुभयो	3
ख्रोइक्‍तीक	खतनाको	3
थमा	मानिसहरूले	3
कली	गरे	3
ङा	जङ्गली	3
चिक्‍ब	चराहरू	3
नेंता	सुने	3
सिजरिया	कैसरियाबाट	3
लोव़	वचनहरूलाई	3
यो	विरोध	3
स्‍तीफानस	स्तिफनसको	3
साइप्रस	साइप्रस	3
एन्‍टीओक	एन्टिओखियामा	3
सावल	शाऊललाई	3
एन्‍टीओकम	एन्टिओखियामा	3
शेंन	सिकाए	3
दातेमी	एक	3
,	पठाउने	3
तरवारमी	तरवारले	3
४	चारवटा	3
हना	अचानक	3
”	गर्नका	3
रे	देशबाट	3
आ	ईश्‍वरको	3
ङोइश्‍शा	चढी	3
साइप्रस	साइप्रसको	3
कोंइब	जादुगर	3
हुकुम	प्रान्तीय	3
मोपा	यी	3
नोले	कुरापछि	3
आस	पावल	3
मप्रोनीन	उत्साह	3
बारनाबासमी	बारनाबासले	3
रागी	यो	3
ठेयब	महत्त्वपूर्ण	3
शेंब	अगुवाहरूलाई	3
लिस्‍त्रा	लुस्‍त्रा	3
लिस्‍त्रा	लुस्‍त्रामा	3
गोपुकी	हामीकहाँ	3
कली	मनलाई	3
शेंशा	तपाईंहरूलाई	3
माफ	शुद्ध	3
तुइक्‍ब	गर्नुहुन्छ	3
लाक्‍चा	आश्‍चर्यकर्महरूको	3
मब्‍वचा	घाँटी	3
मजचा	मारेको	3
साइश्‍शो	अलग	3
बारनाबास	बारनाबासका	3
सिरीया	सिरिया	3
थुं	आत्मालाई	3
मेको	एकसाथ	3
लमाक्‍त	गरे	3
नेल्‍लेमी	भाइहरूले	3
मिनु	पावलले	3
बाक्‍ब	मण्डलीहरूमा	3
मासीडोनीया	माकेडोनियाका	3
मुर	हामीलाई	3
जाक्‍दीत्‍तक	लाग्यौँ	3
कोंइब	घोषणा	3
कीशा	घिसार्दै	3
रेयके	भिड	3
निसाफ	न्यायाधीशहरूले	3
पा	कडा	3
मिनु	झ्यालखानाका	3
हजुर	हजुर	3
आन	,	3
यासोन	यासोन	3
वोंइश	पुरुषहरूले	3
बाक्‍ब	दिनुहुन्छ	3
लोव़	कुरामा	3
मासीडोनीया	माकेडोनियाबाट	3
पावल	पावलका	3
आकाया	अखैयाका	3
पाइब	पावललाई	3
नें	नाउँहरू	3
गे	अगि	3
जहाज	चढेर	3
आकाया	अखैया	3
थुं	ठूलो	3
रे	देखाउन	3
ग्रुंइचा	लियौ	3
सां	तीन	3
पाइब	आत्माहरू	3
ङा	त्यस्तो	3
गायस	गायस	3
मरिम्‍शो	गरेका	3
सुइक्‍ब	विश्‍वासीहरूलाई	3
आन	उत्साह	3
अरीस्‍तारकस	अरिस्तार्खस	3
त्रोआस	त्रोआसमा	3
थमा	गवाही	3
काथा	मसँग	3
आन	भएकाहरूका	3
जाक्‍दीश्‍शा	लाग्यौँ	3
आ	सात	3
साइ	एक	3
ङोंइती	पुराना	3
गाक्‍ब	नगर्नू	3
लोव़	भन्छौँ	3
चढ़ेचा	शुद्ध	3
राप्‍पदा	आदेश	3
पा	भएको	3
लां	मार्गलाई	3
साइक्‍चा	मृत्युसम्मै	3
लोव़	आवाजलाई	3
दमस्‍कस	दमस्कसमा	3
मताइब	देख्‍न	3
इं	एक	3
,	मानिसलाई	3
लडाइ	सेनापति	3
नाक्‍ती	,	3
लोव़	निन्दा	3
प्रभुमी	परमेश्‍वर	3
लोव़	सहमत	3
पाइब	राख्‍ने	3
का	गर्छु	3
पा	अगाडि	3
फेस्‍तस	फेस्तस	3
पर्बम	विरुद्ध	3
मुददा	इन्साफ	3
दोस	विरुद्ध	3
आ	ल्याउने	3
हजुरपुकी	मानिसहरू	3
ब्रेक्‍चा	कुराहरू	3
अग्रीप्‍पामी	अग्रिपासले	3
सरकार	अग्रिपास	3
।	राख्‍न	3
नङ	गर्दछु	3
गाक्‍ती	गरेँ	3
ङा	कोसिस	3
पा	जानेका	3
यहूदी	:	3
बौला	पागल	3
,	व्यवहार	3
क्रेट	क्रेटको	3
जहाज	जहाजका	3
टापु	टापुको	3
नां	जहाजलाई	3
ओरग्‍या	गहिराइ	3
तोक्‍शा	तल	3
आंइ	उत्साहित	3
साइक्‍ब	हत्यारा	3
ग्रुम्‍शा	,	3
नेल्‍लेमी	साथ	3
जचा	थियौँ	3
कली	नाउँको	3
बाक्‍चा	रहोस्	3
अर्को	यहूदीहरू	3
यावेमी	प्रकाश	3
थुंमी	हृदयका	3
ठेयब	घमण्डी	3
यावेमी	उहाँको	3
पची	हुने	3
सजाइ	क्रोध	3
पाइब	गर्नुहुन्‍न	3
गेब	दिन्छ	3
गो	मानौँ	3
नङ	हौ	3
आन	हुनेहरूका	3
ग्रांग्रा	घृणा	3
मदुम्‍नीम	हो	3
सराप	श्राप	3
लोव़	अधीनमा	3
परमप्रभु	व्यवस्था	3
बाक्‍नीम	छैन	3
चिनु	कि	3
नु	उपस्थितिमा	3
मारेइ	अस्तित्वमा	3
दुम्‍शो	समर्थ	3
मपथु	बरु	3
बाक्‍यानु	हुँदा	3
बेक्‍त	मर्नुभयो	3
शुश	आफ्नो	3
ख्रीस्‍तम	ख्रीष्‍टद्वारा	3
खोदेंशो	प्रतिरूप	3
गेशो	आउने	3
देंचा	भनौँ	3
मो	यस्तो	3
ख्रीस्‍त	ख्रीष्‍टसँग	3
गेनायो	उहाँ	3
ग्रांग्रा	अशुद्धता	3
ग्‍युंबे	विवाहित	3
येसु	तिमीहरू	3
नु	अर्थात्	3
मरिम्‍शो	पापमय	3
मदाक्‍शो	त्यही	3
अर्को	फरक	3
थुं	गर्छु	3
थुंमी	मानसिकता	3
थुंमी	शरीरमा	3
मेको	शरीरलाई	3
फाल्‍शा	धैर्यसाथ	3
पुंइचा	प्रार्थना	3
नेल्‍ल	खोजी	3
रे	अलग	3
कली	अधिकार	3
शिशी	दयाका	3
खोदेंशो	थिए	3
फुल्‍लुमी	लाग्‍ने	3
लोव़	सुन्‍न	3
ङोंइती	,	3
मोपा	यसको	3
माल्‍शा	खोजी	3
तन्‍न	अब	3
राशी	कलमी	3
पा	अन्जान	3
गेशो	वरदानहरू	3
गेनायो	अपरिवर्तनशील	3
थुं	मनलाई	3
मारेइ	निम्ति	3
खोदेंशो	बलिको	3
ठीक	सिद्ध	3
पुंइसाक्‍वे	वरदान	3
पावो	गरोस्	3
श्‍येत	दुःखमा	3
ङा	मनका	3
परमप्रभु	प्रेममा	3
छिङछिङ	अन्धकारका	3
तेल्‍लेम	अनैतिकता	3
दुम्‍शा	धारण	3
,	यसका	3
चहिं	अर्कोले	3
श्‍ये	प्रभुकै	3
मारदे	यही	3
दुम्‍त	हुनुभयो	3
थुं	चोट	3
दुशा	शान्ति	3
पाइतीनी	गर्ने	3
पने	छन्	3
बाक्‍ब	राख	3
दाक्‍शो	खुसी	3
कुम्‍सो	गाउनेछु	3
ग्‍येरसीन	आनन्द	3
थुं	शान्तिले	3
ङोंइती	कुराहरूमा	3
नु	सबैसँग	3
शुश	कडा	3
बाक्‍कीन	देओ	3
गेनन्‍नी	गर्छु	3
बाक्‍कीन	गरेका	3
सहर	मण्डलीलाई	3
शुश	ज्ञानमा	3
रिम्‍शो	धन्यवाद	3
खोदेंशो	मानवीय	3
ख्रीस्‍त	क्रुसको	3
मूर्ख	मूर्खता	3
नमी	कहाँ	3
दाइल	लाग्‍ने	3
गेब	बन्‍नुभयो	3
,	डर	3
।	गर्नुहुन्छ	3
हीरा	पत्थर	3
मीम	प्रकट	3
मीम	आगोद्वारा	3
पाइतक	गर्‍यौँ	3
ठेयब	फरक	3
पाइतीनी	छौ	3
दुम्‍तक	छौँ	3
मचाप्‍ब	दुर्बल	3
ग्रांग्रा	घिनलाग्दा	3
ब्रेक्‍ताक्‍ङ	लेख्छु	3
सोइक्‍ताक्‍ङ	पठाएँ	3
ठेयब	अहङ्कारी	3
खोदेंशो	भएजस्तै	3
थुं	साथ	3
थोव़क	खाना	3
इं	उहाँसँग	3
रांमी	शरीरमा	3
वोंइश	पुरुषको	3
यो	अनैतिक	3
मप्रोनल	सम्बन्ध	3
बाक्‍चा	सन्तुष्‍ट	3
मख्रोंइ‍सीशो	खतना	3
मपने	नगरोस्	3
श्‍येत	आउन	3
पा	व्यवहार	3
चिक्‍शो	अन्त्य	3
पचा	पार्ने	3
ग्‍येरपाइक्‍चा	प्रसन्‍न	3
मरिम्‍शो	व्यवहार	3
ग्‍येरशा	परमेश्‍वरको	3
नु	परमेश्‍वर	3
मिम्‍शा	भएको	3
मजोक्‍ब	कमजोर	3
पुंइसाक्‍व	मर्नुभयो	3
आ	कामको	3
दे	गर्नुहुन्छ	3
दुम्‍मल	जित्‍नको	3
ङोंइती	एक	3
यावे	प्रसन्‍न	3
मदुमीन	नहोओ	3
फाल्‍ने	सहन	3
बारपाइक्‍ब	प्रदान	3
पाइनुङ	बोल्दछु	3
बाक्‍य	हौँ	3
ठीक	न्यायसङ्गत	3
मारेइ	कुरामा	3
दारस	गौरव	3
वोंइश	पुरुषबाट	3
बाक्‍नीनी	हुन्छ	3
ग्रुम्‍तीक	मण्डलीलाई	3
मिनु	त्यसरी	3
नाक्‍शा	जाँच	3
सुइक्‍चा	कि	3
परमप्रभु	अगमवाणीको	3
वाइलीम	स्वतन्‍त्र	3
कांइचीक	अङ्गले	3
आइक्‍च	कमजोर	3
नोले	तेस्रो	3
आ	अन्य	3
मिम्‍ताक्‍ङ	गरेँ	3
मेकोमी	व्यक्‍तिले	3
बाक्‍कीने	बन	3
देय	जाँच	3
पुंइसाक्‍व	पारिनुभयो	3
सेंचा	पुनरुत्थान	3
गुइम	अधीनमा	3
बेक्‍चा	हाम्रा	3
खाल	शरीर	3
तास्‍ला	चन्द्रमाको	3
सोरुल	ताराको	3
लाइब	भएर	3
बेक्‍चा	प्राकृतिक	3
सेल्‍शो	बनेको	3
ङोंइती	र	3
लमे	छ	3
यो	शक्‍ति	3
मुम्‍मुशा	चुम्बनले	3
थमा	विश्‍वासीहरूलाई	3
सेल्‍नीकी	होस्	3
नेंमी	ख्रीष्‍टद्वारा	3
नाइक्‍पाइक्‍चा	सहभागी	3
मोदेंशो	त्यस्तो	3
ख्रीस्‍तमी	ख्रीष्‍टमा	3
श्‍येत	दुःखित	3
मरिम्‍शो	उसले	3
ब्रोव़शो	मिठो	3
रिना	सुबास्‍ना	3
बाक्‍नीकी	हौँ	3
मेकोमी	परमेश्‍वरले	3
सेल्‍शा	बनाउनुभएको	3
गिल्‍शो	घुम्टो	3
प्रभु	परमप्रभुबाट	3
जाम्‍शा	विनाश	3
तशो	देखिने	3
लोव़	गर्व	3
गारपाइक्‍तु	ल्याउनुभयो	3
आ	लेखा	3
देंनीकी	गर्दछौँ	3
चोक्‍चा	कैदी	3
शिशी	दयामा	3
पा	सट्टामा	3
बाक्‍नुङ	गर्नेछु	3
दुम्‍नुङ	हुनेछु	3
रां	अशुद्ध	3
यो	फाइदा	3
तीतस	तीतसको	3
ङोंइती	सुरु	3
मोपा	हामीले	3
शेंचा	आवश्यक	3
दे	भाइहरूलाई	3
शुश	किसिमले	3
गेय	सेवाको	3
बोल्‍यो	शक्‍तिशाली	3
दुम्‍खु	भेस	3
गाक्‍चा	खतरामा	3
गाक्‍ङा	खतरामा	3
मचाप्‍ब	दुर्बलतामा	3
दिचा	कामवासनाको	3
आं	अन्तमा	3
रागीम	भएका	3
थमा	अरू	3
पतीके	व्यवस्थाद्वारा	3
परमप्रभु	शरीरमा	3
साइक्‍चा	दिनुभयो	3
पतीक	अनुसारका	3
मुरपुकी	यसै	3
येसु	येशूद्वारा	3
नेंमी	येशूमा	3
।	होइनन्	3
पशो	कुराहरूलाई	3
रुम्‍सीब	हो	3
आल	जन्माउने	3
नु	गरिएका	3
मूर्ति	मूर्तिपूजा	3
अरु	अर्काको	3
स्‍वर्गम	स्थानहरूमा	3
।	पार्नुभयो	3
योव़तु	चुन्‍नुभयो	3
दाक्‍ताक्‍व	गर्नुभयो	3
ठेयब	प्रशंसाको	3
सक्तिम	शक्तिको	3
सेल्‍तु	बनाउनुभयो	3
लोव़	सेवक	3
कली	आग्रह	3
बारन	होस्	3
नेंमी	उत्साह	3
आ	यस्तो	3
इ	तिमीमा	3
आलपुकी	छोराछोरीहरू	3
आफपुकी	बुबाहरू	3
गेपुकीमी	सारा	3
पाप	मुक्तिको	3
सोइक्‍ताक्‍ङ	पठाएको	3
कोव़ब	बिशप	3
पतीके	गरेको	3
आगाम	पृथ्वीमुनि	3
जाक्‍नुङ	छु	3
ममाइ	नभएर	3
आन	गर्नेहरूदेखि	3
।	गरौँ	3
।	दिन्छौँ	3
इन	सहनशीलता	3
हुशेमी	रगतद्वारा	3
नु	आत्मामा	3
हना	तिमीहरूका	3
वोंइश	पतिहरूका	3
वाइल	सङ्गी	3
मोपा	,	3
शुश	सक्दो	3
श्‍येत	यसैको	3
ब्रेक्‍चा	लेख्‍न	3
कली	जिउन	3
यो	आउनुहुनेछ	3
आ	आगमनको	3
नाक्‍त	दिनका	3
गेय	स्वर्गदूतहरूका	3
आंइ	अब	3
गे	विश्‍वासमा	3
थुं	हृदयलाई	3
मिम्‍तीके	विवेक	3
दाक्‍तीके	अनुग्रह	3
थमा	भरोसायोग्य	3
माल्‍ब	समझदार	3
रिम्‍शो	सक्‍ने	3
ङा	राम्रोसँग	3
रागीमी	शरीरमा	3
ठिटी	जवान	3
नेल्‍ल	राज्‍य	3
मदुमीन	भन	3
सु	कसैले	3
शोर	मूल्यहीन	3
फल	निष्फल	3
शुश	आनन्द	3
मेकोमी	जसको	3
जेल्‍खानम	कारागारमा	3
छेङछेङ	चमक	3
पाइब	मुकुट	3
पाप	समर्पण	3
मदुमीन	नपार	3
७	सातौँ	3
मेकोमी	यसले	3
चढ़ेचा	बलि	3
गेना	सधैँका	3
लोव़	प्रतिज्ञा	3
कसम	शपथविना	3
चाप्‍ब	हुनुहुन्छ	3
थुम्‍तु	गर्नुभयो	3
भेटी	बलिदानहरू	3
सेल्‍चा	थोकहरू	3
माल्‍बा	हुने	3
हिंचा	डरलाग्दो	3
यो	विश्‍वासद्वारा	3
चाप्‍ब	सक्‍नुहुने	3
साइक्‍चा	दुःख	3
श्‍ये	शरीरलाई	3
शेंने	वशमा	3
कशो	तितो	3
कली	गर्नुहुन्छ	3
गेय	शक्‍तिशाली	3
पाप	मुक्ति	3
येसु	जस्तो	3
फुल्‍लुमी	ठक्‍कर	3
अधिकार	अधिकारलाई	3
पशा	गरेर	3
बाक्‍ब	गर	3
सुक्‍कुर	बिहानको	3
क्‍येङा	घोर	3
खुइ	चोरजस्तै	3
दूली	विरोधी	3
मदाक्‍बा	गर्दैन	3
शेंब	एल्डर	3
नित्‍तीके	सिंहासनका	3
ङोंइती	पुजारीहरू	3
आल्‍फा	अल्फा	3
ओमेगा	ओमेगा	3
ब्रेक्‍तो	लेख	3
बुश	सेता	3
खोला	पानीको	3
नेंने	जसको	3
चोक्‍ने	बन्द	3
वाक्‍श	इन्द्रेणी	3
जन्‍तु	प्राणीमध्ये	3
बाक्‍तेक्‍मे	थिए	3
निप्‍ब	हुनुहुने	3
मेकोमी	स्वर्गदूतले	3
खाल्‍पा	एल्डरहरूका	3
राप्‍शो	उभिरहेको	3
सेस	परेर	3
ताक्‍तु	दिइयो	3
मी	एक-तिहाइ	3
सां	भागमा	3
पुं	अतल	3
ग्रूशो	आइरहेको	3
सेंदामी	आवाजले	3
शारा	घोडाहरू	3
ओटा	गर्जनले	3
सेल्‍ब	थोक	3
जन्‍तु	पशुले	3
हिक्‍तीक	सङ्ख्या	3
जन्‍तु	त्यो	3
हजार	१	3
दुम्‍त	छ	3
चहिं	अस्तित्वमा	3
जेल्‍खान	वासस्थान	3
श्‍येत	थिई	3
तशा	रुने	3
घन्‍टा	एकै	3
ग्‍याप्‍ब	तेरा	3
मनेंसीब	कहिल्‍यै	3
हुम्‍चा	फालियो	3
उत्तरम	तिनवटा	3
किताबमी	पुस्तकको	3
इसहाक	याकूबका	2
इसहाक	याकूब	2
अब्राहाममी	तिनका	2
थिम्‍सी	फारेस	2
अम्‍मीनादाब	आराम	2
अम्‍मीनादाब	अम्मीनादाबका	2
नहशोन	अम्मीनादाब	2
नहशोन	नहशोनका	2
नहशोन	नहशोन	2
नहशोन	सल्मोनका	2
बोआज	बोअजका	2
बोआज	बोअज	2
बोआज	ओबेदका	2
बोआज	यिशैका	2
मीश	पत्‍नीद्वारा	2
बेबीलोन	बेबिलोनमा	2
लोक्‍ब	दाजुभाइहरूका	2
जेरूब-बाबेल	शालतिएलका	2
जेरूब-बाबेल	शालतिएल	2
जेरूब-बाबेल	यरुबाबेलका	2
एल्‍याकीम	एल्याकीमका	2
याकूबमी	याकूब	2
दुम्‍मा	जम्मा	2
कुरशो	भएकी	2
आल	पति	2
मरीयम	योसेफ	2
मुने	गोप्य	2
रिम्‍शो	निर्णय	2
तवानु	परे	2
खिं	पत्‍नीको	2
कोव़जम	गर्भमा	2
वोतो	राख्‍नेछौ	2
प्रोंइब	बचाउनुहुनेछ	2
मीश	कन्या	2
थीब	जन्माउनेछिन्	2
वोइक्‍नीम	राख्‍नेछन्	2
सेंसीशा	निद्राबाट	2
जरमेसे	हुनुहुन्छ	2
ठेयब	दण्डवत्	2
यरूसलेममी	यरूशलेम	2
सास्‍त्री	शास्‍त्रीहरूलाई	2
बेथलेहेम	बेथलेहम	2
लने	पठाए	2
मालीन	खोज	2
ओव़शा	पसे	2
पोक्‍च	दण्डवत्	2
थेक्‍शा	गरे	2
हेरोद	हेरोदकहाँ	2
हेरशा	भएर	2
नोले	गइसकेपछि	2
मोबु	उठ	2
मोबु	सानो	2
आस	आमालाई	2
नाक्‍दोन	रात	2
योसेफमी	योसेफ	2
मोबु	आमालाई	2
तुइश्‍शा	रिसाए	2
गाउं	क्षेत्रका	2
आल	बालकहरू	2
स्‍वर्ग	दूत	2
पिप	शासन	2
यहूदीया	त्यहाँ	2
रागी	क्षेत्रतिर	2
आ	बोलिएको	2
ग्रुंइब	बप्‍तिस्‍मा-दिने	2
सेलीने	तयार	2
सेलीने	पार	2
फुल्‍लु	मार्गहरू	2
कुशुल	छालाको	2
किप्‍बाक्‍माक्‍त	लगाउँथे	2
बाक्‍बाक्‍माक्‍त	थिए	2
खोलामी	नदीमा	2
यूहन्‍नामी	बप्‍तिस्‍माको	2
खलकपुकी	सन्तान	2
सजाइ	चेतावनी	2
फुल्‍लु	भन्दछु	2
सेल्‍ने	गराउन	2
तिम्‍चा	रुखहरूको	2
पुंमी	बन्चरो	2
पुंमी	परिसकेको	2
मीमी	आगोमा	2
ग्रुंइनन्‍नी	दिन्छु	2
मीमी	आगोले	2
ख्रुम्‍ब	बप्‍तिस्‍मा	2
हुरशा	सफा	2
ग्‍योल	निफन्‍ने	2
भूस	भुसलाई	2
यूहन्‍ना	नदीमा	2
ग्रुंइचा	रोक्‍न	2
सैतान	दुष्‍टबाट	2
रागीमी	डोर्‍याइनुभयो	2
नाक्‍दो	उपवासमा	2
शोव़लु	भोकाउनुभयो	2
दुमीन	गर्नुहोस्	2
जशा	रोटीले	2
आन	तपाईंको	2
गुइम	हातले	2
मेकेर	स्थानमा	2
बाक्‍त	देखायो	2
सेलो	गर्नेछस्	2
सेउ	सेवा	2
सैतानमी	दुष्‍ट	2
यसैया	अगमवक्‍ताद्वारा	2
आइक्‍ची	भूमि	2
जाक्‍चशो	नजिक	2
वोबु	देख्‍नुभयो	2
ङांइ	मछुवाहरू	2
खोइय्‍यीसी	आओ	2
खोइय्‍यीसी	लाग	2
रेप्‍ब	मछुवाहरू	2
सेल्‍नन्‍सी	बनाउनेछु	2
खोदसे	लागे	2
प्रोव़न	मर्मत	2
ब्रेत्‍तीम्‍सी	बोलाउनुभयो	2
खिंमी	सिकाउँदै	2
रोइमी	हर	2
मदुक्‍ब	पक्षाघातीहरू	2
डांडा	डाँडामाथि	2
सेंदा	मुख	2
राइनीम	आत्मामा	2
केन	तिनीहरूकै	2
हेला	अपमान	2
पाम्‍तेक्‍म	भन्दछन्	2
ङा	पृथ्वीका	2
ङाम्‍चा	स्वाद	2
जाम्‍त	गुमायो	2
ङाम्‍चा	नुनिलो	2
गाक्‍मानु	खुट्टाले	2
मवोइक्‍नीम	राख्दछन्	2
पशो	कामहरूलाई	2
मग्‍याम्‍ब	बितेर	2
के	आज्ञाहरूका	2
आन	अरूलाई	2
शेंबा	सिकाउँदछ	2
दुम्‍ब	ठहरिनेछ	2
गेय	बढी	2
ङा	रीतिले	2
मताइनीनी	गर्नेछैनौ	2
सजाइ	इन्साफको	2
गेचा	जोखिममा	2
पुंइसीब	जोखिममा	2
मेको	छोड	2
निसाफ	न्यायकर्ताको	2
बाक्‍नीनुन	हातमा	2
मथाप्‍पाइक्‍थु	पैसा	2
मथाप्‍पाइक्‍थु	त्यहाँबाट	2
पाप	ठोकर	2
पपाइक्‍तु	खान्छौ	2
जाम्‍शा	भाग	2
लशो	गुमाउनु	2
ख्रोइश्‍शा	काटिदेऊ	2
मीश	कामुक	2
नाता	व्यभिचारिणी	2
नाता	गर्दछ	2
मारदे	भन्दछु	2
पिया	शिरको	2
इन	सट्टामा	2
पाम्‍तेक्‍म	प्रतिरोध	2
चोव़चो	गालामा	2
राप्‍चा	थापिदेऊ	2
अडडाम	अदालतमा	2
बरखी	खास्टो	2
लचा	जानको	2
पुंइशो	माग्‍ने	2
जोरी	शत्रुलाई	2
सत्रु	घृणा	2
नां	घामलाई	2
नेल्‍ल	अधर्मी	2
ताइनीनी	गर्‍यौ	2
कली	कसैलाई	2
गेनीनु	दान	2
गेनीनु	दिन्छौ	2
लांमी	सडकहरूमा	2
कपटीपुकीमी	गरेजस्तै	2
मबाक्‍ब	पाइसकेका	2
,	जाओ	2
मतुइक्‍थु	गुप्‍तमा	2
पुंइशो	सुनाइ	2
बाक्‍ल	गरियोस्	2
जाक्‍ल	आओस्	2
गेने	गरिदिनुहोस्	2
मगेने	नडोर्‍याउनुहोस्	2
कली	पापलाई	2
गेतीनी	गर्‍यौ	2
मगेब	गर्नुहुनेछैन	2
आंइ	अगि	2
बाक्‍शो	हुनुहुने	2
खुइपुकीमी	नष्‍ट	2
मजोइब	खिया	2
मजोइब	किराले	2
छिङछिङ	अँध्यारो	2
मदाक्‍ब	घृणा	2
फेक्‍चा	खाउँला	2
फेक्‍चा	पिउँला	2
फेक्‍चा	लगाउँला	2
बाक्‍ब	मूल्यवान्	2
चिक्‍ब	आकाशका	2
मशोक्‍नीम	न	2
मखुप्‍नीम	छर्छन्	2
मननी	छैनौ	2
चाप्‍नीनी	सक्छ	2
फेक्‍चा	लगाउने	2
मिम्‍नीनी	गर्छौ	2
तांइसीनीमी	फुलहरूलाई	2
गिश	कसरी	2
पा	न	2
मपाइनीम	गर्छन्	2
पांइतो	न	2
सोलोमन	सोलोमन	2
घांस	आज	2
फू	मैदानका	2
मचाप्‍बपुकी	अल्प-विश्‍वासीहरू	2
मालीने	खोजी	2
दीसा	भोलिको	2
नाक्‍तीनी	इन्साफले	2
मोपा	इन्साफ	2
नाक्‍चा	गर्छौ	2
ताइनीनी	नापिनेछौ	2
लोक्‍ब	भाइका	2
मिक्‍चीम	सानो	2
मुढा	मुढालाई	2
फेत्‍नुङ	देऊ	2
मुढा	मुढाचाहिँ	2
कसीङगर	स्पष्‍टसँग	2
कुचुम	कुकुरहरूलाई	2
मोती	मोतीहरू	2
थित्‍नीनी	भेट्टाउनेछौ	2
ख्रोकोल	ढकढक्याऊ	2
सुम	माग्‍ने	2
‘	उसलाई	2
गेनीनी	देला	2
बाक्‍तीनी	भएर	2
तमी	छोराछोरीलाई	2
तौ	माग्‍नेहरूलाई	2
गेमी	मानिसहरूले	2
पपांइसीचा	गरेको	2
पने	गर्नुपर्छ	2
गेना	जीवनमा	2
तशा	फलहरूद्वारा	2
मरिम्‍शो	चिन्‍नेछौ	2
फोव़शी	अन्जीर	2
मसिप्‍ब	सक्दैन	2
रवामी	न	2
तिम्‍शा	काटिनेछ	2
शी	आगोमा	2
दुम्‍ब	अगमवाणी	2
मपका	थिएनौँ	2
ङोन	मबाट	2
लने	गइहाल्	2
आं	गर्छ	2
सेल्‍तु	बनायो	2
यिशा	पर्‍यो	2
भोल	हुरी	2
शोर	मूर्ख	2
छक	साह्रै	2
लाक्‍मा	अचम्मित	2
बाक्‍त	पछ्यायो	2
जाक्‍शा	कुष्‍ठरोगी	2
दाक्‍नुङ	होऊ	2
चढ़ेब	नभन्‍नू	2
बाक्‍मे	चढाऊ	2
अधिकारमीन	मुनि	2
बाक्‍नुङ	राखिएको	2
लावो	सिपाहीहरू	2
ब्रेत्‍तुनु	भन्‍छु	2
पीब	आउँछ	2
मदुनु	त्‍यो	2
दाइश्‍शा	भन्‍छु	2
स्‍वर्ग	स्‍वर्गीय	2
दुम्‍ल	गरियोस्	2
ओव़मेनु	आउनुभयो	2
शिमी	सासू	2
जरो	ज्‍वरोले	2
कली	येशूकहाँ	2
खेरमी	निकाल्नुभयो	2
रोइ	बिरामीलाई	2
आइक्‍ची	अर्कोपट्टि	2
सास्‍त्री	शास्‍त्री	2
ढोडोङगा	दुला	2
बाक्‍ब	छन्‌	2
मिनु	चेलाहरूमध्ये	2
थिम्‍चा	गाड्न	2
ब्‍वाक्‍कु	समुद्रमा	2
फश	आँधीबेहरी	2
गिवार	डुङ्गा	2
है	मर्नै	2
ओहो	परे	2
बाक्‍म	हुनुहुन्छ	2
फश	समुद्र	2
हांबु	गदरिनीहरूको	2
पोव़	सुँगुरहरूको	2
आंइ	गरिरहे	2
पोव़मी	पसे	2
प्रेक्‍न	डुबेर	2
प्रोक्‍शा	दौडेर	2
रे	त्‍यहाँबाट	2
खोइल	ओछ्यानमा	2
मदुक्‍ब	पक्षाघात	2
,	आनन्दित	2
इ	त्यहाँका	2
सास्‍त्री	शास्‍त्रीहरूले	2
कुरशा	उठाऊ	2
मुर	गरेको	2
ताप्‍तु	देख्‍नुभयो	2
खोइक्‍तु	लागे	2
जन	खाना	2
बाक्‍मानु	बस्‍नुभयो	2
शेंसीबपुकी	चेलाहरूसँगै	2
काथा	पापीहरूसँग	2
रोइ	शरीरमा	2
मपशो	बलियो	2
माल्‍नीम	छन्	2
शेंसीने	सिक	2
चढ़ेतीक	बलिदान	2
ठीक	धर्मीहरूलाई	2
जन्‍तीपुकी	विवाहमा	2
काथा	तिनीहरूका	2
काथा	साथमा	2
फ्राचा	तिनीहरूबाट	2
माइत	टुक्रा	2
कुर	त्यसो	2
क्‍युप्‍ब	नष्‍ट	2
शांबु	दाखमद्यलाई	2
का	अधिकारी	2
”	हुनेछिन्	2
लाम्‍तेक्‍म	लाग्‍नुभयो	2
लाम्‍तेक्‍म	लागे	2
याप्‍शा	बग्‍ने	2
फेक्‍शो	छेउ	2
ताता	छोएँ	2
सानुङ	निको	2
कोव़शा	फर्कनुभयो	2
सामाक्‍त	भइन्	2
आल	युवती	2
इप्‍शो	निदाएकी	2
ओव़त	जानुभयो	2
बुदी	निम्ति	2
ताइब	खोलिए	2
मार	हेर	2
लाटा	नसक्‍ने	2
चाक्‍तेक्‍म	येशूकहाँ	2
चाक्‍तेक्‍म	ल्याइयो	2
लोव़	बोल्यो	2
मेकेर	भिडहरू	2
गेनायो	कहिल्‍यै	2
“	भनिरहेका	2
खिंमी	जानुभयो	2
गोठला	गोठालाविनाका	2
रुप्‍ब	खेतालाहरू	2
याकूब	भाइ	2
थदेयस	थेदियस	2
मलने	नजाओ	2
सामरीया	सामरीहरूको	2
भेडा	भेडाकहाँ	2
शेंदीने	प्रचार	2
मकुरीन	नबोक	2
झोला	फाल्तु	2
हिल्‍लो	को	2
मिनु	भनी	2
ओव़नीनु	पस्छौ	2
गेने	गर	2
आसीक	फर्केर	2
मगेम्‍तेक्‍म	गर्दैन	2
,	जाँदा	2
सजाइ	सहनीय	2
भेडा	हेर	2
फर	ब्वाँसाहरूका	2
खोदेंशो	पठाउँदै	2
युक्‍नीम	कोर्रा	2
युक्‍नीम	लगाउनेछन्	2
सांकछी	गवाहीको	2
मपाइनीनी	होइनौ	2
लोक्‍बमी	दाजुले	2
आ	मृत्युको	2
साइक्‍पाइक्‍चा	बुबाले	2
पर्बम	खतिर	2
मदाक्‍नीम	घृणित	2
मदाक्‍नीम	हुनेछौ	2
फाल्‍शा	सहन्छ	2
बाक्‍कीन	भाग	2
मजाक्‍म	नआउञ्‍जेलसम्म	2
क्‍येङा	गुरुभन्दा	2
दुम्‍ने	हुनु	2
नोफाम	कानमा	2
नोफाम	घरको	2
नोफाम	धुरीबाट	2
नेंपतीने	गर	2
भंगेरा	सिक्‍कामा	2
मग्‍याम्‍सीबा	भङ्गेरा	2
आन	शान्‍ति	2
गारपाइक्‍थ	ल्याउन	2
जाक्‍शो	आएँ	2
चाइमी	विरुद्ध	2
जोरी	शत्रुहरू	2
दाक्‍बपुकी	गर्छ	2
मशिरनीम	हुँदैन	2
प्रोंइचा	जीवन	2
लाइब	उसले	2
प्रोंइचा	गुमाउनेछ	2
ब्राप्‍तु	गर्दछ	2
दे	कचौरा	2
गाक्‍त	जानुभयो	2
जेल्‍खानमी	झ्यालखानाबाट	2
नेंनी	देखेका	2
तनी	छौ	2
गाक्‍बाक्‍तेक्‍म	कुष्‍ठरोगीहरू	2
साबाक्‍तेक्‍म	पारिएका	2
ताइबाक्‍तेक्‍म	छन्	2
साइ	थाल्नुभयो	2
लनी	निगालोलाई	2
?	के	2
लनी	अगमवक्‍तालाई	2
ङोंइङोंइती	अगि-अगि	2
लोव़	समाचारवाहकलाई	2
यूहन्‍ना	महत्त्‍वको	2
क्‍येङा	उनीभन्दा	2
साइ	यूहन्‍ना	2
नोफा	सुन्‍ने	2
मुलाक्‍त	पुस्तालाई	2
बजारमी	बजारमा	2
ताप्‍कानु	तिमीहरूका	2
सिल	बाँसुरी	2
ङाक्‍कानु	बजायौँ	2
सिल	नाचेनौ	2
ङाक्‍कानु	गर्‍यौँ	2
मङाक्‍नी	रोएनौ	2
बाक्‍शा	रोटी	2
बाक्‍शा	खाँदै	2
धोक्रे	खाँदै	2
राकसीमी	पिउँदै	2
राकसीमी	घिचुवा	2
गेमी	तँमा	2
कना	पहिले	2
भाङरा	भाङ्ग्रा	2
भाङरा	खरानी	2
सीदोन	सीदोनको	2
कापेरनाउम	कफर्नहुम	2
ङा	भनी	2
तोक्‍चा	तँलाई	2
तोक्‍चा	पातालमा	2
ताइनीम	हुनेछ	2
मिम्‍ब	समझदारहरूबाट	2
रुप्‍तीक	लुकाउनुभयो	2
।	गराउनुभयो	2
मतुइक्‍ब	साना	2
रुप्‍तीक	बालकहरूजस्ता	2
गेनन्‍नी	दिनेछु	2
ब्रेम्‍शो	कोमल	2
थुं	हृदयको	2
थुं	आत्माको	2
शोइश्‍शा	टिप्दै	2
पचा	अनुचित	2
बेक्‍मानु	दाऊदले	2
चढ़ेशो	उपस्थितिको	2
दोस	पुजारीहरूले	2
चहिं	अपवित्र	2
यावेमी	व्यवस्थामा	2
दुम्‍बा	पार्नु	2
भेडा	होला	2
भेडा	भेडाभन्दा	2
दिंदो	पसार	2
दिंसेनु	पसार्‍यो	2
?	सकिन्छ	2
गाक्‍त	निस्कनुभयो	2
सोइक्‍ताक्‍मी	आदेश	2
आन	न्यायको	2
रेयके	कराउनेछन्	2
पित्‍थ	गल्लीहरूमा	2
काप्‍चशो	उनले	2
तशो	व्यक्‍ति	2
सापाइक्‍तु	निको	2
पाप्‍तु	पार्नुभयो	2
सापाइक्‍तु	सक्‍ने	2
मेकेर	भिड	2
सक्तिम	बालजिबुलद्वारा	2
वोल	भूतात्माहरू	2
निसाफ	न्यायाधीश	2
मारेइ	सामानहरू	2
मगारब	छैन	2
पुंइसीनीम	हुनेछ	2
मक्‍याम्‍सीब	हुनेछैन	2
रागीम	परमेश्‍वरका	2
शुक्‍शी	बोल्छ	2
ताइनीम	गरिनेछ	2
मक्‍याम्‍सीब	संसारमा	2
यो	क्षमा	2
थाम्‍शा	फललाई	2
खलकपुकी	सन्तानहरू	2
मुरुमी	कुराले	2
शोव़चा	लेखा	2
माल्‍नीम	दिनेछन्	2
लोव़मीन	वचनद्वारा	2
चिन्‍ड	चिन्हबाहेक	2
मकोंइनुङमी	दिइनेछैन	2
बोक्‍शा	हुनेछन्	2
दोसी	निन्दा	2
सुइक्‍नीम	गर्नेछन्	2
योना	योनाभन्दा	2
पची	दक्षिणकी	2
बोक्‍शा	रानी	2
पिप	कुनाबाट	2
जाक्‍माक्‍त	आइन्	2
सोलोमन	सोलोमनभन्दा	2
गाक्‍ब	जान्छ	2
ङोंइती	म	2
बाक्‍तीकेमीन	जहाँबाट	2
फिक्‍शा	घर	2
ग्रांग्रा	दुष्‍ट	2
क्‍येङा	पछिल्लो	2
पाला	पुस्ताको	2
बाक्‍मेनु	हुनुहुन्थ्यो	2
ममा	तपाईंकी	2
पाइबपुकीन	मेरी	2
नेक्‍था	किनारमा	2
शोक्‍थ	छर्न	2
चिक्‍बीम	चराहरू	2
ग्‍याङग्रो	बिउहरूचाहिँ	2
ग्‍याङग्रो	माटो	2
जिव	माटो	2
वामा	गहिरो	2
पवानु	लाग्यो	2
सु	जोसँग	2
शेंनीनी	बोल्नुहुन्छ	2
रुप्‍तीक	बुझ्‍ने	2
तेम्‍शा	जोसँग	2
थीबमी	उसलाई	2
नेसी	अगमवक्‍ताको	2
हना	भन्छन्	2
नेंनीनी	सुन्छौ	2
नेंनेम	पार्ने	2
क्रिप्‍शो	बन्द	2
नेंशो	धेरै	2
नेसी	अगमवक्‍ताहरू	2
मतामे	सुनेनन्	2
,	आउँछ	2
जुक्‍शो	हृदयमा	2
वांचेर	छरिएको	2
लांमी	खोसेर	2
जुक्‍शो	लैजान्छ	2
सैतानमी	बिउ	2
बिश्‍शा	खुसीसाथ	2
थोक्‍चा	हुँदैन	2
श्‍येत	सतावट	2
थु	ठेस	2
नेंब	सुन्छ	2
ओदेंशो	मानिसजस्तो	2
रूमी	जमिनमा	2
शोक्‍गा	छर्‍यो	2
सुवा	बारीमा	2
पाइबपुकीमी	मालिकका	2
सुवा	सामाहरूलाई	2
रुप्‍ची	कटनीको	2
आं	भन्‍नेछु	2
फ्रेंशा	बाँध	2
वोतीने	गर	2
वाशा	यो	2
चिक्‍बीम	आकाशका	2
ग्‍योव़	यसका	2
ग्‍योव़	हाँगाहरूमा	2
फस	नफुलेसम्म	2
नमी	पुत्रहरू	2
सैतान	दुष्‍टका	2
पा	यो	2
निसाफ	संसारको	2
गेय	स्वर्गदूतहरूलाई	2
सोइक्‍ब	पठाउनेछन्	2
राज्‍य	राज्यबाट	2
हुम्‍नीम	भट्टीमा	2
हुम्‍नीम	फालिदिनेछन्	2
नां	सूर्यझैँ	2
रू	जमिनमा	2
आइक्‍के	उसँग	2
बाक्‍त	किन्यो	2
ठीक	धर्मीहरूका	2
दाते	माझबाट	2
दुम्‍शो	बनेको	2
खोदेंशो	मानिसजस्तो	2
माइत	पुराना	2
थोव़क	चिजहरू	2
थुम्‍शा	सक्‍नुभएपछि	2
रे	ठाउँबाट	2
सहरम	नगरमा	2
नेंबपुकीमी	आश्‍चर्य	2
माइश्‍शो	भनेका	2
आन	हेरोदले	2
सुइश्‍शो	मान्थे	2
हेरोदनी	हेरोदियासकी	2
तमीमी	छोरीले	2
सिल	नाचिन्	2
सोइश्‍शा	पठाए	2
मबाक्‍तीकेम	एकान्त	2
बाक्‍त	पछ्याए	2
लचा	उनीहरूलाई	2
ममाल्‍नीम	आवश्यक	2
ङांइ	ल्याओ	2
शोब्‍ले	दिनुभयो	2
जाम्‍तेक्‍म	भए	2
हेंशो	बाँकी	2
आलपुकी	बालबालिकाहरूबाहेक	2
डोंगामी	उहाँभन्दा	2
पिशो	हिँडिरहनुभएको	2
ब्‍वाक्‍कु	पानीमा	2
बाक्‍नी	हुनुहुन्छ	2
जाक्‍दीत्‍तेक्‍म	आइपुग्‍नुभयो	2
रागीम	वरपरका	2
पाइब	भएकाहरू	2
कली	उहाँकहाँ	2
थीमे	छोए	2
जोक्‍ब	अगुवाहरूको	2
अरेशो	आज्ञालाई	2
पचा	गर	2
गेचा	गर्नुपर्ने	2
थिती	परम्पराहरूका	2
कपटीपुकी	पाखण्डीहरू	2
शोव़	ओठले	2
थुंमी	हृदय	2
रुपीने	सुन	2
ओव़ब	पस्‍ने	2
फरिसीपुकी	फरिसीहरूले	2
मताइबमी	अर्को	2
गेपुकी	अझै	2
लाइब	जान्छ	2
ग्रूशो	आउँछन्	2
सेल्‍ब	तुल्याउँदछन्	2
पचा	निस्कन्छन्	2
मचिक्‍थु	नधोई	2
मपाइब	बनाउँदैन	2
सीदोन	सीदोन	2
मुरुम	आइन्	2
सेउ	गर्नुहोस्	2
आल	छोराछोरीहरूको	2
होव़पमी	मालिकको	2
ब्रा	निको	2
कूंजी	लुला	2
मदुक्‍ब	लङ्गडाहरू	2
शुश	भिडले	2
आन	भिडमाथि	2
सम्‍म	दिनदेखि	2
सोइक्‍चा	पठाउन	2
मदाक्‍नुङ	चाहन्‍नँ	2
लांमी	मुर्छा	2
आइक्‍च	स-साना	2
कली	भुइँमा	2
शोब्‍ले	रोटीहरू	2
रूथ्री	सन्तुष्‍ट	2
डालो	टुक्रा-टाक्री	2
जाक्‍दीत्‍तेक्‍म	जानुभयो	2
मुलाक्‍त	आज	2
चाप्‍नीनी	जान्दछौ	2
देंने	सक्दैनौ	2
आइक्‍ची	छेउमा	2
सदुकी	सदुकीहरूको	2
कुरचा	आपसमा	2
देंम	भन्‍न	2
पांइसीन	रहो	2
शेंशो	भन्‍नुभएको	2
देंनीमी	भन्छन्	2
ब्‍वाक्‍कुम	भन्छन्	2
निक्‍शीमी	कोहीले	2
देंनीम	भन्दछन्	2
सांचो	साँचाहरू	2
प्रोंइशो	फुकाइनेछ	2
एकोन	हुनुहुन्छ	2
खाल्‍पा	जानुपर्छ	2
रे	हातबाट	2
जशा	भोग्‍नुपर्छ	2
साइक्‍चा	मारिनुपर्छ	2
शेंचा	बताउन	2
आइक्‍ची	एकातिर	2
इन	तपाईंबाट	2
पवल	रहोस्	2
नोले	पछ्याउने	2
खोइय्‍यील	पछ्याउनुपर्छ	2
गिंम	प्राण	2
लेन्‍ने	दिन	2
गेब	प्रतिफल	2
काथा	भएकाहरूमध्ये	2
जाक्‍शो	आउँदै	2
सां	उहाँसँग	2
मबाक्‍तीके	एउटा	2
एकेर	यहीँ	2
बाक्‍चा	रहनु	2
पना	बोलिरहेका	2
गोस्‍सुमी	बादलले	2
आगा	भित्रबाट	2
तामे	देखेनन्	2
तशो	दर्शनको	2
ठीक	पुनर्स्थापना	2
जाक्‍त	आइसकेका	2
गेचा	भोग्‍नेछन्	2
देंशो	बोलिरहनुभएको	2
रुप्‍मे	बुझे	2
शेंसीब	उहाँहरू	2
बाक्‍नुङा	मकहाँ	2
चाक्‍कीन	ल्याओ	2
मचाप्‍का	सकेनौँ	2
रायो	रायोको	2
गेडा	दाना	2
देंनीनु	भन्यौ	2
लाइब	हुनेछैन	2
वोल	किसिमको	2
सेंसीब	उठाइनेछन्	2
आन	औधी	2
ग्रुम्‍तीक	आउनुभएको	2
तिरो	आधा	2
पत्रुस	पत्रुसकहाँ	2
प्रोंइशा	पश्‍चात्ताप	2
आल	नभएसम्म	2
आल	बालकले	2
नेंम	नाउँमा	2
यात	सानाहरूमध्ये	2
पपाइक्‍तु	लगाउँछ	2
नरकम	भएर	2
ख्रुम्‍चा	अनन्तको	2
खोरन्‍डे	लङ्गडो	2
९९	सयवटा	2
माल्‍ना	खोज्‍न	2
९९	भेडालाई	2
९९	उनान्सय	2
मिम्‍ब	गर्नुहुन्‍न	2
निक्‍शी	एकलै	2
सांकछी	साक्षीको	2
मबिस्‍साक्‍व	इन्कार	2
मबिस्‍साक्‍व	गर्दछ	2
लोव़	मण्डलीलाई	2
पुंइशो	मागेका	2
गारशा	हुन्छन्	2
खेयप	गुणा	2
पिप	राजासँग	2
थाम्‍ने	चुक्ता	2
इ	नभएकोले	2
लेयशा	त्यसका	2
जेर	मालिकले	2
सेउ	अगि	2
पवा	घोप्‍टो	2
मचाप्‍नुङ	धैर्य	2
दीसा	गर्नुहोस्	2
जेर	नोकर	2
थाप्‍नुङ	तिरिदिनेछु	2
बाक्‍त	सुनाइदिए	2
बाक्‍त	नोकर	2
जेर	माफ	2
गेवा	सुम्पिदिए	2
पांइसीने	हरेकले	2
शोक्‍शा	पारि	2
जाक्‍दीत्‍त	आउनुभयो	2
लाम्‍तेक्‍म	पछ्यायो	2
सापाइक्‍ना	पार्नुभयो	2
मुरुमी	यसै	2
नु	मिल्नेछ	2
वोंइश	तिनीहरू	2
मनसी	होइनन्	2
निम्‍फा	तर	2
नस	शरीर	2
फरिसीपुकीमी	,	2
पत्र	त्यागपत्र	2
मपाइनीम	हृदयको	2
शिशी	कारणले	2
गेप्‍तु	अनुमति	2
नाता	अर्कीसँग	2
रुप्‍तीक	शिक्षालाई	2
निक्‍शी	नपुंसकहरू	2
जरमेसे	आमाको	2
मुरुमी	मानिसहरूद्वारा	2
पर्बम	आफैँलाई	2
थुं	ग्रहण	2
मचाक्‍कीन	हप्काए	2
जाक्‍शा	येशूकहाँ	2
ठिटामी	जवान	2
शोंप	जे-जति	2
लेयशा	बेच	2
देंत	गर्नेछौ	2
आ	साह्रै	2
दलओंठ	उँटलाई	2
मुरपुकीमी	मानिसहरूका	2
मचाप्‍नीम	असम्भव	2
प्रोंइशा	त्यागेका	2
खिं	घरबार	2
प्रोंइशो	सय	2
होव़प	जमिन	2
देनार	दिनारमा	2
९	नौ	2
बजार	बजारमा	2
मथिप्‍ब	उभिरहेको	2
१२	बार्‍ह	2
क्‍यारश	पाँच	2
चोक्‍ची	बजे	2
गेय	काममा	2
नोले	दाखबारीका	2
कली	कामदारहरूलाई	2
ब्रेश्‍शा	बोलाऊ	2
ताइनीकी	पाउनेछन्	2
तामे	प्राप्‍त	2
मनुथु	गनगन	2
ताक्‍शा	लेऊ	2
लावो	लाग	2
दाक्‍शो	गरेजस्तो	2
दुम्‍बपुकी	पछिल्लो	2
नोले	हुनेछ	2
शेंसीब	अलग्गै	2
सास्‍त्री	शास्‍त्रीहरूका	2
गेशा	लगाउनेछन्	2
शुक्‍शी	उहाँको	2
गेनीम	सुम्पनेछन्	2
ममामी	घोप्‍टो	2
ममामी	परिन्	2
बाक्‍चा	बसून्	2
मरुप्‍नीसी	मागिरहेका	2
तूनीसी	पिउनेछौ	2
जनामी	चेलाले	2
नेल्‍ल	आफूकहाँ	2
पाइबपुकीमी	शासकहरूले	2
वोइश्‍शा	राख्छन्	2
दिप्‍शा	महत्त्वपूर्ण	2
मदुम्‍ब	हुनुहुँदैन	2
माल्‍बम	गर्दछ	2
पथ	दिनलाई	2
गाक्‍मानु	यरीहोबाट	2
पित	जाँदै	2
नेंशा	चिच्‍च्‍याए	2
रेयके	चुप	2
वाइ	कराएर	2
ब्रेश्‍शा	भन्यो	2
दिक्‍शा	उभिनुभयो	2
डांडा	डाँडाको	2
जैतून	बेथफागे	2
बेथफागे	चेलालाई	2
गाउं	पठाउनुभयो	2
मेरे	सामुन्‍नेको	2
गधा	गधा	2
चाइक्‍ब	बछेडा	2
थित्‍नीसी	भेट्टाउनेछौ	2
गधा	फुकाओ	2
माल्‍ताक्‍व	आवश्यक	2
लाइक्‍चा	तिमीहरूसँग	2
सियोन	सियोनकी	2
ब्रेम्‍शो	विनम्र	2
चाइक्‍ब	गधाको	2
निक्‍शी	चेलाहरू	2
देंशो	दिनुभएको	2
गधा	कपडाहरू	2
ब्राम्‍तेक्‍म	बिछ्याइदिए	2
मिनु	भिडमा	2
नोले	भएकाहरू	2
राशी	अरूहरूले	2
जिक्‍शा	रुखका	2
जिक्‍शा	भाँचे	2
ओव़त	गर्नुभयो	2
फाइक्‍ब	साट्नेहरूका	2
लेयब	परेवा	2
बेथानी	बेथानीको	2
बाक्‍त	बिताउनुभयो	2
एकेर	यहाँबाट	2
पुंइतीनी	माग्छौ	2
जोक्‍ब	मानिसका	2
गेवे	दियो	2
शेंनन्‍नी	बताउनेछु	2
अधिकार	कहाँबाट	2
हिल्‍लो	स्वर्गबाट	2
मसुइक्‍नी	गरेनौ	2
तवा	मानिसबाट	2
पङा	गर्दछु	2
आफोमी	गएर	2
लावो	गर	2
जेठामी	छोराले	2
आफ	बुबाको	2
सुइश्‍शा	गरेनौ	2
सुइश्‍शा	गर्नलाई	2
,	पछि	2
हिरशा	जमिन	2
थारपु	दाखबारी	2
ख्राक्‍तीक	वरिपरि	2
थारपु	बार	2
जाक्‍मेनु	समय	2
रू	आपसमा	2
अङस	उत्तराधिकारी	2
लो	आओ	2
रू	दाखबारीका	2
लेश्‍शा	आउँछन्	2
पाइबा	गर्लान्	2
ब्रेक्‍शो	धर्मशास्‍त्रमा	2
गारो	गर्नेहरूले	2
फुल्‍लु	कुनाको	2
पशो	परमप्रभुबाट	2
छक	दृष्‍टिमा	2
परमप्रभु	भन्दछु	2
जात	यस्तो	2
दुम्‍ब	पारिनेछ	2
देंशो	उहाँका	2
ग्‍याइक्‍पाइक्‍चा	उहाँलाई	2
आन	मान्‍ने	2
शेंन	बोल्नुभयो	2
भोज	भोजको	2
गेय	नोकरहरू	2
,	मेरा	2
नेल्‍लेमी	तिनीहरूले	2
मपथु	गरेनन्	2
लमाक्‍त	लाग्यो	2
पा	नोकरहरूलाई	2
पिपमी	राजा	2
पित्‍थ	सडकहरूमा	2
,	सहभागी	2
जाक्‍मा	भित्र	2
जाक्‍मेनु	आए	2
मारेइ	व्यक्‍तिले	2
ताइक्‍तीने	फालिदेओ	2
योव़शो	चुनिएकाहरू	2
मार	भन्‍नुहोस्	2
कोंइदीनी	देखाओ	2
सु	कसका	2
नेंमी	नाम	2
सदुकीपुकी	सदुकीहरू	2
मसेंसीब	हुँदैन	2
भोग्‍यु	त्यसकी	2
भोग्‍यु	दाजुको	2
थिवल	जन्माउनुपर्छ	2
जरमेशोमी	उसले	2
ग्‍युंबे	पत्‍नी	2
मोदेंशो	सातौँ	2
वोइश्‍शा	गयो	2
बेक्‍त	मरी	2
दूली	भुलमा	2
मरुप्‍नीनी	धर्मशास्‍त्र	2
तुइक्‍चा	महान्	2
नेल्‍लेमी	प्राणले	2
‘	छ–	2
अरेशो	सारा	2
खुम्‍समानु	जम्मा	2
कली	सोध्‍नुभयो	2
आगाम	बनाउँदिन	2
देंब	भन्दछन्	2
मचबेम	सकेन	2
हिंशा	सोध्‍ने	2
हिल्‍लो	साहस	2
शेंसीब	चेलाहरूसँग	2
बाक्‍नीम	बस्छन्	2
भारी	बोक्‍न	2
ब्रेप्‍चो	औँला	2
दाक्‍नीम	आसनहरू	2
हजुर	सम्बोधन	2
बाक्‍ब	दाजुभाइहरू	2
मान	पारिनेछ	2
फरिसीपुकी	धिक्‍कार	2
दुइश्‍शो	लामो-लामो	2
इन	जनालाई	2
मथोक्‍सीब	हुँदैन	2
कसम	शपथद्वारा	2
शेंनीनी	बाँधिन्छ	2
मिम्‍सीबा	कुनचाहिँ	2
मिम्‍सीबा	हो–	2
मिम्‍सीबा	परमेश्‍वरकहाँ	2
मिम्‍सीबा	अर्पण	2
चढ़ेशो	त्यसमाथि	2
लोव़	आफ्नो	2
जाइबमी	उसले	2
यावे	गर्नुहुनेको	2
१०	पुदिना	2
भाग	दिन्छौ	2
ननी	थियो	2
रे	बाहिरपट्टि	2
तांइसीनीनी	भित्रपट्टि	2
फरिसीपुकी	फरिसी	2
आगा	सफा	2
तारी	बाहिरपट्टि	2
मोदेंशो	यसै	2
नकी	हौ	2
शेंब	शास्‍त्रीहरू	2
कली	तिमीहरूले	2
जकरिया	धर्मी	2
हाबील	हाबिलको	2
साइश्‍शो	रगतदेखि	2
जकरिया	जकरियाको	2
पुप्‍चा	चल्लाहरूलाई	2
चहिं	इच्छा	2
ब्रेश्‍शा	उजाड	2
मताइनेवे	देख्‍नेछैनौ	2
दोमो	भवनहरू	2
एको	भन्‍नुहोस्	2
थुं	धेरैलाई	2
लडाइ	लडाइँका	2
लडाइ	हल्ला	2
दुम्‍शो	सुन्‍नेछौ	2
महिनीन	नहोओ	2
दुम्‍चा	कुराहरू	2
मजा	आइसकेको	2
लडाइ	हुनेछ	2
राज्‍यमी	खडा	2
दुम्‍चा	प्रसव-वेदनाको	2
गोवा	सुरुवात	2
वारच	धोका	2
रुप्‍मेक्‍ल	घृणित	2
रुप्‍मेक्‍ल	पाठकले	2
रुप्‍मेक्‍ल	)	2
डांडा	तिनीहरू	2
था	खास्टो	2
आल	दिनमा	2
आल	शिशुहरूलाई	2
सेला	बेला	2
मतुइश्‍शो	महासङ्कष्‍ट	2
पाइबपुकीमी	अगमवक्‍ताहरू	2
कोंइनीम	चुनिएकाहरूलाई	2
तुइक्‍पाइक्‍तन्‍नी	छु	2
देंतेक्‍म	भन्छन्	2
आगा	भित्री	2
ना	त्यस्तै	2
बाक्‍तीकेमी	जहाँ	2
सिनु	सिनो	2
जाक्‍नीम	हुनेछन्	2
श्‍येत	सङ्कष्‍ट	2
जाम्‍शा	दिनेछैन	2
चिन्‍ड	आकाशमा	2
तारी	बादलमा	2
छेङछेङमी	आउँदै	2
यिशो	गरेको	2
खुप्‍शा	चुनिएकाहरूलाई	2
चाक्‍थ	आकाशको	2
खुप्‍शा	छेउदेखि	2
तेइ	दिशाबाट	2
कुशो	पातहरू	2
बर्खा	ग्रीष्म	2
तनीनु	देख्छौ	2
जाक्‍ची	ढोकाकै	2
यो	बितेर	2
सुइमी	घडीको	2
मतुइक्‍नीम	पुत्रलाई	2
मओव़म	जहाजभित्र	2
वोंइश	खेतमा	2
बाक्‍नीसी	हुनेछन्–	2
का	अर्की	2
प्रोंइशा	त्यहीँ	2
बाक्‍शा	बस्‍ने	2
खुइ	चोरलाई	2
सासीशा	तयार	2
पुंइसीशो	नियुक्त	2
ममिम्‍शो	त्यस	2
कपटीपुकी	पाखण्डीहरूको	2
ख्रुइ	रुवाबासी	2
तेल	आ-आफ्ना	2
तेल	कन्‍याहरू	2
ग्‍याप्‍थ	किन्‍न	2
लचा	जति	2
मोपतीके	त्‍यसकारण	2
ओदेंशो	यो	2
वोइश्‍शा	यात्रामा	2
मोपा	त्‍यसबाट	2
ताक्‍बमी	कमायो	2
सेल्‍ता	कमाएको	2
पाप्‍तीवी	स्‍याबास	2
पाप्‍तीवी	नोकर	2
खोइ	तिमी	2
तशोमी	थोरै	2
रिम्‍शो	कुरामा	2
खोइ	मालिकको	2
तशोमी	खुसीमा	2
पाप्‍तीवी	होऊ	2
गेय	सामेल	2
मशोक्‍शो	नरोपेको	2
मक्राप्‍शो	नछरेको	2
मक्राप्‍शो	फसल	2
अल्‍से	अल्छी	2
नवे	तँलाई	2
नवे	तैँले	2
टलेन्‍ट	पैसा	2
ताक्‍शा	लेओ	2
तेम्‍शा	त्‍यसलाई	2
थीब	दिइनेछ	2
पाइबपुकी	स्‍वर्गदूतहरू	2
पिपमी	उनले	2
राप्‍शो	भएकाहरूलाई	2
आसीक	आशिषित्	2
सेल्‍चा	सृष्‍टिदेखि	2
जचा	भोकाएको	2
मतथु	परदेशी	2
चोक्‍शा	नाङ्गो	2
देंब	गर्‍यौ	2
जेल्‍खानमी	झ्‍यालखानामा	2
जचा	भोकाउनुभएको	2
गेका	देख्‍यौँ	2
गेका	दियौँ	2
ग्रुम्‍थ	तपाईंकहाँ	2
पिपमी	दिनेछन्	2
पिपमी	सानोलाई	2
सराप	श्रापितहरू	2
मी	आगोमा	2
मगेयीनी	दिएनौ	2
मजाक्‍नी	तिमीहरूले	2
देंब	गरेनौ	2
बास	वा	2
पुंइसीब	सुम्पिनेछ	2
खुम्‍सीमा	एकसाथ	2
साइक्‍पाइक्‍चा	मार्ने	2
देंमुमा	भनिरहेका	2
नाक्‍त	बेलामा	2
बेथानी	बेथानियामा	2
जन	कुष्‍ठरोगीको	2
ब्रोव़शो	अत्तरको	2
पाइक्‍ती	गरेकी	2
थिम्‍चा	दफनको	2
मेक	गरेकी	2
पर्बम	सम्झनामा	2
इस्‍कारीयोत	बाह्र	2
शेंसीब	जनामध्येको	2
चढ़ेब	पुजारीहरूकहाँ	2
टुक्रा	तिसवटा	2
चांदी	सिक्‍का	2
ग्‍याइक्‍चा	तिनीहरूका	2
दे	मौका	2
जची	चाडको	2
शेंसीबपुकीम	चेलाहरू	2
मानेचा	भोज	2
शेंबमी	गुरुले	2
दुम्‍चाप्‍तु	नजिकै	2
नु	चेलासँग	2
जचा	खानलाई	2
मुल	तिमीहरूमध्ये	2
दुम्‍नुङा	त	2
नु	कचौरामा	2
यो	उसले	2
जने	खाओ	2
क्‍याम्‍सीब	बगाइएको	2
मतूनुङ	फलबाट	2
मतूनुङ	जबसम्म	2
डांडा	डाँडातर्फ	2
आपो	आज	2
गोठला	गोठालोलाई	2
जाक्‍दीत्‍नुङ	जानेछु	2
प्रोंइशा	पछि	2
प्रोक्‍तेक्‍म	हटे	2
मप्रोंइनन्‍नी	पछि	2
मप्रोंइनन्‍नी	हट्नेछैनँ	2
ग्रीचा	बास्‍नुभन्दा	2
,	तपाईंलाई	2
गेनायो	गर्नेछैनँ	2
सां	आफूसँग	2
आइक्‍ची	जानुभयो	2
शुश	व्याकुल	2
मइप्‍थु	बस	2
ङोंइती	पर	2
बाप्‍शा	घोप्‍टो	2
“	पर्नुभयो	2
मतूपाइक्‍थु	मबाट	2
बाक्‍ने	रहन	2
थाम्‍चा	जागा	2
चाप्‍नुङ	आत्मा	2
निन्‍द्रामी	आँखा	2
दुक्‍शा	लोलाएका	2
प्रार्थना	पल्ट	2
प्रार्थना	उही	2
जाक्‍शा	आइसकेको	2
चिक्‍ताक्‍व	सुम्पिँदै	2
वारच	दिनेचाहिँ	2
जाक्‍चाप्‍तु	नजिकै	2
मो	उहाँ	2
यहूदामी	अब	2
ग्‍याइक्‍थ	सङ्केत	2
पदु	गर्छु	2
रब्‍बी	रब्बी	2
बे	उहाँलाई	2
पिप्‍तो	राख	2
तरवारमी	तरवारद्वारा	2
साइक्‍चा	नष्‍ट	2
आफ	विचार	2
पा	झैँ	2
शेंना	सिकाउँदै	2
मग्‍याइक्‍तीनी	तिमीहरूले	2
काइयाफास	कैयाफाकहाँ	2
नोनोले	आँगनसम्म	2
नोनोले	टाढैबाट	2
पाइबपुकी	हुने	2
,	होला	2
साइक्‍पाइक्‍चा	मृत्युदण्ड	2
साइक्‍पाइक्‍चा	गवाही	2
माल्‍शो	खोजिरहेका	2
शुश	थुप्रै	2
प्रेश्‍शा	भत्काएर	2
यिन	आउँदै	2
माल्‍दा	पर्‍यो	2
देंमेनु	जवाफ	2
लो	तँलाई	2
देन	को	2
पत्रुस	पत्रुसचाहिँ	2
लाङगामी	आँगनमा	2
काथा	थियौ	2
मेकेर	उनले	2
देंशो	केको	2
कली	पुनः	2
बाक्‍बपुकी	मानिसहरू	2
तुंइ‍सीन	सराप्‍न	2
गेयील	लागे	2
सोव़मेनु	भयो	2
खाल्‍पापुकीमी	एल्डरहरूले	2
फ्रेंशा	बाँधेर	2
लाइश्‍शा	त्यहाँबाट	2
सरकार	हाकिम	2
यहूदामी	यहूदाले	2
गोपुकीमी	हामीलाई	2
चांदी	सिक्‍काहरू	2
वोइक्‍चा	राख्‍न	2
मदुम्‍ब	न्यायसङ्गत	2
सम्‍म	दिनसम्‍म	2
पवानु	दिनुभयो	2
बाक्‍माक्‍त	दिनुभएन	2
चोक्‍सीशो	कैदी	2
बारब्‍बा	पिलातसले	2
बारब्‍बा	तिमीहरूका	2
ग्‍याइक्‍पदमे	सुम्पेका	2
साइक्‍चा	मार्नको	2
पदु	गरूँ	2
केप्‍शा	झुन्ड्याउनुहोस्	2
मरिम्‍शो	अपराध	2
”	यसो	2
रेयके	कराए	2
रेयके	खैलाबैला	2
बारब्‍बा	तिनीहरूका	2
आ	महलमा	2
प्रुइश्‍शा	खोलिदिए	2
फेक्‍पा	लगाइदिए	2
तेत्‍मे	हिर्काए	2
माइक्‍तीकेमी	गलगथा	2
चाक्‍दीत्‍मे	ठाउँमा	2
गोल्‍गथा	जसको	2
गोल्‍गथा	अर्थ	2
तूने	त्यो	2
मबिस्‍से	पिउनुभएन	2
क्‍याइश्‍शा	टाँगे	2
फेन्‍टे	चिट्ठा	2
फेन्‍टे	हाले	2
बाक्‍मा	हेरे	2
खुइ	डाँकु	2
ग्‍युरा	दायाँपट्टि	2
पा	अर्को	2
शीमी	बचाऊ	2
क्‍याइश्‍शो	क्रुसबाट	2
प्रोंइना	अरूहरूलाई	2
दुम्‍त	ढाक्यो	2
एली	कराउनुभयो	2
लामा	लामा	2
बाक्‍बपुकीमी	केहीले	2
ग्‍युरशो	दाखमद्यले	2
वारच	एकलै	2
ब्रेश्‍शा	कराउनुभयो	2
प्रोना	त्याग्‍नुभयो	2
इर	दुई	2
ख्रिनु	पृथ्वी	2
मोपा	घटनाहरू	2
पना	उहाँलाई	2
पना	पछ्याइरहेका	2
मीश	महिलाहरूले	2
ङोन	टाढाबाट	2
ओंइशा	चिहानमा	2
पुक्‍खी	चिहानको	2
पिलातस	पिलातससँग	2
कली	भेला	2
बेक्‍शो	तिन	2
लास	चिहान	2
खाल	हुकुम	2
सेंसाक्‍व	जीवित	2
छाप	मोहर	2
वा	पहिरन	2
ख्रिंख्रि	थरथर	2
ख्रिंख्रि	काँपे	2
एके	यहाँ	2
मबा	हुनुहुन्‍न	2
सेंचा	उठ्नुभएको	2
वोइक्‍तीके	ठाउँ	2
कोव़ङीसे	हेर	2
जाक्‍दीप्‍ब	जाँदै	2
बाक्‍त	छु	2
गालील	जानू	2
निक्‍शी	स्‍त्रीहरू	2
सिपाही	सिपाहीहरूलाई	2
मान	दण्डवत्	2
नेक्‍था	बोल्नुभयो	2
हिरशा	जाओ	2
सेलीने	बनाओ	2
मार	गरेका	2
लोव़मी	पुस्तकमा	2
आन	प्रचार	2
बाक्‍ब	हुनुहन्छ	2
तारी	उहाँमाथि	2
थाम्‍पा	अति	2
रे	शैतानद्वारा	2
सुतीने	गर	2
ग्‍याइल	जालहरू	2
इच्‍ची	अलि	2
आस	तिनीहरूको	2
आन	डुङ्गामा	2
शेंदीमी	शिक्षा	2
शेंशो	शिक्षामा	2
आन	भएको	2
पमुया	तपाईं	2
योव़शो	जन	2
ग्रूङो	त्यसबाट	2
पावो	आइज	2
खोल्‍शा	पछार्‍यो	2
माइ	आपसमा	2
तेइ	क्षेत्रमा	2
यूहन्‍ना	यूहन्‍नासँगै	2
सिमोन	सिमोनकी	2
नेक्‍था	आउनुभयो	2
पोक्‍गानु	उठाउनुभयो	2
सापदा	पार्नुभयो	2
मबाक्‍तीकेमी	एकान्त	2
शेंबाक्‍माक्‍त	प्रचार	2
कोंइदो	देखाऊ	2
मोसाम	मोशाले	2
साती	बलि	2
तेइ	फैलियो	2
लेम्‍माक्‍त	फर्केर	2
खोइल	त्यस	2
चाप्‍बा	सक्‍छ	2
देय	सजिलो	2
कुरशा	बोक	2
मतशो	देखेका	2
बाक्‍माक्‍त	आए	2
बाक्‍शो	बसिरहेको	2
लेवी	लेवीको	2
पापी	पापीहरू	2
जामे	खाइरहेका	2
पोक्‍बपुकी	उठाउनेहरूसँग	2
ममाइ	होइनँ	2
पापी	पापीहरूका	2
फरिसी	फरिसीका	2
चहिं	किन	2
बाक्‍ने	बस्‍न	2
मपाइनीम	हाल्दैन	2
शांबु	दाखमद्यले	2
नाइक्‍तीक	शबाथ-दिन	2
चेरब	अन्‍नको	2
मदुम्‍ब	अनुचित	2
पाइनीमी	गरिरहेका	2
दाऊद	तिनी	2
नाइक्‍तीक	शबाथ	2
नाक्‍त	मानव-जातिको	2
पाइबा	पार्नुहुन्छ	2
पा	मानिसहरूले	2
एक	उठ	2
?	;	2
गेचा	बचाउनु	2
बाक्‍शो	हृदयको	2
मेकोमी	त्यसका	2
गुइ	हातलाई	2
मिनु	भिडको	2
वोलपुकीमी	आत्माहरूले	2
ब्रेत्‍ता	बोलाउनुभयो	2
आ	याकूबका	2
लां	धोखा	2
दुम्‍माक्‍त	दिने	2
लाइब	सक्दैन	2
ङा	आफैँमा	2
।	पहिले	2
खुइ	चोर्न	2
ताइनीम	गरिनेछन्	2
यावे	गरिने	2
।	उभिए	2
लाङगाम	बाहिर	2
बाक्‍मा	भेला	2
डोंगा	समुद्रमा	2
आ	किनारको	2
जुक्‍तमे	जमिनमा	2
मतथु	सुकिहाले	2
चू	काँढाका	2
६०	फलाए	2
के	जसको	2
आ	एकलै	2
शेंसीबपुकीमी	चेलाले	2
ग्‍येरसीनीम	गर्छन्	2
खाट	खाटमुनि	2
दा‍नीमी	ल्याउँछौ	2
मख्रुइक्‍सीब	नहुने	2
नाक्‍शा	नापले	2
पुंइसीनीनी	गरिनेछ	2
शोक्‍ब	छर्ने	2
रिक्‍ची	कटनीको	2
?	अथवा	2
तोरी	यसलाई	2
मेको	यसमा	2
ग्‍योव़	चराहरूले	2
डोंगा	डुङ्गाहरू	2
ठेयब	भयङ्कर	2
ब्‍वाक्‍कु	छालहरू	2
ग्रुम्‍चवा	पानीले	2
ग्रुम्‍चवा	भरिन	2
फश	बतासलाई	2
हुइश्‍शा	हप्काउनुभयो	2
सिक्‍सी	सन्‍नाटा	2
दुम्‍माक्‍त	छायो	2
मचाप्‍मे	सकेको	2
ङोन	टाढैबाट	2
मगेयीनी	नसताउनुहोस्	2
फौज	फौज	2
आंइ	क्षेत्रबाट	2
नकी	बारम्बार	2
जोन	बथान	2
पोव़	सुँगुरहरूभित्र	2
ओव़मा	अनुमति	2
हजार	लगभग	2
बेक्‍मा	डुबे	2
दुम्‍मे	घटेको	2
तुइक्‍बपुकीमी	देख्‍नेहरूले	2
चहिं	त्यसलाई	2
गिश	सो	2
बाप्‍शा	पाउमा	2
रोइ	रोगले	2
ङोंइती	अवस्था	2
बाक्‍त	आइन्	2
फेक्‍शो	खास्टो	2
दे	भएकी	2
तुइक्‍ता	महसुस	2
थियी	छोयो	2
साते	निको	2
पवानु	गर्नुहुँदा	2
याइरस	आए	2
शेंब	गुरुलाई	2
सुइक्‍ना	मात्र	2
काथा	उहाँसँग	2
ग्रुंइदीमी	निकाल्नुभयो	2
आल	आएकाहरूलाई	2
आल	बालिकालाई	2
आल	सानी	2
ए	नानी	2
बर्स	वर्षकी	2
थाम्‍पा	अत्यन्तै	2
मशेंचा	कडा	2
नेंब	सुने	2
जोक्‍गा	दिइएको	2
आ	यिनका	2
दोदेंशो	कस्ता	2
लोक्‍ब	दाजु	2
रागी	गाउँ	2
ङा	नातेदार	2
महिक्‍नीम	अनादर	2
गुइम	हात	2
कोंइने	गर्न	2
मिनु	अविश्‍वासले	2
सोइक्‍चा	पठाउनुभयो	2
मलाइक्‍चा	रोटी	2
झोला	बोक्‍न	2
पाइक्‍न	घोषणा	2
लाइश्‍शो	को	2
बाक्‍माक्‍त	लगाए	2
हेरोदमी	तिनले	2
दाइश्‍शा	सुन्थे	2
ठेयब	अगुवाहरूलाई	2
उइक्‍थ	आधा	2
ममा	आमालाई	2
खाइक्‍माक्‍त	भए	2
ग्रुम्‍थ	आउने	2
लशो	गइरहेको	2
लमा	अगि	2
?	दिऊँ	2
घांस	हरियो	2
५०	समूहमा	2
जिक्‍शा	आशिष्‌‌	2
रूथ्री	तृप्‍त	2
डांडा	डाँडातिर	2
आ	डुङ्गा	2
दे	उनीहरूको	2
नां	चौथो	2
तारी	समुद्रमाथि	2
गाक्‍शो	हिँडिरहनुभएको	2
जाक्‍दीम्‍मा	त्यहीँ	2
कुरशा	ल्याउन	2
साबाक्‍मा	निको	2
मचिक्‍थु	धार्मिक	2
लोटा	भाँडाहरू	2
कली	विरुद्ध	2
चहिं	अर्थात्	2
रुम्‍सीब	)	2
नेंशा	मेरो	2
रुपीने	बुझ	2
ओव़शो	त्यसभित्र	2
मचाप्‍ब	सक्‍ने	2
सेल्‍ब	पार्छ	2
बाक्‍त	१६	2
अर्को	व्यभिचार	2
मतुइक्‍तमेक्‍ल	उहाँ	2
आं	आफ्नी	2
तमी	छोरीबाट	2
आन	दिनु	2
मीश	खान्छन्	2
आल	ओछ्यानमा	2
टायर	टुरोसको	2
ब्रेप्‍चो	औला	2
कीशा	हाल्‍नुभयो	2
लें	जिब्रोलाई	2
।	नष्‍ट	2
मशेंदीने	आज्ञा	2
सम्‍म	तिन	2
बाक्‍त	राखिदिए	2
माल्‍नीमी	खोजी	2
होस	सचेत	2
पाइनीनी	छौ	2
हजार	हजारका	2
ओटा	वटा	2
लीशो	भाँच्दा	2
तोक्‍शा	थुक्‍नुभयो	2
,	त्यसमाथि	2
तवा	देख्यो	2
सास्‍त्रीपुकीमी	शास्‍त्रीहरूबाट	2
गे	चेलाहरूतिर	2
पाइबा	चाहन्छ	2
माल्‍बा	खोज्छ	2
आंम	आफ्‍नो	2
पाइबा	शर्माउँछ	2
६	६	2
वा	चहकिलो	2
दुम्‍शो	कि	2
सां	बनाऔँ	2
गोस्‍स	बादलबाट	2
पनी	गरिरहेका	2
वोलमी	यसले	2
बोग्‍यो	फिँज	2
ग्रुंइने	निकाल्न	2
फाल्‍शा	सहनु	2
आल	केटोलाई	2
गोल्‍शा	भुइँमा	2
रेन	बाल्यकालदेखि	2
मीमी	आगो	2
ब्‍वाक्‍कुमी	पानीमा	2
ग्रूशा	यसबाट	2
वोल	निस्किजा	2
मुरपुकीमी	धेरैले	2
आल	केटालाई	2
राम्‍माक्‍त	उभियो	2
शेंसीबपुकीमी	सोधे	2
प्रार्थना	प्रार्थनाले	2
मरुप्‍मे	भनाइलाई	2
?	थियौ	2
निश्‍शा	बस्‍नुभयो	2
चाक्‍शा	राख्‍नुभयो	2
नें	नाममा	2
दे	हामीलाई	2
मदुम्‍ब	नरोक	2
मपाइब	छैन	2
यात	जनालाई	2
क्‍युक्‍शा	ठेस	2
क्‍युक्‍शा	लगाउनुभन्दा	2
यात	जाँतोको	2
क्‍युक्‍शा	ढुङ्गा	2
ताइश्‍शा	बाँधेर	2
ख्रोतो	काटेर	2
ख्रोतो	फालिदेऊ	2
नरकमी	(	2
लुस्‍पु	४४	2
लुस्‍पु	किराहरू	2
मबेक्‍नीम	मर्दैनन्	2
मकाप्‍ब	निभ्दैन	2
ओव़चा	फालिनुभन्दा	2
फेश्‍शा	निकालेर	2
पुंइसीनीम	पार्नेछ	2
हिक्‍सी	नुन	2
जाम्‍त	नुनले	2
ङाम्‍पाइक्‍चा	फेरि	2
हिक्‍सी	नुनिलो	2
थुं	जाँच्‍न	2
मीश	पतिले	2
देय	गर्नु	2
मदुम्‍बा	उचित	2
पचा	व्यवस्था	2
सेल्‍शो	पार्नुभएको	2
मार	यसको	2
प्रोंइशा	विवाहविच्छेद	2
वोंइश	विवाह	2
केन	यस्तैहरूको	2
ममिम्‍ताक्‍म	राज्यलाई	2
ममिम्‍ताक्‍म	ग्रहण	2
मताइनीम	गर्नेछैन	2
मनमी	परमेश्‍वरबाहेक	2
बाक्‍शोनु	नदिनू	2
आस	र	2
बाक्‍ब	गर्नू	2
का	तिमीमा	2
चहिं	कुराको	2
मपवी	कमी	2
लेयशा	बेच्‍नुपर्छ	2
गेमी	दिनुपर्छ	2
योक्‍शा	आऊ	2
चाप्‍चा	गर्नुभन्दा	2
चाप्‍ब	छ	2
प्रोंइशा	त्यागेर	2
लोक्‍बम	दाजुभाइहरू	2
लोक्‍बम	दिदी	2
तमी	छोरा-छोरीहरू	2
दुम्‍शोपुकी	पछिल्ला	2
आन	लानुभयो	2
पशा	गर्नेछन्	2
सक्ति	महिमामा	2
चाप्‍नीसी	सक्छौ	2
बुद	लिने	2
पेरा	देब्रेपट्टि	2
ताइनीम	हो	2
पथ	गर्नका	2
प्रोंइचा	छुटकाराको	2
कली	मोलको	2
यरीको	यरीहोमा	2
मुर	भिडसँगै	2
हुइक्‍तमे	दृष्‍टिविहीन	2
पङ	गरेको	2
पुंइनेवे	चाहन्छौ	2
ताइब	सक्यो	2
मङोइश्‍शो	नचढेको	2
मारदे	तिमीहरूले	2
होसन्‍ना	सोरमा	2
ठेयब	धन्यका	2
बेथानी	बेथानियाबाट	2
रे	फर्कनुभयो	2
मेकेर	त्यहाँका	2
लेयब	बेच्‍नेहरूलाई	2
पुक्‍खी	यसलाई	2
सेल्‍तीनी	डाँकुहरूको	2
सेल्‍तीनी	बनाएका	2
हना	भन्‍छ	2
लाइब	गर्नुहुनेछ	2
बाक्‍तीनी	हुन्छौ	2
बाक्‍नीनु	गर्छौ	2
मरिम्‍शो	अपराधहरू	2
मगेब	:	2
बाक्‍त	हेर्नुहोस्	2
तेको	कसको	2
पवी	गर्छौ	2
तवा	हो	2
लो	जवाफ	2
मसुइक्‍नी	गर्दैनौ	2
हिंमा	डराउँथे	2
बुम्‍था	उमार्नेहरूलाई	2
पिया	टाउकोमा	2
का	कुटे	2
ङा	अर्थात्	2
बाक्‍त	फालिदिए	2
रू	दाखबारीको	2
सुरे	त्यही	2
ग्‍याइक्‍पाइक्‍चा	पक्रन	2
तिरो	तिर्नु	2
बाक्‍मा	चिजहरू	2
भोग्‍यु	दाजुकी	2
बाक्‍त	मरे	2
७	सातै	2
बेक्‍माक्‍त	मरिन्	2
दुम्‍शो	कसकी	2
दे	सातै	2
मोपतीके	हुनाले	2
स्‍वर्गम	स्वर्गका	2
ब्रोंइशो	मृतकहरूका	2
ब्रोंइशो	जीवितहरूका	2
मिम्‍तीके	सारा	2
दाक्‍तो	गर्नुपर्छ	2
देंशो	योभन्दा	2
नेल्‍लेमी	प्रेम	2
दाऊदमी	भन्छन्	2
चाप्‍बा	सक्छन्	2
सास्‍त्री	शास्‍त्रीहरूदेखि	2
पांइसीने	बस	2
क्‍येट	रकम	2
चढ़ेशो	भेटीको	2
अरुमी	विधवाले	2
फुल्‍लु	ढुङ्गाहरू	2
ठेयब	भव्य	2
सेल्‍शो	देख्छौ	2
जैतून	पर्ने	2
दोपा	हुनेछन्	2
इं	भन्‍न	2
दे	“	2
अन्‍काल	अनिकालहरू	2
माल्‍ब	गरिनुपर्छ	2
लोव़	तिमीहरूलाई	2
सम्‍म	अन्त्यसम्म	2
बाक्‍चा	बचाइनेछ	2
आन	हुनेहरू	2
आल	खुवाउने	2
श्‍येत	दिनहरूको	2
कोंइनीम	गर्नेछन्	2
शेंशा	सचेत	2
सरीङमी	सूर्य	2
सोरुल	ताराहरू	2
कोव़शा	हरेकलाई	2
गेय	जिम्मा	2
खाल	पहरेदारलाई	2
मतुइक्‍थु	अचानक	2
माइक्‍तन्‍नी	भन्छु	2
ङोंइती	थियो	2
मुरपुकीमी	मानिसहरूमाझ	2
जना	टेबुलमा	2
जन	अडेस	2
जन	लागेर	2
सां	चाँदीका	2
आं	सुसमाचार	2
पाइनन्‍नी	सुम्पन	2
गाक्‍माक्‍त	थाल्यो	2
मार	गरेको	2
गाग्री	गाग्रो	2
गे	पछ्याओ	2
नस्‍कु	मालिकलाई	2
काथा	कोठा	2
शेंसीबपुकी	मेरा	2
मानेचा	खानेछु	2
तारी	तलाको	2
थित्‍नीसी	देखाउनेछन्	2
ग्‍याइक्‍ब	धोखा	2
शुश	निराश	2
माल्‍ब	जानेछ	2
वारच	धोखा	2
पाइब	;	2
मतूनुङ	पिउनेछैनँ	2
भेडापुकी	भेडाहरू	2
प्रोक्‍शा	छरपष्‍ट	2
भाले	बास्‍नुअगि	2
साइक्‍चा	मर्नुपर्छ	2
थुं	प्राण	2
बाप्‍शा	लम्पसार	2
“	सम्भव	2
गे	तपाईंमा	2
छिन	घण्टा	2
पुक्‍पु	विश्‍वासघात	2
ग्‍याइक्‍तमे	हात	2
ख्रोदा	काटिदिए	2
जाक्‍नी	आउँछौ	2
किंत	दैनिक	2
गिल्‍सीशो	कम्मरमा	2
प्रेश्‍शा	नष्‍ट	2
सेल्‍नुङ	बनाउनेछु	2
देंमा	दोष	2
देन	गर्	2
थेरशो	न्यानो	2
नासरथ	नासरीसँग	2
गाक्‍ब	तिनीहरूमध्येकै	2
गालील	गालीली	2
देंशो	भन्‍नुभएका	2
ति	स्मरण	2
चोक्‍सीशो	गरेअनुसार	2
प्रोंइचा	कैदीलाई	2
पा	विद्रोहमा	2
पचा	चाहे	2
क्‍येप्‍शा	टाँग्‍नको	2
सिपाइपुकीमी	सिपाहीहरूले	2
रङ	रङको	2
बाक्‍त	लगाइदिए	2
अलेकजन्‍डर	अलेक्जेन्डर	2
खप्‍परे	ठाउँ	2
,	लिने	2
पाइब	२८	2
नु	पदलाई	2
काथा	:	2
ब्रेक्‍पाइश्‍शो	धर्मशास्‍त्रको	2
क्‍येप्‍शो	क्रुसबाट	2
तोंइ‍सो	आऊ	2
यो	मिलेर	2
शुक्‍शी	गिल्‍ला	2
मिनु	छैटौँ	2
३	नवौँ	2
ग्‍युरशो	सिर्का	2
,	तल	2
वा	माथिदेखि	2
योसेस	योसेफकी	2
नाइक्‍तीक	शबाथ-दिनको	2
अरीमाथीया	अरिमाथियाका	2
पा	आदरणीय	2
तांइसेक्‍ल	प्रतीक्षा	2
,	साथ	2
मतुइक्‍थु	छक्‍क	2
लाइश्‍शा	ल्याएका	2
बेक्‍शो	कपडाले	2
फुल्‍लु	चट्टान	2
पुक्‍खी	बनाइएको	2
याकूब	याकूबकी	2
ख्रेक्‍तीक	मसला	2
आ	कि	2
निश्‍शो	बसिरहेका	2
थोक्‍शा	टाँगिएको	2
सेंसीशा	मर्कूस	2
सेंसीशा	१६	2
तपांइसे	पर्नुभयो	2
७	जसबाट	2
मरीयम	देखिन्	2
आस	को	2
मसुदमे	गरेनन्	2
?	हृदयको	2
सुइश्‍शा	गर्छ	2
मसुइक्‍बा	गर्दैन	2
सजाइ	दोषी	2
पाइश्‍शो	टिपोटः	2
दुम्‍नीम	गर्नेछन्	2
पपाइश्‍शो	भाषाहरूमा	2
प्रभु	प्राचीन	2
चिन्‍ड	आश्‍चर्य	2
रागीम	बिचमा	2
रागीम	घटनाहरूको	2
पर्बम	लेख्‍ने	2
ब्रशो	प्रयास	2
बाक्‍माक्‍त	लाग्यो	2
मताइब	जीवन	2
पतीके	सेवा	2
,	भिडले	2
आ	वेदीको	2
थाम्‍पा	साह्रै	2
तशा	खुसी	2
गाब्रीएल	गब्रिएल	2
ब्‍वाक्‍ने	बोल्न	2
जकरिया	तिनी	2
पालो	समय	2
ग्‍युंबे	कन्याको	2
लोव़	भइन्	2
इ	तिमीमाथि	2
एलीशीबा	एलीशिबाले	2
महिना	महिनाको	2
पने	असम्भव	2
मिनु	मरियमले	2
ङा	पहाडी	2
लमाक्‍त	गइन्	2
जाक्‍नी	आउनुभयो	2
ग्‍येरशा	आनन्दले	2
महिक्‍सीशो	नीच	2
थम	महान्	2
कोंइताक्‍व	शक्‍तिशाली	2
मिम्‍शा	हृदयमा	2
श्‍येत्‍थ	रित्तै	2
इस्राएल	इस्राएललाई	2
किकी	पुर्खाहरूलाई	2
पा	बालक	2
कली	तिनीमाथि	2
जकरिया	बालकको	2
हिल्‍लो	इसारा	2
ब्रेक्‍ता	लेखे	2
मिनु	वरिपरि	2
छक	बिचमा	2
लोव़	सुन्‍ने	2
नेसी	कालमा	2
कबल	करारलाई	2
पा	योग्यको	2
बाक्‍त	खानुभयो	2
दाक्‍शा	कृपाको	2
ङा	गर्नुहुनेछ	2
मपशो	यो	2
मरीयम	तिनले	2
भेडा	भेडाका	2
छेङछेङमी	महिमा	2
मुलाक्‍दो	आज	2
शुंगुम	डुँडमा	2
इप्‍पाइश्‍शो	सुताइरहेको	2
फु	पर्‍यो	2
इर	सर्वोच्‍चमा	2
नेंब	सुन्‍नेहरू	2
थुंमी	आफ्नो	2
वोदा	मनमै	2
कली	दिँदै	2
“	मरियमले	2
परवा	परेवा	2
सिमियोन	सिमियोन	2
प्रभु	परमप्रभुका	2
मिक्‍चीम	आँखाले	2
पाप	उद्धारलाई	2
दुम्‍शा	जन	2
मुर	अन्यजातिहरूलाई	2
रुप्‍तीक	हुनुहुन्छ	2
माइश्‍शो	अगमवादिनी	2
का	छोरी	2
वोंइश	पतिसँग	2
बेक्‍शो	बसेकी	2
मिनु	यरूशलेमको	2
कोल्‍शा	बुद्धिमा	2
जोक्‍ब	कदमा	2
दुम्‍माक्‍त	बढ्दै	2
आसीक	अनुग्रह	2
मानेथ	मनाउनका	2
पास्‍सा	चाड	2
मेको	बालक	2
नेल्‍लेमी	सुन्थे	2
थाम्‍पा	तब	2
आंस	हामीसँग	2
श्‍येत	व्यवहार	2
ते	खोजिरहेका	2
बाक्‍चा	हुनुपर्छ	2
सिजर	कैसर	2
लुसानीयस	शासक	2
यूहन्‍ना	यूहन्‍नाकहाँ	2
रागी	वचन	2
शेंना	हिँडे	2
ग्रोक्‍शा	सोझो	2
सेल्‍चा	सोझो	2
जाक्‍मा	आउँदै	2
चच	अब्राहामको	2
सेल्‍ने	खडा	2
रवा	जरामा	2
कली	नहुनेलाई	2
माल्‍ब	दिओस्	2
पक	नि	2
पात्‍के	दुष्‍ट	2
पाइतीनी	काम	2
बाक्‍माक्‍त	मल्की	2
मत्‍थाथीयास	मत्ताथियास	2
केनान	केनानका	2
बाक्‍माक्‍त	केनान	2
नाक्‍ती	दिनसम्म	2
गेचा	सक्छु	2
चाप्‍नुङ	सक्छु	2
परमप्रभु	त्‍यसलाई	2
’	गर्नू	2
कोव़चा	सुरक्षा	2
आन	दूतहरूलाई	2
सक्तिम	शक्‍तिद्वारा	2
एर	वरिपरिका	2
शेंन	सिकाउनुभयो	2
तेल	अभिषेक	2
सोइक्‍ताक्‍यी	पठाउनुभएको	2
नेंबपुकीमी	चकित	2
नेंशा	थिए	2
पशो	हामीले	2
सहरम	ठाउँमा	2
महिक्‍नीम	गरिँदैन	2
रेउ	वृष्‍टि	2
पालाम	समयमा	2
माइश्‍शो	समयमा	2
अधिकार	अधिकारसहित	2
पाइश्‍शो	बोल्नुभएको	2
जरो	ज्वरोले	2
जाम्‍माक्‍त	छोड्यो	2
नां	साँझपख	2
सुनी	भयो	2
बाक्‍त	आइपुग्यो	2
ङा	सुसमाचार	2
ग्‍याइली	माछाहरू	2
मुल	तरै	2
डोंगा	जमिनमा	2
ग्रुंइशा	ल्याए	2
यूहन्‍ना	उनीहरूले	2
बाक्‍मेनु	जाँदै	2
ब्रमाक्‍त	चारैतिर	2
येसु	भिडहरू	2
सापाइक्‍तीक	पार्नका	2
देल्‍तीके	भिडको	2
आ	ठाउँको	2
मेको	आपसमा	2
पा	घरमा	2
अरु	अन्य	2
ब्रेत्‍थ	पश्‍चात्तापको	2
पापी	पापीहरूलाई	2
जाइनीम	खान्छन्	2
पाम्‍तेक्‍म	गर्‍यो	2
वा	कपडालाई	2
कशो	पुरानो	2
रू	खेतको	2
शोब्‍ले	खान	2
कोंइतीक	उपस्थितिको	2
येसुम	यसो	2
पाइबा	नजिकबाट	2
का	जानुभएको	2
दीसा	उज्यालो	2
“	बोलाउनुभयो	2
मेकोपुकी	त्यसै	2
रोइ	रोगहरूबाट	2
तशो	सताइएका	2
सामा	निको	2
प्रुङग	दीन	2
जरमेशो	पुत्रका	2
खेरशा	नाउँलाई	2
ग्‍येरसीने	रमाओ	2
नाक्‍ती	आनन्दले	2
गेब	हुनेछ	2
हिनीन	छौ	2
ङाक्‍शा	रुनेछौ	2
पुंइसीचा	गरेको	2
दाक्‍नीम	गर्छन्	2
पाइब	गर्नेलाई	2
ताक्‍चा	पाउने	2
मोदेंशो	राख्दछन्	2
वारच	भलाइ	2
कसीङगर	मुढा	2
मसिप्‍ब	बटुल्न	2
पापम	हृदयको	2
ब्रीशो	भण्डारबाट	2
थुंम	हृदयको	2
देंशो	पालना	2
सेलानु	बनाउने	2
सेलानु	मानिसजस्तो	2
रेउ	जलप्रवाह	2
यिमेनु	उर्ली	2
यिमेनु	गर्‍यो	2
लशा	येशू	2
बेक्‍चशो	मर्नै	2
नेंशा	सुनेको	2
’	दिनुहोस्	2
।	गर्छन्	2
नेक्‍था	टाढा	2
पने	दिनुहोस्	2
’	हुँ	2
जाक्‍मानु	आए	2
थुम्‍शो	अवस्थामा	2
मुर	थिइन्	2
मङाक्‍को	नरोऊ	2
ख्रा	टक्‍क	2
गोवा	बोल्न	2
गोवा	थाल्यो	2
यहूदीया	यहूदियाभरि	2
“	यूहन्‍नाले	2
लां	चेलाहरूलाई	2
सोइक्‍तीम्‍सी	पठाए	2
जाक्‍चा	हामीले	2
गेन	खोजी	2
गेन	राखेको	2
गेन	आउनेवाला	2
निक्‍शी	घडीमा	2
मनेंबम	भइराखेका	2
बेक्‍शो	मृतकहरू	2
फेक्‍शो	लगाएको	2
फेक्‍शो	लगाएका	2
पिप	राजाका	2
बाक्‍नीम	जिउँछन्	2
बाक्‍मा	लिएका	2
खोदेंशो	तिनीहरू	2
माइजा	न	2
जचा	टेबुलमा	2
फरिसी	फरिसीको	2
चांमी	पुछिन्	2
फरिसीमी	फरिसीले	2
मारदे	को	2
कामी	एउटाले	2
मिम्‍ताक्‍ङ	गर्छु	2
,	गरेँ	2
पुक्‍पु	म्वाइँ	2
खोइलीम	पाउमा	2
नु	एकसाथ	2
नोले	छिट्टै	2
थोव़क	भौतिक	2
पा	भनिसक्‍नुभएपछि	2
नेनल	सुनोस्	2
जुक्‍शो	परेका	2
देंशो	हुन्	2
आ	इमानदार	2
हाम्‍सो	सामदानमा	2
तांइसीब	नसक्‍ने	2
बाक्‍त	सकिँदैन	2
ख्रुइश्‍शो	गोप्य	2
पा	होओ	2
रुप्‍बमी	जससँग	2
ग्रुम्‍थ	भेट्ने	2
पाइनन्‍नी	गर्छु	2
सुमानु	यसले	2
तन्‍न	ऊ	2
मारम	के	2
मिनु	दुष्‍ट	2
मो	भइरहेको	2
मिनु	जसबाट	2
तशा	भेट्टाए	2
तुइक्‍ताक्‍ङ	पाएँ	2
इन	तिम्री	2
मङाक्‍कीन	नरोऊ	2
बेक्‍ने	मरेको	2
”	येशूलाई	2
गुइम	हातमा	2
ग्‍याइश्‍शा	लिएर	2
आम	तिनका	2
खिंमी	ठाउँलाई	2
रे	पुनर्जीवित	2
लेम्‍मा	फर्केर	2
मार	उहाँसँगै	2
नां	दिन	2
ताइनीम	पाउन	2
निप्‍पतीन	बस्‍न	2
शेशा	हातमा	2
गेशा	टुक्रा-टुक्रा	2
प्रोंइशा	गरोस्	2
गिंम	जीवनलाई	2
गिंम	गुमाउनेछ	2
प्रोंइब	बचाउनेछ	2
आ	महिमाका	2
पाइनुङ	भन्दछु	2
राज्‍य	स्वाद	2
का	आठ	2
छेङछेङम	महिमित	2
नेनीन	सुन	2
वोल	ऊबाट	2
सापाइश्‍शा	पार्नुभयो	2
रुप्‍चा	बुझ्‍न	2
माइ	हुने	2
लची	जाने	2
ठीक	तयारी	2
लाइनुङ	जाने	2
याकूब	याकूबले	2
दे	गरौँ	2
चिक्‍ब	आकासका	2
जुत्ता	नबोक	2
जुत्ता	चप्पलहरू	2
लांमी	यसो	2
स्‍वर्ग	स्वर्गतिर	2
मब्राइबा	भनेको	2
मब्राइबा	सुन्छ	2
दोक्‍शो	खसेको	2
दिम्‍ताक्‍नी	कुल्चने	2
थाम्‍पा	अझ	2
मतामे	देखेनन्	2
तन्‍न	सुनेको	2
बाक्‍चा	पाउन	2
ठीक	ठिकसँग	2
मिनु	शिक्षकले	2
नेक्‍था	छिमेकी	2
लांम	हातमा	2
इच्‍का	एक	2
हेरशा	छेउबाट	2
पिमाक्‍त	आइपुगे	2
रागी	यात्रा	2
दे	लाग्छ	2
मारथा	मरियम	2
लोक्‍बमी	पकाउने	2
मिम्‍शा	चिन्ता	2
वारचै	मित्र	2
गेयी	दिनुहोस्	2
वारच	मेरा	2
’	यस्तो	2
रे	आउन	2
मचाप्‍नुङ	सक्दिनँ	2
मेको	खोज्‍ने	2
ताइब	भेट्टाउनेछ	2
मेकोपुकीमी	कति	2
वोल	मानिसबाट	2
खेरबाक्‍माक्‍त	भूतात्मालाई	2
मलीब	हुनेछ	2
पा	कसरी	2
बेल्‍जीबुल	बालजिबुलको	2
सक्तिम	नाउँमा	2
पाप्‍तु	गर्दछ	2
सुइमी	सामानहरू	2
सेंदा	कराएर	2
सेला	हुर्काइन्	2
मुर	पुस्ताका	2
दोस	न्यायमा	2
बोक्‍शा	उभिनेछन्	2
कली	यिनीहरूलाई	2
दुम्‍ल	हरेकलाई	2
दाशो	पुरै	2
छिङछिङ	ज्योति	2
छिङछिङ	अन्धकारमा	2
बत्ती	तिम्रो	2
गेनीनी	गर्छौ	2
ङोंइती	काम	2
खिंमी	अगाडि	2
कामी	व्यवस्थाका	2
सास्‍त्रीपुकी	व्यवस्थाका	2
खतम	शिक्षकहरू	2
ब्रेप्‍चो	औँलाले	2
पाइब	सहमति	2
यावे	समयका	2
सांचो	साँचोलाई	2
हाक्‍सीशा	छैनन्	2
नेल्‍ल	लुकेका	2
तुंइ‍सीब	थाहा	2
छेङछेङम	ज्योतिमा	2
देंब	गर्नेछन्	2
देंचा	भन्‍नुपर्ने	2
गेवो	भन्यो	2
”	गरिदिनुहोस्	2
शिंम	लोभी	2
ला	सम्पत्तिको	2
कथा	दृष्‍टान्‍त	2
अन्‍न	भण्डारण	2
शोंप	चिजहरू	2
शुश	आराम	2
सुम	कसको	2
जचा	खाऔँला	2
ठेयब	बढी	2
पाइनीनी	हुन्छौ	2
घांस	घाँसलाई	2
यो	थोकहरू	2
बगाल	बगाल	2
दाक्‍ब	हुनुहुन्छ	2
खुइमी	चोरले	2
मेकेरन	त्यहीँ	2
नाक्‍ती	समय	2
गेना	हेर्न	2
नेनीने	यो	2
देय	भन्‍नुभएको	2
’	हृदयमा	2
नोले	ढिलो	2
तूशा	पिउँदै	2
जाक्‍ब	हुनेछैन	2
होव़प	सेवकलाई	2
ब्राइबा	उसबाट	2
दुम	चाहन्छु	2
कली	शान्ति	2
सुइक्‍नीम	जनाको	2
शिमीमी	विरुद्धमा	2
दक्‍खिन	दक्षिणबाट	2
दुम्‍चशो	भन्‍न	2
मुल	अहिलेको	2
मचाप्‍नीनी	गर्दैनौ	2
मरिम्‍शो	पापी	2
थुं	भन्छु	2
बेक्‍नीनी	हुनेछौ	2
लाइश्‍शो	धरहरा	2
आन	मानिसहरूभन्दा	2
।	किन	2
तशा	निको	2
कामी	शासकले	2
सम्‍म	बन्धनमा	2
देंब	विरोध	2
,	सक्छु	2
रवा	बिरुवा	2
ओव़चा	पस्‍ने	2
ओव़चा	प्रयास	2
ब्रेत्‍नीनी	ढोका	2
ओव़चा	आउन	2
राज्‍यम	राज्यको	2
थुम्‍नुङ	गर्नेछु	2
आल	सन्तानहरूलाई	2
खमे	खान	2
पशो	ग्रसित	2
ब्‍वालेइ	मौन	2
ब्‍यफ	गोरुलाई	2
मुर	बोलाइएकाहरूले	2
माल्‍शो	गर्दथे	2
सम्‍दी	ठाउँ	2
निस्‍सीने	बस्‍नुहोस्	2
पिने	भनोस्	2
यो	बस्‍नेहरूका	2
मसुंइ‍सीब	उचाल्दछ	2
मसुंइ‍सीब	होच्याइनेछ	2
मसुंइ‍सीब	होच्याउँछ	2
कुंजे	दृष्‍टिविहीनहरूलाई	2
आन	निम्तो	2
जथ	निम्तो	2
गेय	फरक-फरक	2
खिं	बनाउन	2
ग्‍याप्‍ता	किनेको	2
मताइनुङ	माफ	2
देनो	गर्नुहोस्	2
पिचा	आउन	2
मीश	आउँछ	2
वोंइश	श्रीमती	2
तमी	छोराछोरी	2
ममिम्‍थु	जीवनलाई	2
सेल्‍चा	सम्पन्‍न	2
मपाइनीनी	गर्दैन	2
सेल्‍चा	जग	2
बाक्‍शो	कस्तो	2
२०	बिस	2
ग्राने	सामना	2
चाप्‍नुङा	सक्छु	2
मचाप्‍नुङा	सक्दिनँ	2
कली	राख्‍न	2
नेंथ	सुन्‍नलाई	2
खमे	खाने	2
जाम्‍त	हराएमा	2
कामी	होला	2
द्राकमे	सिक्‍का	2
आ	उपस्थितिमा	2
योक्‍शा	सम्पत्ति	2
जशा	कान्छा	2
दुम्‍माक्‍त	देशभरि	2
जवा	पर्न	2
श्‍येत	खाँचोमा	2
कान्‍छा	उनलाई	2
जचा	पेट	2
जाइनीम	खानेकुरा	2
देंशो	दृष्‍टिमा	2
मटिङ	पाप	2
गेय	सेवकहरूमध्ये	2
बाक्‍त	खाए	2
गेय	सेवकहरूलाई	2
फेक्‍तीने	लगाइदेओ	2
जुत्ता	जुत्ता	2
क्‍योरशा	मार	2
ग्‍येरसय	उत्सव	2
दुम्‍त	छन्	2
जाम्‍शो	हराएका	2
देंमाक्‍त	भेटिएका	2
‘	बोलाएर	2
बाछा	पशु	2
एको	मैले	2
थुम्‍शा	सुन्दै	2
मेरे	उप्रान्त	2
मेकोमी	व्यवस्थापकले	2
गेय	व्यवस्थापकको	2
गेय	कामबाट	2
मुने	लाज	2
नक	तमसुक	2
पाइश्‍शो	मानिसहरूसँग	2
पाइनीम	हुन्छन्	2
शोंप	अधर्मी	2
पशो	अनन्त	2
”	गरून्	2
आइक्‍च	थोरैमा	2
पाइबा	हुन्छ	2
गेय	धेरैमा	2
पाइ‍ब	हुन्छ	2
देंशो	घृणा	2
टिप्‍तु	गर्नेछ	2
चाक्‍बा	छोडपत्र	2
रिम्‍शो	सधैँ	2
रिम्‍शो	मसिनो	2
शोंप	प्रशस्त	2
गार	घाउहरू	2
बेक्‍शा	मर्‍यो	2
जशा	भोगिरहेको	2
शुश	खराब	2
ताप्‍तु	छ	2
आफ	अब्राहाम	2
यावेमी	तिनीहरूसँग	2
खेयप	पटकसम्म	2
पशा	गर्दछ	2
शेंदीमी	गर्नुपर्छ	2
पाइब	को	2
‘	खानको	2
पाइब	पो	2
’	गर्नुपर्ने	2
लमा	यात्रा	2
पिया	उठ	2
एक	न	2
मेरेक	यता	2
पालामी	घटनाहरू	2
पशो	कुराहरू	2
जचा	खाँदै	2
बेक्‍मा	गर्‍यो	2
मिम्‍तीने	सम्झ	2
आ	बारम्बार	2
पुंइशो	निम्ति	2
मेकोपुकीमी	अरूलाई	2
बाक्‍शा	उभिएर	2
मतेक्‍कीन	नरोक	2
मनमी	छैन	2
आफ	आमाबुबाको	2
मेकोमी	शासकले	2
येसुमी	सुन्‍नुभयो	2
यो	अझै	2
ताइब	पाउनेछन्	2
गेना	संसारमा	2
हना	समझमा	2
यरीको	यरीहो	2
मताइब	भिख	2
पाइय्‍यी	गर्नुहोस्	2
गाक्‍मा	जाँदै	2
जक्‍कै	जखायस	2
कोव़चा	हेर्न	2
क्‍येङा	मानिसहरूभन्दा	2
रवा	रुखमा	2
फ्रु	ओर्ली	2
गेनुङमी	दिनेछु	2
जाक्‍त	आएका	2
ठेयब	भलादमी	2
लचा	गएर	2
बाक्‍माक्‍त	गए	2
जाक्‍शा	आएपछि	2
लेयशा	सिक्‍काबाट	2
चेम्‍ता	कमाएँ	2
‘	भलादमी	2
गेयमी	कुरामा	2
सेल्‍नन	गर्नेछौ	2
मगेङा	खोज्‍ने	2
मेको	योसँग	2
रोइश्‍शा	खोसेर	2
डांडा	डाँडा	2
मिनु	पठाइएकाहरू	2
लसानु	गए	2
गधा	बछेडालाई	2
येसुमी	चेलाहरूको	2
पामे	भन्‍न	2
जोरी	शत्रुहरूले	2
ख्रोप्‍शा	तँलाई	2
लेयब	व्यापार	2
आन	शिक्षा	2
बुम्‍था	कामदारहरूलाई	2
बुम्‍था	कामदारहरूले	2
तुप्‍शा	पिटेर	2
श्‍येत्‍थ	हात	2
?	गर्लान्	2
फुल्‍लु	निर्माण	2
दोस	साबित	2
आ	मार्गको	2
प्रभु	उनीहरूलाई	2
गेने	उहाँलाई	2
नेंशा	जवाफमा	2
सदुकीपुकी	सदूकीहरू	2
मथिथु	गर्‍यो	2
मपांइसीनीम	न	2
खोदेंशो	भएकाले	2
किताबम	पुस्तकमा	2
ब्रेक्‍शो	भन्दछन्	2
नेन्‍मे	सुन्‍ने	2
गेशा	सुम्पिदिनेछन्	2
मोपा	यसले	2
महेम्‍ब	नष्‍ट	2
मोपतीके	तिमीहरूको	2
ताइनीम	आइपर्नेछ	2
दिप्‍‍शा	कैदी	2
आन	राष्‍ट्रहरू	2
सक्ति	शक्‍तिहरू	2
रवा	रुखहरूलाई	2
तशा	देख्छौ	2
चिक्‍शो	नजिकै	2
श्‍येत	जिउने	2
मिनु	दिउँसोको	2
नाक्‍त	समयमा	2
दाते	जनामध्ये	2
बाक्‍त	बस्‍नुभयो	2
जिक्‍शा	रोटी	2
चढ़ेशो	कचौरा	2
दुम्‍ब	गरिन्छ	2
माइ	तिनीहरूबिच	2
पवल	होस्	2
पा	कुनचाहिँ	2
गे	हात	2
थित्‍तक	खाँचो	2
दोस	व्यवहार	2
तन्‍न	तथापि	2
बोल	शक्‍ति	2
ग्‍याइक्‍थ	भइरहेको	2
तरवारम	तरवारले	2
तरवार	नोकरलाई	2
शोइश्‍शा	गरे	2
ठेयब	कप्‍तान	2
छिङछिङ	अन्धकारको	2
जाक्‍त	समय	2
ग्‍याइश्‍शा	गिरफ्तार	2
मेरे	उनीसँगै	2
घन्‍टा	लगभग	2
नोले	घण्टापछि	2
अर्कोमी	अर्को	2
इ	उहाँका	2
गेमे	दोष	2
राप्‍पदमे	परिषद्‍मा	2
पाता	सोधेँ	2
दोस	मानिसमा	2
निक्‍शी	पठाए	2
ग्‍येरसे	खुसी	2
ग्रुंइने	लगाएको	2
सोइक्‍ताक्‍व	पठाए	2
प्रोंइशा	एकैसाथ	2
मेकेर	कराउँदै	2
प्रोंइचा	छोडिदिनुहोस्	2
प्रोंइचा	छोड्ने	2
सतीने	झुन्ड्याओ	2
केप्‍शा	येशूलाई	2
कली	हत्या	2
रे	गाउँबाट	2
साइरेनी	कुरेनीका	2
सोव़शो	सुख्खा	2
येसु	उहाँसँगै	2
माइक्‍तीकेमी	खप्परे	2
कोव़न	उभिएर	2
ब्रेक्‍शा	एउटा	2
गो	अवस्थामा	2
१२	छैठौँ	2
बुश	सफा	2
गालील	गालीलदेखि	2
गाक्‍ब	आएका	2
मुरपुकीमी	चिहानमा	2
लशा	फर्के	2
मराक्‍ब	सुगन्धित	2
फु	मानिस	2
कोव़ङानु	हेर्दा	2
तन्‍न	कसरी	2
इस्राएली	इस्राएललाई	2
दुम्‍त	भइसक्यो	2
जाक्‍शा	पाए	2
पाइबपुकीमी	धर्मशास्‍त्रमा	2
ब्रेक्‍शो	भनिएका	2
बाक्‍त	गरिदिनुभयो	2
”	व्यवहार	2
बाक्‍बपुकी	भएकाहरू	2
तपांइसाक्‍व	रहेछ	2
थाम्‍पा	डरले	2
बाक्‍त	देखाउनुभयो	2
बाक्‍ची	थिएँ	2
जशा	भोग्‍नु	2
क्‍याम्‍चा	क्षमाको	2
नेंपाइक्‍चा	प्रचार	2
नेल्‍ल	कुराहरूका	2
इर	माथिबाट	2
ग्‍येरसीशा	बडो	2
सेल्‍शो	बनिएको	2
छिङछिङमी	अन्धकारले	2
छेङछेङ	ज्‍योतिको	2
ममाइ	थिएनन्	2
तौ	नाउँमा	2
मुर	रगतले	2
मिम्‍शोमी	इच्छाअनुसार	2
दुम्‍शा	हुनुभयो	2
गोपुकी	हाम्रा	2
यावे	सत्यताले	2
ङोंइती	अगिदेखि	2
गेप्‍तु	दिइयो	2
आ	छातीमा	2
यावे	त्‍यसो	2
मननी	न	2
यो	आउनुहुन्‍छ	2
ग्रुंइतीक	दिइरहेका	2
बाक्‍तीक	आफूकहाँ	2
गे	आइरहनुभएको	2
ब्‍वाक्‍कुमी	बप्‍तिस्‍मा	2
जुक्‍शो	ओर्लिरहनुभएको	2
तारी	बस्‍नुभएको	2
ताइनेवे	देख्छौ	2
नित्‍थ	अर्को	2
बाक्‍तीक	कहाँ	2
हना	दसौँ	2
पत्रुस	पत्रुसका	2
अन्‍द्रीयास	अन्‍द्रियास	2
मस्‍सीह	मसीह	2
देंत	भेट्टाएका	2
तशा	हेर्नुभयो	2
सांबु	अर्को	2
गालील	गालीलतिर	2
बेथसैदा	बेथसेदाका	2
नथानेल	नथानेललाई	2
आ	व्‍यवस्‍थामा	2
पाइबपुकीमी	अगमवक्‍ताहरूले	2
पुंमी	रुखमुनि	2
शेंब	रब्‍बी	2
ननी	हुनुहुन्‍छ	2
ताइनेवे	देख्‍नेछौ	2
सांबु	तिन	2
काना	कानामा	2
ममा	नारी	2
गर	भाँडाहरूमा	2
ङोंइती	चेलाहरूले	2
लाक्‍चा	विश्‍वास	2
ब्‍यफ	गोरुहरू	2
यहूदीपुकीमी	यहूदीहरूका	2
मुरपुकीमी	जनाले	2
तुइश्‍शो	जान्‍नुहुन्थ्यो	2
निकोदेमसमी	निकोदेमसले	2
जरमेने	जन्मन	2
फश	जता	2
शेंशो	गवाही	2
रागी	पृथ्‍वीको	2
बाक्‍तीकेमी	स्वर्गमा	2
बुस्‍स	सर्पलाई	2
सेल्‍शा	उचाले	2
पुंइसीब	उचालिनुपर्छ	2
बाक्‍चा	पाऊन्	2
ङा	संसारलाई	2
निसाफ	दण्ड	2
सजाइ	दण्डित	2
गेशो	नदिएसम्म	2
लोव़	हुने	2
वारच	साथी	2
ग्‍येरसीनुङ	आनन्द	2
जाक्‍ब	आउनुहुने	2
जाक्‍शो	आउनुहुन्छ	2
नेंशो	सुन्‍नुभएको	2
दाक्‍शा	गर्नुहुन्छ	2
यावे	त्यसमाथि	2
तुइक्‍ताक्‍व	थाहा	2
सामरीया	सामरियाको	2
इनार	इनार	2
दिथ	लिन	2
जाक्‍त	आइन्	2
तुइक्‍ताक्‍वी	चिनेकी	2
पुंइब	माग्‍ने	2
मुरुमी	दिइन्	2
दुइश्‍शो	गहिरो	2
चाक्‍को	आऊ	2
सेल्‍नीमी	सत्‍यतामा	2
मुर	खोजी	2
प्रोंइ‍शा	छोडेर	2
बाक्‍कीन	बस्‍न	2
रागी	प्रस्थान	2
ब्‍वाक्‍कु	पानीलाई	2
ङोंइती	फेरि	2
ग्रुम्‍थ	गए	2
आं	तिनका	2
साशा	बाँच्‍छ	2
सिनाक्‍त	हिजो	2
लाक्‍चा	चिह्न‍	2
हिब्रू	जसको	2
दोम्‍ली	प्राचीन	2
मारदे	नोटः	2
नेल्‍ल	परमेश्‍वरका	2
पशो	रहेको	2
,	आउँदा	2
सापाइक्‍ब	स्वस्थ	2
कुर‍शा	उठाऊ	2
माल्‍तेक्‍म	खोजे	2
नु	समान	2
पाइबा	गरिरहनुभएको	2
मोदेंशोन	कुराहरू	2
ब्रोंइशा	अनन्त	2
।	त्यो	2
सेंसीनीम	पुनरुत्थानको	2
मपथु	खोजिरहेको	2
अर्कोमी	दिनुहुने	2
पा	दिएका	2
मुरुमी	मानिसबाट	2
देंनुङ	भन्छु	2
ग्‍येरशा	आनन्द	2
सोइश्‍शो	पठाउनुभएकोलाई	2
मसुइक्‍नीनी	छैनौ	2
तकल	पाउन	2
नु	आफैँमा	2
मोसा	मोशामा	2
तिबेरीयास	तिबेरियास	2
येसुमी	माथितिर	2
ओटा	जौका	2
खोइ	जति	2
कापेरनाउम	डुङ्गा	2
कोंइचा	देख्‍न	2
शोब्‍ले	खाए	2
पचा	गर्नलाई	2
तौ	यही	2
किताबमी	पुस्तकहरूमा	2
यिशो	ओर्लिआएको	2
जाइबा	खान्छ	2
खिंमी	सिकाइरहनुहुँदा	2
निक्‍शी	जनाले	2
साइक्‍ब	धोका	2
सोइश्‍शो	पवित्र	2
इन	मैले	2
दुम्‍शा	उही	2
नोले	भएपछि	2
हिरन	यात्रा	2
आन	संसारमा	2
गेनीम	घृणा	2
मलाइनुङ	चाडमा	2
देंशा	भन्‍नुभएपछि	2
मुरुम	मानिसले	2
लोव़	बोल्छु	2
दाक्‍ब	खोज्दछ	2
मपाइनीनी	गर्दैनौ	2
अरेशो	गर्दछौ	2
मदेंनीमी	भन्दैनन्	2
मिनु	वास्तवमा	2
तुइक्‍त‍ाक्‍मे	जान्‍न	2
नङ	आएको	2
मग्‍याइक्‍तेम	हात	2
मग्‍याइक्‍तेम	हालेन	2
मजाक्‍शो	आएको	2
लोव़	कुराहरूबारे	2
ग्‍याइक्‍चा	पक्रन	2
बाक्‍नुङ	हुन्छु	2
सोइक्‍ब	पठाउनुहुनेकहाँ	2
मथित्‍नीनी	भेट्टाउनेछैनौ	2
मचाप्‍नीनी	सक्‍नेछैनौ	2
कली	भएकाहरूकहाँ	2
सुइक्‍नीमी	गर्छ	2
सुइक्‍बपुकीमी	गर्नेहरूले	2
शेंशो	वचनहरू	2
एकोन	यिनी	2
खिं	बसेका	2
ब्रातेक्‍म	विभाजन	2
पशो	जान्‍न	2
कोव़ङो	हेर	2
खिं	आ-आफ्नो	2
लत	बस्‍नुभयो	2
ग्‍युंबे	व्यभिचारको	2
ग्‍युंबे	पक्राउ	2
अरु	परेकी	2
बाक्‍माक्‍त	ल्याए	2
मुर	७	2
मोदेंशो	यस्ता	2
आंइ	यिनको	2
कली	पार्नलाई	2
फुरक	औँलाले	2
शाक्‍शा	जमिनमा	2
ब्रेक्‍ताक्‍व	लेख्‍नुभयो	2
जोक्‍ब	:	2
सुइ	दिएन	2
कली	दण्ड	2
लाइनुङा	जाँदै	2
जाक्‍ङा	छु	2
ठीक	सत्य	2
लाइनुङ	जाँदै	2
लतीकेमी	जहाँ	2
लतीकेमी	छु	2
ङा	संसारका	2
शेंनुङ	भन्छु	2
तुइक्‍नीनी	जान्‍नेछौ	2
आं	जसरी	2
मबाक्‍नीम	सधैँभरि	2
प्रोंइसीशो	स्वतन्‍त्र	2
तौ	जन्मिएका	2
पना	बोल्छ	2
पाइनुङ	बोल्छु	2
दोसी	दोष	2
यहूदीपुकीमी	भने	2
मबेक्‍ब	मृत्यु	2
तुइक्‍ताक्‍क	जान्दछौँ	2
।	छैनौ	2
तुइक्‍नुङ	चिन्दछु	2
बाक्‍ते	छैनौ	2
गुप्‍तेक्‍म	टिपे	2
आम	यसका	2
मताइब	जन्मिएको	2
पशो	गर्‍यो	2
नां	रात	2
निशा	मुछ्नुभयो	2
दोम्‍लीम	धोऊ	2
”	भएर	2
साशो	मानिसलाई	2
ताइब	खोलिदियो	2
आस	आमाबुबालाई	2
मिक्‍च	जन्मिँदै	2
आम	त्यसका	2
ताइब	देख्‍छ	2
पने	वयस्क	2
हिल्‍लो	सोध्‍नुहोस्	2
साशो	त्यो	2
गेपुकी	तपाईंहरू	2
मतुइक्‍नीकी	जान्दैनौँ	2
गो	दिए	2
रे	तपाईंहरू	2
परमप्रभु	भक्‍त	2
गेब	सुन्‍नुहुन्छ	2
सुइक्‍नुङ	गर्छु	2
रोइक्‍ब	डाँकु	2
मतुइक्‍नीम	चिन्दैनन्	2
भेडा	भेडाहरूको	2
बाक्‍मल	पाऊन्	2
भेडा	भेडाहरूका	2
गोठला	भाडामा	2
प्रोक्‍ब	भाग्छ	2
पुंइसीनुङ	दिन्छु	2
नेंशा	सुन्‍नेछन्	2
साइक्‍चा	अर्पण	2
यो	मसँग	2
जाक्‍शो	समय	2
नस्‍कु	हौँ	2
तमी	ईश्‍वरहरू	2
पर्बम	हुँ	2
लोव़	गरिरहेको	2
सुतीन	सक	2
खोइलीमी	खुट्टा	2
बेक्‍चा	मृत्युमा	2
बाक्‍माक्‍त	गर्नुहुन्थ्यो	2
सम्‍म	उहाँ	2
आप्‍शा	हान्‍न	2
घन्‍टा	घण्टा	2
गाक्‍नीमी	हिँड्छ	2
इप्‍त	निद्रामा	2
इप्‍त	परेका	2
मिम्‍ताक्‍म	सोचे	2
बेथानी	बेथानिया	2
मरीयम	मरियमचाहिँ	2
आंस	मेरा	2
मबे	मर्ने	2
सेंसीब	फेरि	2
सुइक्‍ब	गर्छ	2
लेश्‍शा	त्यहाँबाट	2
छुल	झट्टै	2
लशो	गइरहेकी	2
खाइक्‍त	विचलित	2
पुक्‍खी	चिहानतिर	2
खोइल	खुट्टाहरू	2
आ	अनुहार	2
रागी	राष्‍ट्र	2
साइक्‍चा	मर्नु	2
इस्राएल	राष्‍ट्रको	2
रिना	बनेको	2
इस्‍कारीयोत	स्करियोत	2
शिशी	गरिबहरूको	2
बाक्‍नीम	हुनेछन्	2
नाक्‍त	सधैँ	2
यहूदीपुकीमी	यहूदीहरूको	2
शेशा	लिए	2
तुइक्‍पाइक्‍तेक्‍म	दियो	2
बाक्‍तीक	महिमित	2
लीब	रहन्छ	2
बाक्‍ब	रहनुहुनेछ	2
लाइबा	भनी	2
लाइबा	थाहा	2
का	त्यो	2
दुम्‍त	होस्	2
सुदा	गरेको	2
मोपा	नत्रता	2
दे	देख्‍ने	2
पर्बमी	आउने	2
सुइश्‍शो	गर्छ	2
मपाइनीमी	गर्दैन	2
देंशो	कि	2
कली	आफ्नाहरूलाई	2
परमप्रभु	परमेश्‍वरकहाँ	2
वा	बाहिरी	2
ठीक	ठिकै	2
खोदेंशो	गरेजस्तै	2
इन	जनाको	2
मपाइनुङ	छु	2
दुम्‍मेनु	आउँछ	2
ब्राइबा	साँचो	2
नेक्‍था	छातीमा	2
दाक्‍शो	अडेस	2
सु	हामीमध्ये	2
आ	कसको	2
शेक्‍कुमी	टुक्रा	2
यहूदा	यहूदाले	2
दाक्‍मुने	गर्नुपर्छ	2
लाइनीनी	जाँदै	2
खोइक्‍ने	पछ्याउन	2
जाक्‍शा	आउनेछु	2
तुइक्‍नीनी	चिन्छौ	2
थोमासमी	थोमाले	2
रे	उसो	2
कोंइदीन	देखाउनुहोस्	2
लोव़	बोल्दिनँ	2
पुंइनीनु	माग्छौ	2
पतीके	पुत्रमा	2
थमा	सत्यका	2
मसुइक्‍बपुकीमी	संसारले	2
मतुइक्‍नीम	चिन्दैन	2
ब्रोंइनीनी	जिउनेछौ	2
सुमी	जोसँग	2
यो	गरिनेछ	2
आं	त्यसकहाँ	2
।	गर्नुहुनेछ	2
देंशो	सुनेका	2
खोदेंशो	त्यसरी	2
मुरपुकीमी	जानोस्	2
फल	फलाउने	2
राशी	दाखको	2
सिन्‍ने	फलाउन	2
बाक्‍तीनी	रहन्छ	2
पुनीन	माग	2
दुम्‍तीनी	सक	2
वाइल	नोकरहरू	2
योव़तन्‍नी	चुनेँ	2
दाक्‍नीमी	प्रेम	2
शेंताक्‍ङमी	थिइनँ	2
शेंताक्‍ङमी	थिएन	2
मेको	सल्लाहकार	2
यावे	सेवा	2
जाक्‍शा	आउनुहुन्छ	2
मो	अब	2
मार	त्यहीबाट	2
में	भन्‍नुभएको	2
आल	निराश	2
श्‍येत	संसारमा	2
ग्‍येरसीनीनी	आनन्द	2
कथा	स्पष्‍ट	2
सुइक्‍तीनी	गरेका	2
कली	प्रश्‍न	2
ममाल्‍ब	आवश्यक	2
इन	सबै	2
तन्‍न	वास्तवमा	2
ला	समय	2
गेतीनी	दिनुभयो	2
पपाइश्‍शो	दिनुभएको	2
शेंताक्‍ङमी	दिएको	2
शेंताक्‍ङमी	छु	2
दुम्‍त	भएन	2
रागीमी	आउँदै	2
मनम	होइनन्	2
पतीकेमी	समर्पण	2
जिम्‍मा	समर्पण	2
ख्रुम्‍शो	गर्दछु	2
शेंशो	गर्दछु	2
ङा	होऊन्	2
सोइक्‍ताक्‍नी	पठाउनुभएको	2
नें	नाउँलाई	2
आगामी	परिचित	2
आगामी	तिनीहरूमा	2
शेंसीबपुकी	चेलाहरूसित	2
फल	बगैँचा	2
“	त्यो	2
सिपाहीपुकी	सिपाहीहरूको	2
माल्‍नी	खोजिरहेका	2
सु	कसलाई	2
वाइली	नोकरको	2
मुरपुकीमी	अधिकारीहरूले	2
शेंसीबमी	चेला	2
,	तिनले	2
ग्‍यू	जाडो	2
थेरना	न्यानो	2
बाक्‍त	पार्दै	2
पाप्‍तु	गरे	2
खिंमी	मन्दिर	2
चोव़चो	मुक्‍का	2
गे	के	2
मरिम्‍शो	गलत	2
लोव़	तवरले	2
रूमी	बगैँचामा	2
मेकोपुकी	नहोऊन्	2
दोस	आरोप	2
पिलातस	तिनलाई	2
खिं	महलभित्र	2
कोंइचा	उद्देश्‍यको	2
देंतीनी	यही	2
बाक्‍बा	छु	2
प्रोंइशा	छोडिदिने	2
वा	रङको	2
मसुइक्‍नुङ	यिनमा	2
ग्रुंइताक्‍व	ल्याए	2
नित्‍तीकेमी	आसनमा	2
सतीन	लानुहोस्	2
केप्‍शा	उहाँसँगै	2
शी	एक-एक	2
ब्रेक्‍शा	लेखे	2
ग्रीक	ग्रिकमा	2
वासी	वस्‍त्र	2
बाजी	चिट्ठा	2
मिम्‍तो	माया	2
इम्‍मा	आमा	2
शेंसीबमी	चेलाले	2
देंतेक्‍म	गरे	2
सिपाही	सिपाहीहरूमध्ये	2
कामी	अर्को	2
मेकोन	निम्ति	2
का	चिहान	2
वोइक्‍तेक्‍म	राखे	2
साता	हप्‍ताको	2
शेंसीब	चेलाकहाँ	2
वोदमे	राखेका	2
दाम	दौडे	2
खुम	निहुरिएर	2
गिल्‍शो	सुतीका	2
ताप्‍तु	पडिरहेका	2
फेक्‍शो	पहिरनमा	2
बाक्‍त	देखिन्	2
ङाक्‍नेवे	नारी	2
ङाक्‍नेवे	रोइरहेकी	2
ङाक्‍नेवे	छ्यौ	2
फिर	फर्किन्	2
कली	खोज्दै	2
लोव़मी	अर्थ	2
लाप्‍चो	त्यसका	2
सु	जसका	2
पाप	कायम	2
मलिक्‍थु	नहालेसम्म	2
लाक्‍चा	चिन्हहरू	2
बाक्‍शा	उपस्थितिमा	2
ङोन	थिएनन्	2
जाक्‍दीश्‍शो	करिब	2
ग्‍याइल	माछाले	2
जने	खाजा	2
ब्‍वने	खाओ	2
दाक्‍नन्‍नी	जानुहुन्छ	2
किप्‍शुर	तिमी	2
खाल्‍पा	कपडा	2
खाल्‍पा	जहाँ	2
ना	आइरहेको	2
मजाक्‍ङा	नआउञ्‍जेसम्म	2
रिम्‍शा	चाहेँ	2
दुम्‍बा	भयो	2
तन्‍न	तरै	2
ब्रेक्‍ब	लेख्‍ने	2
ब्रेक्‍ताक्‍व	लेखिएका	2
किताबपुकी	पुस्तकहरू	2
वोइक्‍मी	आज्ञा	2
शेंन	यसो	2
पुंइसीशा	गर्नुभयो	2
देंशो	प्रतिज्ञाको	2
ग्रुंइताक्‍व	दिए	2
कोव़ना	यहाँ	2
बाक्‍त	नजिकै	2
गाक्‍चा	यात्रा	2
मीश	एकै	2
बाक्‍त	लागिरहे	2
पुंइना	उहाँका	2
माल्‍ब	मानिसहरूमध्येबाट	2
माल्‍ब	पुनरुत्थानको	2
देंने	दिनसम्म	2
”	साक्षी	2
याइनी	युस्तस	2
बाक्‍त	गनियो	2
पेन्तीकोस	पेन्तिकोसको	2
ब्रशो	आगोका	2
हिंब	ईश्‍वरभक्त	2
लोव़	भाषाहरूमा	2
कापाडोसीया	कापाडोकिया	2
पोन्‍टस	पोन्टस	2
एसीया	एसिया	2
पाम्‍फीलीया	पाम्फिलिया	2
ङा	निवासी	2
निक्‍शीमी	गिज्याए	2
रुप्‍चा	तपाईंहरूलाई	2
यहूदी	होस्	2
प्रिंनुङमी	खन्याउनेछु	2
पाइनीम	बोल्नेछन्	2
कुन	धुवाँको	2
कोंइनुङ	देखाउनेछु	2
मिनु	यस्तो	2
थिशा	पुकार्ने	2
मेकोपुकी	हरेकले	2
पुंइसीनीम	पाउनेछ	2
केप्‍शा	टाँगिनुभयो	2
परमप्रभु	सम्भव	2
दे	मुहार	2
ठेयब	जिब्रोले	2
तुइक्‍नुङ	दिनुहुनेछ	2
ब्रोंइतीक	जीवनका	2
लां	मार्गहरू	2
आ	तिनकै	2
मेकोमी	बताए	2
प्रिंचा	प्राप्‍त	2
युइ	सन्तानहरूका	2
ब्रेश्‍शो	बोलाउनुहुने	2
दुम्‍मा	थपिए	2
सोइश्‍शोपुकीमी	प्रेरितहरूको	2
सुइक्‍ब	गर्नेहरू	2
नेल्‍ल	चिज	2
मिम्‍बाक्‍मा	साझा	2
क्‍येट	विश्‍वासीहरूको	2
वारच	आवश्यकता	2
किंत	दिनदिनै	2
ङोंइती	भिक्षा	2
पिप	हात	2
तन्‍न	सट्टामा	2
गेय	,	2
खाप्‍शो	पुरा	2
बाक्‍तीक	पठाउन	2
योव़शा	मजस्तै	2
आ	मानिसहरूका	2
पिपी	पुर्खाहरूसँग	2
मरिम्‍शो	दुष्‍टताबाट	2
शेंना	मानिसहरूसँग	2
सक्तिमी	शक्ति	2
ब्रशा	नाउँद्वारा	2
नेल्‍ल	स्वर्गमुनि	2
महिंथु	साहस	2
ठेयब	साधारण	2
दे	दिएपछि	2
।	वास्तविकता	2
मचाप्‍नय	सक्दैनौँ	2
सुइ	कसैसँग	2
मतुइक्‍पाइक्‍चा	नबोल्नू	2
आस	भित्र	2
देंशो	आज्ञापालन	2
मेरे	चेताउनी	2
बाक्‍बाक्‍मा	गरिरहेका	2
ग्रुम्‍थ	मानिसहरूकहाँ	2
सरीङ	आकास	2
सेल्‍तीनी	बनाउनुभयो	2
कली	मुखद्वारा	2
सहरमी	शहरमा	2
आंइ	भेला	2
इन	इच्छाले	2
लाक्‍शा	निर्णय	2
नें	नाउँका	2
थुं	उत्साहको	2
सोइश्‍शो	प्रेरितहरूको	2
ओशो	अंश	2
कली	आफूसँगै	2
हिंमा	डर	2
आन	मानिसहरूद्वारा	2
वोंइश	पुरुषहरू	2
नेंमी	होओ	2
जाक्‍दीश्‍शा	गरे	2
लशा	गएका	2
शेंन	सिकाइरहेका	2
आन	सभाको	2
सोइश्‍शो	प्रेरितहरूले	2
टीब	पालन	2
बर्समी	समयमा	2
जचा	भोग्‍न	2
गन	विरुद्धमा	2
वोंइश	विधवाहरूलाई	2
जचा	वेवास्ता	2
माल्‍नय	नियुक्त	2
पन	वचनको	2
।	जसले	2
बारना	गुणात्मक	2
सक्ति	शक्तिले	2
स्‍तीफानस	स्तिफनसले	2
शेंबपुकीमी	मानिसहरू	2
रागी	पाइला	2
चच	सन्तान	2
गेनुङमी	दिनुहुनेथियो	2
मुर	विदेशी	2
अब्राहाम	अब्राहामसित	2
योसेफ	योसेफको	2
इजीप्‍त	मिश्रका	2
ङा	घरानाका	2
मुरपुकीमी	सारा	2
तौ	पहिले	2
रागी	आउनुहोस्	2
नोले	मृत्यु	2
शेकेम	शकेममा	2
फाराओ	फारोकी	2
नेल्‍ल	शिक्षा	2
इस्राएली	इस्राएलीहरूलाई	2
ग्रुम्‍चा	भेट	2
इजीप्‍ती	मिश्रीलाई	2
लोक्‍ब	दाजुभाइहरूको	2
श्‍येत	छुट्कारा	2
मिम्‍शो	सोचे	2
यो	विरुद्धमा	2
सेले	तुल्यायो	2
हारून	हारूनलाई	2
इजीप्‍त	देशबाट	2
चाक्‍ब	ल्याउने	2
क्‍योरशा	बलिदान	2
सेल्‍शो	गरेको	2
सेल्‍शा	गर्‍यौ	2
ताम्‍बु	पुर्खाहरूको	2
सेल्‍नुङ	निर्माण	2
मबाक्‍ब	बस्‍नुहुन्‍न	2
।	जस्तो	2
मटीब	खतना	2
परमप्रभु	तपाईंहरूका	2
स्‍वर्ग	स्वर्गदूतहरूद्वारा	2
रेयके	सोरले	2
पा	चिच्‍च्याए	2
पामेनु	गरे	2
थेक्‍शा	टेकी	2
स्‍तीफानस	तिनको	2
सावलमी	शाऊल	2
गोव़मे	सुरु	2
रागीमी	तितर-बितर	2
मान	ईश्‍वरभक्त	2
सावलमी	शाऊलले	2
बाक्‍त	सुने	2
नु	दुवैले	2
वोइश्‍शा	राख्दा	2
क्‍येट	रूपैयाँ-पैसा	2
परमप्रभु	परमेश्‍वरसित	2
ब्रीशो	कि	2
,	बन्धनमा	2
बग्‍गीम	रथमा	2
पाइब	तिनीकहाँ	2
ठेयब	इथियोपियालीले	2
ऊन	ऊन	2
लोव़	अगमवक्‍ताले	2
ग्रुंइचा	लिनदेखि	2
फिलीपमी	नपुंसक	2
फिलीपमी	पानी	2
बग्‍गी	रथ	2
कली	नाउँमा	2
पुंइशो	मागे	2
दमस्‍कस	दमस्कस	2
खेदा	खेदो	2
इ	जसको	2
पुंइसीनेवे	बताइनेछ	2
सुइक्‍ब	चेला	2
लां	गल्लीमा	2
माइश्‍शो	नाउँका	2
ओव़शा	तिनीमाथि	2
श्‍येत	मानिसहरूबाट	2
चढ़ेबपुकी	पूजाहारीहरूबाट	2
तशो	पाएका	2
दुमो	सक	2
ब्रीशो	भरिन	2
दे	प्रमाण	2
गारो	टोकरीमा	2
सावल	बारनाबासले	2
तशो	देखे	2
टारसस	टार्सस	2
बाक्‍चा	मण्डली	2
थुं	सान्त्वनामा	2
बारन	बढ्दै	2
एनीयास	एनियास	2
८	आठ	2
तबीता	तबीता	2
चिक्‍शा	धोएर	2
बाक्‍ब	भएकोले	2
बाक्‍त	फैलियो	2
शिशी	सहयोग	2
कोव़स	एकटक	2
मार	स्वर्गदूतलाई	2
कोव़स	हेरे	2
सोइक्‍तो	पठाऊ	2
खिंमी	बसिरहेका	2
नाक्‍त	लगभग	2
वा	वस्तु	2
तवा	तन्‍नाजस्तो	2
मब्‍वचा	चारखुट्टे	2
ब्‍वामी	आवाजले	2
ब्‍वामी	उठ	2
ब्‍वामी	खाऊ	2
मदित्‍तो	नभन	2
नु	तिनीहरूसँगै	2
ङा	मानिसहरूसित	2
आ	प्रतीक्षा	2
रागी	जातिका	2
काथा	सङ्गत	2
मपथु	नगरीकन	2
बाक्‍ङानु	गरिरहँदा	2
सहरमी	पठाऊ	2
सोइक्‍तो	ल्याऊ	2
बाक्‍ब	पर्छ	2
मतिल्‍थु	पक्षपात	2
नु	उहाँसित	2
क्‍याइश्‍शा	काठमा	2
नेल्‍लेमी	सबैकहाँ	2
नेंमी	नाउँद्वारा	2
ख्रोइक्‍तीक	यहूदी	2
सोक्‍तीम	वरदान	2
चिनु	बेखतनाका	2
ओदेंशो	अहिलेसम्म	2
दिचा	थोक	2
?	गर्नुहुँदैन	2
मेकोपुकी	तिनीहरूमाथि	2
शुश	संख्यामा	2
प्रभु	प्रभुसँगै	2
।	मानिस	2
अगाबस	अगाबस	2
नेल्‍लेमी	संसारभरि	2
आस	बारनाबासको	2
हेरोदमी	हेरोद	2
”	परमेश्‍वरसँग	2
साङलो	साङ्लाले	2
पाइबमी	उठाए	2
साङलो	साङ्लाहरू	2
किप्‍शुर	स्वर्गदूतले	2
नेल्‍ल	गरेका	2
मतुइश्‍शो	विचार	2
लाक्‍शा	सहरतिर	2
सेंदा	आवाजलाई	2
राप्‍शा	उभिरहेका	2
ग्रुम्‍थ	उनीकहाँ	2
बाक्‍त	मनाए	2
निश्‍शा	बसे	2
थुम्‍शा	गरेपछि	2
मर्कूस	यूहन्‍नालाई	2
सहर	सभामा	2
माइजा	उपवाससहित	2
बाक्‍शा	गरिसकेपछि	2
आ	धार्मिकताको	2
नाक्‍त	प्रभुको	2
पाइबमी	शासकले	2
पेरगा	पर्गामा	2
थुं	निम्ति	2
किकी	पितापुर्खाहरूलाई	2
हना	स्थानमा	2
सामुएल	शमूएल	2
यावेमी	भन्‍नुभएको	2
दाक्‍शो	चाहेको	2
तुइक्‍नुङ	गर्नेछन्	2
येसुम	येशू	2
सेल्‍तेक्‍म	गरे	2
ङोंइती	प्रतिज्ञा	2
परमप्रभु	उहाँले	2
यावेमी	प्रतिज्ञाहरू	2
थीतन	पिता	2
परमप्रभुमी	निश्‍चित	2
मोपतीके	यसैकारणले	2
पने	इच्छाअनुसार	2
पाप	धर्मी	2
पांइसीने	हुनुहोस्	2
लोव़	तपाईंहरूमाथि	2
पुलु	नष्‍ट	2
पा	निरन्तर	2
पा	बोल्दै	2
बारनाबास	बारनाबासको	2
खोइल	खुट्टामा	2
आइकोनीयम	आइकोनियम	2
शुशेमी	भिडले	2
मसुइक्‍ब	अनाज्ञाकारी	2
गारमा	पक्षमा	2
डेरबे	डर्बी	2
नोफा	आँखा	2
मोपा	पावलले	2
हेरमेस	हर्मेस	2
जारशा	बारनाबासले	2
मूर्ति	कुराहरूबाट	2
हिरदीने	फर्कनुपर्छ	2
लोव़	ल्याएका	2
मार	तिनमा	2
रागी	समयहरूमा	2
बाक्‍तेक्‍म	भएन	2
“	दह्रिलो	2
सुइक्‍बपुकी	विश्‍वासीहरूको	2
आस	जहाजमा	2
प्रभु	कामको	2
रागीमी	भएर	2
नेल्‍लेमी	स्वागत	2
पपाइश्‍शो	गर्नुभएका	2
देंमा	सुनाए	2
माल्‍नीम	आवश्यक	2
?	तपाईंहरू	2
ङा	परीक्षा	2
बाक्‍ब	भन्‍नुहुन्छ	2
मिम्‍चा	विचार	2
अर्को	गैरयहूदीहरूलाई	2
हुश	व्यभिचारबाट	2
मजचा	अठ्याएर	2
ब्रेक्‍शो	रहून्	2
लोव़	पार्ने	2
इन	भयौँ	2
मपचा	अनैतिकताबाट	2
पढेशा	पढे	2
बाक्‍शा	बिताइसकेपछि	2
मर्कूस	मर्कूसलाई	2
परमप्रभु	प्रभुको	2
सिलीसीया	किलिकिया	2
मवोदमेक्‍ल	आफूसँगै	2
ख्रीस्‍त	गर्नुपर्ने	2
यरूसलेमम	निर्देशनहरू	2
शेंब	अगुवाहरूले	2
एसीयामी	एसियामा	2
गलातीया	गलातियाका	2
जाक्‍दीश्‍शा	आइपुगे	2
त्रोआस	त्रोआस	2
जाक्‍दीत्‍तक	पुग्यौँ	2
जाक्‍दीत्‍तक	गयौँ	2
नाइक्‍तीक	सबाथ-दिनमा	2
गेशो	सामना	2
आन	मालिकहरूका	2
नमी	गर्छन्	2
किंत	त्यसो	2
मगारचा	विपरित	2
आस	उनीहरूको	2
जेल्‍खान	पावल	2
ठेयब	हाकिमलाई	2
नाक्‍दो	मध्यरातमा	2
ठेयब	हाकिम	2
दे	ठानेर	2
सिलास	सिलासको	2
सिलास	झ्यालखानाका	2
रिम्‍शो	शान्तिसँग	2
शेंबाक्‍माक्‍त	मानिसहरूसँग	2
बेक्‍चा	मृत्युबाट	2
रेयके	होहल्ला	2
“	कराएर	2
जाक्‍तेक्‍म	छन्	2
सुइक्‍बपुकीमी	भाइहरूले	2
बेरोइया	बेरियामा	2
जाक्‍दीश्‍शा	आइपुगेपछि	2
शुश	प्रभुमा	2
थिस्‍सलोनीकी	थेसलोनिकेका	2
एथेन्‍स	एथेन्स	2
आस	सक्दो	2
मेको	तिमोथीलाई	2
एथेन्‍स	एथेन्समा	2
रुप्‍चा	जान्‍न	2
मुशा	कुँदिएको	2
सरीङ	उहाँ	2
सोक्‍त	सास	2
मबाक्‍ब	हुनुहुन्‍न	2
तुइक्‍नय	सन्तान	2
पा	संसारलाई	2
,	व्यक्तिको	2
ङा	कतिपय	2
नु	भेट्न	2
अक्‍वीला	प्रिस्किलालाई	2
ङोंइती	यहूदीहरूलाई	2
रोम	रोम	2
मिनु	पावललाई	2
शेंथ	अन्यजातिहरूकहाँ	2
क्रिस्‍पस	क्रिस्पस	2
कोरिन्‍थी	कोरिन्थका	2
मचाप्‍नीम	सक्‍नेछैन	2
गाल्‍लीयोमी	गालियोले	2
मरिम्‍शो	गल्ति	2
लोव़	बोल्नु	2
लोव़	शब्दहरू	2
अरेशो	व्यवस्थासँग	2
प्रिस्‍कीला	अकिला	2
गलातीया	गलातिया	2
आपोल्‍लोस	अपोलोस	2
रागीमी	आधारमा	2
आ	वचनका	2
आन	गरून्	2
ख्रीस्‍त	शक्ति	2
पुंइसीनी	त	2
बाक्‍त	छैनौँ	2
आं	भनेका	2
ब्रीमा	उनीहरूमाथि	2
लोव़	बोले	2
शुक्‍शी	सामु	2
शुक्‍शी	दुष्‍ट	2
ग्रीक	ग्रीकहरू	2
नेल्‍लेमी	दुवैले	2
मेकेर	एफिससमा	2
लां	मार्गको	2
चांदी	मूर्तिहरू	2
क्‍येट	व्यापार	2
आरतेमीस	चिच्याए	2
एफिसस	एफिसीहरूकी	2
देवी	देवी	2
देवी	डायना	2
रेयके	शान्त	2
मन्‍दीर	मन्दिर	2
सरीङ	आकाशबाट	2
नेल्‍लेमी	इन्कार	2
चाक्‍शो	ल्याएका	2
शुक्‍शी	ईश्‍वरनिन्दा	2
निसाफ	भएमा	2
मदुम्‍ब	आजको	2
मरिम्‍शो	लाग्‍ने	2
मो	भनेपछि	2
देंने	उनले	2
थमा	त्यहाँका	2
सिरीया	सिरियातर्फ	2
मलथु	फर्किने	2
एसीया	एसियाबाट	2
क्‍येङा	हामीभन्दा	2
जाक्‍दीत्‍तक	आयौँ	2
मबेक्‍शो	जीवितै	2
आंइ	पावललाई	2
मिनु	भोलिपल्ट	2
जाक्‍दीत्‍तक	सहरमा	2
लांमी	उनले	2
शेंब	मण्डलीका	2
शुश	सारा	2
दुम्‍शा	बगाउँदै	2
शेंशा	शिक्षा	2
लोव़	ताकि	2
गोठला	बगालको	2
दुमीन	बगालका	2
गोठला	गोठाला	2
आन	भ्रष्‍ट	2
शेंशो	सम्झना	2
पशो	पछि	2
मारेइ	लोभ	2
मताक्‍गु	गरिनँ	2
पाइक्‍चा	सम्झना	2
पा	उदाहरण	2
मचाप्‍ब	वचनहरू	2
मेरे	तिनीहरू	2
कली	मुहार	2
लशा	गर्‍यौँ	2
सहर	आए	2
,	भयौँ	2
तोंइ‍साक्‍क	आइपुग्यौँ	2
सिजरिया	कैसरियातिर	2
लोव़	प्रचारक	2
ग्‍युंबे	कुमारी	2
जाक्‍त	आए	2
मलथु	कोसिस	2
माल्‍ती	तयार	2
मो	“	2
लाइतक	लाग्यौँ	2
कसम	भाकल	2
नेल्‍लेमी	ताकि	2
चढ़ेशो	बलि	2
त्रोफीमस	त्रोफिमसलाई	2
तशा	देखेका	2
मुरुम	,	2
मुरुमी	अर्कै	2
सिलीसीया	किलिकियाको	2
बाक्‍ब	यात्रा	2
दिङ	शाऊल	2
पङानु	ʻम	2
तुइक्‍पाइक्‍चा	कुरा	2
दमस्‍कस	गएँ	2
नोले	म	2
साइक्‍ब	मार्नेहरूको	2
प्रभुमी	तर	2
वा	लुगाहरू	2
लडाइ	सेनापतिले	2
मरिम्‍शो	विरुद्ध	2
बाक्‍त	रहेछन्	2
“	पावलको	2
मार	यहूदीहरूले	2
बाक्‍त	सत्यता	2
चढ़ेब	प्रधान	2
खुम्‍सीशो	भेला	2
ङोंइती	बिचमा	2
मबाक्‍नीम	छैनन्	2
जिचा	विवाद	2
सिपाही	सेनाको	2
साइश्‍शो	नमारेसम्म	2
मतया	न	2
गारशा	मुद्दालाई	2
मुर	कप्‍तानकहाँ	2
माल्‍ताक्‍व	उसँग	2
ठिटा	केटोलाई	2
पचा	परिषद्‌मा	2
आ	सुरक्षित	2
चिठी	चिट्ठी	2
यहूदीपुकीमी	यहूदीहरूबाट	2
गुइ	उद्धार	2
प्रोंइता	गरेँ	2
दोस	लगाएका	2
गेब	लगाउने	2
हुकुम	शासकलाई	2
।	पाएर	2
लां	सुधार	2
परमप्रभु	सक्‍नु	2
बाक्‍ङानु	मलाई	2
ग्रुंइशा	प्रमाणित	2
सुइक्‍नुङ	छु	2
मपाइब	अधर्मी	2
पुंइसीनीम	प्रतीक्षा	2
मथीब	सहायता	2
थमा	इन्साफ	2
फेलीक्‍स	फेलिक्स	2
एर	पहरा	2
मोक्‍ल	;	2
फेलीक्‍समी	फेलिक्सले	2
ग्‍येरपाइक्‍चा	चाहन्थे	2
मुददा	पहरामा	2
फेस्‍तस	फेस्तससँग	2
आ	कडा	2
कछडी	आसनमा	2
आंइ	बचाउ	2
इ	कुराहरूको	2
?	सक्दैन	2
बेरनीस	बर्निकी	2
फेस्‍तस	फेस्तसलाई	2
लङानु	थिएँ	2
।	ल्याए	2
गेम्‍तेक्‍म	गरे	2
कछडी	दिएँ	2
गेचा	पाउनु	2
धर्म	धर्म	2
दो	अन्योलमा	2
अग्रीप्‍पा	अग्रिप्पा	2
सरकार	राजा	2
सिजर	अपिल	2
नङ	म	2
थर	कुलले	2
गो	समय	2
नेल्‍ल	तिनीहरूसित	2
कली	अति	2
खेदा	सताउँछौ	2
।	l	2
अर्को	गैरयहूदीहरूबाट	2
मोदेंशो	यसैकारण	2
आइक्‍च	ठुला	2
लोव़	छोटो	2
सुइक्‍ब	ख्रीष्‍टियान	2
एसीया	एसियाको	2
जहाज	समुद्रीतट	2
मासीडोनीया	माकेडोनियामा	2
कप्‍तानमी	सिपाहीका	2
तेक्‍तीके	यात्रा	2
फश	हामीले	2
टापु	बन्दरगाह	2
लाक्‍शा	बितिसकेको	2
गिवारमी	सामुद्रिक	2
जहाजमी	जहाजलाई	2
ब्रोंइचा	नोक्सानी	2
अरुमी	जहाज	2
दक्‍खिन	दक्षिणी	2
रिम्‍शो	चाहेका	2
रे	निकाली	2
तिक्‍तीके	समुद्रमा	2
क्‍युक्‍शा	समुद्र	2
इम्‍ची	सानो	2
बाल्‍वा	डोरीहरू	2
बाल्‍वा	बलौटे	2
ताता	उभिए	2
टापु	टापुमा	2
१४	चौधौँ	2
ओरग्‍या	पत्ता	2
तिक्‍तीके	लंगरहरू	2
मजशो	तपाईंहरूले	2
दुम्‍त	भएको	2
नेल्‍ल	परमेश्‍वरलाई	2
नकी	थियौँ	2
नां	उज्यालो	2
रागीमी	जमिनमा	2
मजोक्‍बपुकीमी	जाऊन्	2
शी	काठका	2
टापुमी	स्थानीय	2
खुप्‍शा	जम्मा	2
मीम	तापले	2
मोपा	यस्तो	2
सम्‍म	दिन	2
मेक	गर्‍यौँ	2
दोस	पनि	2
मदुम्‍ब	बाध्य	2
मजा	नराम्रो	2
रे	दुवैबाट	2
शेंताक्‍व	गरे	2
नोफा	कानले	2
नोफाम	कानले	2
योव़चा	गरिएका	2
मुर	जन्मनुभएका	2
लोव़	सेवा	2
ख्रीस्‍तमी	ख्रीष्‍टका	2
ब्रेक्‍ताक्‍ङ	पत्र	2
इन	बोलाइएका	2
थमा	सेवा	2
पुंइना	प्रार्थनामा	2
ग्रुम	इच्छा	2
बोल्‍यो	वरदानहरू	2
थुं	प्रोत्साहित	2
मचबु	चाहन्‍नँ	2
यो	हुनेहरूलाई	2
पाप	सबैको	2
दुम्‍तेक्‍म	भए	2
गेना	अविनाशी	2
छेङछेङ	महिमालाई	2
दिचा	अशुद्धताको	2
थमा	सत्यतालाई	2
मुर	सृष्‍टिकर्तालाई	2
यावे	सट्टा	2
आन	सेवा	2
दिचा	अस्वाभाविक	2
मुर	स्वाभाविक	2
थुं	दुष्‍टता	2
रुश	ईर्ष्या	2
मटीमे	अनाज्ञाकारी	2
पतीक	भागीदार	2
बाक्‍तीनी	न्याय	2
पशो	गर्छौ	2
गो	यद्यपि	2
कों	हो	2
गाइश्‍शो	क्रोधको	2
ताइनीम	ग्रिकहरूमाथि	2
लाइनीम	हुनेछन्	2
मदुम्‍नीम	होइनन्	2
मदुम्‍बा	व्यवस्थाका	2
मेको	यद्यपि	2
ब्रेक्‍सीशो	लेखिएका	2
थुंमी	विवेकले	2
आ	यही	2
पाइब	गर्नुहुने	2
अरेशो	गर्वका	2
लाइक्‍नीनी	व्‍यभिचार	2
शेंनीनी	गर्छौ	2
रिम्‍शो	साथ	2
परमप्रभु	उल्‍लङ्घन	2
मेको	स्वाभाविक	2
रांमी	शरीरको	2
दूली	झुटो	2
मुरपुकीमी	पुष्‍टि	2
देंशो	“	2
अर्को	आफ्‍नो	2
मुर	ग्रिकहरू	2
लां	तर्केर	2
गाक्‍नीम	गएका	2
महिंनीम	डर	2
मदुम्‍नीम	कामहरूद्वारा	2
गारब	छ	2
जाक्‍दीन्‍ने	पुग्‍न	2
ठीक	न्यायी	2
रे	आधारमा	2
ला	वास्तवमै	2
दुम्‍पाइक्‍ब	ठहराउनुहुन्छ	2
चाप्‍ब	घमण्ड	2
वा	हुन्थ्यो	2
गेय	गर्छ	2
ग्‍येरसीशो	आशिष्‌‌	2
मुर	घोषणा	2
चिनु	मात्रै	2
थमा	खतनामा	2
सुइश्‍शोमी	अब्राहामले	2
मख्रोइक्‍थु	बेखतनामा	2
मगेशो	प्रतिज्ञा	2
थमा	विश्‍वासीलाई	2
सेल्‍तन	जातिहरूका	2
सेंब	जीवन	2
मबाक्‍शो	अस्तित्वमा	2
लोव़	दृढतासाथ	2
यावे	दिनुहुने	2
बाक्‍चा	सहभागी	2
ग्‍येरनय	रमाउँछौँ	2
बारपाइक्‍ब	गराउँछ	2
पाइश्‍शोपुकी	उत्पन्‍न	2
,	भरोसा	2
सोक्‍त	पवित्र	2
यावेमी	हामीप्रति	2
,	गर्नुहुन्‍छ	2
बाक्‍यानु	मिलाप	2
मब्रेक्‍पाइश्‍शो	नहुँदा	2
खोदेंशो	जस्‍तो	2
आस	अनुग्रहद्वारा	2
नेल्‍ल	दण्डको	2
गेशो	सित्तैँको	2
हुकुम	राज्‍य	2
गेशा	अझ	2
का	जनालाई	2
पाप	आज्ञाकारिताद्वारा	2
ठेयब	बढ्‌यो	2
बाक्‍ब	गरोस्	2
मदुम्‍ब	नहोस्	2
ग्रुंइपांइसाक्‍य	दिइएका	2
बेक्‍शो	मृत्युको	2
दुम्‍तय	हुनेछौँ	2
पाप	सकियोस्	2
बेक्‍तय	मरेका	2
पाप	मृत्युको	2
काले	पल्ट	2
ब्रोंइशो	जिउनुहुन्छ	2
ब्रोंइनय	जीवित	2
मगेने	नदेओ	2
गुइ	शरीरका	2
पुंइसाक्‍नी	छौ	2
वाइली	या	2
वाइली	पुर्‍याउने	2
दुम्‍शा	हौ	2
दुम्‍तीनी	बनाइएको	2
नेल्‍ल	अङ्गहरूलाई	2
पाइब	सेवकको	2
बाक्‍नीनु	हुँदा	2
मरिम्‍शो	पापबाट	2
आं	भाइ	2
सम्‍म	रहँदासम्म	2
नाता	हुन्छे	2
वोंइश	पुरुषसँग	2
रे	मुक्त	2
ख्रीस्‍त	फल	2
काथा	हुन	2
ब्रोंइशा	पारिएका	2
मतुइक्‍तु	जान्‍ने	2
मतुइक्‍तु	थिइनँ	2
पापम	पापले	2
पापम	आज्ञाद्वारा	2
पापम	मौका	2
शुश	हर	2
वा	हुन्छ	2
वाइल	दासत्वमा	2
मदाक्‍शो	चाहँदिनँ	2
पपाइक्‍ती	पाप	2
थुंमी	भित्री	2
दाक्‍शा	आनन्द	2
ग्‍येरसीनुङ	मनाउँछु	2
रांम	अङ्गहरूमा	2
गे	परमेश्‍वरलाई	2
यावे	हामीमा	2
रागी	शरीरअनुसार	2
मिम्‍नीमी	जिउँछन्	2
ग्‍येरपाइक्‍ने	तुल्याउन	2
दुम्‍तेक्‍म	हुन्छ	2
सोक्‍त	छौँ	2
हिंब	डरको	2
मबाक्‍नीनी	छैनौ	2
ननी	हौँ	2
अङस	हामी	2
बाक्‍शा	योग्यका	2
राक्‍ब	वशमा	2
राक्‍ब	इच्छामा	2
पा	क्रन्दनमा	2
ममाल्‍नय	देखिएको	2
मतशो	अझैसम्म	2
पर्बम	तर्फबाट	2
योव़शो	गर्नेहरू	2
जाम्‍तेक्‍म	एकसाथ	2
ग्‍येरसाक्‍म	भलाइको	2
यो	नोटः	2
इं	थोकले	2
।	को	2
चाप्‍बा	को	2
मुल	वर्तमानका	2
दुम्‍तीकेमी	कुराहरूले	2
येसुम	येशूमा	2
जोल	साँचो	2
इसहाक	इसहाकबाट	2
परमप्रभु	प्रतिज्ञाका	2
मतुइक्‍थु	थिएनन्	2
एसाव	एसावलाई	2
दाक्‍ङा	देखाउन	2
पाइ‍नुङ	देखाउँछु	2
प्रोंइचा	करुणा	2
रागी	तँमा	2
दाक्‍ता	गर्नुहुन्छ	2
पुंइसीबमी	आकार	2
सेल्‍बामी	प्रयोगको	2
खप	गरिने	2
कांइचीक	भाँडो	2
दाक्‍शो	निम्ति	2
खतम	विनाशको	2
योव़शो	अर्थात्	2
सुइक्‍नुङमी	थिएनन्	2
ब्रेत्‍नुङ	भन्‍नेछु	2
ङोंइती	जो	2
निक्‍शी	रहेकाहरू	2
ताइनीम	हुनेछन्	2
नेल्‍ल	सेनाहरूका	2
ठीक	धार्मिकतालाई	2
दुम्‍चा	पछि	2
फुल्‍लु	सियोनमा	2
दाइल	चट्टान	2
सुइक्‍बपुकी	सबैको	2
ठीक	धार्मिकताले	2
मलाइनीम	नभन	2
लचा	ल्याउन	2
ममाल्‍ब	)	2
“	मुखले	2
सुइक्‍तीनी	गर्छौ	2
शेंथ	जबसम्म	2
शेंथ	कुराहरूबारे	2
अर्को	तिमीहरूलाई	2
तशा	क्रोधित	2
रुश	तुल्याउनेछु	2
मोशा	कामद्वारा	2
मनेंब	नसकून्	2
दुम्‍मल	होस्	2
दुम्‍शो	मुक्‍ति	2
शाक्‍श	जरालाई	2
राशी	भाँचिएका	2
तेल	जैतूनको	2
मान	मान	2
क्‍योरशा	प्राकृतिक	2
ङोंइती	पतन	2
लेंशा	पुनः	2
ताइश्‍शो	बाँधिनेछन्	2
ठेयब	बुद्धिमानी	2
मरुप्‍ब	कठोर	2
ब्रोंइचा	बचाइनेछन्	2
याकूब	याकूबबाट	2
मारेइ	उहाँकै	2
मिक्‍च	अङ्गहरू	2
गेशो	अनुग्रहअनुसार	2
योव़तु	हो	2
योव़ने	कसैको	2
पचा	सेवाको	2
आन	वरदान	2
होस	होसियारीसाथ	2
दाक्‍मुशा	प्रेमको	2
मपथु	सम्बन्धमा	2
खोदेंशो	होओ	2
पा	निश्‍चयताको	2
जाक्‍ब	अतिथि	2
तुइक्‍ब	बुद्धिमान्‌	2
इन	खराबीको	2
मिम्‍तीन	गर	2
सम्‍म	भए	2
लेत्‍तीक	लिने	2
लेत्‍तीक	लिनेछु	2
गेवो	देऊ	2
मटिशो	विरोध	2
दुम्‍ब	गर्छ	2
सरकार	कामहरूका	2
रे	सेवक	2
थाप्‍तीने	महसुल	2
हिक्‍चा	डर	2
हना	गर्दछ	2
दाक्‍शा	गर	2
मोपा	प्रेमले	2
दुम्‍शो	गरेको	2
या	हातहतियार	2
दिचा	कामवासनामा	2
इन	अभिलाषाहरूका	2
बोल्‍यो	कमजोर	2
मिम्‍तमेनु	पालन	2
ब्‍वामेनु	खान्छ	2
ब्रोंइतय	जिउँछौँ	2
बेक्‍तय	प्रभुकै	2
बेक्‍शा	मर्नुभयो	2
थुं	ठेस	2
जचा	आफैँ	2
ङोंइती	गरिएको	2
दुशा	शान्तिका	2
बारपाइक्‍मुशा	कुराहरूका	2
दुशा	एक-अर्कालाई	2
हना	खान्छ	2
ताइब	ठहरिन्छ	2
बाक्‍य	होस्	2
सेल्‍नीनी	ग्रहण	2
पनीनु	झैँ	2
दाक्‍मुशा	एक-अर्कालाई	2
दुम्‍त	बनाइएको	2
सेल्‍मेक्‍ल	होस्	2
कली	परमेश्‍वरद्वारा	2
शिशी	वरदानको	2
मपुंइसीशोपुकीमी	समाचार	2
स्‍पेन	स्पेन	2
कों	जान्छु	2
मुल	आत्मिक	2
आ	आशिष्‌को	2
ख्रीस्‍तमी	ख्रीष्‍टद्वारा	2
पुनीन	सकूँ	2
नाइक्‍पाइक्‍ब	शान्तिका	2
दिदी	बहिनी	2
पतीने	गर	2
वारच	सहयोगी	2
हेरा	जोखिममा	2
सुइक्‍बपुकीमी	मण्डलीहरूले	2
देल्‍ब	भएको	2
वारच	परिश्रम	2
बाक्‍को	थिइन्	2
दातेमी	प्रेरितहरूमध्ये	2
रिम्‍शो	घरानाकाहरूलाई	2
म‍मामी	आमा	2
नेंमी	चुम्बनले	2
नेल्‍ल	खडा	2
पशा	गर्छन्	2
कोव़ज	पेटको	2
तिमोथीमी	तिमोथी	2
इरास्‍तस	इरास्तस	2
पुंइसीशो	बोलाइएका	2
ख्रीस्‍तमी	येशूबाट	2
ठेयब	धन्यवाद	2
सेल्‍नुङ	दिन्छु	2
सेल्‍तु	बनाउनुभएको	2
गेपुकी	उत्सुकतासाथ	2
सोक्‍तीमी	तिमीहरूमा	2
आपोल्‍लोस	अपोल्लोसको	2
फू	बुद्धिका	2
तुइक्‍ब	बुद्धि	2
कली	नष्‍ट	2
तुइक्‍तीक	बुद्धिले	2
गाक्‍नीम	गर्छन्	2
क्‍येङा	मानिसभन्दा	2
सक्ति	जना	2
तोक्‍चा	पार्नको	2
योव़तीमी	छान्‍नुभयो	2
तोक्‍चा	नगण्य	2
परमप्रभु	पवित्रता	2
गेपुकी	तिमीहरूकहाँ	2
ख्रिंख्रि	कम्पसाथ	2
सक्तिम	शक्‍तिमा	2
पाइनीकी	गर्दछौँ	2
आ	लुकेको	2
ङोंइती	महिमाको	2
मतशो	नदेखेका	2
सोक्‍तीम	गहिरा	2
तुइक्‍नीमी	सक्छ	2
ला	कुराहरू	2
मतशो	पाएका	2
मुरपुकीमी	व्यक्‍तिले	2
नाक्‍ने	जाँच	2
खोदेंशो	बोलेझैँ	2
तुंइताक्‍न्‍नी	मासु	2
जीनीनी	झगडा	2
मदुम्‍नी	जिइरहेका	2
नोले	पछ्याउँछु	2
आपोल्‍लोस	अपोल्लोस	2
शेंथ	सेवकहरू	2
सुइक्‍तीनी	गर्‍यौ	2
ख्रुम्‍ब	रोप्‍ने	2
लुक्‍ब	हाल्ने	2
पपाइश्‍शो	हरेकले	2
दोदेंशो	कामको	2
जग	बनाउँदै	2
शी	काठ	2
दिशो	नाश	2
जोक्‍ब	बुद्धिमान्	2
तुइक्‍तीक	ज्ञान	2
मजाक्‍म	आउनुभन्दा	2
ठेयब	अरू	2
पशोमी	पाएका	2
वोइक्‍तु	राख्‍नुभएको	2
स्‍वर्ग	स्वर्गदूतहरू	2
बाक्‍नीमी	छौँ	2
खेदा	सतावटमा	2
मब्रेक्‍तु	लेखेको	2
रिम्‍शो	सुधार	2
प्रभुम	इच्छा	2
लेश्‍शो	अहङ्कारीहरूको	2
नेंता	पाएका	2
मबाक्‍ती	शरीरमा	2
बोरपाइक्‍ब	खमिरले	2
फस	पिठो	2
ताइक्‍तीने	बन्‍न	2
बाक्‍नीनी	सक	2
नक	सत्यताको	2
काथा	मानिसहरूसँग	2
शिं‍म	लोभीहरू	2
कली	बाहिरकाहरूको	2
कोप्‍शा	अर्को	2
मसुइक्‍ब	विश्‍वासीहरूको	2
मसुइक्‍ब	नगर्ने	2
आइक्‍च	महत्त्वहीन	2
मोदेंशो	त्यस्ता	2
मबाक्‍बा	छैन	2
ओव़चा	उत्तराधिकार	2
दूली	झुटको	2
पाइनीमी	मूर्तिपूजकहरू	2
मताइनीम	हुनेछैनन्	2
परमप्रभु	अर्पण	2
मदुम्‍ब	फाइदाजनक	2
यो	”	2
वाइल	अधीनमा	2
सेंब	पार्नुहुनेछ	2
रां	शरीरहरू	2
तेल्‍लेम	वेश्यासँग	2
प्रभु	प्रभुसित	2
ङोन	अनैतिकतादेखि	2
सोक्‍त	पाएका	2
ग्‍युंबे	यी	2
अधिकारम	अधिकार	2
बाक्‍ने	कारणले	2
आ	वरदान	2
बाक्‍चा	वरदान	2
गेशो	पाएको	2
ला	वशमा	2
एको	बाँकीलाई	2
मप्रोनल	विच्छेद	2
मुर	विश्‍वासी	2
सुइक्‍ब	बचाउन	2
मख्रोंइ‍सीशो	विश्‍वासको	2
बल	बोलावट	2
मारदे	केही	2
मोदेंशोन	अवस्थामा	2
बाक्‍कीन	रहोस्	2
वाइल	दासको	2
ब्रेत्‍ची	कसैलाई	2
दुम्‍तीनी	हो	2
मदुमीन	नबन	2
गो	व्यक्‍तिको	2
मुरुमी	बन्धनमा	2
कली	स्वतन्‍त्र	2
जाक्‍चा	छोटो	2
मग्‍येरसीशो	खुसी	2
खोदेंशो	नभएझैँ	2
तचा	होओ	2
बाक्‍नीम	गर्दछ	2
निक्‍शी	दोहोरो	2
आल	कन्यासँग	2
पचा	उमेर	2
पवल	गरोस्	2
देंबमी	व्यक्‍तिले	2
मेको	व्यक्‍ति	2
चढ़ेशो	बलिदानको	2
सरीङ	आकाशमा	2
प्रभु	निम्ति	2
पतीकेम	जसद्वारा	2
”	भ्रष्‍ट	2
मदुम्‍सीब	हुँदैनौँ	2
मारदे	,	2
चढ़ेशो	खानेकुरा	2
श्‍ये	खान	2
दाक्‍शो	स्वतन्‍त्र	2
आं	अरूको	2
ङा	गर्छ	2
नाली	बालीको	2
जचा	बीचमा	2
तूचा	आत्मिक	2
पाइबपुकीमी	गर्नेले	2
चढ़ेतीकेम	वेदीमा	2
बोरनुङ	गर्व	2
लेत्‍चा	गर्ने	2
मारेइ	गर्नुपर्छ	2
दाक्‍शो	आफूखुसी	2
ताक्‍गु	इनाम	2
शेंथ	सुम्पिएको	2
दुम्‍मल	जित्‍न	2
मपाइब	बाहिर	2
मपाइब	भएकाहरूलाई	2
यो	जित्‍न	2
दुम्‍ती	गरेँ	2
आसीक	सहभागी	2
इनाम	पुरस्कार	2
इनाम	माला	2
गोपुकीमी	,	2
मलाइब	नहुने	2
आंइ	,	2
रागीमी	छरिएका	2
,	कुराहरू	2
दाते	गरेझैँ	2
पामे	नगरौँ	2
।	बस	2
आन	मानिसहरूसित	2
कों	जाँच	2
ङा	आशिष्‌को	2
दुम्‍नय	सहभागिता	2
चढ़ेतीके	वेदीका	2
चढ़ेशो	चढाउँछन्	2
क्‍येङा	उहाँभन्दा	2
मब्‍वाइनीम	विवेकको	2
ग्‍येरपाइक्‍चा	खुसी	2
दुमीन	होओ	2
शेंशो	सिकाएका	2
रुपीन	बुझ	2
चहिं	आफ्नो	2
सेल्‍शो	बनिएकी	2
स्‍वर्ग	अधिकारको	2
गेय	चिह्न	2
तूनीनी	पिउँछौ	2
मरिम्‍शो	दोषी	2
भोज	न्यायमा	2
बाक्‍शा	हुनेछौँ	2
कली	थाहै	2
रल	होस्	2
ङा	शक्‍तिको	2
सोक्‍त	भाषाहरूमा	2
आ	भाषाहरूको	2
ङा	अङ्ग	2
देंत	भन्छ	2
मदुम्‍बा	अङ्गभन्दा	2
?	ठहरिँदैन	2
ला	भइदिएको	2
मारेइ	अङ्गहरू	2
ममाल्‍नुङ	खाँचो	2
बेक्‍चा	दिन्छु	2
शोर	फाइदा	2
गाक्‍शो	हुँदैन	2
शिशी	दयालु	2
दाक्‍तीकेमी	प्रेमले	2
दाक्‍तीकेमी	यो	2
गेनायो	अन्त्य	2
मक्‍याम्‍सीब	हुँदैन	2
लोव़	भाषाहरू	2
लाइब	जानेछ	2
आइक्‍च	थोरै	2
आलम	बालकले	2
पाइबमी	बोल्नेले	2
मपाइब	होइन	2
दाक्‍नुङ	गर्दछु	2
दुम्‍तीक	प्रकाश	2
तुइक्‍तीक	ज्ञानमा	2
तुराही	आवाजमा	2
पाइब	व्यक्‍ति	2
पने	बन	2
पाइबा	बोल्ने	2
शेंचा	सकोस्	2
पाइ‍नुङ	गर्नेछु	2
थुंमी	दिमागले	2
मरिम्‍शो	खराबीको	2
पा	परिपक्‍व	2
मसुइक्‍ब	नगर्नेहरूका	2
बाक्‍ब	गर्नेछ	2
अर्थ	खोल्ने	2
थुं	मण्डलीको	2
पामेक्‍ल	बोलून्	2
पवल	बोलोस्	2
बाक्‍ब	सेवामा	2
शेंसीने	सिक्‍न	2
नाइश्‍शा	विश्‍वासीहरूका	2
बाक्‍मल	रहून्	2
सुइक्‍ब	स्‍त्रीहरू	2
लोव़	त्यसैमा	2
बोल्‍यो	अटल	2
ब्रेक्‍शो	धर्मशास्‍त्रअनुसार	2
यो	माझमा	2
बाक्‍नुङ	छैनँ	2
खेदा	सताएँ	2
मो	व्यर्थमा	2
सेंसीनीम	पारिनेछन्	2
गेब	गरिदिनुहुनेछ	2
दिम्‍शा	अधीनमा	2
खोदेंशो	जङ्गली	2
जोल	नपर	2
मोदेंशो	या	2
मुर	मानवीय	2
खाल	किसिमको	2
रागी	पार्थिव	2
दारस	महिमा	2
सोरुल	ताराहरूको	2
रां	रोपिन्छ	2
खोदेंशो	रूप	2
रुश	मासु	2
मचाप्‍ब	सक्छ	2
फाइक्‍चा	परिवर्तन	2
पुंइसीनय	हुनेछौँ	2
मबेक्‍चा	अमरत्व	2
प्रभु	प्रभुद्वारा	2
थेक्‍शा	स्थिर	2
,	भेटी	2
गे	तिमीहरूसँगै	2
हिउंद	हिउँद	2
बाक्‍चा	बिताउने	2
गारशा	भन्‍नुपर्दा	2
मपङ	भएन	2
शेंना	आग्रह	2
टिने	रहो	2
ग्‍येरसाक्‍यी	हुन्छु	2
अक्‍वीला	अकिलास	2
मुम्‍मुशा	पवित्र	2
रमल	होस्	2
मिश	त्यसरी	2
नाइक्‍पाइक्‍चा	हुन्छ	2
पुंइसीनीनी	हुँदा	2
थुं	सान्त्वनाले	2
बाक्‍तक	सकौँ	2
यावेमी	हामीलाई	2
बेक्‍चा	घातक	2
श्‍येत	प्रार्थनाद्वारा	2
पा	आउने	2
रुप्‍चा	बुझ्न	2
बोरपाइक्‍ने	कारण	2
पाता	चाहन्थेँ	2
सिल्‍वानस	सिलास	2
इन	तिमीहरूमाझ	2
खाप्‍तु	हो	2
बैना	बैनाको	2
मिम्‍ताक्‍ङ	निर्णय	2
गेता	तुल्याएँ	2
दे	निश्‍चित	2
दुम्‍ती	थिएँ	2
मटीनीनी	सकूँ	2
तीतस	तीतसलाई	2
लाइब	भइरहेकाहरूका	2
आ	शुद्ध	2
पा	आफ्नो	2
इन	पत्र	2
फुल्‍लु	जीवित	2
थुंमी	पाटीमा	2
गो	हामीबाट	2
ब्रेक्‍शो	मोशाको	2
छेङछेङ	सिधै	2
नेल्‍ल	पारिएको	2
कबल	कुराको	2
मुल	आज	2
पाप	स्वतन्‍त्रता	2
पतीक	त्यागेका	2
छिङछिङ	अन्धकारबाट	2
जाम्‍शा	ज्ञानको	2
खप	माटाका	2
पुंइसाक्‍क	छौँ	2
जशो	शरीरमा	2
पा	गर्दछ	2
ब्रेक्‍शो	लेखिएजस्तै	2
सेल्‍नीम	वृद्धि	2
मतशो	नदेखिने	2
लाइनीम	हुन्छन्	2
सेल्‍शो	बनाएको	2
ङा	पालमा	2
वोइश्‍शो	गर्नुहुने	2
पाइश्‍शो	सधैँ	2
बाक्‍नीकी	रहन्छौँ	2
दुम्‍शा	रहेर	2
मारेइ	भन्दा	2
बाक्‍तक	मन	2
दाक्‍ब	प्रेमले	2
लत	गएका	2
गारपाइक्‍तु	मिलापमा	2
गारपाइक्‍तीक	मिलापको	2
मुर	प्रेममा	2
सक्तिमी	शक्‍तिमा	2
“	ठगाहा	2
हना	तथापि	2
गोपुकीमी	हामीबाट	2
दाक्‍चा	नियन्‍त्रित	2
दोपा	सहभागिता	2
दोपा	सम्झौता	2
तमी	छोरीहरू	2
नेल्‍ल	कुराहरूबाट	2
मपक	छैनौँ	2
माल्‍तक	थियौँ	2
तीतसमी	तीतसले	2
ग्‍येरसाक्‍यी	भएँ	2
मली	मात्र	2
गेपुकीम	तिमीहरूले	2
थुं	नोक्सानी	2
थुं	शोकले	2
हिंशा	डर	2
गे	आफैँलाई	2
ग्‍येरसाक्‍क	मिलेको	2
टिशो	आज्ञाकारिता	2
श्‍येत	कष्‍टको	2
आन	आफैँलाई	2
कली	प्रतिको	2
दाक्‍तीकेमी	प्रेममा	2
शुश	आवश्यकताहरू	2
देंशा	छः	2
खुप्‍तमे	हुनेसँग	2
गोपुकीमी	हाम्रो	2
गोपुकी	उत्कट	2
रिम्‍शो	आदरणीय	2
नु	साझेदार	2
मारदे	नत्रता	2
थोव़क	उपलब्ध	2
हाइश्‍शा	उदारसँग	2
गेशो	सक	2
बाक्‍नीनी	चढाउने	2
बाक्‍ब	स्वीकार	2
बाक्‍नीनी	तुल्याउनेछौ	2
ग्‍येरपाइक्‍ब	महिमित	2
देंने	नसकिने	2
गे	महिमा	2
रिम्‍शो	विनम्रतामा	2
पाइनुङ	हुन्छु	2
लोव़	साहसी	2
मुर	आफैँलाई	2
ममाइ	नभई	2
ममाइ	हुनेछैन	2
चिठी	पत्रहरू	2
पने	योग्यका	2
जोक्‍तीक	अर्कासँग	2
बाक्‍नीम	गर्दछन्	2
मजाक्‍म	थियौँ	2
मुर	अरूको	2
शेंब	सिफारिस	2
बुस्‍सुमी	सर्पले	2
हेंथे	डर	2
नें‍पाइक्‍ब	गर्‍यौ	2
मेको	विचार	2
पतीकेमी	किसिमले	2
कोंइताक्‍क	थाहा	2
मिम्‍नीनी	सुसमाचार	2
ग्रुम्‍तीके	मण्डलीबाट	2
मिम्‍शा	गर्व	2
सम्‍म	गरिरहेको	2
जोल	छली	2
मेकोपुकी	त्यसका	2
रिम्‍शो	सेवकहरूले	2
हिंना	खतरामा	2
सुइक्‍ब	बोझ	2
बोरपा	गर्नैपर्छ	2
बोरपाइक्‍नुङ	गर्छु	2
तुइक्‍ब	ढाँटेको	2
शोर	लाभ	2
मेको	ख्रीष्‍टमा	2
मबाक्‍म	शरीरविनै	2
मबाक्‍म	परमेश्‍वरलाई	2
ग्राइश्‍शो	मूर्ख	2
चू	काँढो	2
चिन्‍ड	प्रदर्शन	2
मताक्‍नुङ	चाहन्‍नँ	2
शोंप	बचत	2
आफोमी	बाबुले	2
रिम्‍शो	प्राणको	2
पा	छलद्वारा	2
ग्रुम्‍यानु	चाहेजस्तै	2
कों	डराउँछु	2
ग्रांग्रा	अपवित्रता	2
सुर्ता	शोक	2
गेचा	गर्नेहरू	2
पुंइसाक्‍व	हुनुभयो	2
दुम्‍चा	भन्‍ने	2
परमप्रभु	होओ	2
दुमीने	;	2
प्रभु	हाम्रा	2
,	देख्दा	2
।	पार्न	2
ग्‍येरपाइक्‍ब	सुसमाचारलाई	2
नुपाइक्‍चा	खोजिरहेको	2
यावे	खुसी	2
मुर	मानिसहरूबाट	2
मेना	कि	2
आंइ	मेरा	2
किकी	पुर्खाहरूका	2
मुर	रगतको	2
यो	सल्लाह	2
शेंथ	सुसमाचार	2
बाक्‍ब	काम	2
“	अनुग्रहलाई	2
पशो	गलत	2
पचा	कामको	2
पतीके	सट्टा	2
ख्रीस्‍त	सट्टा	2
सुइक्‍तीके	आफैँलाई	2
पाप	धार्मिकता	2
थोक्‍शा	टाँगिनुभएको	2
तनी	हौ	2
कोंइताक्‍व	गर्नुहुन्छ	2
राइनीम	हुन्छन्	2
बाक्‍नीम	जिउनेछ	2
रे	सकोस्	2
क्‍याम्‍ने	पटक	2
क्‍याम्‍ने	रद्द	2
युइ	सन्तानलाई	2
नोले	आएको	2
हक	उत्तराधिकार	2
गेशो	प्रतिज्ञाद्वारा	2
गेचा	दिन	2
आन	बचाउने	2
थमा	प्रतिज्ञालाई	2
दुम्‍त	बन्यो	2
तमी	पुत्रहरू	2
होव़प	कमारा	2
मीश	न	2
तौ	उत्तराधिकारी	2
तौ	गर्नुभयो	2
कों	मेहनत	2
रोइ	शारीरिक	2
आ	पहिलो	2
मपाइय्‍यीनी	गरेनौ	2
दुम्‍तीनी	थियौ	2
बाक्‍नुङ	परेको	2
रिती	व्यवस्थाको	2
इं	हाम्री	2
खेदा	सतायो	2
तौ	स्‍त्रीको	2
चच	स्‍त्रीका	2
युइ	छोराछोरीहरू	2
मनय	होइनौँ	2
थिती	स्वतन्‍त्रताको	2
ङोन	गरिएका	2
दाक्‍मुशा	प्रेमद्वारा	2
पा	गर्छौ	2
पने	हिँड	2
दाक्‍स	अभिलाषाहरूलाई	2
मिम्‍शो	शरीरका	2
मगारब	हुन्छन्	2
दुक्‍शा	पियक्‍कडपन	2
थुं	फलचाहिँ	2
दला	दुष्‍ट	2
बाक्‍नीमी	हुन्छन्	2
मगाइक्‍मुय	एक	2
गेय	भार	2
लाइनीम	बिउ	2
लाइनीम	छर्दछ	2
जाम्‍शा	विनाशको	2
पय	गरौँ	2
आन	परिवारको	2
शीम	क्रुसको	2
।	नपरोस्	2
चिनु	भएकाहरूले	2
बाक्‍ब	धारण	2
दाक्‍ब	सकौँ	2
पर्बम	प्रिय	2
मिनु	ख्रीष्‍टमा	2
ख्रीस्‍तमी	सहितको	2
पर्बम	प्रेमको	2
नेंता	सम्बन्धमा	2
ब्रेश्‍शो	बोलावटको	2
बाक्‍बा	होऊन्	2
रुप्‍तीक	जान्‍न	2
सेंशा	बसाल्नुभएको	2
ख्रीस्‍त	मण्डलीमा	2
खाप्‍शो	पूरा	2
दाक्‍तय	खराब	2
मेकोन	अनुसार	2
शिशी	महान्	2
गेशो	उपहार	2
इं	योजना	2
पतीकेमी	सृजना	2
मतुइक्‍ब	गैरयहूदीहरू	2
मेना	समयमा	2
ङोन	परदेशी	2
बाक्‍तीनी	थिएन	2
हुशेम	रगतद्वारा	2
गारो	पर्खालहरू	2
ङा	सदस्यहरू	2
आ	कार्यको	2
का	सँगी	2
रे	पुस्तौँसम्म	2
यावे	विवेकको	2
बाक्‍ब	वास	2
खोदेंशो	जग	2
सुइक्‍बपुकीमी	प्रेममा	2
ग्‍याइक्‍चा	कैदी	2
अरेनुङ	बोलावटमा	2
अरेनुङ	गर्दछु	2
दाक्‍मुने	प्रेममा	2
ख्रीस्‍तम	ख्रीष्‍टले	2
बारपाइक्‍चा	कार्यको	2
दुम्‍नय	गर्नुहुन्छ	2
मदुम्‍नय	जरूरी	2
दुम्‍नय	हुनेछौँ	2
मिम्‍शा	दिन्छुः	2
मेकोपुकी	तिनीहरूमा	2
रिम्‍शो	शर्म	2
दुम्‍शा	अशुद्ध	2
दला	कामुकता	2
ताइक्‍तीने	त्याग्‍नुपर्छ	2
पतीकेमी	पवित्रतामा	2
सैतान	दुष्‍टलाई	2
माल्‍ब	गरोस्	2
वारच	उपयोगी	2
ओल	तिम्रो	2
लोव़	मुखबाट	2
पने	पूरा	2
चुरचा	क्रोध	2
गाइक्‍चा	रिस	2
माफ	कृपालु	2
गेमुने	देओ	2
मोदेंशो	अनुकरण	2
परमप्रभु	विश्‍वासीहरूका	2
दुम्‍शा	उपयुक्त	2
इन	जुनचाहिँ	2
गाइक्‍ब	क्रोध	2
बाक्‍कीन	हिँड	2
लोव़	गरिएका	2
मुने	लाजमर्दो	2
पा	हिँड्छौ	2
मतुइक्‍ब	मूर्ख	2
कुम्‍सो	गीतहरू	2
टिशो	अधीनमा	2
रे	पानीले	2
मरोम्‍सीशो	नभएको	2
माल्‍नीमी	गर्नुपर्छ	2
दुम्‍तीके	यसैकारणले	2
बर्स	समय	2
आफपुकी	रिस	2
होव़प	मालिकहरूसँग	2
टिने	आज्ञाकारी	2
टिशो	आज्ञाकारी	2
गेय	मात्रै	2
माल्‍नीनी	इनाम	2
सक्ति	शक्तिमा	2
लतीन	धारण	2
मरिम्‍शो	धूर्त	2
बाक्‍कीन	गरेपछि	2
पीतल	टोप	2
ख्रुइश्‍शो	सत्यतालाई	2
तिखीकसमी	तुखिकसले	2
सोइक्‍ताक्‍ङ	जान्‍न	2
तुइक्‍पाइक्‍चा	सक	2
बारपाइक्‍चा	सकून्	2
इन	भाइहरूलाई	2
सुइक्‍ब	गरिएकाहरू	2
मिम्‍शा	प्रार्थनामा	2
लोव़	समर्थन	2
तुइक्‍ब	हुनुहुन्छ	2
में	गर्छु	2
लोव़	अगाडि	2
जेल्‍खानम	साङ्लाहरूका	2
मिम्‍नीम	गर्छन्	2
हना	होस्	2
मुने	विश्‍वस्त	2
ब्रोंइती	शरीरमा	2
गेय	परिश्रमबाट	2
चिनु	चिह्न	2
ब्रोंइतीक	मुक्‍तिको	2
मिम्‍तीन	ठान	2
दाक्‍शो	आवश्यकताहरूमा	2
क्‍याइश्‍शा	क्रुसको	2
क्‍येङा	नाउँभन्दा	2
थेक्‍चा	घुँडाहरू	2
टीतीनी	गरेका	2
यो	मुक्‍तिको	2
गेय	सेवामा	2
ग्रुम्‍थ	छिट्टै	2
दाक्‍शो	इच्छाको	2
ला	खोजी	2
जाक्‍शो	पठाउँदै	2
पतीकेमी	शरीरमा	2
दुम्‍तीके	मसँग	2
पाइनुङ	जोड	2
मारदे	कि	2
गे	धन्यवादसाथ	2
दाक्‍चा	आदरणीय	2
शुश	अत्यन्तै	2
दुम्‍त	परिस्थितिहरूमा	2
प्रुङग	गरिबी	2
शेंसाक्‍यी	हुनु	2
यो	सहभागी	2
शेंशो	सुसमाचारको	2
थिस्‍सलोनिकी	थेसलोनिकेमा	2
गो	हिसाबमा	2
बाक्‍ल	आमेन	2
गो	पावल	2
दाक्‍नीनी	प्रेमको	2
रिम्‍शो	रहेको	2
मेकोन	अर्थात्	2
लोव़	विश्‍वसनीय	2
मुर	चालमा	2
बारना	ज्ञानमा	2
सक्ति	धैर्यमा	2
तने	अदृश्य	2
सेल्‍शो	उहाँद्वारा	2
अधिकार	अधिकारहरू	2
सक्ति	पूर्णता	2
गारपाइक्‍तु	पुनर्मिलापमा	2
दुम्‍शा	थियौ	2
थुंमी	मनमा	2
पना	कामहरूमा	2
खोइल	बलियो	2
आ	वचनलाई	2
ख्रुइश्‍शो	रहस्य	2
रुप्‍तीके	ज्ञान	2
बाक्‍नीनी	थियौ	2
वांकु	छायाँ	2
देंनीमी	कुराहरूमा	2
आन	शारीरिक	2
बेक्‍तीनी	मरेका	2
निश्‍शो	बस्‍नुभएको	2
थुं	जीवन	2
हिनीन	मान	2
ममाइ	गरेजस्तो	2
गेय	आत्मादेखि	2
रे	उत्तराधिकारको	2
ठीक	सही	2
पचा	जागा	2
आंइ	ढोका	2
शेंतीके	वचनको	2
तुइश्‍‍शा	बुद्धिमानीपूर्वक	2
नु	सङ्गी	2
इपाफ्रासमी	इपाफ्रासले	2
लूका	लूका	2
डेमासमी	डेमासले	2
ग्रुम्‍तीकेमी	बिचमा	2
गेय	सेवा-कार्य	2
पावो	ध्यान	2
थिस्‍सलोनिकी	थेसलोनिकीहरूको	2
सुइक्‍तीके	सम्झना	2
लोक्‍बपुकी	बोलावट	2
हना	भयौ	2
गाइक्‍चा	क्रोधबाट	2
प्रोंइब	दिनुहुन्छ	2
ग्रुम्‍चा	आगमन	2
रे	कुराबाट	2
मशेंदक	न	2
आंइ	हामीहरूलाई	2
लोव़	पार्नलाई	2
मेको	लोभको	2
शेंचा	बाँड्न	2
आफ	बुबाले	2
पाप	परीक्षा	2
इन	कहाँबाट	2
दाक्‍चा	प्रेममा	2
अरेतीक	दिन्छौँ	2
आंइ	हामीबाट	2
कली	अर्ती	2
मबाक्‍ब	नहुने	2
मेको	वचनले	2
ताकी	लगाऔँ	2
यावे	क्रोधको	2
सेल्‍तु	चुन्‍नुभयो	2
मो	जागा	2
ताइनय	सकौँ	2
बाक्‍तीनी	गर	2
दे	हुनलाई	2
अरेपने	उत्साह	2
मपाइब	धैर्यवान्	2
मार	कुरामा	2
ङोन	त्याग	2
सेलल	पारून्	2
ब्रेप्‍ब	बोलाउनुहुने	2
”	दिनुपर्छ	2
बारना	प्रशस्त	2
थेक्‍शा	धैर्य	2
सुइक्‍ब	मण्डलीहरूका	2
ब्रशो	बलिरहेको	2
आंइ	त्यो	2
ताइ‍नीनी	महिमित	2
जाक्‍त	होस्	2
देंखु	न	2
मानेचा	आफैलाई	2
ग्रूचा	प्रकट	2
पाइब	हुनेछ	2
ब्रेत्‍ताक्‍व	बोलाउनुभयो	2
मप्रोनीन	पक्रिराख	2
बारपाइश्‍शा	सान्त्वना	2
इन	प्रभु	2
नाक्‍दो	रातदिन	2
गोपुकीमी	आज्ञा	2
गोपुकीमी	यस्ताहरूलाई	2
अरेनीकी	गरून्	2
दाक्‍चा	अनुग्रह	2
गे	कृपा	2
सहरम	एफिससमा	2
मेको	यसबाट	2
मरिम्‍शो	विद्रोही	2
मसुइक्‍ब	गरेको	2
लोव़	सन्‍देश	2
मरिम्‍शो	पापीहरूलाई	2
आमेन	आमिन	2
हीमेनेयस	हुमेनियस	2
का	एकमात्र	2
वामी	वस्‍त्र	2
टीब	आज्ञापालन	2
थमा	तसर्थ	2
ङोंइती	संयमी	2
बास	सत्कार	2
बाक्‍चा	लोभ	2
मुर	व्यवस्थापन	2
बोरशा	घमण्डी	2
सैतान	दुष्‍टको	2
ग्‍याइलीम	पासोमा	2
सुइक्‍ब	डिकनहरू	2
शांबु	मद्य	2
दुम्‍चा	राख्‍नु	2
मेकोपुकी	सत्यताको	2
ङा	हेतुले	2
बाक्‍को	देऊ	2
पतीके	तालिम	2
रिम्‍शो	उपयोगी	2
नेंपाइक्‍ना	दिने	2
बाक्‍को	राख	2
रिम्‍शो	शिक्षालाई	2
मिम्‍तो	सम्‍झाऊ	2
वोंइश	विधवाको	2
वोंइश	वास्तविक	2
दाक्‍स	जिउने	2
खोदेंशो	जस्‍तै	2
ला	सूचीमा	2
दला	अभिलाषाको	2
पाइनीम	भन्छन्	2
खेयप	दोब्बर	2
लोव़मी	पवित्रशास्‍त्र	2
ङोन	पवित्र	2
पशो	स्पष्‍ट	2
लोव़	शब्दहरूको	2
सुइक्‍चा	भक्ति	2
मताम	नत	2
क्‍येङा	अनन्त	2
लेश्‍शो	संसारका	2
लेश्‍शो	नगर्न	2
ङोंइती	प्रतिज्ञाअनुसार	2
यो	शुद्ध	2
शेंतीके	हामीभित्र	2
ओनेसीफरस	ओनेसिफरसको	2
पवल	प्रदान	2
शुश	किसिमको	2
आन	गवाहीको	2
,	मसँग	2
फलो	भोग	2
बाली	किसानले	2
देंशो	विचार	2
रुप्‍तीक	समझशक्‍ति	2
पाइनय	गर्नेछौँ	2
मप्रोंइब	विश्‍वासयोग्य	2
तुइक्‍ब	चिन्‍नुहुन्छ	2
शी	भाँडा	2
बोस	भाँडो	2
तुइक्‍नेवे	जानेर	2
माल्‍नेवे	आउनेछ	2
सिल्‍चा	पथभ्रष्‍ट	2
शेंसे	सिकेका	2
तुइश्‍शो	जानेका	2
ब्रोंइशो	मरेकाहरूको	2
‘	शिक्षाद्वारा	2
थमा	सत्यताबाट	2
कथा	दन्त्य	2
गेय	सचेत	2
तिखीकस	तुखिकसलाई	2
गुप्‍स	सिंहको	2
श्‍येत	कामबाट	2
पय	होस्	2
बाक्‍को	पठाएका	2
लील	आमेन	2
परमप्रभु	परमेश्‍वरद्वारा	2
दे	प्रतिज्ञा	2
माल्‍ब	आवश्‍यक	2
मतुइक्‍ब	चिनेको	2
पतीकेमी	कामले	2
शेंचा	आह्वान	2
शिशी	प्रतिक्षा	2
मगारचा	अधार्मिकता	2
पचा	मन	2
लोव़	चेतावनी	2
रे	गराउने	2
गो	भाइ	2
दाक्‍शा	प्रेमको	2
लोक्‍ब	गर्छु	2
तुइश्‍शा	निश्‍चयतासाथ	2
नु	सहकर्मीहरू	2
मान	सिंहासनको	2
लीब	रहिरहने	2
दन्‍‍ड	राजदण्ड	2
पाइब	अधीनमा	2
कामी	दिएको	2
गेय	आदरको	2
जशा	भोग्‍नुभयो	2
खिंमी	घरानामा	2
मप्रोंइतय	निश्‍चयतासाथ	2
सोक्‍तीमी	भन्‍नुहुन्छ	2
लोव़	सोर	2
चुरशा	क्रोधमा	2
नाइक्‍चा	पाउनेछैनन्	2
मनमी	होइन	2
मबाक्‍बा	होइनन्	2
ओव़चा	नपरोस्	2
नेंपाइश्‍शो	सुनेको	2
जाता	खाएँ	2
मगेनुङमी	गर्नेछैनन्	2
मेको	जसलाई	2
इं	हामीजस्तै	2
पाप	पापहरूका	2
दुम्‍ते	हौ	2
टीब	आज्ञाकारी	2
खाल	दर्जाबमोजिम	2
खमे	खँदिलो	2
दूध	दूधको	2
पचा	जग	2
तशा	चाखेका	2
थमा	अधर्मी	2
आस	निश्‍चयतालाई	2
खाल	दर्जाअनुसार	2
मेल्‍कीसेदेक	मल्कीसेदेक	2
सालेम	शालेमका	2
पिप	लडाइँ	2
ग्राशा	जितेर	2
मेल्‍कीसेदेकमी	मल्कीसेदेकले	2
भागमी	कुराको	2
गेना	सदाकालका	2
गेशो	प्रतिज्ञाहरू	2
तन्‍न	अर्कोतिर	2
१०	सन्दर्भमा	2
हारून	हारूनको	2
फांइसाक्‍व	परिवर्तन	2
थर	कुलबाट	2
खोदेंशो	स्वरूपमा	2
पुंइसाक्‍व	छ	2
बाक्‍ब	हुनुभयो	2
पर्बम	बिषयमा	2
चाप्‍नय	सक्छौँ	2
चढ़ेबपुकी	एकातिर	2
गेना	सदाकाल	2
पुंइसीतीके	जसद्वारा	2
गेना	स्थायी	2
पाको	नियुक्त	2
बाक्‍शो	हुनुभएका	2
रागीम	पृथ्‍वीमा	2
ताम्‍बु	नक्‍कल	2
कबल	घरानासँग	2
पशो	पापहरूको	2
नेल्‍ल	हराएर	2
ङा	करारमा	2
धूप	धूपको	2
सेल्‍शो	वेदी	2
पशो	सन्दुक	2
हुश	बलि	2
हुशेमी	रगतले	2
बोका	बोकाहरूको	2
बाक्‍त	छर्के	2
हुश	रगतले	2
माल्‍‍ताक्‍व	बलिदानद्वारा	2
सेल्‍चा	उत्पत्तिदेखि	2
क्‍याम्‍चा	सधैँका	2
लोव़	हुन	2
बर्समी	वर्षैपिच्छे	2
पाको	चढाउने	2
माल्‍बा	थिएन	2
मजाप्‍ब	असम्भव	2
चोशा	प्रसन्‍न	2
पशो	दोस्रो	2
प्रोंइपाइश्‍शा	अभ्यासलाई	2
चढ़ेशोमी	बलिदान	2
खतम	भस्म	2
श्‍येत	अपमानित	2
जशो	सहभागी	2
दुम्‍मा	प्रमाणित	2
कली	हुन	2
अब्राहाम	सारा	2
हिक्‍ने	बालुवासरह	2
इसहाक	इसहाकलाई	2
यावे	हुने	2
महिंथु	डराएनन्	2
क्‍येङा	भोग्‍नुभन्दा	2
राहाब	राहाब	2
राहाब	वेश्याले	2
मान	सत्कार	2
यो	बन्द	2
लडाइ	युद्धमा	2
सेंसीशो	पुनरुत्थानद्वारा	2
साइक्‍चा	मारियो	2
शेंचा	अनुशासन	2
गाक्‍कीन	बनाओ	2
सुइ	होसियार	2
मदुम्‍ल	रहो	2
बस्‍तु	जनावरले	2
आप्‍शा	छोयो	2
आप्‍शा	हान्‍नैपर्छ	2
सियोन	सियोन	2
बाक्‍नीम	आएका	2
हिम्‍सीबपुकी	हल्लाउन	2
मेकोपुकीमी	मान	2
कोव़नीम	गर्दछन्	2
मिनु	जुन	2
बाक्‍नीकी	निश्‍चित	2
ब्रेक्‍शो	छोटकरीमा	2
थाम्‍चा	अनुभव	2
पुनीन	मागोस्	2
थमा	शङ्का	2
लां	अस्थिर	2
लोक्‍ब	भाइले	2
ग्‍येरसेक्‍ल	गर्व	2
ग्‍येरसेक्‍ल	गरोस्	2
शुश	प्रचण्ड	2
दार‍स	फुल	2
मिम्‍तीके	वरदान	2
आ	दिनलाई	2
मपाइबा	व्यक्‍ति	2
सुइक्‍तीके	धर्म	2
दारशो	राम्रा-राम्रा	2
राज्‍य	राजकीय	2
मटीब	दोषी	2
ब्रेक्‍शो	भन्‍नुभयो	2
तेल्‍लेम	व्यभिचार	2
दुम्‍नीनी	गर्छौ	2
मपाप्‍तु	गर्दैन	2
बेक्‍शो	मरेतुल्य	2
मोपा	त्यो	2
यावे	गरे	2
थमा	त्यो	2
गेयमी	कामद्वारा	2
मपाप्‍तु	अलग	2
बेक्‍शो	मर्दछ	2
कली	जीवनको	2
चाप्‍नीम	राखिएको	2
रवामी	बोटले	2
मसिप्‍ब	फलाउँदछ	2
आंम	अभिलाषा	2
रे	सांसारिक	2
गे	त्यो	2
ममाइ	आउँदैन	2
ब्रेम्‍शो	नम्रहरूलाई	2
मो	त्यो	2
मपाइब	गर्नेहरू	2
मीम	नाश	2
खेत्‍ला	खेतालाहरूको	2
खेत्‍ला	ज्याला	2
गेपुकीमी	तिमीहरूको	2
यावेमी	प्रभुको	2
श्‍येत	धैर्य	2
देनीन	को	2
नेंमी	नाममा	2
पुंइशो	प्रार्थना	2
पत्रुस	पत्रुसबाट	2
साइ	अगमवक्ताहरूले	2
गेब	वचनको	2
घांस	घाँस	2
पाइब	भला	2
ताइक्‍ताक्‍म	पत्थर	2
आन	भातृत्वलाई	2
दाक्‍शो	प्रशंसनीय	2
आंम	आ-आफ्ना	2
ममाइ	नगर	2
योव़शो	बोलाइएका	2
पमुने	एक-अर्काको	2
ग्रांग्रा	खराबी	2
सजाइ	भोग्‍नु	2
तुइक्‍नुङ	होओ	2
खोदेंशो	तिमीहरूसँगै	2
तुइक्‍तीकेमी	ज्ञानद्वारा	2
दे	सक्दो	2
गेय	प्रयास	2
साइ	हामीसँग	2
ब्‍वाक्‍कुमी	जल	2
गोमोररा	गमोरा	2
मटीब	विनाशको	2
भाव	स्वाभाविक	2
बालाममी	बालामको	2
पपाइक्‍नीम	पार्छन्	2
ङा	दूषित	2
ग्रांग्रामी	फर्किन्छ	2
सदा	नष्‍ट	2
जाम्‍ब	बितेर	2
तशो	दिइएको	2
मेको	आँखाले	2
देंतय	भन्‍छौँ	2
जोल्‍फे	झुटा	2
साइक्‍चा	प्रायश्‍चित्त	2
दोपा	यसैद्वारा	2
जोल्‍फे	झुटो	2
मबाक्‍ब	त्‍यसमा	2
छेङछेङमी	ज्‍योतिमा	2
देंबा	भन्छ	2
ब्रेक्‍न	लेख्‍छु	2
वोंइश	जवानहरू	2
ग्रातीनी	जितेका	2
तमी	साना	2
बाक्‍ब	हुनुहुनेलाई	2
जाम्‍चशो	घडी	2
दूली	आइसकेका	2
तुइक्‍ताक्‍य	जान्दछौँ	2
गेप्‍तु	अभिषेक	2
ममाइ	इन्‍कार	2
शेंतीके	तिमीहरूमा	2
गोपुकी	हामीमा	2
सुम	जान्दछौ	2
मपाइनीम	जन्मेको	2
सुइक्‍ब	आफ्नो	2
तुइक्‍नय	हामीमा	2
परमप्रभु	यसैद्वारा	2
दाक्‍मुचा	अर्कालाई	2
लीब	हुन्छ	2
आ	हुन	2
दाक्‍न	प्रेममा	2
आन	जित्छ	2
ग्रानीम	विजय	2
ख्रीस्‍त	यही	2
योव़शो	चुनिएकी	2
अरेशो	हिड्नुपर्छ	2
थमा	शिक्षामा	2
माल्‍ती	लेख्‍नु	2
मब्रेक्‍नुङ	लेख्‍ने	2
ब्रेक्‍पाइक्‍तीमी	गर्छन्	2
सुइक्‍तीके	उन्‍नति	2
थमा	मण्डलीको	2
तस	त्यसको	2
रवा	रुखहरू	2
जाक्‍तेक्‍म	आउँदै	2
दाक्‍स	पछ्याउँछन्	2
मुर	गर्नेहरू	2
वाइलीम	सेवकहरूलाई	2
नेंनीमी	सुन्छ	2
दियारी	सामदानहरूका	2
टल्‍केशो	भट्टीमा	2
रेयके	आवाजजस्तै	2
क्‍योरतीक	दुई-धारे	2
तङानु	देखेँ	2
गुइमी	हाततिर	2
बाक्‍ब	यिनै	2
माल्‍नुङ	छः	2
ग्रानीमी	दिनेछु	2
ग्रानीमी	प्राप्‍त	2
खतम	अनैतिक	2
शेंशो	शिक्षालाई	2
सुइक्‍नीमी	दह्रो	2
फाल्‍शो	सहनशिलता	2
फलाम	फलामको	2
बोक्‍कीन	मर्नै	2
यीनुङ	छु	2
सिरपेच	मुकुटलाई	2
यावे	स्वर्गदेखि	2
दीगो	सत्य	2
होश	तातो	2
होश	चिसो	2
गाम्‍चा	न	2
दुम्‍चा	लगाऊ	2
कोंइनन	देखाउनेछु	2
बुश	स्फटिक	2
हीरा	मोती	2
फेक्‍शो	पहिरिएर	2
नित्‍तीक	सिंहासनबाट	2
बुंबु	गर्जनहरू	2
नित्‍तीक	सिंहासनको	2
दिंम	काँचको	2
मिक्‍च	आँखैआँखाले	2
पाइश्‍शो	भरिएका	2
सेस	चौथो	2
फ्रां	पखेटा	2
निप्‍ब	हुनुहुनेको	2
निप्‍ब	अगाडि	2
ओल्‍शो	चर्मपत्रको	2
कागज	मुट्ठो	2
कागज	छापहरूलाई	2
कोव़ने	पढ्न	2
चाप्‍ब	योग्यका	2
पाठा	थुमालाई	2
मेको	हेरेँ	2
स्‍वर्ग	स्वर्गदूतका	2
ओटा	घोप्टो	2
बुंबु	गर्जनको	2
ब्रेश्‍शो	भनेको	2
६	दोस्रो	2
शारा	ती	2
लीशो	तेस्रो	2
शारा	घोडालाई	2
माना	ज्यालामा	2
फस	किलो	2
४	चौथो	2
हौ	पहेँलो	2
लीशो	पाँचौ	2
लीशो	छैटौँ	2
बिग्रेचा	हानि	2
छाप	मोहोर	2
मबिग्रेने	हानि	2
थोक्‍चा	लगाइएका	2
जात	कुल	2
निप्‍बमी	हुनुहुनेले	2
का	दिइयो	2
मेकोमी	सिंहासन	2
चढ़ेतीके	वेदीबाट	2
कुत	गयो	2
ङा	स्वर्गदूतले	2
ताप्‍तु	फालियो	2
ब्‍वांइ‍सीशो	तिन	2
मुप्‍स	भागको	2
ब्‍वांइ‍सीशो	डढायो	2
सांचो	साँचो	2
श्‍येत	हानि	2
नेंता	दिइयो	2
बाक्‍तेक्‍म	देखिन्थे	2
फेक्‍तीके	छाती-पाता	2
अब्‍बादोन	थियो	2
शारा	घोडामा	2
करोड	सङ्ख्या	2
बुस्‍स	सर्पको	2
पिया	चोट	2
कांसा	काँसा	2
प्राक्‍शो	खोलिएको	2
स्‍वर्ग	सातौँ	2
शोव़मी	मुखमा	2
शोव़मी	महजस्तै	2
खुदो	गुलियो	2
शुश	भाषाहरू	2
खिं	मन्दिरदेखि	2
४२	बयालिस	2
चाप्‍नीस	समयमा	2
चाप्‍नीस	अधिकार	2
चाप्‍नीस	सक्‍ने	2
राम्‍शी	युद्ध	2
नाक्‍त	साँढे	2
गोस्‍सुमी	बादलमाथि	2
गेची	नाश	2
दोदेंब	देखियोः	2
राप्‍शा	उभियो	2
दियाबलस	दुष्‍ट	2
बाक्‍त	भनिन्थ्यो	2
तोक्‍चा	फ्याँकियो	2
मेको	पृथ्वीले	2
पाप्‍तु	गर्‍यो	2
बुस्‍स	अजिङ्गरले	2
गार	घाउ	2
मब्रेक्‍शो	लेखिएका	2
मब्रेक्‍शो	छैनन्	2
माल्‍नीम	बोलावट	2
गोप्‍तु	अनुमति	2
लाख	४४	2
४४	०००	2
सेंदामी	सोरसँग	2
ङा	मद्य	2
ब्रेक्‍तो	लेखः	2
गोस्‍स	बादलमाथि	2
मीशो	हँसिया	2
कली	बोलाउनुभयो	2
फल	पृथ्‍वीका	2
कोल	दाखको	2
पतीके	कार्यहरू	2
यावे	सुनेँ	2
सराप	निन्दा	2
गेप्‍तु	पश्‍चात्ताप	2
बुंबु	डरलाग्दो	2
बेबीलोन	बेबिलोन	2
तशा	मद्यले	2
कुरबपुकी	मकहाँ	2
ब्‍वाक्‍कु	पानीमाथि	2
तार	बसेकी	2
बाक्‍शा	बोकेर	2
लाइक्‍ती	लगे	2
पांइशो	सिँगारिएकी	2
योव़शो	विश्‍वासीहरूको	2
ङोंइती	अस्तित्वमा	2
मपाइश्‍शो	अगाध	2
का	समयका	2
बाक्‍ब	गर्नेछन्	2
तेल्‍लेम	छे	2
यिशो	झरिरहेको	2
मेको	पृथ्‍वीका	2
शोंप	राजाहरूले	2
आबी	भन्‍नेछन्	2
सहर	बेबिलोन	2
कामी	घडीमा	2
मनेंसीब	सुनिनेछैन	2
लेंशा	तँमा	2
सुती	मलमलको	2
खोइलीमी	घोप्टो	2
बाप्‍ती	परेँ	2
तुइक्‍पाइश्‍शो	अगमवाणीका	2
पूजा	आराधना	2
हुम्‍चा	अग्‍नि-कुण्डमा	2
हुम्‍चा	कुण्डमा	2
प्राक्‍शो	पुस्तक	2
बाक्‍मानु	मृतकहरूको	2
यिन	झरिरहेको	2
नित्‍तीके	सिंहासनबाट	2
फिक्‍ब	हुनेछैन	2
कोंइताक्‍यी	देखाए	2
सिसा	सफा	2
मब्‍वाइश्‍शो	काँचजस्तै	2
कली	त्यसमाथि	2
सहरमी	त्यसभित्र	2
बाक्‍मल	गरिरहोस्	2
पाइनीमी	गर्नेहरू	2
किकी	वंशावलीको	1
पिपी	पुस्तक	1
इसहाक	दाजुभाइहरूका	1
तामार	तामारद्वारा	1
हेस्रोन	जाहेरका	1
हेस्रोन	हेस्रोनका	1
पेरेसमी	हेस्रोन	1
हेस्रोन	आरामका	1
साल्‍मोनमी	सल्मोन	1
राहाब	राहाबद्वारा	1
बोआजमी	रूथद्वारा	1
रूथ	ओबेद	1
पिप	यिशै	1
सोलोमन	राजाका	1
उरीयाह	उरियाहकी	1
सोलोमन	सोलोमनका	1
सोलोमनमी	सोलोमन	1
रेहोबाम	रहबामका	1
रेहोबाममी	रहबाम	1
रेहोबाम	अबियाका	1
रेहोबाममी	अबिया	1
अबीयाह	आसाका	1
येहो-शाफातमी	आसा	1
योराम	यहोशापातका	1
येहो-शाफातमी	यहोशापात	1
योराम	यहोरामका	1
योराममी	यहोराम	1
उज्‍जीयाह	उज्जियाहका	1
उज्‍जीयाहमी	उज्जियाह	1
उज्‍जीयाहमी	योतामका	1
योथाममी	योताम	1
आहाज	आहाजका	1
योथाममी	आहाज	1
आहाज	हिजकियाका	1
हिज्कीयाहमी	हिजकिया	1
मनस्‍से	मनश्‍शेका	1
मनस्‍सेमी	मनश्‍शे	1
आमोन	अमोनका	1
थि‍माक्‍त	,	1
मनस्‍सेमी	अमोन	1
आमोन	योशियाहका	1
येकोन्‍याह	निर्वासनको	1
योसीयाहमी	योशियाह	1
येकोन्‍याह	यकोनियास	1
बेबीलोन	पिता	1
चाक्‍दीत्‍मे	निर्वासनपछि	1
शाल्‍तीएलमी	यकोनियास	1
जेरूब-बाबेल	पूर्वज	1
जेरूब-बाबेलमी	यरुबाबेल	1
अबीउद	अबिउदका	1
अबीउदमी	अबिउद	1
अबीउदमी	एल्याकीम	1
एल्‍याकीम	आजोरका	1
सादोकमी	आजोर	1
अकीम	सादोकका	1
अकीममी	सादोक	1
एलीउद	आखिमका	1
अकीममी	आखिम	1
एलीउद	एलिउदका	1
एलाजरमी	एलिउद	1
मात्‍थान	एलाजारका	1
एलाजरमी	एलाजार	1
मात्‍थान	मत्तानका	1
मात्‍थानमी	मत्तान	1
थि‍माक्‍त	मरियमका	1
योसेफ	जसबाट	1
मरीयम	जन्मनुभयो	1
दाऊद	अब्राहामदेखि	1
चाक्‍दीत्‍‍ची	दाऊदसम्म	1
पाला	पुस्ता	1
पाला	दाऊददेखि	1
जरमेसेनु	निर्वासनसम्म	1
चाक्‍दीश्‍शो	निर्वासनदेखि	1
जरमेसेनु	ख्रीष्‍टसम्म	1
जरमेचा	जन्म	1
योसेफमी	योसेफसँग	1
कुरशो	भएको	1
खिं	उनीहरूको	1
लाइक्‍चा	सहवास	1
मरीयम	तिनी	1
आल	आत्माद्वारा	1
प्रोंइचा	पार्न	1
दुम्‍ती	चाहेनन्	1
मतोक्‍चा	तिनीसँगको	1
मिम्‍शो	मगनीलाई	1
बाक्‍माक्‍त	रद्द	1
तवानु	परमप्रभुका	1
ङोमु	देखा	1
ममिम्‍तो	आफ्नी	1
लाइश्‍शा	स्वीकार्न	1
के	गर्भधारण	1
मेको	एक	1
कली	जन्माउनेछिन्	1
कुरशा	हुनेछिन्	1
इम्‍मानुएल	इम्मानुएल	1
इम्‍मानुएल	जसको	1
बोक्‍शा	ब्युँझे	1
टिशा	गरेअनुसार	1
लदा	स्वीकारे	1
थि‍माक्‍त	जन्म	1
मइप्‍थु	नदिएसम्म	1
मइप्‍थु	सम्बन्ध	1
थि‍माक्‍त	राखेनन्	1
मेना	यहूदियाको	1
मेकेर	बेथलेहेममा	1
जरमेसेनु	जन्म	1
जाक्‍मा	भन्‍न	1
यरूसलेममी	भई	1
जाक्‍शा	जन्मनुभएका	1
पूर्ब	पूर्वमा	1
यरूसलेममी	उनीसँगै	1
दुम्‍मा	बेचैन	1
जरमेसीबा	जन्मने	1
सहरमी	अगमवक्‍ताद्वारा	1
सहर	शासकहरूभन्दा	1
नेल्‍ल	तँ	1
मनवे	छैनस्	1
सासन	तँबाट	1
बेथलेहेममी	आउनुहुनेछ	1
बेथलेहेममी	हेरचाह	1
जरमेसीब	गर्नुहुनेछ	1
दाप्‍तीके	समयमा	1
रुबा	सोध्‍न	1
गेना	बोलाए	1
बेथलेहेम	बेथलेहेम	1
मेकेर	राम्रोसँग	1
थिश्‍शा	भेट्टाउनेछौ	1
नां	राजाले	1
दाप्‍तीकेमी	सुनेपछि	1
कोंइना	पूर्वमा	1
सोरुलमी	तारा	1
बाक्‍तीके	आइपुग्दा	1
ख्रा	ठाउँमाथि	1
दिक्‍शो	हर्षले	1
तामे	साथमा	1
रिना	बहुमूल्य	1
बाक्‍त	उहाँलाई	1
ब्रोव़शो	मूर्रका	1
रिना	उपहारहरू	1
ख्रेत्‍तमे	चढाए	1
मग्रुमीने	नजानू	1
लतीक	अर्कै	1
लेम्‍मा	आ-आफ्नै	1
योसेफमी	योसेफकहाँ	1
ग्रूशो	परे	1
लेत्‍तीन	भागेर	1
माल्‍चा	खोज्नेछ	1
नाक्‍दोन	मिश्रदेशतर्फ	1
इजीप्‍त	प्रस्थान	1
मबेक्‍म	मृत्यु	1
ब्रेत्‍ताक्‍ङ	मिश्रदेशबाट	1
ब्रेत्‍ताक्‍ङ	बोलाएको	1
“	आफू	1
तुइक्‍बपुकीमी	मानिसहरूबाट	1
तुइक्‍बपुकीमी	छलिएको	1
चुरमाक्‍त	औधी	1
मिनु	ज्ञानी	1
जरमेसीब	निर्धारण	1
कली	गरेका	1
थिन्‍ने	समयअनुसार	1
मलाक्‍शो	पुगेका	1
दुम्‍ब	मुनिका	1
मलाक्‍शो	बेथलेहेमका	1
साइ	यर्मिया	1
रामाह	रामामा	1
सहरमी	आवाज	1
राहेलमी	सुनियो	1
राहेलमी	रोदन	1
ङाक्‍शो	बालकहरूका	1
नेंसीब	राहेलको	1
नेंसीब	रोदन	1
सुइमी	सान्त्वना	1
मचाप्‍नीम	गरिन्	1
पुंइसाक्‍म	रहेनन्	1
योसेफ	योसेफकहाँ	1
तवानु	देखा	1
माल्‍बपुकी	चाहेका	1
बेक्‍तेक्‍म	मरिसकेका	1
लेत्‍ता	देशमा	1
रागीमी	बुबा	1
अरकीलाउस	अर्खिलाउसले	1
लेंशा	परमप्रभुले	1
“	चेतावनी	1
यहूदीयामी	दिनुभएपछि	1
नासरी	नासरी	1
माल्‍बाक्‍माक्‍त	भनिनेछ	1
रागीम	यसो	1
रागीमी	कराउनेको	1
ग्रोक्‍शा	सोझा	1
दलओंठ	उँटको	1
चां	रौँका	1
पेटी	कम्मरको	1
पेटी	वरिपरि	1
मिनु	उनका	1
सल्‍हा	खानेकुरा	1
ब्‍वशा	सलह	1
खुदो	वन-मह	1
सदुकी	सदुकीहरू	1
तांइसीब	भाग्‍न	1
लेश्‍शो	सुहाउँदो	1
सिप्‍पा	फलाओ	1
फुल्‍लु	ढुङ्गाहरूबाट	1
रवा	फेदमा	1
तिम्‍शा	काटी	1
पुंइसीनीम	ढालिनेछ	1
चोचा	फ्याँकिनेछ	1
जाक्‍ब	आउनुहुनेचाहिँ	1
जु‍त्ता	चप्पलहरू	1
गुप्‍शा	बोक्‍न	1
हाम्‍शो	खलालाई	1
हाम्‍शो	राम्ररी	1
गेडा	धनसारमा	1
हुरशा	थुपार्न	1
ग्‍योल	नाङ्लो	1
मकाप्‍ब	निभाउन	1
मकाप्‍ब	नसकिने	1
चोइब	डढाइदिनुहुनेछ	1
ब्‍वाक्‍कुम	यूहन्‍नाबाट	1
यूहन्‍ना	लिनको	1
गारब	खोजिरहे	1
कका	तपाईंबाट	1
ग्रुंइचा	लिनुपर्नेमा	1
पीनीनी	तपाईंचाहिँ	1
गे	कहाँ	1
पीनीनी	आउनुहुन्छ	1
ओन	अहिलेलाई	1
पय	यस्तै	1
पतीके	धार्मिकता	1
माल्‍नय	उपयुक्त	1
ख्रुम्‍शा	लिन	1
खोला	बप्‍तिस्‍मा	1
कुसानु	भइसकेपछि	1
रोक्‍सीशा	उघारियो	1
रांमी	झर्दै	1
जुक्‍चशो	आफूमाथि	1
जुक्‍चशो	आइरहनुभएको	1
एको	म	1
एको	यिनीसँग	1
थाम्‍पा	अत्यन्त	1
मजथु	रहनुभएपछि	1
सैतानमी	परीक्षा	1
फुल्‍लु	ढुङ्गाहरूलाई	1
मब्रोंइनीम	बाँच्दैन	1
लोव़मी	निस्कने	1
यो	वचनद्वारा	1
ब्रोंइनीम	बाँच्छ	1
लाइश्‍शा	लग्यो	1
लदा	राख्यो	1
सैतानमी	उहाँलाई	1
एकेर	हाम	1
प्रेक्‍को	फाल्नुहोस्	1
कली	हेरचाह	1
खपीम	ढुङ्गामा	1
नाइक्‍पाइक्‍ब	नबजारिऊन्	1
ताक्‍शा	माथि	1
मथोक्‍ब	उठाउनेछन्	1
मथाम्‍चा	नगर्	1
चाक्‍दीश्‍शा	लग्यो	1
राज्‍यपुकी	वैभवसहित	1
राज्‍यपुकी	त्यहाँका	1
कोंइदा	राज्यहरू	1
लावो	गइहाल्	1
प्रोंइशा	सामुबाट	1
चोक्‍तेक्‍म	पक्राउमा	1
जाक्‍दीम्‍माक्‍त	फर्कनुभयो	1
जबूलून	जबूलून	1
नाप्‍ताली	नप्‍तालीका	1
रागी	क्षेत्रहरूमा	1
नेक्‍था	छेवैमा	1
यर्दन	यर्दनपारि	1
खोला	समुद्रतर्फ	1
नाप्‍ताली	जबूलूनको	1
खोला	नप्‍तालीको	1
छिङछिङम	बसेका	1
ताम्‍तेक्‍म	देखेका	1
रागी	क्षेत्रमा	1
रागीम	छायामा	1
बाक्‍ब	बसेकाहरूमाथि	1
दुम्‍त	उदाएको	1
येसुमी	समयदेखि	1
माझी	हिँड्दै	1
नें	दाजुभाइ	1
माझी	हानिरहेका	1
जब्‍दी	अर्का	1
हिरसमानु	दाजुभाइलाई	1
सांफा	जब्दियासँग	1
ग्‍याइल	जालहरूको	1
आस	डुङ्गा	1
गेय	बुबालाई	1
प्रोंइशा	छोडी	1
गाक्‍बाक्‍माक्‍त	गालीलका	1
चाक्‍स	समाचार	1
पाइबाक्‍मा	सिरियाभरि	1
चाक्‍स	फैलियो	1
आ	अगि	1
चाक्‍स	दुःखाइले	1
पाइबाक्‍मा	ग्रस्त	1
वोलमी	भूतहरूद्वारा	1
तशो	वशमा	1
तशो	छारे	1
वोलमी	रोग	1
डेकापोलीस	डेकापोलिस	1
खोला	पारिबाट	1
मेकेर	बस्‍नुभएपछि	1
जाक्‍शो	खोल्नुभयो	1
शेंना	सिकाउनुभयो	1
महिक्‍सीशो	दीन	1
राइनीम	नम्रहरू	1
केन	राज्य	1
दाक्‍बपुकी	भोकाउने	1
राइनीम	तिर्खाउनेहरू	1
दाक्‍शो	तृप्‍त	1
ताइनीम	पारिनेछन्	1
राइनीम	दयावन्तहरू	1
राइनीम	मेलमिलाप	1
बाक्‍बपुकी	गराउनेहरू	1
पुंइसीनीम	कहलाइनेछन्	1
राइनीम	धार्मिकताका	1
राइनीम	सताइएकाहरू	1
हेला	दुःख	1
खेदा	दिन्छन्	1
साइ	तिमीहरूभन्दा	1
नेसी	अगिका	1
खेदा	सताएका	1
हिक्‍सी	नून	1
हिक्‍सी	नूनले	1
ताइश्‍शा	फ्याँक्‍न	1
दिम्‍शा	कुल्चनबाहेक	1
ख्राक्‍चा	कामको	1
दिम्‍शा	निम्ति	1
ख्राक्‍चा	उपयोगी	1
डांडामी	डाँडामाथि	1
सेल्‍शो	बसालिएको	1
मारेइमी	लुक्‍न	1
पाथीम	डालोमुनि	1
पाथीम	सामदानमाथि	1
आगा	प्रत्येकको	1
वोइक्‍नीम	दिन्छ	1
कोंइदीने	चम्कियोस्	1
तशा	देखून्	1
पाइनीम	गरून्	1
,	हुँ	1
ममिम्‍तीने	नसोच	1
मग्‍याम्‍म	टलेर	1
मग्‍याम्‍ब	नगएसम्म	1
मग्‍याम्‍ब	बिन्दु	1
मपाइबा	सानाभन्दा	1
अरेशो	साना	1
मप्रोंइथु	मान्दछ	1
पशो	शास्‍त्रीहरूको	1
मपाइतीनी	भएन	1
किकी	भनिएको	1
पिपी	सुनेका	1
साइक्‍तु	गर्नेचाहिँ	1
ईख	भाइसँग	1
ब्राशा	रिसाउने	1
पाइबा	नलाग्‍ने	1
कछडी	न्यायालयमा	1
पचा	उभ्याइने	1
देंबा	भन्दछ	1
हुम्‍चा	पर्ने	1
परमप्रभु	वेदीमा	1
सादीनीनु	चढाउँदै	1
सादीनीनु	भाइसँग	1
चुरशो	तिमीलाई	1
चुरशो	याद	1
फ्रुक्‍तीनी	आयो	1
क्‍येङा	वेदीको	1
ग्रुम्‍शा	आऊ	1
चढ़ेने	चढाऊ	1
मरिम्‍शो	लगाउनेसँग	1
पाइब	अदालतको	1
बाक्‍नीनुन	तिनीसँगै	1
गारीने	छिट्टै	1
गारीने	मिलाप	1
अडडाम	लगाउनेले	1
गारीने	सुम्पिदेला	1
बाक्‍नीनुन	न्यायकर्ताले	1
गारीने	अधिकारीको	1
लाइश्‍शा	सुम्पिदेलान्	1
ङोंइती	झ्यालखानामा	1
चाक्‍दीप्‍ब	फ्याँकिदेलान्	1
क्‍वद्रन्‍स	ऋणको	1
मथाप्‍पाइक्‍थु	एक-एक	1
मप्रोंइनीम	चुक्ता	1
क्‍वद्रन्‍स	नगरुन्जेलसम्म	1
मप्रोंइनीम	आउनेछैनौ	1
मुर	अभिलाषाको	1
तशा	दृष्‍टिले	1
वाल्‍त	हेर्दछ	1
ख्रोइक्‍ब	गरिसकेको	1
फेश्‍शा	निकलिदेऊ	1
ख्रुम्‍चा	फ्याँकिनुभन्दा	1
गुइमी	हातको	1
ख्रुम्‍चा	जानुभन्दा	1
ब्राबा	त्याग्दछ	1
छोड	पारपाचुकेको	1
पत्र	प्रमाण	1
फ्राशा	अनैतिकताको	1
सोइक्‍बा	कारणबाहेक	1
ख्रोइक्‍पाइक्‍ब	त्याग्‍नेले	1
ख्रोइक्‍पाइक्‍ब	तुल्याउँदछ	1
छोड	पारपाचुकेपछि	1
पत्र	तिनीसँग	1
मजचा	नखा	1
यावे	परमप्रभुमा	1
कसम	शपथहरू	1
जाइतीनी	गर्	1
मजने	खाँदै	1
कसम	पृथ्वीको	1
नेंमी	पाउदान	1
मजने	न	1
मजने	खाओ	1
क्‍येर	केशलाई	1
दुम्‍ब	होलाई	1
मदुम्‍ब	होइनलाई	1
देनीने	होस्	1
लाक्‍शो	जुनसुकै	1
मरिम्‍शो	दुष्‍टबाट	1
सुइमी	दाँतको	1
राप्‍तेक्‍म	हिर्काउँछ	1
पेरा	अर्को	1
पेरा	गाला	1
फेक्‍शो	दौरा	1
माल्‍तेक्‍म	जान्छ	1
ढिपी	किलोमिटर	1
ढिपी	बाध्य	1
पाम्‍तेक्‍म	गराउँछ	1
कोस	उसँग	1
सम्‍म	किलोमिटर	1
जेर	कोहीलाई	1
मगेनीकी	उधारो	1
श्‍येत्‍थी	माग्‍न	1
मगेनीकी	चाहनेहरूलाई	1
मसोइक्‍तीने	नगर	1
दाक्‍तीने	सताउनेहरूका	1
हेला	सराप्‍नेहरूलाई	1
खेदा	आशिष्	1
नकी	कहलाइन	1
दाप्‍पाइक्‍ब	उदाउन	1
स्‍वर्गम	लगाउनुहुन्छ	1
पाइब	धर्मी	1
रेउ	झरी	1
यिपाइक्‍ब	पठाइदिनुहुन्छ	1
ताइनीनी	पाउँछौ	1
पोक्‍बपुकीमी	उठाउनेहरूले	1
इनाम	भन्दा	1
मतुइक्‍बपुकीमी	गैरयहूदीहरूले	1
मसेम्‍मुइनीमी	गर्दैनन्	1
पने	हुनुपर्दछ	1
कोंइचा	धार्मिक	1
प्रुङग	कार्यहरूलाई	1
कोंइचा	देखून्	1
मपने	नगर्न	1
मगेब	पाउनेछैनौ	1
इन	मानिसहरूबाट	1
मतापीने	पाउनको	1
सेल्‍पांइसीनीम	पाखण्डीहरूले	1
ग्रुम्‍तीक	आफ्नैअगि	1
मतापीने	नफुक	1
मलीब	पाइसकेका	1
मतुइक्‍पाइक्‍थु	नपाओस्	1
ख्रुइश्‍शोम	दान	1
कपटीपुकीमी	पाखण्डीहरूजस्ता	1
कोव़पांइसीशा	देखून्	1
लांमी	बाटोका	1
पाइनीम	पराउँछन्	1
खिं	भित्री	1
पनीनु	नबरबराओ	1
पशोमी	बोल्नाले	1
मिम्‍नीम	ठान्दछन्	1
पुंइचा	माग्‍नुभन्दा	1
पने	गरः	1
स्‍वर्गम	हे	1
नाक्‍त	दिनभरिको	1
गेने	दिनुहोस्	1
गेतक	गरेका	1
सैतानमी	दुष्‍टबाट	1
हिरपाइक्‍चा	छुटकारा	1
हिरपाइक्‍चा	दिनुहोस्	1
सैतान	पराक्रम	1
प्रोनीने	तपाईंकै	1
माफ	पापलाई	1
बाक्‍नीनु	बस्दछौ	1
कपटीपुकीमी	पाखण्डीहरूले	1
कीशो	उदास	1
मसेलीने	नबनाओ	1
कपटीपुकीमी	मानिसहरूका	1
तांइसेक्‍ल	देखिन	1
राव	सकियोस्	1
कीपा	अनुहारलाई	1
कोंइनीम	बिगार्छन्	1
बाक्‍नीनु	बस्छौ	1
चिक्‍शा	पखाल	1
बुं	शिरलाई	1
पाइतीनी	नजरमा	1
ख्रुइश्‍शोमी	देखिँदैनौ	1
बर्त	पितालाई	1
ख्रुइश्‍शोमी	त्यो	1
खेक्‍शा	निम्ति	1
मवोतीने	धन	1
खेक्‍शा	नथुपार	1
जोइब	किरा	1
खुइपुकीमी	खियाले	1
जोइब	चोरहरूले	1
जोइब	फोरेर	1
खुइपुकीमी	चोर्छन्	1
बुस्‍सुम	सम्पत्ति	1
मख्रोइक्‍ब	थुपार	1
खुइपुकीमी	न	1
यो	चोरले	1
मपाइनीम	लैजान्छ	1
बाक्‍बा	सम्पत्ति	1
छेङछेङ	बत्ती	1
ब्राब्रा	त्यसैकारण	1
छेङछेङ	प्रकाशले	1
बाक्‍ब	भरिनेछ	1
ब्राब्रा	खराब	1
छिङछिङ	अँध्यारोले	1
दुम्‍‍ब	भरिन्छ	1
छिङछिङ	होला	1
मदाक्‍ब	गर्दछ	1
मदाक्‍ब	एउटाप्रति	1
मदाक्‍ब	अर्कोको	1
मदाक्‍ब	उपेक्षा	1
निम्‍फा	दुवैको	1
ममिम्‍तीने	चिन्ता	1
फेक्‍तीक	जीवन	1
क्‍येङा	भोजनभन्दा	1
ठेयब	वस्‍त्रभन्दा	1
मिम्‍तीने	चराहरूलाई	1
भकारीमी	भकारीमा	1
मवोइक्‍नीम	बटुल्छन्	1
थुल्‍शो	खुवाउनुहुन्छ	1
मेको	तीभन्दा	1
रां	आयुमा	1
सेल्‍ने	थप्‍न	1
लिली	लुगाको	1
मारदे	चिन्ता	1
गिश	मैदानका	1
बोइश्‍शा	लिली	1
तांइसीनीमी	उम्रन्छन्	1
मपाइनीम	कपडा	1
मपांइनीम	बुन्छन्	1
कोंइताक्‍व	गौरवमा	1
फू	यिनीहरूले	1
ग्‍योम्‍सीशो	आभुषित	1
मबाक्‍ब	थिएनन्	1
बोइश्‍शा	भोलि	1
हेम्‍शा	भट्टीमा	1
पुंइसीब	फ्याँकिने	1
लायो	घाँसहरूलाई	1
ग्‍योम्‍ताक्‍व	पहिराउनुहुन्छ	1
मफेक्‍पाइक्‍बा	पहिराउनुहुनेछ	1
तूचा	चिन्तित	1
ममिम्‍तीने	नभन	1
रागी	खोज्छन्	1
फेक्‍चा	थोक	1
दीसा	पर्याप्‍त	1
मतेम्‍दीने	रहेको	1
नाक्‍नीम	इन्साफ	1
पुंइसीनीनी	इन्साफ	1
गेनीनी	नाप्छौ	1
कसीङगर	टुक्रालाई	1
ताइनीनी	देख्छौ	1
मताइनीनी	गर्दैनौ	1
फेत्‍नुङ	टुक्रा	1
कसीङगर	निकाल्न	1
कपटी	कपटी	1
फेत्‍तीने	निकाल	1
फेत्‍तीने	टुक्रा	1
फेत्‍तीने	देख्‍न	1
फेत्‍तीने	सक्छौ	1
मब्‍वारदीने	सुङ्गुरहरूको	1
मब्‍वारदीने	नफाल	1
दिम्‍नीम	खुट्टाले	1
दिम्‍नीम	कुल्चेलान्	1
ग्राम्‍थ	आक्रमण	1
पीनीम	गर्लान्	1
पुनीने	माग	1
मालीने	खोज	1
ताइब	पाउँछन्	1
सुम	खोज्ने	1
माल्‍शो	भेट्टाउँछन्	1
सुम	ढकढक्याउने	1
दे	व्यक्तिको	1
तौमी	छोराले	1
थोव़क	भनी	1
जोक्‍नीनी	जान्दछौ	1
मगेब	दिनुहुन्छ	1
आइक्‍च	साँघुरो	1
ओव़ङीन	पस	1
जाम्‍शा	विनाशमा	1
लतीक	पुर्‍याउने	1
ब्रेम्‍शो	फराकिलो	1
मोपतीके	बाटोबाट	1
ब्रोंइतीक	डोर्‍याउने	1
गाक्‍चा	साँघुरो	1
लां	भेट्टाउने	1
शेंबपुकी	अगमवक्‍ताहरूदेखि	1
बोक्‍नीम	बस	1
तांइसीनीमी	भेषमा	1
बोक्‍नीम	आउँदछन्	1
खोदेंशो	भोका	1
तांइसीनीमी	ब्‍वाँसाहरू	1
रवामी	झाडीबाट	1
अङगुर	अङ्गुर	1
सिप्‍बा	बटुल्छन्	1
रवामी	बिरुवाबाट	1
सिप्‍बा	टिप्छन्	1
रवामी	असलै	1
रवामी	खराबै	1
रवामी	एउटाअ	1
मब्रोव़शो	सल	1
सिप्‍ब	फल	1
चोइनीम	फलाउँदैन	1
चोइनीम	फालिनेछ	1
मताइनीम	गर्नेछैनन्	1
मखेरका	धपाएनौँ	1
मोदेंब	खुलमखुला	1
मतुइक्‍तन्‍नी	चिनेको	1
मतुइक्‍तन्‍नी	थिइनँ	1
फशेमी	घरलाई	1
हुरदानु	हान्यो	1
मब्रे	ढलेन	1
फुल्‍लु	घर	1
मपवा	गर्दैन	1
बाल्‍वामी	बालुवामाथि	1
ब्रेश्‍शा	हान्यो	1
के	ढल्यो	1
थुमानु	सक्‍नुभयो	1
पर्बम	सुनेर	1
बुदी	अधिकारसहित	1
लेश्‍शा	ओर्लनुभएको	1
नोले	उहाँलाई	1
थेक्‍शा	पर्‍यो	1
दाक्‍ताक्‍नी	इच्‍छा	1
चाप्‍नीनी	सक्‍नुहुन्‍छ	1
दिंशा	पसार्नुभयो	1
सापाइक्‍चा	चाहन्‍छु	1
ब्रा	तुरून्‍तै	1
ब्रा	कुष्‍ठरोगबाट	1
सामाक्‍त	शुद्ध	1
मार	बाटो	1
चढ़ेचा	गराऊ	1
सामाक्‍त	तिनीहरूको	1
तुइक्‍पतो	गवाही	1
रोइमी	पक्षाघातले	1
गुरशा	ग्रसित	1
गुइ	घरमा	1
मदुक्‍ब	पल्टिरहेको	1
गोल्‍शा	भयानक	1
बाक्‍शो	पीडामा	1
खिंमीन	निको	1
पिशा	पार्नेछु	1
ओंइचा	छानामुनि	1
मशिरनुङ	आउनको	1
ओंइचा	योग्‍यको	1
देनीने	बोलिदिनुहोस्	1
साब	हुनेछ	1
लाइब	छन्‌	1
पीब	जान्‍छ	1
मदुनु	भन्‍छु	1
ओहो	पर्नुभयो	1
ओहो	पछ्याउनेहरूलाई	1
मतङमी	पाएको	1
मतङमी	थिइनँ	1
देंनुङ	भन्‍छु	1
जाक्‍नीम	पूर्व	1
नां	पश्‍चिमबाट	1
याकूब	याकूबसँग	1
ङा	राज्‍यको	1
राज्‍यमी	भोजमा	1
तिल्‍शा	राज्‍यका	1
,	छोराहरू	1
सोइक्‍चा	फालिनेछन्	1
ख्रुइ	दाह्रा	1
सुइश्‍शो	गरेजस्‍तै	1
देंम	त्‍यही	1
पत्रुस	पत्रुसकी	1
पत्रुस	बिरामी	1
जरो	थला	1
गोल्‍शो	परिरहेकी	1
जरोम	ज्‍वरोले	1
प्रोना	छोड्‌यो	1
नाक्‍दो	साँझ	1
नाक्‍दो	पर्‍यो	1
वोलमी	भूतात्‍मा	1
चाक्‍गमे	ल्‍याए	1
वोल	वचनबाट	1
लोव़	भूतात्‍माहरूलाई	1
गुरपाइक्‍ब	बिमारीहरू	1
लाइक्‍तु	लिनुभयो	1
कुरतु	वहन	1
हांबु	जानको	1
लय	निम्ति	1
शेंब	गुरुज्‍यू	1
मेक	जानुहुन्‍छ	1
लाइनुङ	पछ्याउनेछु	1
फ्‍याउरे	स्‍यालहरूका	1
ग्‍योव़	चराचुरूङ्गीहरूका	1
ग्‍योव़	गुँडहरू	1
ग्‍योव़	शिर	1
के	राख्‍ने	1
मबाक्‍ब	कहीँ	1
गेयीनी	दिनुहोस्‌	1
बेक्‍शो	मुर्दाले	1
मुरुमी	मुर्दालाई	1
बेक्‍शो	गाड्‌न	1
थिम्‍मेक्‍ल	छोडिदेऊ	1
ङोंइ‍सेनु	चढ्नुभएको	1
नोले	भित्रसम्म	1
खोदमे	पछ्याए	1
ग्रुम्‍चामे	प्रचण्ड	1
गिवार	चल्‍यो	1
पतीके	समुद्रको	1
डोंगाम	छालद्वारा	1
ओव़शा	छोपियो	1
इप्‍शो	सुतिरहनुभएको	1
वाइ	उठाउन	1
बेक्‍चांइतय	बचाउनुहोस्‌	1
मचाप्‍बपुकी	अल्‍पविश्‍वासीहरू	1
हिंनी	डराउँछौँ	1
बोक्‍शा	त्‍यसपछि	1
फश	उठ्‌नुभयो	1
सिक्‍सी	पुरै	1
पाम्‍से	शान्ति	1
ओहो	कस्‍तो	1
समुन्‍द्रमी	आँधीले	1
गदरीनी	भूतात्‍मा	1
जाक्‍दीम्‍मा	उहाँलाई	1
लांम	निस्‍केर	1
गाक्‍मानु	आइरहेका	1
ग्रुम्‍मे	हिंसात्मक	1
निक्‍शी	त्‍यसकारण	1
आन	यात्रु	1
मगेबाक्‍सा	सक्दैन	1
मार	स्‍वरले	1
दुम्‍माक्‍त	कराए	1
गोपुकी	हाम्रो	1
पमुइया	सरोकार	1
आंइ	तोकिएको	1
मजाक्‍थु	समयभन्दा	1
पोव़	बथान	1
वोलपुकीमी	भूतात्‍माहरूले	1
खेरनीनी	निकाल्‍नुहुन्‍छ	1
गेकी	पठाइदिनुहोस्‌	1
लने	जा	1
मुर	भूतात्माहरू	1
पोव़मी	सुँगुरहरूभित्र	1
गशा	त्यो	1
गशा	भिरालो	1
डांडा	पहाडको	1
यिन	दौडे	1
प्रेक्‍ना	खसे	1
प्रेक्‍न	पानीमा	1
वोलम	भूतात्मा	1
आंइ	इलाका	1
ल‍शा	डुङ्गाभित्र	1
जाक्‍माक्‍त	आइपुग्‍नुभयो	1
ब्राख्‍येमी	सुतिरहेको	1
क्‍याम्‍साक्‍व	तिनीहरूका	1
पाइबाक्‍माक्‍त	गरिरहेको	1
मिम्‍शो	विचारलाई	1
मिम्‍तीनी	विचार	1
सज्‍लो	कुराचाहिँ	1
हिरशा	भन्‍न	1
कोंइदो	सजिलो	1
तुइक्‍तीनील	सक	1
लेत्‍तो	जाऊ	1
लेम्‍माक्‍त	गयो	1
मोदेंब	यो	1
देल्‍शोपुकी	छक्‍क	1
हिंमा	परेर	1
अडडाम	ठाउँमा	1
पापीपुकी	पापी	1
शेंबमी	गुरु	1
जाइबा	खान्छन्	1
सापाइक्‍ब	वैद्यको	1
चढ़ेतीक	जाओ	1
आन	पश्‍चात्ताप	1
ब्रेत्‍थ	पापीहरूका	1
बाक्‍नीकी	बस्तछौँ	1
मबाक्‍नीमी	बस्दैनन्	1
जन्‍तीपुकी	आएकाहरू	1
हिशेक	हुँदा-हुँदै	1
ङाक्‍नीमी	दुःखी	1
ङाक्‍नीमी	हुन्छन्	1
पुंइसीनीम	लगिनेछ	1
वामी	वस्‍त्रमा	1
केप्‍शा	टुक्रा	1
चुप्‍शा	जोड्दैन	1
वा	वस्‍त्रबाट	1
खाक्‍शा	च्यातिनेछ	1
क्‍येङा	नराम्रो	1
ठेयब	दुलो	1
कुशुल	मद्यको	1
मपाइनीम	राख्दछ	1
क्‍युप्‍ब	फुट्नेछ	1
बोरशा	पोखिनेछ	1
पशोनु	सट्टामा	1
मगाक्‍बा	मशकमा	1
पशोनु	रख्दछन्	1
मक्‍युप्‍ब	रहन्‍छन्	1
शेंना	भनिरहनुभएको	1
बेक्‍त	मरेकी	1
तमी	शिरमाथि	1
वोइक्‍तीनी	राखिदिनुहोस्	1
मेको	उठ्नुभयो	1
खोइश्‍शा	आइन्	1
थिचा	मात्र	1
सानुङ	पारिनेछु	1
फिर	पछाडि	1
बारपतो	गर	1
शुश	अधिकारीको	1
जाक्‍दीम्‍मानु	आउनुभयो	1
बाजा	बाँसुरी	1
ताप्‍शा	बजाउनेहरू	1
रोंका	हल्ला	1
कतीने	पर	1
कतीने	जाओ	1
पाम्‍तेक्‍म	हाँसे	1
सोइश्‍शा	पठाइएको	1
ग्‍याइक्‍तानु	समात्‍नुभयो	1
नेल्‍लेम	क्षेत्रको	1
नेल्‍लेम	चारैतिर	1
ब्रम्‍माक्‍त	फैलियो	1
ए	दृष्‍टिविहीनले	1
खोइक्‍ताक्‍स	पछ्याए	1
ब्रेश्‍शा	कराइरहे	1
खोइक्‍ताक्‍स	भनिरहे	1
ओव़ताक्‍स	दृष्‍टिविहीनहरू	1
ओव़ताक्‍स	उहाँकहाँ	1
इस	यो	1
चाप्‍नन्‍सी	सक्छु	1
सुइक्‍नीसी	गर्छौ	1
सुइक्‍नस्‍कु	ज्यू	1
थिशा	छोएर	1
सुइश्‍शो	गरेअनुसार	1
एको	कडासाथ	1
सोइक्‍ताक्‍म्‍सी	कुराबारे	1
मशोव़ङीसे	नहोस्	1
नेल्‍ल	निस्के	1
आ	क्षेत्रभरि	1
तुइक्‍पदसे	फैलाए	1
वोलमी	भूतात्मा	1
ग्रुंइताक्‍व	धपाइयो	1
मुरुमी	व्यक्‍ति	1
इस्राएलमी	इस्राएलमा	1
मतशो	देखिएको	1
नय	थिएन	1
थिशा	मालिकद्वारा	1
ग्रुंइबाक्‍त	निकाल्दछ	1
स्‍वर्ग	राज्‍यको	1
शेंन	गर्दै	1
रोइमी	किसिमका	1
पाइक्‍न	सभाघरहरूमा	1
गाक्‍त	सिकाइरहनुभयो	1
पाइक्‍तीमी	भरिनुभयो	1
पाइक्‍तीमी	विचलित	1
पाइक्‍तीमी	निराश	1
भेडापुकी	भेडाहरूजस्‍तै	1
नाली	प्रशस्‍त	1
नाली	प्रभुलाई	1
पुनीने	खेतालाहरू	1
पुनीने	पठाइदिनुभएको	1
सापाइक्‍तीक	धपाउने	1
आन	पार्ने	1
अधिकार	बाह्र	1
सोइश्‍शोपुकी	प्रेरितका	1
ताइब	नाम	1
देंसीब	प्रकार	1
मेकोपुकी	सिमोन	1
माइश्‍शो	बोलाउनुहुन्थ्यो	1
सिमोन	)	1
दाग्‍यु	भाइ	1
बाक्‍तेक्‍म	इस्करियोत	1
दुम्‍बाक्‍माक्‍त	पक्राइदिने	1
जात	बस्‍ने	1
मलने	नगर	1
गोठला	सट्टा	1
लां	घरानाको	1
‘	जसै	1
जाक्‍चशो	जान्छौ	1
बाक्‍त	आइसकेको	1
सेंपतीन	रोगीहरूलाई	1
सापतीन	मरेकाहरूलाई	1
सेंपतीन	बनाओ	1
कोर	कुष्‍ठरोगीहरूलाई	1
कोर	भूतात्माहरूलाई	1
सापतीन	धपाओ	1
खेरीन	सित्तैँमा	1
ताइतीनी	देओ	1
तांबा	थैलीमा	1
तांबा	पित्तल	1
लां	यात्राको	1
झोला	जुत्ता	1
पाइबपुकीमी	खेतालाले	1
पुंइसीनीम	पाउनुपर्छ	1
सहर	जुनसुकै	1
जाक्‍दीन्‍नीनु	गर्छौ	1
लने	योग्यको	1
बास	लगाओ	1
गेम्‍तेक्‍म	नगइन्जेलसम्म	1
ताइनीमी	त्यसमाथि	1
ताइनीमी	आओस्	1
मबाक्‍तेक्‍म	योग्यको	1
रचा	शान्ति	1
राइनीनी	आओस्	1
मगेम्‍तेक्‍म	ग्रहण	1
मनेंथु	सुन्दैन	1
मगेम्‍तेक्‍म	गाउँबाट	1
फुरक	खुट्टाबाट	1
गाक्‍कीन	टकटक्याइदेओ	1
गोमोररा	गमोराको	1
सोइश्‍शो	भेडाझैँ	1
परवा	सर्पझैँ	1
दुम्‍शा	चनाखो	1
सुइ	ढुकुरझैँ	1
मपने	सोझो	1
मपने	होओ	1
होस	मानिसहरूदेखि	1
गाक्‍कीन	बस	1
कछ‍डीम	परिषद्हरूमा	1
वोइक्‍नीम	सुम्पिदिनेछन्	1
गेबपुकी	शासकहरू	1
ठेयब	खातिर	1
मुर	तिमीहरू	1
राप्‍पाइक्‍नीम	ल्याइनेछौ	1
माल्‍बा	सुम्पिदिनेछन्	1
देंचा	बोल्नुपर्ने	1
तुइक्‍पाइक्‍चा	सोही	1
शोव़	बोल्नुहुने	1
साइक्‍पाइक्‍चा	पक्राइदिनेछ	1
गेब	छोरालाई	1
आफ	बुबा-आमाका	1
तमी	उठ्नेछन्	1
तौपुकीमी	मृत्युका	1
साइक्‍पाइक्‍नीम	सुम्पिदिनेछन्	1
कली	सबैबाट	1
ब्रोंइशा	व्यक्‍तिको	1
ताइनीमी	उद्धार	1
खेदा	सताउँछन्	1
हिरशा	घुमिसकेका	1
मग्रुम्‍नीनी	हुनेछैनौ	1
क्‍येङा	श्रेष्‍ठ	1
होव़प	मालिकभन्दा	1
कांइचीक	मालिकजस्तो	1
चाप्‍नीम	पर्याप्‍त	1
बेल्‍जीबुल	बालजिबुल	1
शुक्‍शी	बदनाम	1
पाइक्‍तेक्‍म	गर्लान्	1
वोइश्‍शो	नडराओ	1
हाक्‍सीशा	ढाकिएको	1
तुंइ‍सीब	हुनेछैन	1
गोमी	अँध्यारोमा	1
छिङछिङमी	उज्यालोमा	1
छेङछेङमी	भनिदेओ	1
देंशो	मधुर	1
मतीने	सुन्छौ	1
इन	नडराओ	1
चाप्‍ब	मार्दछन्	1
सोक्‍ती	आत्मालाई	1
महिनीन	सक्दैनन्	1
नरकमी	नरकमा	1
चाप्‍ब	सक्‍नुहुनेसँग	1
अस्‍सारीयोन	सानो	1
मग्‍याम्‍सीबा	बिक्दैनन्	1
मदेंथु	इच्छाविना	1
मदोक्‍ब	खस्दैन	1
पिया	शिरका	1
चां	केशहरू	1
हिक्‍शा	गन्ती	1
हिक्‍सीशो	भङ्गेराभन्दा	1
दुपाइक्‍चा	म	1
दुपाइक्‍चा	शान्ति	1
ग्‍यारपाइक्‍थ	चलाउन	1
चाइमी	आमाको	1
जिमुशा	बुहारीलाई	1
चाइमी	सासूको	1
जिमुशा	गराउन	1
ब्रानीम	आएँ	1
सत्रु	घरानाभित्रका	1
फाल्‍ने	उठाएर	1
मचाप्‍बा	लाग्दैन	1
दाक्‍ब	भेट्टाउँछ	1
जाम्‍शा	गुमाउँछ	1
यो	सानाहरूमध्ये	1
लोटा	चिसो	1
मसाम्‍ब	गुमाउनेछैन्	1
शेंने	दिइसक्‍नुभएपछि	1
शेंसीब	चेलाहरूद्वारा	1
आन	खबर	1
जाक्‍चा	आउनुहुनेवाला	1
लां	प्रतीक्षा	1
कोव़का	गर्नुपर्छ	1
मेकोपुकी	उत्तर	1
मतीने	बताइदेओ	1
ताइबाक्‍तेक्‍म	पाइरहेका	1
मताइबपुकीमी	हिँडिरहेका	1
मदुक्‍बपुकी	;	1
मदुक्‍बपुकी	बहिरा	1
मनेंबपुकी	मानिसहरूले	1
सेंसीशा	जीवनमा	1
ब्रोंइबाक्‍तेक्‍म	फर्काइएको	1
मुरपुकीम	खाँचोमा	1
नेंबाक्‍तेक्‍म	सुनाइँदै	1
ग्‍येरसमल	धन्यका	1
तशा	बाधा	1
मतीन	सम्झँदैनन्	1
लमा	लागे	1
हिम्‍शो	हावाले	1
किन्‍दा	हल्लाइरहेको	1
फेक्‍शो	लगाउने	1
नेनीने	लगाउने	1
खिंमी	दरबारहरूमा	1
बाक्‍नीम	बस्छ	1
ताइतीनी	अगमवक्‍ताभन्दा	1
इ	आउनुभन्दा	1
सेल्‍ब	पार्नेछन्	1
ब्‍वाक्‍कुम	स्‍त्रीबाट	1
ग्रुंइब	जन्मेकाहरूमा	1
खोदेंशो	यूहन्‍नाभन्दा	1
यूहन्‍नामी	बप्‍तिस्मा-दिने	1
राज्‍य	राज्यले	1
ओव़शा	तीव्रता	1
सेल्‍चा	भोगिरहेको	1
मुना	उग्र	1
मुन	बलपूर्वक	1
मुन	पक्रन्छन्	1
नेसी	नआन्जेलसम्म	1
यूहन्‍ना	व्यवस्थाले	1
यूहन्‍नान	आउनुपर्ने	1
यूहन्‍नान	एलिया	1
बाक्‍नीम	गरूँ	1
ग्‍यारब	खेलिरहेका	1
आलपुकीम	बालकहरूजस्तै	1
बजारमी	बस्दछ	1
ग्‍यारब	अर्कालाई	1
ग्‍यारब	बोलाउँदछ	1
राकसी	पिउँदै	1
मतूङानु	आएनन्	1
राकसीमी	मान्छे	1
तुइक्‍तीक	बुद्धिचाहिँ	1
शुश	सहरहरूलाई	1
चिन्‍ड	हकार्न	1
कोंइशा	थाल्नुभयो	1
छक	धेरैजसो	1
मलेत्‍तेम	थिएनन्	1
खोराजीन	खोराजीन	1
सीदोन	सीदोनमा	1
लेत्‍तेम	गरिसकेका	1
क्‍युक्‍सीनेवे	उचालिनेछस्	1
क्‍युक्‍सीनेवे	सम्झन्छस्	1
नरकम	तल	1
पुंइसीनेवे	झारिनेछ	1
सोदोम	सदोममा	1
ली	आजसम्म	1
ली	रहिरहने	1
सोदोम	तेरो	1
कापेरनाउम	मुलुकको	1
सजाइ	सजिलो	1
गेतीनी	अनपढलाई	1
दाक्‍ताक्‍नी	मनपर्दो	1
मतुइक्‍नीम	सुम्पिएको	1
तौमी	पिताबाहेक	1
ला	पुत्रलाई	1
तुइक्‍ब	चिन्दैन	1
तुइक्‍पाइक्‍ब	चिन्दैन	1
जशो	परिश्रम	1
भारीम	गह्रौँ	1
चिप्‍चा	बोझले	1
चिप्‍चा	लादिएका	1
शिशी	जुवा	1
ब्रेम्‍शो	लेओ	1
ब्रेम्‍शो	सिक	1
जवा	जुवा	1
ग्‍युप्‍चा	सजिलो	1
भारी	बोझ	1
कुरने	हलुको	1
रू	खेतहरू	1
शोव़लु	भोकाए	1
जाम्‍तेक्‍म	लागे	1
वारचपुकी	मानिसहरूले	1
खिंमी	भवनमा	1
शोब्‍ले	भएकाहरूका	1
चढ़ेबपुकीमी	खानु	1
योक्‍शा	अनुचित	1
चढ़ेशो	पुजारीहरूका	1
मेकोपुकी	शबाथमा	1
मपुंइसीनीम	दिनलाई	1
मपुंइसीनीम	हुन्छन्	1
क्‍येङा	मन्दिरभन्दा	1
रुप्‍तीनी	बुझेका	1
मपुंइसीब	निर्दोषको	1
मगेनी	निन्दा	1
वा	थिएनौ	1
नाइक्‍तीक	शबाथका	1
लशा	अलग्गिनुभयो	1
पखु	पापको	1
पा	दोष	1
योव़की	लगाउन	1
पाम्‍तेक्‍म	फरिसीहरूले	1
नाक्‍त	गहिरो	1
बिक्‍त	खस्यो	1
मग्रुंइनीनी	ननिकाल्ला	1
ममाइ	मूल्य	1
कानुन	गर्नु	1
ब्रा	हातजस्तै	1
खुम्‍सीशा	षड्‍यन्‍त्र	1
“	रच्‍न	1
लोव़सी	खोज्न	1
सापाइक्‍तीमी	धेरै	1
बाक्‍तेक्‍म	पछ्याए	1
सापाइश्‍शा	अरूहरूलाई	1
दुम्‍पाइक्‍तु	साबित	1
योव़ता	छानेको	1
तशा	जसमा	1
शुश	मेरो	1
प्रिंशा	खन्याउनेछु	1
तुइक्‍पपाइक्‍ब	गर्नेछन्	1
मनेंसीब	गर्नेछैनन्	1
लां	न	1
मनेंसीब	सुन्‍नेछ	1
जिक्‍चशो	उनले	1
किन्‍दा	फुटेको	1
किन्‍दा	नरकटलाई	1
मकाप्‍ब	भाँच्‍नेछैनन्	1
मकाप्‍ब	न्यायलाई	1
मग्राम	विजयमा	1
जिक्‍चशो	नपुर्‍याएसम्म	1
काप्‍चशो	धिपधिप	1
मकाप्‍ब	सलेदोलाई	1
पन	निभाउनेछैनन्	1
मब्‍वाक्‍ब	भूतात्माले	1
वोलम	सताएको	1
नोफा	बोल्न	1
ताप्‍तु	नसक्‍ने	1
कोर	सक्छन्	1
देंशो	आश्‍चर्यकर्मको	1
वोल	भूतात्माहरूको	1
बेल्‍जीबुल	राजकुमार	1
खेरबाक्‍माक्‍त	निकाल्दछ	1
जाम्‍शा	उजाड	1
लाइब	पारिनेछ	1
मलीब	टिक्‍नेछैन	1
खेरतु	निकाल्दछ	1
ब्रानीम	विभाजित	1
लीबा	टिक्ला	1
खेरतामी	निकाल्छु	1
तौपुकीमी	पछ्याउनेहरूले	1
सक्तिम	कोद्वारा	1
खेरमे	निकाल्छन्	1
खेरनुङ	निकाल्छु	1
मेको	नबाँधेसम्म	1
ग्‍याइश्‍शा	छिरेर	1
लाइक्‍ने	चोर्न	1
पाइश्‍शा	व्यक्‍तिलाई	1
नोले	बाँधेपछि	1
चाप्‍ब	चोर्छ	1
सत्रु	विरुद्धमा	1
मखुप्‍बमी	बटुल्दैन	1
फ्रशा	छरपष्‍ट	1
ताइक्‍ब	पार्छ	1
परमप्रभु	कोहीले	1
पाप	न	1
लीब	गरिनेछ	1
रवा	खराब	1
बाक्‍म	फलद्वारा	1
तुंइसीब	चिनिनेछ	1
ग्रूबा	सक्छौ	1
ग्रूब	निस्कन्छ	1
मुरुमी	रहेको	1
पाइश्‍शो	हृदयमा	1
पाइब	ल्याउँछ	1
का	व्यर्थ	1
पुंइसीनीनी	तिमीहरूकै	1
पुंइसीनीनी	ठहरिनेछौ	1
का	दिँदै	1
हजुर	तपाईंबाट	1
का	हेर्न	1
कोंइदीकी	चाहन्छौँ	1
मसुइक्‍बपुकीमी	व्यभिचारी	1
मसुइक्‍बपुकीमी	पुस्ताले	1
दाक्‍नीम	खोज्छ	1
ङांइ	माछाको	1
कोव़जम	पेटमा	1
कोव़जम	गर्भभित्र	1
बाक्‍ब	रहनेछन्	1
निनवे	पुस्तासँग	1
पाला	जातिको	1
पिपीम	उठ्नेछिन्	1
सुइक्‍ब	गर्नेछिन्	1
कुशा	पृथ्वीका	1
सोलोमनमी	सोलोमनका	1
निप्‍स	ज्ञानका	1
दिचा	आत्माले	1
वोल	छोड्छ	1
मबाक्‍तीकेमी	नभएको	1
माल्‍शा	आराम	1
नाइक्‍तीके	खोज्छ	1
मथीब	भेट्टाउँदैन	1
बाक्‍तीकेमीन	घरमा	1
लेत्‍नुङ	फर्कनेछु	1
जाक्‍ब	आएँ	1
फिक्‍शा	फर्किएपछि	1
सिल्‍शा	सफा	1
श्‍येत्‍थ	मिलाएर	1
थिप्‍ब	भेट्टाउँछ	1
चाक्‍ब	बटुल्छ	1
ओव़शा	त्यहाँभित्र	1
बाक्‍नीम	बस्‍न	1
मेको	अवस्था	1
मेको	भिडसँग	1
ग्रुम्‍थ	बोल्नको	1
जाक्‍मा	पर्खिरहे	1
ग्रुम्‍थ	तपाईंसँग	1
जाक्‍तेक्‍म	पर्खिरहनुभएका	1
देंब	व्यक्‍तिलाई	1
शेंसीबपुकी	चेलाहरूतर्फ	1
शुक्‍शा	पसारेर	1
पाइबपुकीन	गर्दछ	1
पाइबपुकीन	बहिनी	1
देल्‍तेक्‍म	जम्मा	1
डोंगा	डुङ्गाभित्र	1
बाक्‍तेक्‍म	उभियो	1
कामी	मान्छे	1
ब्‍वारानु	छरे	1
गुप्‍शा	बिउलाई	1
जामे	निलिदिए	1
ठाउंमी	जमिनमा	1
मबाक्‍तीके	उम्रे	1
बेक्‍मा	डढे	1
बाक्‍त	सुकिहाले	1
चू	काँडाघारी	1
चूम	काँडाका	1
सुम्‍शा	बोटहरू	1
मगेवा	बढेर	1
मगेवा	निसासिदिए	1
गेडा	केहीले	1
सिम्‍मा	अन्‍न	1
बाक्‍त	उब्जाए	1
सेल्‍शा	भिडहरूसँग	1
ख्रुइश्‍शो	रहस्यहरू	1
रुप्‍तीक	मौका	1
मथीब	जोसँग	1
रोइक्‍चा	उसबाट	1
पुंइसीब	लिइनेछ	1
सेल्‍शा	सुने	1
शेंनुङमी	सुन्दैनन्	1
मताइनीम	बुझ्दछन्	1
नेंचा	सुनिरहेका	1
कोव़चा	हेरिरहेका	1
कोव़नीनी	हेर्छौ	1
क्रिप्‍शो	सुस्त	1
नेंनेम	सुन्‍नलाई	1
नेंनेम	कठोर	1
लेम्‍म	फर्केलान्	1
ममाइ	देख्छन्	1
नेंनीनी	सुन्दछन्	1
पाइबपुकीमी	हेर्ने	1
दाक्‍बाक्‍मा	देखेनन्	1
ब्‍वारशो	छर्नेको	1
अर्थ	सुन	1
मरुबा	बुझ्दैन	1
रुप्‍शो	बाटोको	1
क्‍याम्‍शा	छेउमा	1
क्‍याम्‍शा	छरिएको	1
शोक्‍शो	छरिएको	1
चोटी	सुन्छ	1
ग्‍येरसीब	गर्छ	1
शुश	बेरसम्म	1
मलीब	टिकिरहन्छ	1
जाप्‍तु	आउँछ	1
गाक्‍ब	खान्छ	1
चू	काँडाघारीमा	1
जुक्‍शा	छरिएको	1
जुक्‍शा	धनीहरूको	1
सुम्‍शो	कपटले	1
घारीम	वचनलाई	1
जुक्‍शा	निसासिदिन्छ	1
खोदेंशो	निष्फल	1
रुप्‍बा	बुझ्छ	1
सम्‍म	फल	1
ओदें	प्रस्तुत	1
नाक्‍दो	सुते	1
ब्‍वारशा	आयो	1
तारी	गहुँ	1
ब्‍वारशा	सामा	1
ब्‍वारशा	छारिदिएर	1
वांचेर	बोट	1
वामेनु	पर्‍यो	1
वांचेर	अन्‍न	1
वामेनु	फलाउन	1
वामाक्‍त	परे	1
सुवा	जग्गाका	1
धनी	दासहरू	1
शोक्‍नी	हजूर	1
शोक्‍नी	छर्नुभएको	1
सुवा	यिनमा	1
जोरी	शत्रुले	1
देंमाक्‍त	दासहरूले	1
सुवा	उखालेको	1
तुल्‍शा	तपाईं	1
तुल्‍चा	जमिनका	1
तुल्‍तीनी	उखेल्छौ	1
तुल्‍चा	तीसँगै	1
दुल्‍ब	उखेलौला	1
रिक्‍ची	दुवैलाई	1
मजाक्‍म	सँगै	1
बाक्‍ल	हुर्कन	1
आं	फसल	1
रिक्‍शा	उखेल	1
तिल्‍शा	जलाउनलाई	1
रिक्‍शा	मुठाहरूमा	1
भकारीम	ढुकुटीमा	1
ओदेंशो	रायोको	1
यो	दानाजस्तो	1
कामी	लियो	1
तोरी	बारीमा	1
क्‍येङा	बिउभन्दा	1
तोरी	हुर्कन्छ	1
वाशा	बगैँचामा	1
रवा	बोटभन्दा	1
रवामी	रुख	1
चिक्‍बीम	बन्छ	1
सेल्‍शा	बनाउँछन्	1
ओदेंशो	खमिरजस्तो	1
पाथी	लिइन्	1
फसमी	कचौरा	1
ओख्‍ती	पिठोमा	1
सुम्‍शा	मिसाइन्	1
नेल्‍ल	भिडलाई	1
मसेल्‍थु	बाहेक	1
मशेंदीमी	भन्‍नुभएन	1
दुम्‍ल	ठहरिऊन्	1
ख्रुइश्‍शो	मुख	1
नेंपाइक्‍नुङमी	खोल्नेछु	1
रूमी	खेतका	1
वाशो	सामाहरूको	1
शेंदीकी	गरिदिनुहोस्	1
वांचेर	बारीमा	1
शोक्‍ब	छरे	1
देंशो	उनीचाहिँ	1
रू	बारीचाहिँ	1
वांचेर	बिउचाहिँ	1
सुवा	सामाहरूचाहिँ	1
सुवा	शत्रु	1
ब्‍वारब	छरे	1
रुप्‍ची	त्योचाहिँ	1
पाइबपुकी	फसलको	1
गेय	गर्नेहरूचाहिँ	1
खुप्‍शा	बटुलिन्छन्	1
चोशो	जलाइन्छन्	1
पची	अन्तमा	1
पपाइक्‍ब	ल्याउने	1
खुप्‍शा	बटुल्नेछन्	1
दुम्‍शोपुकी	उनीहरूका	1
छेङछेङम	चम्कनेछन्	1
शोंप	धनजस्तै	1
थिदा	भेट्टायो	1
थिदा	लुकायो	1
बाक्‍शो	सबैथोक	1
लेश्‍शा	बेच्छ	1
ग्‍यबा	किन्छ	1
ओदेंशो	व्यापारीले	1
ग्‍याप्‍नुङ	खोजेजस्तै	1
मोती	मूल्य	1
तवा	भेट्टायो	1
लेयशा	बेच्यो	1
रेत्‍चा	फ्याँकिएको	1
ग्‍याइल	जालजस्तो	1
ग्‍याइलीम	खालका	1
ग्‍याइलीम	प्राणीलाई	1
ओव़मा	बटुल्यो	1
ब्रीमेनु	भरियो	1
ग्‍याइल	जालाहारीहरूले	1
ग्रुंइदमे	ताने	1
मब्‍वचा	राम्रा	1
ङांइ	भाँडाहरूमा	1
वोदमे	बटुले	1
मब्‍वचा	नलाग्‍ने	1
ङांइ	चिजहरूलाई	1
ताइक्‍तमे	फ्याँकिदिए	1
नाक्‍त	अन्तमा	1
पापी	दुष्‍टहरूलाई	1
ग्रुंइशा	छुट्‌ट्याउनेछन्	1
रुम्‍नी	बुझेका	1
रुप्‍तक	बुझेका	1
शेंसीशो	चेला	1
होव़प	शास्‍त्री	1
भकारी	भण्डारबाट	1
शोल्‍ने	निकाल्छ	1
शेंने	दृष्‍टान्तहरू	1
खिंमी	सिकाउनुभयो	1
शेंदानु	परिणामचाहिँ	1
सक्तिमी	ज्ञान	1
पवा	पाउँछन्	1
शी	सिकर्मीका	1
समीपुकी	बहिनी	1
गोपुकी	हाम्रै	1
जोक्‍शा	कहाँबाट	1
दुम्‍मे	पाउँछन्	1
मनुशो	उहाँबाट	1
तुइश्‍शा	अप्रसन्‍न	1
महिक्‍नीम	परिवार	1
मसुदेम	गर्नुभएन	1
रे	फेरि	1
छक	शक्‍तिहरूले	1
लाक्‍चा	उनमा	1
पाइबाक्‍माक्‍त	गरिरहेका	1
फिलीप	फिलिपकी	1
पर्बम	हेरोदियासको	1
चोक्‍शो	समाती	1
कली	बाँधेर	1
चोक्‍शो	हालेका	1
चाक्‍चा	राख्‍नु	1
हिंमाक्‍त	सक्थे	1
कली	प्रसन्‍न	1
ग्‍येरपदा	बनाइन्	1
सिल	प्रतिक्रियामा	1
पुंइतीवी	मागे	1
थाम्‍पा	वाचा	1
ख्रुम्‍शा	सिकाएपछि	1
हेरोदमी	बिन्‍तीबाट	1
मनुमाक्‍त	निराश	1
मनुमाक्‍त	रात्री	1
जाक्‍ब	सामेल	1
मचबा	राजाले	1
गेतीके	होस्	1
मगेनन	आज्ञा	1
क्‍योरपा	शिर	1
क्‍योरपा	काटिदिए	1
चाक्‍पा	ल्याइयो	1
गेपदा	ठिटीलाई	1
आलम	आमाकहाँ	1
ताक्‍शा	लगिन्	1
जेल्‍खानमी	आई	1
लास	शवलाई	1
जाक्‍शा	गए	1
शोव़तेक्‍म	बताइदिए	1
सुइ	ठाउँलाई	1
मबाक्‍तीकेम	स्थानमा	1
सहर	भिडहरूले	1
लाम्‍माक्‍त	सहरहरूबाट	1
समुन्‍द्र	पैदलै	1
रे	अगाडि	1
मेको	तिनीहरूप्रति	1
जाइनीमी	उजाड-स्थान	1
देल्‍शो	बितिसक्यो	1
गाउं	खानेकुराहरू	1
लचा	यिनीहरूलाई	1
शोब्‍ले	मकहाँ	1
निस्‍सीने	पाँचवटा	1
कोव़शा	हेर्दै	1
ङांइ	रोटीलाई	1
योक्‍शा	भाँच्‍नुभयो	1
रूथ्री	टन्‍न	1
जशा	खानाका	1
डालो	टोकरीभरि	1
जाइबपुकी	खाएकाहरूमध्ये	1
ला	झन्डै	1
ङोइक्‍पा	चढेर	1
ङोइक्‍पा	पट्टि	1
पीनुङ	आफैँले	1
ङोइक्‍पा	चाहनुभयो	1
सोइश्‍शा	पठाइसक्‍नुपछि	1
रिक्‍मेनु	भयो	1
रिक्‍मेनु	उहाँ	1
कांइचीक	एकलै	1
कांइचीक	हुनुहुथ्यो	1
शेंसीबपुकी	डुङ्गा	1
छालमी	दिशाबाट	1
तेक्‍शा	छालले	1
जाम्‍तेक्‍म	अनियन्‍त्रित	1
सोव़चावानु	तिन	1
,	बजेतिर	1
गाक्‍ना	हिँड्दै	1
पिशो	चेलाहरूले	1
आमाइ	समुद्रमाथि	1
ब्रेम्मानु	चिच्‍च्‍याउन	1
बारपतीने	बोल्नुभयो	1
बारपतीने	ढाडस	1
पिचा	आउनलाई	1
ब्रेत्‍तीनी	दिनुहोस्	1
ब्रेत्‍तानु	त्यसैले	1
लत	हिँडे	1
गिवार	बतासलाई	1
प्रोंइयीनी	डुब्‍न	1
ब्रेत्‍त	चिच्‍च्‍याउँदै	1
प्रोंइयीनी	बचाउनुहोस्	1
फि	हात	1
कीशा	फैलाउनुभयो	1
सुइक्‍ने	पत्रुसलाई	1
मचाप्‍ब	समात्‍नुभयो	1
फि	अल्पविश्‍वासी	1
पवी	गर्‍यौ	1
ङोंइ‍साक्‍स	पत्रुस	1
दिक्‍त	रोकियो	1
बाक्‍बपुकीम	चेलाहरूले	1
गेनेसरेथ	गनेसरेतको	1
रागीम	भूमिमा	1
जाक्‍दीम्‍मानु	ठाउँका	1
जाक्‍माक्‍त	चिने	1
नेंपाइक्‍मुमा	क्षेत्रमा	1
रोइ	समाचार	1
चाक्‍कीन	फैलाए	1
गेकी	पाऊँ	1
सातेक्‍म	निको	1
तुइक्‍ब	नियमलाई	1
मपाइनीमी	उल्लङ्घन	1
ङोंइती	खाँदा	1
चिक्‍चा	धुँदैनन्	1
पतीके	परम्पराहरूका	1
मपाइनीनी	उल्लङ्घन	1
सराप	खराब	1
पाइनीमी	बोल्दछ	1
पुंइसीनीम	मर्नेछ	1
।	सहयोग	1
मान	मबाट	1
ममाल्‍नीम	उपहार	1
शेंनीनी	भन्दछ	1
सेल्‍शा	बुबाको	1
क्‍याम्‍नीनी	गर्नुपर्दैन	1
क्‍याम्‍नीनी	बेकम्मा	1
गारचा	ठिकै	1
सेल्‍नीमी	गर्छन्	1
मदाक्‍नीम	छन्	1
सेल्‍शो	सिद्धान्तहरूलाई	1
,	गरेअनुसार	1
शेंनीम	सिकाउँदछन्	1
नेंशा	बुझ–	1
मसेल्‍ब	बनाउँदैन	1
ग्रूशोमी	आउँछ	1
सेल्‍ब	बनाउँदछ	1
मनुम	वाक्य	1
शेंब	चिढिएका	1
तुल्‍शा	बिरुवा	1
मख्रुम्‍शोपुकी	रोप्‍नुभएको	1
ताइक्‍चा	उखेलिनेछ	1
मारेइ	एकलै	1
पामेक्‍ल	छोडिदेओ	1
मिक्‍च	अन्धोले	1
कोंइताक्‍व	डोर्‍याउँछ	1
बिक्‍नीस	खस्‍नेछन्	1
पशो	दृष्‍टान्तको	1
में	गरिदिनुहोस्	1
मरुप्‍ब	अबुझ	1
ओव़ब	पस्दछ	1
कोव़ज	पेटमा	1
मतुइक्‍नीनी	शौचालयमा	1
?	निस्कन्छ	1
मिम्‍नीम	विचारहरू	1
मरिम्‍शो	हृदयबाट	1
जशोमी	खाँदा	1
सहर	सहरहरूका	1
नेक्‍था	क्षेत्रहरूतर्फ	1
जाक्‍दीत्‍त	लाग्‍नुभयो	1
का	क्षेत्रबाट	1
पाइय्‍यीनी	चिच्‍च्‍याएर	1
पाइय्‍यीनी	कराइन्	1
सुम्‍शा	दुष्‍टात्माद्वारा	1
गेप्‍तु	सताइएकी	1
सिक्‍सी	शब्द	1
पा	बोल्नुभएन	1
सोइक्‍तीने	बिन्‍ती	1
मीश	पठाइदिनुहोस्	1
पिन	चिच्‍च्‍याइरहेकी	1
सोंइसीशो	कसैकहाँ	1
नङ	पठाइएको	1
थेक्‍शा	पर्दै	1
कुचुम	साना	1
गेचा	कुकुरहरूकहाँ	1
मदुम	फालिदिनु	1
थमा	साना	1
बाक्‍त	कुकुरहरूले	1
हेंशा	टेबुलबाट	1
ताइश्‍शो	खसेका	1
थोव़क	स-साना	1
कुचुममी	टुक्राहरू	1
ताइनीम	खाँदछन्	1
ओहो	स्‍त्री	1
सुइय्‍यी	महान्	1
जाक्‍दील	गरेअनुसार	1
माइक्‍तु	गरियोस्	1
कुंजे	साथमा	1
मपाइब	गुँगा	1
पाइबपुकी	धेरैलाई	1
सापाइक्‍तीमी	उनीहरूले	1
मेको	चरणमा	1
नेल्‍ल	अर्पण	1
लाटापुकी	गुँगा	1
कूंजी	लुलाहरू	1
कुंजे	निको	1
गाक्‍बाक्‍तेक्‍म	हिँडेका	1
मताइब	देखेका	1
दुम्‍बाक्‍तेक्‍म	देख्यो	1
पाइनुङमी	लागेको	1
बाक्‍तेक्‍मे	बसेका	1
मगेथु	नख्वाईकन	1
खिं	यहाँबाट	1
बेक्‍नीम	पर्नेछैनन्	1
मबाक्‍तीकेमी	मरुभूमि	1
इश्‍का	यत्रो	1
गेचा	कहाँबाट	1
इश्‍का	पर्याप्‍त	1
निप्‍पाइश्‍शा	बस्‍नलाई	1
जशा	खाना	1
खुप्‍ताक्‍म	भरे	1
प्रोंइशा	जतिले	1
प्रोंइशा	खाए	1
माग्‍दाला	मगादानको	1
रागीमी	क्षेत्रतर्फ	1
सदुकीपुकी	शास्‍त्रीहरू	1
थाम्‍चा	आकाशबाट	1
का	माग	1
कोंइदीकी	परीक्षा	1
दीसा	मौसम	1
हाक्‍ब	सफा	1
दाम्‍मेनु	भन्छौ	1
फश	मौसम	1
गिवार	नराम्रो	1
गोस्‍सुम	बादलले	1
जिशो	ढाकिएको	1
देंनीनी	आकाशको	1
सरीङ	अवस्था	1
हाक्‍बा	अर्थ	1
रेउ	चिन्हहरूको	1
यीबा	अर्थ	1
खाल्‍ब	व्यभिचारी	1
खाल्‍ब	पुस्ताले	1
पालाम	चिन्हको	1
कोव़कोव़	खोजी	1
खाल्‍ब	योनाको	1
कोव़कोव़	दिइनेछैन	1
कुरचा	ल्याउन	1
ति	बिर्से	1
कुरचा	नल्याएको	1
मबा	नल्याएका	1
पमुनी	भन्दछौ	1
हेंम	बटुलेको	1
रूथ्री	सम्झना	1
रूथ्री	बुझेका	1
हेंम	टोकरी	1
ममिम्‍नीनी	उठायौ	1
फरिसी	रोटीहरूको	1
सदुकी	बोलिरहेको	1
पांइसीने	थिइनँ	1
होस	कसरी	1
ममाइ	बुझ्दैनौ	1
मुल	फरिसीहरू	1
मरुप्‍नीनी	सदुकीहरूको	1
मरुप्‍नीनी	खमिरबाट	1
मरुप्‍नीनी	सावधान	1
मरुप्‍नीनी	रहो	1
“	रोटीको	1
गे	खमिरबाट	1
शेंतीक	शिक्षाबाट	1
रुप्‍तेक्‍म	बुझे	1
फिलिप्‍पी	फिलिप्पीको	1
रागीम	इलाकाहरूमा	1
जाक्‍दीश्‍शा	आइपुग्‍नुभयो	1
येरमीया	यर्मिया	1
सुइक्‍यीनी	हुँ	1
सुइक्‍यीनी	भन्छौ	1
योना	योनाका	1
ग्‍येरसो	धन्यका	1
देंशो	रगतले	1
सेल्‍नुङ	गर्नेछु	1
नरकमी	नरकका	1
मेको	ढोकाहरू	1
कली	यसमाथि	1
ग्राने	विजयी	1
मचाप्‍ब	हुनेछैनन्	1
फ्रेंनेवे	बाँध्‍नेछौ	1
फ्रेंशो	बाँधिनेछ	1
प्रोंइनेवे	फुकाउनेछौ	1
सास्‍त्रीपुकी	शास्‍त्रीहरूका	1
सेंसीनुङ	जीवनमा	1
”	उठाइनुहुन्छ	1
गोप्‍तु	थाल्नुभयो	1
लाइश्‍शा	हप्काए	1
हिरशा	फर्कनुभयो	1
ए	मबाट	1
मकोंइदी	होइजा	1
तेक्‍ब	बाधा	1
मिम्‍शो	ध्यान	1
मपथु	दिँदैनस्	1
कका	लगाउँछस्	1
महिंथु	उठाउनुपर्छ	1
दाक्‍बमी	खोज्छ	1
साम्‍बमी	गुमाउँछ	1
सेल्‍शा	जगत्	1
गिंम	जीवनचाहिँ	1
खतम	गुमायो	1
दुम्म	हुन्छ	1
खतम	आफ्नो	1
दुम्‍शो	जीवनको	1
गिंम	बदलामा	1
मतथु	नदेखुन्जेलसम्म	1
मबेक्‍नीम	चाख्‍नेछैन	1
लाइश्‍शो	अग्लो	1
कुल	मुहार	1
बुबु	प्रकाशझैँ	1
तामे	उज्यालो	1
लोव़सी	बोलिरहेका	1
सेल्‍नुङ	वासस्‍थान	1
।	बनाउनेछु–	1
गिल्‍मी	ढाक्यो	1
बाम्‍मा	मुहार	1
बाम्‍मा	लुकाएर	1
बोक्‍शा	माथि	1
ब्रुम्‍मानु	झर्दै	1
मसेंसे	नउठेसम्म	1
माइक्‍मी	नबताउनू	1
जाक्‍चा	आउनुपर्छ	1
शेंनीमी	भन्छन्	1
ङोंइती	अवश्य	1
सास्‍त्रीपुकीमी	चिनेनन्	1
दाक्‍तमे	उनीमाथि	1
दाक्‍तमे	लाग्यो	1
सेउ	भन्यो	1
तौ	छोरामाथि	1
छारे	छारे	1
दुप्‍पांइसीशा	भोगिरहन्छ	1
जना	आगो	1
जन	पानीमा	1
बाक्‍ब	खस्दछ	1
देंङानु	ल्याएँ	1
मटीबपुकी	भ्रष्‍ट	1
बाक्‍नुङा	बस्‍ने	1
बाक्‍नुङा	साथ	1
फाल्‍शा	यता	1
चाक्‍गमेनु	हकार्नुभयो	1
हुइश्‍शा	उसबाट	1
खेरतु	निस्क्यो	1
सात	घडीबाट	1
वोल	निकाल्न	1
खोइ	जत्तिकै	1
डांडा	हटेर	1
मलीब	जानेछ	1
खेरचा	भूतात्माचाहिँ	1
ग्रुंइने	उपवासविना	1
चाम्‍सीब	निस्कँदैन	1
बेक्‍शो	मार्नेछन्	1
मथाप्‍बा	सेकेल	1
पोक्‍बपुकीमी	उठाउने	1
शेंबमी	शिक्षकले	1
पोक्‍बपुकीमी	सेकेल	1
मथाप्‍बा	तिर्दैनन्	1
थाप्‍ब	तिर्छन्	1
जाक्‍मेनु	बोल्नुभयो	1
पिपपुकीमी	कोबाट	1
पोक्‍पदमेनु	महसुल	1
तौ	पाउँछन्	1
पोक्‍नीमी	प्रजाबाट	1
देंनेवे	परदेशीहरूबाट	1
पत्रुसम	पत्रुसले	1
अर्को	परदेशीहरूबाट	1
तौपुकीमी	प्रजाहरूचाहिँ	1
थाप्‍चा	तिर्नबाट	1
ममाल्‍बाक्‍मा	मुक्त	1
थाप्‍तस	उठाउनेहरूलाई	1
थाप्‍तस	पाप	1
थाप्‍तस	बाध्य	1
ग्‍यारशा	नगराऔँ	1
बोल्सी	बल्छी	1
ग्‍यारशा	हान	1
रेश्‍शो	जुन	1
रेश्‍शो	पर्छ	1
पाक्‍को	तान	1
स्‍तातेर	खोलेपछि	1
थित्‍नेवे	सेकेल	1
थित्‍नेवे	भेट्टाउनेछौ	1
लाइश्‍शा	लेऊ	1
थाप्‍तो	उठाउनेहरूलाई	1
काबु	येशूका	1
येसुमी	आफ्नो	1
राप्‍पाइश्‍शा	राख्‍नुभयो	1
मिम्‍चा	बालकजस्तो	1
ब्रेम्‍शोपुकी	नम्र	1
ब्रेम्‍शोपुकी	मानिस	1
ब्राइबा	अपनाउँछ	1
ब्राइब	अपनाउँछ	1
यात	एउटैलाई	1
पपाइक्‍बा	लगाउँछ	1
शुरम	गलामा	1
यात	ढुङ्गो	1
क्‍युक्‍शा	झुण्ड्याइ	1
ख्रुम्‍शा	गहिराइमा	1
साइक्‍चा	फालिदिनु	1
बाक्‍‍ब	हुने	1
पपाइक्‍ब	कठिनाइको	1
पपाइक्‍ब	समयको	1
आबी	संसारलाई	1
जाक्‍‍नीम	आउनु	1
आबी	जसद्वारा	1
आबी	आउँछ	1
पुंइसीचा	आगोमा	1
पुंइसीचा	फालिनुभन्दा	1
डुंडे	लुलो	1
राज्‍यम	जीवनमा	1
मिक्‍च	निकाल	1
फेश्‍शा	तिमीबाट	1
ख्रुम्‍चा	आगोमा	1
पुंइसीचा	फालिनु	1
स्‍वर्ग	आँखाको	1
आल	सानाहरूमध्ये	1
कोव़ब	हेर्दछन्	1
जाम्‍शो	हराएकाहरूलाई	1
सहे	गर्छौ	1
भेडामी	मानिससँग	1
जाम्‍त	हरायो	1
९९	उनान्सयलाई	1
भेडामी	डाँडाको	1
वोइश्‍शा	हराएकोलाई	1
मगाक्‍बा	हिँड्दैन	1
थिदानु	हराएको	1
थिदानु	भेट्टायो	1
मजाम्‍शो	ऊसँग	1
थिशो	एउटाको	1
ग्‍येरसीब	रमाहट	1
बुदी	सानाहरूमध्ये	1
बुदी	होस्	1
बाक्‍सीनु	भेटेर	1
तुइक्‍पतो	देखाइदेऊ	1
बीसाक्‍व	सुन्छ	1
सेल्‍नेवे	गर्नेछौ	1
मबिस्‍साक्‍व	सुन्दैन	1
दुम्‍शा	तिमीसँगै	1
लशा	लैजाऊ	1
वोइश्‍शा	बोलीद्वारा	1
पावो	ठहरिओस्	1
पुक्‍शा	विषय	1
पावो	बताऊ	1
मबिस्‍साक्‍व	सुन्‍न	1
तिल्‍शा	उठाउने	1
सोइक्‍तो	सरह	1
वोइक्‍नीनी	बाँध्छौ	1
पाइश्‍शो	बाँधिनेछ	1
प्रोंइनीनी	फुकाउनेछौ	1
ताइनीस	जुनसुकै	1
देंनुङ	गरिनेछ	1
खुम्‍सीनीमी	भेला	1
खुम्‍सीनीमी	हुन्छन्	1
बाक्‍नुङ	हुनेछु	1
माल्‍नुङा	गरूँ	1
ममाइ	भन्दिनँ	1
जेर	तुलना	1
लाइब	सकिन्छ	1
जेर	नोकरहरूसित	1
ताक्‍चा	मिलाउन	1
थुइश्‍शो	ल्याइयो	1
हजार	सुनका	1
जेर	नोकरसित	1
थोव़की	उपाय	1
थाप्‍ती	त्योसहित	1
इ	त्यसकी	1
लेयशा	बालबच्‍चा	1
तमी	सबथोक	1
लेयशा	बेचेर	1
जेर	तिर्न	1
थाप्‍ती	आदेश	1
खुम्‍की	नोकर	1
खुम्‍की	टेक्दै	1
हे	मालिक	1
थाप्‍नुङ	मसँग	1
इच्‍चीन	हजुरलाई	1
थाम्‍ने	तिर्नेछु	1
मुलाक्‍त	नोकरका	1
हिसाब	भरिएको	1
हिसाब	छोडिदिएर	1
क्‍याम्‍दा	ऋणमुक्त	1
वारचमी	भेट्टायो	1
ग्रुम्‍सानु	पक्रियो	1
क्रोक्‍क्रो	घाँटीमा	1
निप्‍शा	समात्यो	1
मुलन	तिर्नुपर्नेछ	1
मप्रोना	तिरिहाल	1
ए	नोकरले	1
मचाप्‍नुङ	टेक्यो	1
थाप्‍नुङ	ऋण	1
प्रोंइसीन	नोकरले	1
मप्रोंइनन	गर्‍यो	1
लाइश्‍शा	गयो	1
चोक्‍पा	हालिदियो	1
वारचपुकीमी	सहकर्मी	1
वारचपुकीमी	नोकरहरूले	1
वारचपुकीमी	अत्यन्तै	1
पिपीमी	नोकरका	1
चोक्‍पाइक्‍ब	मालिकले	1
बाक्‍ङे	दुष्‍ट	1
गेम	तैँले	1
क्‍याम्‍शा	गरिदिएँ	1
दोपा	तँमाथि	1
पाइना	गरेझैँ	1
ममाल्‍नेवे	नोकरमाथि	1
ममाल्‍नेवे	पर्दैनथ्यो	1
पुलीस	रिसाए	1
मथाप्‍ता	चुक्ता	1
पुलीस	सताउनेहरूका	1
शेंने	सिद्ध्यानुभयो	1
प्रोंइशा	निस्कनुभयो	1
रागीम	सिमानासम्म	1
आन	कारणले	1
आन	त्याग्‍नु	1
मारेइ	न्यायसङ्गत	1
क्‍येङा	पढेका	1
मपढेनी	बनाउनुभयो	1
आम	उसका	1
आफ	छोड्नेछ	1
दुम्‍नीस	हुनेछन्	1
कांइचीक	एकसाथ	1
सेल्‍शो	जोड्नुभएको	1
मफ्रादमेक्‍ल	नछुट्‌ट्याओस्	1
फरिसीपुकीमी	भने	1
प्रोंइने	लेखेर	1
चाम्‍सीब	त्याग्‍ने	1
मुरपुकीमी	कठोरताको	1
मपाइनीम	मोशाले	1
प्रोंइचा	त्याग्‍न	1
चाक्‍बा	अनैतिकताको	1
फ्राब	कारणले	1
फ्राब	त्याग्छ	1
सुमी	मानिसले	1
पत्र	त्यागिएकी	1
शेंसीबपुकीमी	पतिको	1
नेंशा	पत्‍नीसँग	1
बाक्‍त	अवस्था	1
मपचा	नगर्नु	1
शुशेमी	सक्दैनन्	1
थिचा	गर्भदेखि	1
बाक्‍नीम	जन्मे	1
मथीब	नपुंसक	1
का	नपुंसकहरू	1
ग्‍युंबे	नपुंसक	1
मपथु	बनाए	1
बाक्‍मे	सक्षम	1
मेकोपुकीमी	ग्रहण	1
रुप्‍मेक्‍ल	गरोस्	1
चाक्‍शा	राखेर	1
पवल	गरिदिऊन्	1
चाक्‍गमेनु	ल्याइयो	1
जाक्‍चा	नरोक	1
केन	यिनीहरूकै	1
पवी	सोध्छौ	1
ब्रोंइशा	चाहन्छौ	1
बाक्‍नीम	भन्यो	1
मसाइक्‍चा	नगर्नू	1
मफ्राचा	नगर्नू	1
बाक्‍चा	नदिनू	1
टिचा	गर्नू	1
पना	पालना	1
पन	गरेकै	1
लाक्‍शा	अझै	1
माल्‍नुङा	आवश्यक	1
दाक्‍तावी	गर्छौ	1
राव	दुःखित	1
कीपाइश्‍शा	भएर	1
गाक्‍त	गइहाल्यो	1
मताइनीम	कठिन	1
चाप्‍चा	गर्नु	1
शेंसीबपुकीमी	सार्‍है	1
ओव़चा	बचाइन	1
ताइनीमी	सक्छ	1
ताइनीकी	पाउनेछौँ	1
ताइनीनी	पछ्याएका	1
सरीङ	जन्ममा	1
नित्‍तीकेम	महिमाको	1
निश्‍शा	बस्छन्	1
दुम्‍नीनी	बस्‍नेछौ	1
नें	नामको	1
दिदी	दिदी-बहिनीहरू	1
तमी	बालबच्‍चाहरू	1
बाक्‍शो	देश	1
प्रोंइबा	त्यागेको	1
क्‍येङा	गुणा	1
दुम्‍शोपुकी	पहिला	1
दुम्‍शोपुकी	पर्नेछन्	1
दुम्‍नीम	परेका	1
सुनी	मालिकजस्तै	1
ब्रेत्‍थ	दाखबारीको	1
अङगुर	खेतालाहरूलाई	1
रूमी	ज्यालादारीमा	1
ब्रेत्‍थ	एका	1
लमाक्‍त	बिहानै	1
काबु	कामदारहरूसँग	1
गेनन्‍नी	गराउन	1
गेनन्‍नी	सहमत	1
मिन	कामदारहरूलाई	1
मथिप्‍ब	अरूहरूलाई	1
मथिप्‍ब	उनले	1
सुनी	दिनभरि	1
फ्रेंशा	बसिरहेका	1
मगेमे	लगाएको	1
रिक्‍शा	पर्‍यो	1
योक्‍ब	व्यवस्थापकलाई	1
गाल्‍च	अन्तिममा	1
योक्‍शा	आएकोबाट	1
गेमी	तिरिदेऊ	1
ना	लगाइएका	1
ब्रेश्‍शा	कामदारहरू	1
सुनी	सुरुका	1
कना	कामदारहरू	1
ताक्‍शा	ज्यालाहरू	1
जाक्‍बपुकीमी	कामदारहरूले	1
इच्‍का	घण्टा	1
पाइतक	बिताएका	1
उइक्‍थ	समान	1
उइक्‍थ	बनाउनुभएको	1
गाल्‍च	दिनको	1
गे‍तीनी	बोझ	1
दुप्‍शा	पोल्ने	1
चोशा	घामलाई	1
गे‍तीनी	सह्‍यौँ	1
बिस्‍से	मञ्जुर	1
ममाइ	थिएनौ	1
देनार	तिम्रो	1
का	हो	1
गेशो	जत्तिकै	1
जाक्‍ब	लगाइएका	1
दाक्‍ताक्‍ङ	इच्छा	1
बाक्‍शो	सम्‍पत्तिलाई	1
पा	गर्नु	1
मताइनुङा	न्यायसङ्गत	1
कुप्‍फीम	आँखा	1
मी	दुष्‍ट	1
पान	यसैले	1
दुम्‍बपुकी	पहिलोचाहिँ	1
दुम्‍नीम	बोलाइएका	1
दुम्‍बपुकी	चुनिएका	1
दुम्‍नीम	थोरै	1
१२	बार्‍है	1
गाक्‍मेनु	राख्‍नुभयो	1
मेकोपुकीमी	मृत्युदण्डको	1
युक्‍शा	ठट्टा	1
थोक्‍शा	झुण्ड्याउनको	1
जब्‍दी	अगाडि	1
चाक्‍शा	पाउनलाई	1
पाप्‍तु	गरिन्	1
पुंइनेवे	गर्छौ	1
तौ	छोरामध्ये	1
मुल	गर्नुहोस्	1
इस	सो	1
चाप्‍नीसी	गइरहेको	1
चाप्‍नीसी	सक्षम	1
चाप्‍नस्‍कु	हामीहरू	1
चाप्‍नस्‍कु	सक्षम	1
कचौराम	कचौराबाट	1
”	जसका	1
गुइमी	पारिएको	1
दोदेंशो	दाजुभाइसँग	1
मनुम	रुष्‍ट	1
दिप्‍शा	अधीनमा	1
माल्‍बम	इच्छा	1
पपांइसीचा	पाउनलाई	1
मुर	मोल	1
प्रोंइचा	तिर्नको	1
सोइक्‍थ	दिनलाई	1
काबु	तिनीहरू	1
खोइक्‍तेक्‍म	लाग्यो	1
हुइक्‍तमेनु	हप्कायो	1
पङा	गरिदिएको	1
पुंइसी	चाहन्छौ	1
सेलीने	खोलिऊन्	1
थिवानु	भरिनुभएर	1
थिवानु	त्यत्तिखेरै	1
नेक्‍था	चेलाहरू	1
जाक्‍दीश्‍शा	पुग्‍ने	1
गधा	बित्तिकै	1
पाइश्‍शा	बाँधेर	1
देंतेक्‍म	भन	1
गेनीम	पठाइदिनेछन्	1
मोदेंशो	अगमवक्‍ताद्वारा	1
मारदे	उहाँले	1
ओदें	भन	1
गधा	गधामाथि	1
गधैनी	सवार	1
गधैनी	बच्‍चा	1
चाइक्‍ब	बछेडामाथि	1
चाइक्‍ब	बछेडालाई	1
ङोंइ‍साक्‍व	कपडाहरूमाथि	1
ङोंइ‍साक्‍व	बस्‍नुभयो	1
खोइक्‍बपुकीमी	धेरैले	1
सेल्‍तेक्‍म	फैलाइदिए	1
गाक्‍बपुकीमी	चिच्‍च्‍याए	1
जाक्‍ब	आउनुहुन्छ	1
जाइ	उच्‍चमा	1
ओव़मेनु	यरूशलेमभित्र	1
बाक्‍बपुकीमी	सारा	1
ओव़मेनु	हलचल	1
ग्‍याप्‍ब	मन्दिरभित्र	1
ग्‍याप्‍ब	खरिद	1
फाइक्‍ब	बेच्ने	1
खेरतीमी	निकालिदिनुभयो	1
टेबल	टेबुलहरू	1
गेम्‍तीमी	बेच्‍नेहरूका	1
लेयब	आसनहरू	1
आं	प्रार्थनाको	1
मान	कहलाइनेछ	1
खुइ	डाँकुहरूका	1
पुक्‍खी	अड्‌डा	1
सेल्‍तीनी	बनाउँछौ	1
सापाइक्‍तीमी	दृष्‍टिविहीनहरू	1
खोरन्‍डेपुकी	लङ्गडाहरू	1
खोरन्‍डेपुकी	मन्दिरभित्र	1
आलपुकीमी	मन्दिरमा	1
आलपुकीमी	केटाकेटीहरूले	1
रेयके	चिच्‍च्‍याइरकेका	1
सुइश्‍शा	रिसले	1
मान	चुर	1
देंबाक्‍मा	भनिरहेका	1
मनेंनीनी	सक्छौ	1
आइक्‍च	दूधे	1
बुकलु	शिशुहरूको	1
सेल्‍पांइसाक्‍नी	लिनुभएको	1
बास	रात	1
सुनी	फर्कनुभयो	1
शोव़लु	भोकाउनुभएको	1
नेक्‍थामी	बाटोको	1
सफा	पातहरूबाहेक	1
ताप्‍तु	भेट्टाउनुभएन	1
मेरे	तँबाट	1
मसिप्‍ब	फेरि	1
रवा	फल	1
दुमो	नआओस्	1
सोव़त	अन्जीरको	1
साव	तुरुन्तै	1
सोव़त	सुकिहाल्यो	1
साव	सुकेर	1
सोव़मे	गयो	1
मपथु	गरेनौ	1
रवा	बोटलाई	1
रे	उखेलिएर	1
देंतीनी	भन्यौ	1
याक्‍सीशा	त्यसै	1
सुइश्‍शा	जेसुकै	1
ओव़शा	आउनुभएको	1
शेंन	सिकाउँदै	1
खालपापुकी	अगुवाहरू	1
पवी	कुराहरू	1
पाइनुङ	सोध्‍नेछु	1
लेत्‍ताक्‍नी	बतायौ	1
पाम्‍तीमी	या	1
मो	उसले	1
देंयानु	भन्यौँ	1
मनेंथु	भिडसँग	1
मटीनीम	डराउँदछौँ	1
बाक्‍नीम	हेर्दथे	1
मशेंनन्‍नी	भन्दिनँ	1
जेठा	पहिलोकहाँ	1
मलाइनुङ	जान्‍नँ	1
लेश्‍शा	बद्‌ल्यो	1
पथ	छोराकहाँ	1
दुम्‍ब	हजुर	1
मल‍माक्‍त	गएन	1
सुमी	जनामध्ये	1
?	कुनचाहिँ	1
पवा	चाहिँले	1
तेल्‍लेम	यौनकर्मीहरू	1
ताइनीम	गर्नेछन्	1
थुं	कर	1
मलेत्‍तीनी	उठाउनेहरू	1
मलेत्‍तीनी	यौनकर्मीहरूले	1
यूहन्‍ना	देख्यौ	1
लेत्‍ताक्‍म	गरेनौ	1
सेल्‍शा	मालिक	1
हिरशा	लगाए	1
ख्राक्‍तीक	पेल्ने	1
वोइक्‍तीक	कोल	1
माल्‍शा	रेखदेखको	1
वोइक्‍तीक	धरहरा	1
सेल्‍शा	खेतालाहरूलाई	1
बुम्‍था	ठेक्‍का	1
सेक्‍ची	फसलको	1
गेय	दाखबारीका	1
मीशा	खेतालाहरूकहाँ	1
पोक्‍थ	ल्याउनको	1
पाइबपुकी	दाखबारीका	1
जाक्‍दीम्‍मानु	खेतालाहरूले	1
जाक्‍दीम्‍मानु	वशमा	1
खेरमे	हिर्काए	1
सोइश्‍शो	मालिकले	1
आन	दाखबारीमा	1
मोदेंशोन	व्यवहार	1
बुम्‍था	दाखबारीमा	1
केन	लिऔँ	1
फि	उसलाई	1
रू	दाखबारीबाट	1
ग्रुंइशा	फ्याँकिदिए	1
मो	दाखबारीमा	1
साइक्‍पाइक्‍ब	सबैभन्दा	1
पोक्‍थ	भयानक	1
साइक्‍पाइक्‍ब	तरिकाले	1
।	नाश	1
चहिं	ठेक्‍कामा	1
मीमेनु	पाकिसकेपछि	1
जाक्‍ब	मोल	1
गेब	तिर्दछन्	1
प्रोङमेनु	पढेनौ	1
मगार	भवन	1
प्रोङमेनु	रद्ध	1
ताइश्‍शो	त्यहीचाहिँ	1
मगार	शिर	1
रोइक्‍चा	लगिनेछ	1
सिप्‍ब	फलाउनेछ	1
पांइसीशा	ढुङ्गामा	1
राम्‍सीबा	खस्दछ	1
फस	टुक्रा-टुक्रा	1
चिप्‍बा	खस्दछ	1
बेक्‍ब	कुल्चिनेछ	1
फरिसीपुकीमी	शास्‍त्रीहरूले	1
कथापुकी	दृष्‍टान्तहरू	1
ग्‍याइक्‍पाइक्‍चा	पक्रनचाहन्थे	1
हिंमा	भिडसँग	1
लेंशा	दृष्‍टान्तमा	1
ओदेंशो	राजाजस्तो	1
तौ	छोराको	1
पचवा	तयारी	1
ब्रेत्‍थ	आउनको	1
निम्‍तो	निम्त्याइएकाहरूलाई	1
मपामे	मानेनन्	1
जथ	निम्त्याइएकाहरूलाई	1
ठीक	पारेको	1
जाक्‍कीन	गोरुहरू	1
मतीन	मोटा	1
ब्रेत्‍थ	पशुहरू	1
लो	मारिएका	1
ब्रेत्‍थ	तयार	1
ब्रेत्‍थ	विवाहको	1
रूमी	खेतबारी	1
लेयतीक	अर्को	1
पथ	व्यवसायतिर	1
लीशोपुकीमी	अरूहरूले	1
ब्रेत्‍थ	राजाका	1
तुप्‍शा	;	1
ब्रेत्‍थ	लाजमर्दो	1
सिपाही	सेनाहरू	1
साइक्‍ब	हत्याराहरूलाई	1
गाउं	जलाइदिए	1
सेल्‍ता	तयार	1
जाक्‍चा	निम्त्याइएको	1
मशिरसीशो	योग्यका	1
थिन्‍नी	जति	1
थिन्‍नी	विवाह	1
चाक्‍कीने	बोलाओ	1
लां	नोकरहरू	1
दोदेंशो	थरीका	1
पौनापुकीम	पाहुनाहरूले	1
ब्रीमाक्‍त	भरियो	1
पौना	पाहुनाहरूलाई	1
मफेक्‍शो	नलगाईकन	1
मफेक्‍थु	नलगाईकन	1
ओव़ङे	आयौ	1
मचबा	सकेन	1
पुंइसीशो	बोलाइएकहरू	1
ख्राइक्‍पपाइश्‍शा	जालमा	1
गेचा	पार्ने	1
लोव़सी	योजना	1
लोव़	मार्गलाई	1
तुइक्‍नीक	सोच्छ	1
मथाप्‍थु	तपाईं	1
मथाप्‍थु	के	1
मथाप्‍थु	भन्‍नुहुन्छ	1
हिल्‍लो	कैसरलाई	1
पखु	कर	1
पा	तिर्नु	1
कपटीपुकी	पाखण्डी	1
थाम्‍नीनी	जाँच्दछौ	1
थाप्‍तीके	तिर्ने	1
कोंइताक्‍म	ल्याए	1
ख्रोइश्‍शो	छाप	1
फ्रा	उहाँबाट	1
फ्रु	अलग्गिएर	1
शेंनीम	भन्दथे	1
कामी	पुरुष	1
मथिथु	नजन्माईकन	1
तमी	निम्ति	1
खिं	तिनीहरू	1
७	गर्‍यो	1
ङोंइती	नभईकन	1
पाप्‍तु	छोड्यो	1
भोग्‍यु	भाइले	1
वोइश्‍शा	गर्‍यो	1
साइलामी	तेस्रोले	1
बेक्‍त	भाइसम्म	1
नोले	मरेपछि	1
जना	दाजुभाइमध्ये	1
आ	चाहिँको	1
दुम्‍बा	हुन्छे	1
हिल्‍लो	गरिसकेका	1
मिम्‍नीनी	परेका	1
मपाइनीम	दिइन्छ	1
खोदेंशो	दूतहरूजस्तै	1
सेंशा	परमेश्‍वरद्वारा	1
देंशा	पढेका	1
परमप्रभु	जीवितहरूका	1
लोव़	शिक्षामा	1
लाक्‍तेक्‍म	परे	1
सदुकी	सदुकीहरूलाई	1
लेन्‍ने	पार्नुभएको	1
दाते	तिनीहरूमध्येका	1
आरेशो	व्यवस्थाका	1
आरेशो	गुरुले	1
तुइक्‍ब	जाँच	1
माल्‍शो	आज्ञाचाहिँ	1
नेल्‍लेमी	हृदयले	1
बोल	समझले	1
दाक्‍शो	आफैँलाई	1
नेल्‍ल	दुईवटा	1
खाप्‍शो	आज्ञामाथि	1
खाप्‍शो	आधारित	1
मिम्‍नीनी	विचार	1
दाऊदमी	भरिँदा	1
देंबा	पुकारे	1
मवोदुमी	तबसम्म	1
दुम्‍मे	सक्छन्	1
लोव़	जवाफमा	1
लेन्‍ने	बोल्न	1
में	त्यस	1
मेरे	प्रश्‍नहरू	1
प्रोंइतेक्‍म	गरेन	1
दुम्‍शो	आसनमा	1
देंनीम	कामहरूको	1
तन्‍न	कुराहरूचाहिँ	1
हेल्‍शो	हो	1
हेल्‍शो	कठिन	1
हेल्‍शो	गह्रौँ	1
भारी	भारीहरू	1
सेल्‍शा	बाँधिदिन्छन्	1
कुरपाइक्‍नीम	काँधहरूमा	1
कुरपाइक्‍नीम	राखिदिन्छन्	1
ब्रेप्‍चो	बोक्‍नलाई	1
मगेनीम	चलाउँदैनन्	1
ङोंइती	देखून्	1
टालोमी	निधारमा	1
वामी	नाडीमा	1
केप्‍नीमी	राखिने	1
झुम्‍का	व्यवस्था-पत्रीहरू	1
केप्‍नीमी	बनाउँछन्	1
वामी	वस्‍त्रका	1
वामी	झुम्काहरू	1
झुम्‍का	पार्दछन्	1
पुंइसीतीकेमी	मुख्य	1
पुंइसीतीकेमी	स्थानहरू	1
पुंइसीतीकेमी	मन	1
नित्‍‍चा	पराउँछन्	1
बजारमी	बजारहरूमा	1
गाक्‍मानु	विशेष	1
सेउ	मानिसहरूद्वारा	1
मदेंमल	गरिनुहुँदैन	1
मदेनीने	नपुकार	1
मदेंमल	गुरुज्यू	1
मदेंमल	बोलाऊन्	1
होव़प	गुरु	1
हिक्‍चा	पार्दछ	1
मपुंइसीब	होच्याइनेछ	1
चहिं	होच्याउँछ	1
ओव़तीक	बन्द	1
तेक्‍नीनी	गर्दछौ	1
मओव़नीनी	यसमा	1
मओव़नीनी	गर्दनौ	1
मगेनीनी	लागेकाहरूलाई	1
मगेनीनी	दिन्छौ	1
दुइश्‍शो	विधवाहरूका	1
शोंप	घरहरू	1
गेनीनी	देखाउँदछौ	1
यहूदी	मतमा	1
धर्म	ल्याउनलाई	1
गाक्‍नीनी	चहार्दछौ	1
सेल्‍शा	मतमा	1
तपाइश्‍शा	दोब्बर	1
सोइक्‍नीनी	बनाउँछौ	1
खाइक्‍ती	भन्दछौ	1
मूर्खपुकी	मूर्खहरू	1
सुनमी	सुनलाई	1
थोव़की	भेटीको	1
थोक्‍सीब	शपथद्वारा	1
मपाइश्‍शोपुकी	मानिसहरू	1
ठेयब	भेटीलाई	1
थोव़की	थोकको	1
निप्‍ब	बास	1
निप्‍ब	गर्नुहुनेको	1
भाग	सुप	1
भागमी	जिराका	1
पतीके	गहन	1
ममिम्‍नीनी	बेवास्ता	1
मप्रोंइचा	अवहेलना	1
माल्‍शो	नगर्नुपर्ने	1
तिल्‍शा	भुसुनालाई	1
तूनीनी	चाल्दछौ	1
जन्‍तु	निल्दछौ	1
बोस	कचौराहरू	1
लाङगा	थालहरूको	1
लाङगा	धुन्छौ	1
आगामी	अन्यायपूर्ण	1
खुइ	माग	1
ग्रांग्रा	लोभले	1
बोस	कचौरा	1
खुइक्‍तीने	थालको	1
तांइसेक्‍ल	सफा	1
बुलु	चुनले	1
दारपाइश्‍शो	पोतेका	1
तुरस	चिहानहरूजस्ता	1
तांइसीब	पर्दछन्	1
आगाम	भित्रपट्टि	1
रुश	चाहिँ	1
रुश	मरेका	1
रिना	मानिसहरूका	1
पाइश्‍शा	हाडहरू	1
ग्रांग्रा	अशुद्धताले	1
दिचा	भरिएका	1
धर्मी	धर्मी	1
तांइसीनीनी	पर्दछौ	1
कपट	कपट	1
पापम	दुष्‍टताले	1
लोव़	चिहानहरू	1
पाइब	बनाउँदछौ	1
तुरस	चिहानहरूलाई	1
सेल्‍नीनी	सिङ्गार्दछौ	1
नक	जिएका	1
कली	रगत	1
साइक्‍पाइक्‍चा	बगाउने	1
मगेक	तिनीहरूसँग	1
साइक्‍पाइक्‍चा	सहभागी	1
देंनीनी	थिएनौँ	1
साइक्‍ब	तिमीहरू	1
तुइक्‍पांइसीनीनी	दिन्छौ	1
तुइक्‍पांइसीनीनी	हत्या	1
पिपीम	कामलाई	1
खपीने	गर्छौ	1
खलकपुकी	साँपका	1
लतीके	दण्डबाट	1
ब्रोंइनीनी	उम्कनेछौ	1
सोइक्‍नुङमी	पठाउँछु	1
साइक्‍नीनी	मार्नेछौ	1
साइक्‍नीनी	टाँग्‍नेछौ	1
युक्‍नीनी	लगाउनेछौ	1
बाक्‍चा	सहर	1
मगेथु	हुँदो	1
खेरनीनी	धपाउनेछौ	1
बेरेक्‍याह	बगाइएका	1
जकरिया	जनको	1
मताइनीनी	आइपर्नेछ–	1
बेरेक्‍याह	बेरेक्याहका	1
मताइनीनी	रगतसम्म	1
खिंमी	पवित्र-स्थान	1
साइश्‍शो	हत्या	1
पाला	पुस्तामाथि	1
राइब	आइपर्नेछन्	1
साइक्‍तीवी	मार्छस्	1
इ	तँकहाँ	1
शेंथ	पठाइएकाहरूलाई	1
क्रोम्‍ताक्‍वी	हान्छस्	1
शुश	कति	1
माल्‍ता	बटुल्ने	1
माल्‍ता	इच्छा	1
खेयप	कुखुरीले	1
पुप्‍चा	पखेटामुनि	1
माल्‍ता	बटुल्छ	1
मबिस्‍से	गरिनस्	1
माइक्‍नन	भन्दछु	1
मपवी	अबदेखि	1
येसु	ययेशू	1
खिं	बाटोमा	1
कोल्‍पा	देखाउन	1
ताइतीनी	देख्दैनौ	1
मलीब	छोडिनेछैन	1
ख्रोप्‍शा	भत्काइनेछन्	1
जाक्‍दीश्‍शा	वस्‍नुभयो	1
यो	सुटुक्‍कै	1
नुप्‍चवा	अन्तको	1
तांइसीनीमी	हुनेछ	1
मक्‍यामेक्‍ल	नभड्काओस्	1
क्‍यानीम	भड्काउनेछन्	1
नेंशा	विचलित	1
एर	भूकम्पहरू	1
कुइब	जानेछन्	1
खेदा	सङ्कष्‍टको	1
पर्बम	नामको	1
जात	जातिद्वारा	1
मदाक्‍थु	गरिनेछ	1
सुइक्‍चा	ठेस	1
प्रोंइनीम	खानेछन्	1
वारच	अर्कालाई	1
प्रोंइनीम	दिनेछन्	1
शेंबपुकी	अगमवक्‍ता	1
प्रोंइपाइक्‍नीम	बहकाउनेछन्	1
पाप	अधर्मको	1
बारतीके	हुनेछ	1
बारतीके	;	1
पमुचा	जनाको	1
प्रोंइनीम	सेलाउनेछ	1
तुइक्‍पांइसीब	साक्षीको	1
माल्‍नीम	गरिनेछ	1
नुप्‍ची	अन्त	1
दानीएलमी	दानिएल	1
पढेबपुकीमी	विनाशकारी	1
थमा	पवित्र	1
तनीनु	स्थानमा	1
पढेबपुकीमी	उभिएको	1
रुप्‍मेक्‍ल	देख्छौ	1
पढेबपुकीमी	बुझोस	1
बाक्‍बपुकी	छन्	1
ओव़शा	छानामाथि	1
दाव	सामान	1
दिव	तल	1
दिव	नझरोस्	1
प्रोक्‍मल	नफर्कोस्	1
जाइनीम	चुसाउँछन्	1
श्‍येत	भाग्‍न	1
जाइनीम	कहिल्यै	1
दुम्‍त	नघटाइएसम्म	1
मब्रोंइनीम	बच्नेछैन	1
मगेब	घटाइनेछन्	1
देंतेक्‍म	भन्छ	1
मसुतीने	नगर	1
चिन्‍ड	ख्रीष्‍टहरू	1
योव़शो	सके	1
मो	बहकाउनलाई	1
पशोमी	ठुला-ठुला	1
प्रोंइपाइक्‍चा	चमत्कारहरू	1
माल्‍नीम	देखाउनेछन्	1
शेंशा	बताएको	1
मबाक्‍तीके	,	1
कोव़थ	उजाड-स्थानतिर	1
खिं	उहाँ	1
ख्रीस्‍त	कोठाहरूमा	1
नां	बिजुली	1
दाप्‍तीकेमी	चम्कन्छ	1
चिला	पश्‍चिमसम्मै	1
पेरतीकेमी	पुग्दछ	1
बेरशा	गिद्धहरू	1
जाक्‍नीम	भेला	1
तांइसीनीम	लगत्तै	1
जिक	चन्द्रमाले	1
सरीङमी	ताराहरू	1
सरीङमी	आकाशबाट	1
तांइसीनीम	खस्‍नेछन्	1
जिक	स्वर्गका	1
रिक्‍शो	शक्‍तिहरू	1
रिक्‍शो	डगमगाउनेछन्	1
जात	जातिले	1
ङाक्‍नीम	विलाप	1
गोस्‍स	आकाशको	1
छेङछेङमी	महिमासाथ	1
ताप्‍पा	आवाजका	1
ताप्‍पा	छेउसम्म	1
चाक्‍थ	गराउनेछन्	1
रवा	बोटबाट	1
कोव़शा	पाठ	1
कोच्‍वा	कलिला	1
दाप्‍शा	हुन्छन्	1
तनीनु	पलाउँछन्	1
ओव़माक्‍त	ऋतु	1
ओव़माक्‍त	आउँदै	1
तुइक्‍नीनी	पाउँछौ	1
तुइक्‍नीनी	जान्‍नुपर्छ	1
जात	नभएसम्म	1
लीब	जानेछैनन्	1
गेना	दिन	1
जाक्‍मेनु	आगमन	1
पालामी	नोआका	1
नोआह	दिनहरूमा	1
डोंगा	जलप्रलय	1
नोआह	आउनुभन्दा	1
नोआह	नोआ	1
मओव़म	नपसुन्जेल	1
तून	पिउँदै	1
पांइसीन	गराउँदै	1
नेल्‍ल	प्रलय	1
मयोल्‍दा	नलगुन्जेलसम्म	1
रूमी	जना	1
प्रोंइशा	यहीँ	1
हिल्‍ना	जाँतो	1
हिल्‍न	पिँधिरहेका	1
जाक्‍बा	आउनुहुनेछ	1
खुइपुकी	कुन	1
खुइपुकी	समयमा	1
जाक्‍नीम	आउँदै	1
खुइपुकी	कुरा	1
जाक्‍नीम	धनीलाई	1
पचा	फोर्न	1
मगेन	दिने	1
बाक्‍कीन	हुनुपर्छ	1
मतुइक्‍थु	नगरेको	1
मतुइक्‍थु	बेलामा	1
आ	विश्‍वासयोग्य	1
कोव़ब	बुद्धिमान्	1
जची	तिनीहरूका	1
वोइक्‍चा	दिनलाई	1
जाक्‍शा	धन्य	1
’	गरिरहेको	1
देंब	भेट्टाउनेछ	1
आइक्‍के	उसित	1
लम	मनमा	1
मजाक्‍ब	ढिला	1
पाइब	उसले	1
जिचा	पिट्न	1
तुप्‍शा	थाल्छ	1
शांबु	मतवालाहरूसँग	1
दुक्‍ब	खान्छ	1
काथा	पिउँछ	1
ममिम्‍शो	आशा	1
मतुइश्‍शो	नगरेको	1
ममिम्‍शो	नभएको	1
ममिम्‍शो	घडीमा	1
खिं	नोकरको	1
तुप्‍शा	टुक्रा	1
फस	पारी	1
कपटीपुकी	काट्नेछ	1
वोइक्‍ब	दशा	1
स्‍वर्ग	स्‍वर्गको	1
राज्‍य	राज्‍य	1
आलमी	कन्‍याजस्‍तै	1
लाइनीम	भेट्‌न	1
मपाइश्‍शोपुकीमी	कन्याहरूले	1
कुरशा	कत्ति	1
मकुरनीम	लगेनन्	1
तेल	प्रत्‍येकले	1
कुरनीम	बत्तीहरूसँगै	1
कुरनीम	तेलका	1
तेल	भाँडाहरू	1
कुरनीम	लगे	1
जाक्‍ची	आउन	1
जाक्‍शा	ढिला	1
मजाक्‍मेनु	हुनाले	1
मुकु	निन्‍द्रामा	1
जिशा	परे	1
इप्‍नीम	सुते	1
बजे	मध्‍यरातमा	1
नाक्‍दो	आवाज	1
नेंनीम	भेट	1
छुल	कन्‍या	1
बत्ती	बत्तीहरूलाई	1
जेत्‍नीम	ठिक्‍क	1
जेत्‍नीम	पारे	1
मपाइश्‍शोपुकीमी	कन्‍याहरूले	1
निप्‍स	बुद्धिमतीहरूलाई	1
चिक्‍ताक्‍म	तिमीहरूका	1
काप्‍चा	निभ्‍न	1
चिक्‍ताक्‍म	लागेका	1
पाइश्‍शोपुकीमी	कन्‍याहरूले	1
बत्ती	प्रशस्‍त	1
पसल	पुग्‍ने	1
पसल	नभएकोले	1
पसल	बेच्नेहरूकहाँ	1
जाक्‍ब	आइपुगे	1
ओंइशा	उनीसँगै	1
चोक्‍नीम	बन्‍द	1
चोक्‍नीम	गरियो	1
लाप्‍चो	खोलिदिनुहोस्‌	1
मतुइक्‍नन्‍नी	चिन्‍दिनँ	1
यो	परदेश	1
हिरथ	जानै	1
लाइनुङ	मानिसजस्‍तै	1
शोंप	सम्‍पत्तिको	1
गुइमी	जिम्‍मा	1
पने	उनले	1
चाप्‍चा	तिनीहरूमध्ये	1
टलेन्‍ट	अर्कोलाई	1
वोइश्‍शा	प्रत्‍यकले	1
चाप्‍चा	क्षमताअनुसार	1
तुइश्‍शा	रकमहरू	1
टलेन्‍ट	त्‍यो	1
लाइब	हिँड्यो	1
ग्‍याप्‍तीक	लगानी	1
लेयतीक	गर्‍यो	1
ताक्‍बमी	अर्का	1
ताक्‍बमी	गयो	1
ताक्‍बमी	खाल्डो	1
चहिं	खन्यो	1
वोइक्‍ब	लुकायो	1
बर्स	नोकरहरूका	1
दोशो	हिसाब	1
ताक्‍बमी	पाएको	1
टलेन्‍त	ल्यायो	1
अधिकार	कुरामाथि	1
पाप्‍तीवी	सामेल	1
ताक्‍बमी	नोकर	1
पशा	हेर्नुहोस्‌	1
सेल्‍शा	कुरामा	1
मोपतीके	तिमीलाई	1
बाक्‍स	कुरामाथि	1
शिशी	कडा	1
मपाइनीनी	स्‍वभावको	1
खुप्‍नीनी	निकाल्नुहुन्छ	1
हिंती	डर	1
ताक्‍शा	गएँ	1
मपथु	सिक्‍कालाई	1
ख्रुइश्‍शा	जमिनमुनि	1
वोइक्‍ता	लुकाइराखेँ	1
फेश्‍शा	तपाईंको	1
चाक्‍ता	लिनुहोस्	1
अल्‍से	नोकर	1
रिक्‍नुङ	गर्छु	1
खुप्‍नुङ	निकाल्छु	1
चाइक्‍ब	साहुकहाँ	1
तङ	दिनुपर्ने	1
तङ	ब्‍याजसहित	1
एको	त्‍यसकारण	1
टलेन्‍ट	त्योसँग	1
५	नोकरसँग	1
पुंइसीनीम	दिइनेछ	1
थीब	जससँग	1
खोइ	त्‍यससँग	1
मलाप्‍शो	बेकम्मा	1
लाङगा	बाहिरी	1
ङा	साथमा	1
गेय	सारा	1
निस्‍सीब	विराजमान	1
गोठलामी	गराइनेछन्	1
क्‍यारश	गोठालाले	1
क्‍यारश	बाख्राहरूबाट	1
ग्‍युरा	छुट्ट्याउँछ	1
पेरा	त्‍यसरी	1
खुम्‍सीनीम	अर्कोबाट	1
खुम्‍सीनीम	छुट्ट्याउनेछन्	1
क्‍यारश	बाख्राहरूलाई	1
वोइक्‍ब	राख्‍नेछन्	1
वोइश्‍शो	पारिएको	1
मुल	राज्‍यलाई	1
तूतू	प्यासी	1
दाक्‍ङानु	आउन	1
कोव़तीनी	लुगा	1
कोव़तीनी	पहिराइदियौ	1
जाक्‍तीनी	वास्‍ता	1
जाक्‍तीनी	आयौ	1
मेकोपुकीमी	जनहरूले	1
प्रभु	दिई	1
गेका	खुवायौँ	1
तूचा	तिर्खाउनुभएको	1
गेका	देख्यौँ	1
फेक्‍चा	कहिले	1
गेका	ल्यायौँ	1
चोक्‍सीनीनु	कहिले	1
जाक्‍का	देख्यौँ	1
जाक्‍का	आयौँ	1
लोक्‍ब	भाइहरूमध्ये	1
पिपमी	सानोभन्‍दा	1
महिक्‍सीशो	जे-जति	1
मबाक्‍कीने	दूर	1
मकाप्‍ब	अनन्त	1
रोइ	भित्र	1
पङानु	लगेनौ	1
मगेयीनी	पहिराएनौ	1
मजाक्‍नी	वास्ता	1
लेश्‍शा	दिनेछन्	1
मतशो	तिर्खाउनुभएको	1
मतशो	नाङ्गो	1
चोक्‍शा	कहिले	1
तका	देख्‍यौँ	1
मपका	गरेनौँ	1
महिक्‍शो	यिनीहरूमध्ये	1
आइक्‍च	सानोभन्‍दा	1
मपनीनु	गरेनौ	1
ततीकेमी	अनन्‍तको	1
लाइनीम	दण्‍डमा	1
दुम्‍शोपुकी	धर्मीहरूचाहिँ	1
ततीकेमी	प्रवेश	1
लाइनीम	गर्नेछन्	1
चाड	आउँदै	1
केप्‍शा	टाँगिनको	1
काइयाफास	दरबारमा	1
“	मिलेर	1
ग्‍याइश्‍शा	छलसित	1
साइक्‍पाइक्‍चा	पक्रने	1
सल्‍ला	षड्यन्‍त्र	1
मुरपुकीमी	माझ	1
जिचा	खैलाबैला	1
पोक्‍नीम	नमच्‍चियोस्	1
बाक्‍मानु	हुनुहुन्थ्यो	1
ब्रोव़शो	टेबुलमा	1
रिना	अडेस	1
तेल	लगाएर	1
कुरशा	बसिरहनुहुँदा	1
रिना	शीशी	1
कुरशा	बोकेकी	1
कुरशा	एउटी	1
लुक्‍ताक्‍व	खन्याइदिई	1
शेंसीबपुकीमी	रिसाएर	1
ओदेंशो	नोक्सानी	1
तेल	गर्नुको	1
क्‍येट	रकममा	1
पी	बेच्न	1
जाम	गरिबलाई	1
खाइक्‍पाइक्‍नीनी	दिइरहेका	1
श्‍येत	गरिबहरू	1
मथित्‍नीनी	रहनेछैन	1
लुक्‍शोमी	स्‍त्रीले	1
लुक्‍शोमी	खन्याइन्	1
साशो	यो	1
नेंपाइक्‍नीमी	जुनसकै	1
नेंपाइक्‍नीमी	गरिँदा	1
लोव़	चर्चा	1
पाइनीम	गरिनेछ	1
गुइमी	पक्राइदिनलाई	1
गेनीनी	तयार	1
गेमे	छुट्‌ट्याइदिए	1
पदुमी	पक्राइदिनलाई	1
गाक्‍माक्‍त	खोजिरह्‍यो	1
तुइक्‍ब	व्यक्‍तिकहाँ	1
दुम्‍चाप्‍तु	आइपुगेको	1
मानेचा	मनाउन	1
गेयी	चाहन्छु	1
मानेचा	तयारी	1
शेंसीबपुकी	बाह्र	1
काथा	भोज	1
जना	चेलाहरू	1
बाक्‍मानु	खाइरहनुभएको	1
ग्‍याइक्‍ब	धोका	1
कालेम	हात	1
शेक्‍कुम	डुबाउँछ	1
साइ	त्यहीअनुसार	1
नेसी	जानेछन्	1
दुम्‍चा	धिक्‍कार	1
ग्‍याइक्‍पाइक्‍चा	पुत्रलाई	1
मजरमेशो	नजन्मिएकै	1
वारच	दिनेवाला	1
जना	चेलाहरूले	1
बाक्‍मानु	खाइरहनुहुँदा	1
शेशा	लिनुभई	1
तूङीने	पिओ	1
हुशेमी	करारमा	1
जारशोमी	हो	1
क्‍याम्‍सीब	क्षमादानको	1
रस	बोटको	1
मतूनुङ	पिउनेछैन	1
तूनुङ	पिउँदिन	1
गाक्‍शा	गाइसक्‍नुभएपछि	1
थुं	पछि	1
ग्‍याइक्‍नीनी	हट्नेछौ	1
ब्राइनीम	प्रहार	1
भेडापुकी	बथानका	1
प्रोक्‍शा	भेडा	1
सुव	तितरबितर	1
सेंपाइक्‍चा	उठाइएपछि	1
बाक्‍शा	मर्नुपरे	1
गेथ्‍सेमनेमी	उनीहरूसँगै	1
जाक्‍दीत्‍तेक्‍म	गेतसमनी	1
पीनुङ	गर्छु	1
एक	तिमीहरूचाहिँ	1
बाक्‍कीने	यहीँ	1
पीनुङ	बस	1
मेना	शोकित	1
बाक्‍‍माक्‍त	थाल्नुभयो	1
शुश	अत्यधिक	1
खाइश्‍शा	शोकले	1
बेक्‍चा	भरिएर	1
दुम्‍ती	मरेतुल्य	1
खपीम	टेक्दै	1
पशा	गर्नुभयो	1
दुम्‍ब	सम्भव	1
सोइक्‍तीने	हटिजाओस्	1
दाक्‍शोन	इच्छाजस्तो	1
लेश्‍शा	चेलाहरूकहाँ	1
छिन	मसँग	1
मइप्‍थु	घण्टाको	1
मचाप्‍नी	सकेनौ	1
पुंइसीनीनु	रहो	1
मपय	नपर्नको	1
चाप्‍नुङ	तयार	1
फाल्‍ने	भने	1
इच्‍का	पटक	1
मतूथु	नपीकन	1
निन्‍द्रामी	सुतिरहेको	1
पवा	दोहोर्‍याउनुभयो	1
इप्‍शो	सुतिरहेका	1
पुंइसीचा	धोकासाथ	1
देंमेनु	बोलिरहनुभएको	1
शेंसीब	बाह्रमध्ये	1
कोक्‍के	एल्डरहरूको	1
तरवार	भिड	1
ग्‍याइक्‍थ	ऊसँगै	1
पदु	दिएको	1
तुइक्‍पाइश्‍शो	पक्रनू	1
पाइक्‍तु	गर्‍यो	1
जाक्‍ङे	गरिहाल	1
ग्‍याइक्‍थ	येशूमाथि	1
जाक्‍बपुकीमी	हात	1
ग्‍याइक्‍ताक्‍म	पक्रे	1
शोइश्‍शा	उठायो	1
ग्रि	थुत्यो	1
ख्रोइक्‍तु	नोकरमाथि	1
शोइश्‍शा	गर्‍यो	1
ख्रोइक्‍तु	काटिदियो	1
इ	तरवारलाई	1
तरवार	स्थानमा	1
साइक्‍ब	ज-जसले	1
तरवारम	उठाउँछन्	1
पुंइसीब	पारिनेछन्	1
हजार	पुकार्न	1
हजार	सक्दिनँ	1
प्रोंइपाइक्‍ब	स्वर्गदूतहरूका	1
प्रोंइपाइक्‍ब	बाह्र	1
मतुइक्‍नीनी	पल्टन	1
प्रोंइपाइक्‍ब	पठाइदिनुहुन्‍न	1
कोक्‍के	लाठाहरू	1
बाक्‍ङानु	बसेँ	1
मग्‍याइक्‍तीनी	पक्रेनौ	1
शेंसीबपुकी	चेलाले	1
साव	भागे	1
ग्‍याइक्‍बपुकीमी	पक्रेका	1
यो	प्रधान	1
आन	पुजारीको	1
जाक्‍दीम्‍माक्‍त	पछ्याइरहे	1
देंनीमी	हेर्न	1
कोव़शा	पहरेदारहरूसँगै	1
खालपापुकी	सम्पूर्ण	1
खालपापुकी	परिषद्ले	1
चाक्‍शा	गवाह	1
मचाप्‍बमे	प्रमाण	1
आस	अगि	1
देंत	यसो	1
सांमी	पुनर्निर्माण	1
सेल्‍नुङ	सक्छु	1
नेल्‍ल	चुप	1
क्‍येङा	रहनुभयो	1
मनवे	बताऊ	1
देंतीनी	भन्‍नुभएको	1
ताइनीनी	सर्वशक्‍तिमान्‌को	1
ग्‍युरामी	दाहिने	1
ग्‍युरामी	हाततिर	1
बाक्‍शा	बसिरहेका	1
यिना	स्वर्गका	1
यिन	बादलहरूमाथि	1
ताइनीनी	देख्‍नुहुनेछ	1
पाइबाक्‍त	थप	1
पाइबाक्‍त	गवाहहरूको	1
पशो	आवश्यकता	1
दुम्‍तीनी	सुन्‍नुभएको	1
साइक्‍चा	मारिनको	1
देंमा	योग्य	1
कुल	मुखमा	1
चोव़चो	हिर्काए	1
शुक्‍शी	अगमवाणी	1
राम्‍मे	भन्	1
देन	हिर्काउने	1
लाङगामी	आई	1
नेंचा	अगि	1
पवी	त्यो	1
ग्रूमेनु	ढोकातिर	1
काथा	दासीले	1
एर	समयपछि	1
गाक्‍ब	कै	1
ब्‍वाक्‍स	बोलीले	1
बाक्‍ङे	सङ्केत	1
ति	वचनलाई	1
पत्रुसमी	सम्झे	1
सल्‍ला	षड्यन्त्र	1
साइक्‍चा	दण्डाज्ञा	1
उजुर	देख्यो	1
पङा	पछुतो	1
जोक्‍ब	चाँदीका	1
तुइक्‍ब	तिसवटा	1
ग्रुम्‍थ	सिक्‍का	1
लशा	फर्काइदियो	1
पाइनीकी	सरोकार	1
तुइक्‍तो	जान	1
ताइश्‍शा	फ्याँकेर	1
ग्‍युक्‍‍शा	झुण्डिएर	1
गुप्‍शा	लिए	1
यावे	ढुकुटीमा	1
दाम	मोल	1
ग्‍योंब	यसबारे	1
ग्‍याप्‍मे	छलफल	1
यहूदी	पैसाले	1
धर्म	परदेशीहरूलाई	1
धर्म	दफन	1
मपाइब	कुमालेको	1
यरूसलेममी	किने	1
देंसीब	भनिन्‍छ	1
पशोमी	यर्मिया	1
मोल	तोकेका	1
३०	मूल्‍य	1
टुक्रा	अर्थात्	1
३०	परमप्रभुले	1
टुक्रा	दिनुभएअनुसार	1
ग्‍योंब	कुमालेको	1
सरकार	हाकिमको	1
राम्‍मेनु	उभिनुभयो	1
खालपापुकीमी	एल्डरहरूद्वारा	1
गेमेनु	लगाइयो	1
ब्‍वालेइ	जवाफ	1
शुश	लगाइएका	1
गेशा	सुनेनौ	1
छक	बडो	1
लाक्‍माक्‍त	आश्‍चर्यचकित	1
सरकार	भिडद्वारा	1
दाक्‍शो	चुनिएको	1
जेल्‍खान	कैदीलाई	1
रे	छोडिदिने	1
प्रोंइतीके	हाकिमको	1
पशो	प्रथा	1
चोक्‍सीशो	कुख्यात	1
?	गरिदिएको	1
तेको	चाहन्छौ–	1
प्रोंइचा	भनिन्छ	1
चोशा	ईर्ष्याको	1
मुलाक्‍दो	आसनमा	1
मीशेमी	उनकी	1
सुइ	पत्‍नीले	1
मरिम्‍शो	पठाइन्	1
मपतीने	नगर्नुहोस्	1
ताता	निकै	1
ङोमु	भोगेकी	1
प्रोंइचा	छोड्न	1
पोक्‍शा	राजी	1
पिलातसमी	हाकिमले	1
बारब्‍बा	दुईमध्ये	1
प्रोंइचा	कसलाई	1
प्रोंइचा	चाहन्छौ	1
दोस	गरेका	1
थोक्‍शा	झन्	1
मुरपुकीमी	पिलातसले	1
प्रेक्‍शो	नसक्‍ने	1
मचबु	मच्‍चिन	1
मिम्‍शा	पाएर	1
कुल	लिई	1
लुम्‍सेक्‍ल	धोए	1
हुश	रगतदेखि	1
गुइमी	निर्दोष	1
चच	छोराछोरीहरूमाथि	1
लुम्‍सेक्‍ल	परोस्	1
सिपाही	झुन्ड्याउनको	1
सिपाहीपुकीमी	हाकिमका	1
हेरोद	सेनाहरूले	1
पल्‍टन	सेनाहरूको	1
शुक्‍शी	पल्टनलाई	1
चू	काँडाहरूको	1
गुप्‍पा	लगाइदिए	1
गुइमी	राखिदिए	1
ताक्‍कीन	प्रणाम	1
कुलम	उहाँलाई	1
किन्‍दा	लौरो	1
रोइश्‍शा	लिए	1
पने	गरिसकेपछि	1
लल	पहिराइदिएको	1
लदमे	झुन्ड्याउन	1
साइरेनी	आए	1
ग्रुम्‍मे	कुरेनीको	1
ग्रुम्‍मे	मानिसलाई	1
क्‍याइक्‍तीक	उनीहरूसँग	1
कि	कर	1
लो	बोकोस्	1
देंसीब	खोपडीको	1
ग्‍युरशो	पित्त	1
अङगुर	मिसिएको	1
थाम्‍शा	चाख्‍नुभयो	1
वासी	वस्‍त्रहरूलाई	1
योक्‍सीशा	लगाए	1
खाल	बसे	1
पिया	शिरमाथि	1
क्‍युक्‍गमे	थिए–	1
शुश	जान्थे	1
हिम्‍शा	हल्लाएर	1
पिया	गिल्ला	1
देंते	गइरहेका	1
यीवो	ओर्ल	1
जोक्‍ब	एल्डरहरूसँगसँगै	1
खाल्‍पापुकीमी	गिल्ला	1
मचाप्‍बाक्‍माक्‍त	सक्दैन	1
ब्रोंइल	आओस्	1
नेल्‍ल	उसमाथि	1
सुइक्‍नय	गर्नेछौँ	1
सुइक्‍बाक्‍माक्‍त	गर्छ	1
एको	चाहनुहुन्छ	1
दाक्‍ताक्‍व	बचाऊन्	1
क्‍युक्‍शो	डाँकुहरूले	1
खुइ	उस्तै	1
पान	तरिकाले	1
१२	मध्यान्‍नदेखि	1
बजे	बजेसम्म	1
रिक्‍शो	देशलाई	1
आसबथानी	सबखथनी	1
प्रोंइयीनी	त्याग्‍नुभएको	1
एर	उभिरहेकाहरूमध्ये	1
नुप्‍शा	दौडेर	1
नुप्‍शा	गयो	1
कोक्‍केम	स्पन्ज	1
फ्रेंशा	लियो	1
तूतीके	भर्‍यो	1
युप्‍चा	निगालोमा	1
गेचवा	राखी	1
गेचवा	पिउन	1
मेकेर	अरूहरूले	1
बाक्‍बपुकीमी	चाहीँ	1
पाइक्‍थ	छोडिदेऊ	1
पाइक्‍थ	बचाउन	1
पाइक्‍थ	आउँदैनन्	1
कोव़य	हेर्न	1
बारेशो	टुप्पोदेखि	1
इर	फेदसम्म	1
गाक्‍माक्‍त	च्यातियो	1
कुशा	हल्लियो	1
कुशा	चट्टानहरू	1
,	टुक्रिए	1
लास	चिहानहरू	1
ब्रोल्‍मा	उघारिए	1
सुइश्‍शा	जनहरूका	1
ब्रोल्‍मा	उठाइए	1
सेंसमा	निन्द्रामा	1
सेंसमा	परेका	1
सेंसीशो	पुनरुत्थानपछि	1
लास	चिहानबाट	1
तपांइसाक्‍म	परे	1
सिपाहीपुकीमी	हेरिरहेकाहरूले	1
कुशा	गएको	1
आस	योसेफकी	1
योसेफ	जब्दियाका	1
योसेफ	छोराहरूकी	1
अरीमाथीया	अरिमाथियाबाट	1
कामी	जसको	1
पुना	पिलातसकहाँ	1
लाइक्‍चा	दिइयोस्	1
लास	लिए	1
लास	सफा	1
नक	कपडामा	1
गिल्‍शा	बेरे	1
लास	चट्टान	1
वोइक्‍तीके	खोपेर	1
सुशा	गुडाइदिएर	1
मरीयममी	मग्दिलिनी	1
बाक्‍सा	अर्कोपट्टि	1
दुम्‍शो	तयारीको	1
सरकार	हजुर	1
नेल्‍ल	सम्झना	1
पुंइसीनुङ	ठगाहा	1
सेंपांइसीचा	जिउँदो	1
सेंपांइसीचा	उठ्नेछु	1
वोइक्‍तीकेमी	राख्‍नलाई	1
वोइक्‍चा	गर्नुहोस्	1
खोइक्‍बपुकीमी	आउलान्	1
आन	भन्लान्	1
पुन्‍मे	नराम्रो	1
ग्रूब	हुनेछ	1
सिपाही	पहरेदार	1
सोइक्‍नुङमी	लेऊ	1
चाप्‍नी	सकेसम्म	1
कोव़ङीन	राख	1
फुल्‍लुमी	खटाएर	1
लाहा	चिहानलाई	1
सां	सकिनै	1
सोव़सोव़मी	झिसमिसेमा	1
ठेयब	विशाल	1
कुमाक्‍त	गयो	1
यिशा	ओर्ले	1
तिल्‍शा	हटाए	1
चिला	बिजुलीजस्तो	1
बुबु	हिउँजस्तै	1
थशा	मरेका	1
गोल्‍मा	मानिसहरूजस्तै	1
महिनीसे	सम्बोधन	1
महिनीसे	भयभीत	1
साइश्‍शो	टाँगिनुभएका	1
माल्‍थ	खोज्दै	1
फ्रा	झट्टै	1
सोइक्‍तीम्‍सी	बताइदिएको	1
हिंसा	स्‍त्रीहरू	1
गुरुर	डर	1
दोरशा	आनन्दका	1
ग्रुम्‍थ	बताउनको	1
आस	भेट्नुभयो	1
सेत्‍तीम्‍सीनु	स्‍त्रीहरू	1
थिशा	पक्रे	1
महिनीसे	नडराओ	1
महिनीसे	भनिदेओ	1
लसे	भेट्नेछन्	1
निक्‍शी	पहरेदारहरू	1
चढ़ेब	पुजारीहरूलाई	1
शोव़ङमे	घटना	1
तुइक्‍ब	एल्डरहरूलाई	1
खाल्‍पापुकी	भेटे	1
पय	घटनाको	1
लो	अरूहरूलाई	1
नाक्‍दो	सुतिरहेका	1
इप्‍कानु	येशूका	1
लास	शरीरलाई	1
सरकार	खबर	1
मुरुमी	हाकिमकहाँ	1
नेंतु	पुग्यो	1
गारपाइक्‍नीकी	राजी	1
गारपाइक्‍नीकी	गराउनेछौँ	1
मदुम्‍ब	समस्यामा	1
देंमा	दिनेछैनौँ	1
ताक्‍शा	लिए	1
एको	सर्वत्र	1
लीशो	फैलियो	1
लीशो	कायम	1
ङा	थियो	1
तामेनु	देखे	1
जात	देशका	1
ग्रुंइदीने	देओ	1
पपतीने	सिकाओ	1
मनुप्‍ची	अन्तसम्म	1
लोव़	सुरुवात	1
पाइ‍ब	तिम्रोअगि	1
थेल्‍ब	पार्नेछ	1
रागीमी	बोलाउनेको	1
थेलीने	पार	1
गाक्‍तीके	बाटाहरू	1
ग्रोक्‍शा	सिधा	1
क्‍याम्‍चा	पाप-क्षमाको	1
रागी	इलाकाबाट	1
,	गए	1
कुशुल	यूहन्‍नाले	1
सल्‍हा	ऊँटको	1
सल्‍हा	रौँबाट	1
ब्‍वशा	बनेको	1
किप्‍शुर	लुगा	1
सल्‍हा	कम्मरमा	1
किप्‍बाक्‍माक्‍त	बाँध्‍थे	1
रोका	वन	1
खुदो	मह	1
बाक्‍बाक्‍माक्‍त	खान्थे	1
बाप्‍शा	चप्पलको	1
लायो	निहुरन	1
मशिरनुङ	योग्य	1
ग्रुंइताक्‍न्‍नी	दिएँ	1
यूहन्‍ना	यूहन्‍नाद्वारा	1
ब्‍वाक्‍कुमी	पानीबाट	1
ग्रूमेनु	निस्कनुभयो	1
रोक्‍सीशा	उघ्रिएको	1
जुक्‍शो	आइरहनुभएको	1
रागीम	बाध्य	1
लदा	गराउनुभयो	1
गोरशो	जङ्गली	1
जन्‍तुपुकी	जनावरहरूसँग	1
जेल्‍खानमी	पक्राउ	1
चोक्‍चा	परेपछि	1
रागीमी	आउनुभयो	1
लेश्‍शा	गर	1
नेक्‍था	भएर	1
हिरसेनु	जानुहुँदा	1
आप्‍शा	हानिरहेको	1
इच्‍ची	हिँडेर	1
आइक्‍ची	अगाडि	1
लशा	पुग्‍नुभयो	1
जब्‍दी	भाडाका	1
जब्‍दी	नोकरहरूसँग	1
सुम्‍शो	चिच्‍च्यायो	1
ब्रेश्‍शा	भन्‍यो	1
मार	तपाईंसँग	1
पोक्‍थ	पार्न	1
तुइक्‍नीकी	चिन्छु	1
येसुमी	भूतलाई	1
पावो	लाग्	1
ग्रूङो	निस्की	1
दिङ	चिच्‍च्याउँदै	1
ग्रूमाक्‍त	निस्कियो	1
अधिकार	अधिकारसहितको	1
दिचा	आत्माहरूलाई	1
लायो	आज्ञा	1
टीबाक्‍तेक्‍म	मान्छन्	1
ब्रन	जताततै	1
वोबु	निस्‍कनुभएपछि	1
अन्‍द्रीयास	अन्द्रियासको	1
जरो	जरो	1
गोल्‍शो	सुतिरहेकी	1
ग्‍याइश्‍शा	समाएर	1
जरो	जरोले	1
पोक्‍गानु	छोडिहाल्यो	1
पोक्‍गानु	उहाँहरूको	1
जरो	सेवा	1
जाम्‍माक्‍त	थालिन्	1
रिक्‍मेनु	अस्ताएपछि	1
बाक्‍त	भेला	1
हुइश्‍शा	चिन्थे	1
बाक्‍बपुकीमी	भएकाहरूले	1
ग्रुम्‍शा	भेट्टाए	1
मेकेर	कतै	1
आन	निकाल्दै	1
खेरबाक्‍माक्‍त	गालीलभरि	1
,	आयो	1
पुना	गरिरहेको	1
थेक्‍शा	टेक्‍यो	1
दाक्‍ताक्‍नी	चाहनुभयो	1
सापाइक्‍ने	शुद्ध	1
दिंशा	फैलाएर	1
साङो	होइजाऊ	1
देंमेनु	कुष्‍ठ	1
सामाक्‍त	रोगले	1
सामाक्‍त	छोड्‍यो	1
मशेंदो	कडाइका	1
मशेंदो	चेतावनी	1
साती	नभन	1
चढ़ेवो	गरेबमोजिम	1
चढ़ेवो	गवाहीको	1
तुइक्‍पाइक्‍चा	शुद्धिकरणको	1
चढ़ेवो	चढाऊ	1
साशो	व्‍यक्‍ति	1
ब्रपदा	भन्‍न	1
गाक्‍ने	खुलमखुला	1
मबाक्‍तीकेमी	ठाउँहरूमा	1
तुइक्‍तमे	सुनियो	1
लाप्‍चोमी	ढोकामा	1
मुरपुकी	खाली	1
देल्‍मा	ठाउँ	1
कुरशा	ल्याइरहेका	1
चाक्‍ग्‍मे	बोकिरहेका	1
चाक्‍दीन्‍ने	जान	1
फुल्‍लु	छानो	1
याक्‍शा	हटाए	1
ओंइतीके	प्वाल	1
कुरशो	सुतेको	1
एर	ओछ्यानलाई	1
ब्राख्‍ये	झारे	1
बाक्‍मा	शास्‍त्रीहरूमध्ये	1
सास्‍त्रीपुकी	केहीले	1
सास्‍त्रीपुकी	तर्क	1
सास्‍त्रीपुकी	वितर्क	1
मिम्‍तीनी	आत्मामा	1
तुइक्‍ताक्‍नी	जान्‍न	1
जरमेशोमी	पुत्रसँग	1
ले‍तो	जाऊ	1
बोक्‍शा	उठ्‍यो	1
जो	बोक्यो	1
गुप्‍शा	अगाडिबाट	1
कुरशा	घर	1
नय	थिएनौँ	1
मेकेर	छेउ	1
पोक्‍ब	उठाउनेहरूले	1
शुश	उहाँका	1
जशो	खाइरहेको	1
जाइबा	खानुहुन्छ	1
रोइ	बिमारीलाई	1
मबाक्‍नीम	बस्दैनन्	1
जन्‍तीपुकी	जन्ती	1
ग्‍युम्‍ले	दुलहाको	1
ग्‍युम्‍ले	आउनेहरू	1
जन्‍तीपुकी	बस्‍छन्	1
बाक्‍मानु	भएसम्म	1
पुंइसीनीम	लगिनेछन्	1
वामी	लुगालाई	1
क्‍येप्‍शा	टाल्दैन	1
चुप्‍शा	टालेको	1
खाक्‍शा	यसबाट	1
चुप्‍शा	पुरानोबाट	1
चुप्‍शा	च्यातेर	1
माइत	उक्‍त	1
वा	फटाइ	1
गाक्‍शो	झनै	1
गाक्‍शो	नराम्रो	1
अङगुर	दाखरस	1
बोरशा	छालालाई	1
नक	फटाउँछ	1
खाक्‍शा	गुम्‍नेछन्	1
गारब	हाल	1
रू	खेतबाट	1
शोइक्‍चा	टिप्‍न	1
नाक्‍तीमी	किन	1
वारचपुकी	खाँचोमा	1
शोव़लु	परेका	1
बेक्‍मानु	भोकाएका	1
बेक्‍मानु	बेला	1
पालामी	अबियाथार	1
अबीयाथार	हुँदा	1
खिं	भवनभित्र	1
चढ़ेबपुकीमी	पुजारीबाहेक	1
शोब्‍ले	खानु	1
जाइबाक्‍मा	हुँदैनथ्यो	1
गेवा	हुनेहरूलाई	1
मुरपुकी	मानव-जाति	1
ओव़माक्‍त	सभाघरभित्र	1
कोव़ङमे	चेवा	1
पिवो	खडा	1
साइक्‍चा	मार्नु	1
सिक्‍सी	कठोर	1
खाइश्‍शा	रिसाएर	1
दिंसेनु	पहिलेको	1
सामाक्‍त	बनाइदिनुभयो	1
ताइनय	हेरोदीहरूसँग	1
लोव़सी	षड्यन्त्र	1
गा‍लील	गरिरहनुभएका	1
जाक्‍दीम्‍मा	यहूदिया	1
इदुमेआ	इदुमिआ	1
खोला	पारी	1
सहर	वरिपरिबाट	1
चाक्‍शा	सानो	1
वोतीन	तयार	1
वोतीन	लाउनुभयो	1
बोल	नकुल्चून्	1
रोइ	कष्‍टमा	1
पाइबपुकीमी	परेकाहरू	1
तङल	उत्सुकतासाथ	1
वोलपुकीमी	देख्‍थे	1
तशा	ढल्थे	1
वोलपुकीमी	चिच्‍च्याउँथे	1
थेक्‍शा	भन्थे	1
मब्रपाइक्‍चा	नचिनाउन	1
योव़ङा	डाँडामाथि	1
नेक्‍था	चाहनुभएकाहरूलाई	1
खेरतीक	निकाल्ने	1
नें	गर्नुभयोः	1
बुंबु	बोअनर्गेश	1
नस	गर्जनका	1
अ‍न्‍द्रीयास	अन्द्रियास	1
इस्‍कारीयोती	इस्करयोत	1
शेंसीबपुकी	खानसम्म	1
मतामे	पाउनुभएन	1
निप्‍स	दिमाग	1
दुम्‍माक्‍त	बिग्रेको	1
बेल्‍जीबुलमी	बालजिबुल	1
वोल	भूतहरूका	1
सक्तिमी	शासकद्वारा	1
खेरबाक्‍माक्‍त	निकाल्छ	1
खेरने	निकाल्‍न	1
जाम्‍शा	टिक्‍न	1
जिम्‍तेक्‍म	विभाजित	1
मलीब	टिक्‍न	1
नुप्‍शा	टिक्‍न	1
आ	नबाँधीकन	1
सुइ	सम्पत्ति	1
चाम्‍सीब	लुट्नेछ	1
पशो	सन्तानहरूका	1
यो	दोषी	1
सुम्‍शो	भनिरहेका	1
येसु	त्योसँग	1
सुम्‍शो	छ	1
तुइक्‍पाइक्‍थ	बोलाउन	1
बाक्‍शो	बस्यो	1
ब्रेत्‍ताक्‍मे	खोजिरहेका	1
निश्‍शा	गोलाकारमा	1
बाक्‍ब	बसिरहेकाहरूलाई	1
खुम्‍सीशो	वरिपरि	1
।	भन्‍नुभयो	1
चिक्‍बीमी	चराहरू	1
जामे	खाइदिए	1
खपीमी	नभएको	1
मबाक्‍तीके	उम्रिए	1
बेक्‍मा	ओइलाए	1
मतथु	नभएकोले	1
दातेमी	झाङहरूमा	1
सुम्‍शा	काँढाका	1
मगेवा	झाङहरू	1
मसिम्‍माक्‍त	निसासिए	1
मसिम्‍माक्‍त	फलाएनन्	1
बारशा	बढ्दै	1
ग्रेल्‍शा	हुर्कंदै	1
बारशा	गुणाभन्दा	1
गाक्‍ब	नजिकका	1
रुप्‍‍तीक	रहस्य	1
लाङगाम	बाहिरकाहरूलाई	1
सेल्‍शा	दिइएको	1
नेंनीम	हेर्छन्	1
रुप्‍‍तेक्‍म	हेर्छन्	1
रुप्‍‍तेक्‍म	देख्दैनन्	1
रुप्‍‍तेक्‍म	बुझ्दैनन्	1
लेश्‍शा	फर्कन्थे	1
ताम	गर्नुहुने	1
अर्थ	बुझ्दैनौ	1
कथा	दृष्‍टान्तहरू	1
चाप्‍नीनी	बुझ्‍नेछौ	1
शोक्‍‍ब	छर्छ	1
नेन्‍मेनु	छर्दा	1
नेन्‍मेनु	बाटोतिर	1
नेन्‍मेनु	परेका	1
नेन्‍मेनु	सुन्छन्	1
रुप्‍शो	शैतान	1
लांमी	आउँछ	1
रुप्‍शो	खोसेर	1
योल्‍ब	लैजान्छ	1
खोदेंशोपुकीमी	बिउचाहिँ	1
मलीनीम	टिक्छन्	1
पुंइसाक्‍म	सतावट	1
गाक्‍नीम	खान्छन्	1
खोदेंशोपुकीमी	अरूहरूचाहिँ	1
चू	झाङहरूका	1
जुक्‍शो	छरिएका	1
थुंमी	धन-सम्पत्तिको	1
तेक्‍ब	छल	1
।	अन्य	1
नेंशो	लालसा	1
लोव़मी	वचनलाई	1
फल	निसासिदिन्छन्	1
मसिप्‍ब	फलदायी	1
खोदेंशोपुकीमी	बिउहरूचाहिँ	1
गेडा	सुन्छन्	1
सिश्‍शा	फलाउँछन्	1
बत्ती	बत्तीलाई	1
पाथीमी	पाथीमुनि	1
गुप्‍शा	अथवा	1
वोइक्‍नीमी	सामदानमाथि	1
ममाइ	राख्छौ	1
ख्रुइश्‍शो	प्रकट	1
हाक्‍सीब	छैन	1
हाक्‍सीब	खुलस्त	1
नेंनी	सुन्छौ	1
नेनीने	नाप्‍छौ	1
नेनीने	नापिनेछ	1
नाक्‍चा	मापन	1
नाक्‍चा	थपिनेछ	1
गेचा	बढ्ता	1
मथीबमी	जोसँग	1
आइक्‍के	त्यससँग	1
इप्‍ब	सुत्छ	1
बोक्‍ब	उठ्छ	1
शोक्‍शो	नजाने	1
वाबा	उम्रन्छ	1
मतुइक्‍ब	बढ्छ	1
बाला	फलाउँछः	1
सिप्‍ब	टुसा	1
वाशा	पलाउँछ	1
ग्रूशा	लाग्छ	1
आख	बालामा	1
आख	पाक्छ	1
तन्‍न	अन्‍न	1
मीमेनु	पाक्छ	1
रिक्‍ब	हँसियाले	1
रिक्‍ब	काट्छ	1
दोदेंशो	व्याख्या	1
रुप्‍पाइक्‍नन्‍नी	सकिन्छ	1
वांचेर	पृथ्वीका	1
नेल्‍ल	बिउहरूमध्ये	1
गेडा	छरेपछि	1
वाशा	बढ्छ	1
राशी	बगैँचाका	1
घांस	बिरुवाभन्दा	1
रवामी	ठुला	1
बाक्‍ने	हाँगाहरू	1
चिक्‍बीमी	पलाउँछ	1
रवामी	आकाशमा	1
चिक्‍बीमी	उड्ने	1
चिक्‍बीमी	छहारीमा	1
बाक्‍ने	बनाउन	1
कथा	सक्‍नेसम्म	1
शेंना	सुनाउनुभयो	1
मसेल्‍थु	दृष्‍टान्तविना	1
मपाइबाक्‍माक्‍त	बताउनुभएन	1
कथा	हुनुहुँदा	1
रुप्‍‍पाइक्‍बाक्‍माक्‍त	गरिदिनुभयो	1
ङोइश्‍शा	साथैमा	1
ब्राशा	छोडी	1
लमा	साथमा	1
चहिं	डुङ्गाको	1
थांइसीशा	पछिल्लो	1
निन्‍द्रा	भागमा	1
थांइसीशा	सिरानी	1
निन्‍द्रा	लगाएर	1
निन्‍द्रा	मस्‍त	1
पवा	निदाउनुभएको	1
ब्‍वाक्‍कुमी	मर्न	1
बेक्‍चांइतय	लागिसक्दा	1
दे	तपाईंलाई	1
ममिम्‍तीनी	वास्ता	1
बोक्‍शा	ब्युँझनुभयो	1
ब्‍वालेइ	शान्त	1
मदुक्‍को	रोकिजा	1
हिंनी	डराएको	1
मसुइक्‍नीनी	छैन	1
ब्‍वाक्‍कुमी	समुद्रले	1
तोंइ‍सीशा	ओर्लंदै	1
ग्रुमा	चिहानबाट	1
थिम्‍‍तीकेमी	बस्थ्‍यो	1
वोइक्‍ने	रोक्‍न	1
खिंमी	साङ्लाले	1
वोइक्‍ने	बाँधेर	1
मचाप्‍मे	राख्‍न	1
खोइली	साङ्लाहरूले	1
फ्रेंशा	बाँधेको	1
साङलोमी	ठिँगुरो	1
पाइश्‍शा	लगाएर	1
वोदमेनु	राखोएको	1
साङलोमी	साङ्लाहरूलाई	1
वोदमेनु	चुँडाल्थ्यो	1
साङलो	ठिँगुरोलाई	1
प्रोक्‍बाक्‍माक्‍त	तोडिदिन्थ्यो	1
ग्राशा	राख्‍ने	1
तेक्‍ने	सामर्थ्य	1
मचाप्‍बाक्‍मा	कसैमा	1
डांडामी	डाँडाहरूमा	1
वाइ	चिहान	1
ब्रेश्‍शा	घारीमा	1
थोक्‍सीशा	चिच्‍च्याउँथ्यो	1
फुल्‍लुमी	धारिलो	1
थोक्‍सीशा	ढुङ्गाहरूले	1
तेस्‍सीशा	काटेर	1
सेल्‍सी	पार्थ्यो	1
मुरुमी	येशूलई	1
पिशा	गयो	1
निक्‍शी	तपाईंसँग	1
पमुसा	सम्बन्ध	1
मगेयीनी	गर्छु	1
वोल	भनिरहनुभएको	1
ग्रूङो	निस्किआइज	1
मखेरचा	नपठाउन	1
लशा	पठाउनुहोस्	1
रांमी	तिनीहरूमा	1
वोलपुकी	आत्माहरू	1
लशा	निस्किए	1
पोव़पुकी	भिरालो	1
रोंगु	पहाडतिर	1
पोव़पुकी	समुद्रभित्र	1
रोंगु	हुर्रिए	1
पोव़पुकी	सुँगुर	1
प्रोक्‍शा	घटनाबारे	1
ब्रपदमे	गाउँघरतिर	1
दो	भएकोरहेछ	1
तुइक्‍थ	हेर्न	1
ब्रीशो	फौज	1
साशा	दिमाग	1
मिक्‍चीमी	भूत	1
नक	सुँगुरहरूको	1
डोंगामी	डुङ्‍गामा	1
ङोंइ‍सेनु	चढ्दै	1
मगेथु	अनुमति	1
लेश्‍शा	जाति	1
डेकापोलीस	डेकापोलिसमा	1
तुइक्‍पदा	बताउन	1
हांबु	पुग्‍नुभयो	1
देल्‍मा	भेला	1
मिनु	यहूदी	1
रोइ	बारम्बार	1
तमी	सानी	1
चिक्‍ताक्‍व	मुखमा	1
चिक्‍ताक्‍व	परेकी	1
खिं	आउनुहोस्	1
लशा	उनीमाथि	1
ब्रोंइब	राखिदिनुहोस्	1
पुना	बाँच्‍न	1
याप्‍शो	बग्‍ने	1
पाइब	ग्रस्त	1
यो	महिला	1
डाक्‍टर	डाक्टरकहाँ	1
मसाशो	भोगेकी	1
डाक्‍टर	थोक	1
जशो	खर्च	1
मसाशो	गरिसकेकी	1
सारो	पुर्‍याएन	1
सारो	झनझन	1
दुम्‍शो	नराम्रो	1
बाक्‍‍माक्‍त	गयो	1
नेंशो	सुनेकी	1
शुश	उहाँ	1
दातेमी	भिडमा	1
ओव़शा	हिँडिरहनुभएको	1
थिवा	पछाडि	1
सानुङ	हुनेछु	1
थिवानु	छोइन्	1
याप्‍चा	बग्‍न	1
देक्‍माक्‍त	रोकियो	1
साङा	कष्‍टबाट	1
सापाइक्‍तीक	आफूबाट	1
ग्रूशो	गएको	1
फिर	भिडतिर	1
थिवा	छोयो	1
नेप्‍नीम	ठेलमठेल	1
नेप्‍नीम	देख्‍नुहुन्छ	1
थियी	गरेको	1
ख्रिंख्रि	पाइन्	1
ख्रिंख्रि	कामिन्	1
थेक्‍शा	परिन्	1
सुइक्‍तीवी	तिमीलाई	1
नाइश्‍शा	शान्तिसाथ	1
इ	तपाईंकी	1
मनेंखु	सुन्‍नुभयो	1
याइरस	अगुवालाई	1
लदा	अनुमति	1
जाक्‍दीश्‍शा	सभाघरका	1
रोंका	अगुवाको	1
ङाक्‍ब	घरमा	1
रोंका	खैलाबैला	1
ङाक्‍ब	रोइरहेको	1
ओव़शा	पस्‍नुभयो	1
रोंका	निरास	1
ङाक्‍नीनी	रुन्छौ	1
इप्‍शा	सुतेकी	1
देंमानु	हाँसे	1
आल	बालिकाका	1
आंम	आमा	1
तालीता	तालिता	1
कूमी	कूमी	1
हिरसे	हिँडिन्	1
मशेंचा	नदिन	1
जाक्‍दीम्‍माक्‍त	गाउँमा	1
शेंचा	शिक्षाहरू	1
शेंसे	पाए	1
ओदेंशो	यिनलाई	1
जोक्‍गा	बुद्धि	1
जोक्‍गा	रहेछ	1
पाइश्‍शो	अचम्मका	1
योसेस	सिकर्मी	1
मबाक्‍नीमी	मरियमका	1
योसेस	योसेफ	1
सिमोन	सिमोनका	1
लोक्‍बपुकी	बहिनीहरू	1
मबाक्‍नीमी	हामीसित	1
मबाक्‍नीमी	येशूद्वारा	1
ङा	क्रुद्ध	1
?	पारिए	1
ङा	परिवारबाहेक	1
मुरपुकीमी	कहीँ	1
थिशा	राखेर	1
लाक्‍शा	बनाउनुबाहेक	1
तुइश्‍‍शा	अच्‍चम्मित	1
लाक्‍माक्‍त	तुल्यायो	1
शेंना	गाउँहरूभरि	1
गाक्‍माक्‍त	हिँड्नुभयो	1
खेरतीक	आत्माहरूमाथि	1
गोवा	दुई-दुई	1
झोला	यात्रामा	1
झोला	लट्ठीबाहेक	1
कोक्‍के	कम्मरमा	1
जुत्ता	चप्पल	1
लिक्‍शा	लगाउन	1
फेक्‍तीक	दुई	1
वा	ओटा	1
फेक्‍शा	नलगाउनलाई	1
गाक्‍कीन	निर्देशन	1
बास	पस्छौ	1
गाक्‍ची	नछोडेसम्‍म	1
मगेथु	नगरले	1
मनेंतेक्‍म	गरेन	1
चिन्‍ड	गवाहीको	1
फुरक	पैतालाको	1
पाइश्‍शा	टकटकाइदिनू	1
थुं	पापबाट	1
लेत्‍तीन	आउनुपर्छ	1
तेइ	प्रसिद्ध	1
का	केहीले	1
मुरपुकीमी	भनिरहेका	1
सक्ति	आश्‍चर्यकर्महरू	1
पाइश्‍शो	उहाँद्वारा	1
का	हरूहरूले	1
क्‍योरपाइश्‍शो	कटाएको	1
पुंइसे	उठेछन्	1
ग्‍याइक्‍पाइश्‍शा	हेरोदियास	1
ग्‍याइक्‍पाइश्‍शा	गिरफ्तार	1
चोक्‍पाइश्‍शा	हाल्न	1
फिलीप	विवाह	1
हेरोद	हेरोदियासले	1
मीशेमी	वैरभाव	1
चुरशा	राखेकि	1
हेरोद	चाहन्थिन्	1
मीशेमी	सकेकी	1
चुरशा	थिइनन्	1
पिपमी	यूहन्‍नासित	1
साइक्‍पाइक्‍ने	डराउँथे	1
मचाप्‍शो	जन	1
।	थाहा	1
हिंबाक्‍माक्‍त	राखे	1
नेंनें	सुन्दा	1
नेंनें	हेरोद	1
ग्‍येत्‍थ	अशन्त	1
लुक्‍च	हुन्थे	1
नोफा	खुसीसाथ	1
दुम्‍माक्‍त	उपयुक्‍त	1
मिम्‍चा	मिल्यो	1
दरवार	भारदारहरू	1
सरकार	कप्‍तानहरू	1
तमीमी	छोरी	1
सिल	पाहुनाहरूलाई	1
दाक्‍शा	प्रशन्‍न	1
ग्‍येरसमा	तुल्याइन्	1
पुनो	लाग्‍छ	1
दाक्‍शो	सो	1
पुनो	माग	1
थोक्‍शा	खएर	1
पुंइतीवी	माग्छौ	1
उइक्‍थ	भागसम्म	1
पुनु	निस्किन्	1
पुनु	तिनीसित	1
माइ	मागौँ	1
फ्रा	राजाकहाँ	1
लेश्‍शा	आइन्	1
ओव़शा	मागिन्	1
ख्रुम्‍शा	झट्टै	1
थालमी	थालीमा	1
कुल	पाहुनाहरू	1
मगेनन	राजाले	1
”	बिन्‍ती	1
सिपाइ	रक्षकहरूमध्ये	1
लशा	सिपाहीलाई	1
चाक्‍को	ल्याउने	1
सोइक्‍ता	आदेश	1
थालम	सिपाहीले	1
आलमी	केटीले	1
गेवा	दिइन्	1
जेल्‍खानमी	लासलाई	1
शेंदमे	सिकाएका	1
शेंसीबपुकीमी	खाना	1
जाक्‍दीश्‍शा	स्थानतिर	1
डोंगाम	उहाँहरूलाई	1
ङोइश्‍शो	चिने	1
आइक्‍ची	नगरबाट	1
जाक्‍दीम्‍मा	उहाँहरूभन्दा	1
डोंगा	समुयद्र	1
तोंइ‍सीशा	तटमा	1
शिशी	टिठ्याउनुभयो	1
तामी	भेडाहरूजस्तै	1
रिक्‍चवा	ढिला	1
रिक्‍चाप्‍तु	गइसकेको	1
सोइक्‍चा	पठाउनुहोस्	1
गाउं	नजिकैको	1
सहर	गाउँघरतिर	1
लशा	जाऊन्	1
थोव़क	खानेकुराहरू	1
ग्‍याप्‍मेक्‍ल	किन्‍न	1
देनार	दिनारी	1
खोइ	वराबरको	1
चाक्‍शा	जाऊँ	1
थुल्‍चा	खान	1
कोव़शा	पत्ता	1
बाक्‍तीके	घाँसमाथि	1
दिंममी	समूह-समूहमा	1
निप्‍पतीन	मिलेर	1
निप्‍पतीन	बस्‍ने	1
सहे	पचासको	1
५०	समूह-	1
येसुमी	पाँच	1
कोव़शा	हेरर	1
योक्‍शा	बाँडिदिन	1
योक्‍पाइक्‍मी	जनालाई	1
बाक्‍त	बाँडिदिनुभयो	1
जामे	नहुन्जेल	1
हें‍शो	डालाभरी	1
हें‍शो	टुक्रा	1
ब्रीमाक्‍त	माछाका	1
जाइबपुकी	रोटी	1
वोंइश	खानेहरू	1
समुन्‍द्र	चढ्न	1
शोक्‍शा	लगाएर	1
बेथसैदा	भिडलाई	1
ङोइक्‍पाइश्‍शा	बेथसेदातिर	1
सोइक्‍तीमी	लगाउनुभयो	1
चहिं	जमिनमा	1
डांडाम	एकलै	1
शेंसीबपुकीमी	खियाउन	1
जामे	दिशाबाट	1
तुइक्‍ता	आइरहेको	1
फशेमी	लगभग	1
सोव़चावानु	रातको	1
सोव़चावानु	पहरमा	1
तेक्‍गा	हिँडेर	1
डोंगा	उहाँ	1
तेक्‍गा	तिनीहरूकहाँ	1
गाक्‍शा	उछिन्‍न	1
पिमाक्‍त	चाहनुभयो	1
दाप्‍शा	हुनुहन्थ्यो	1
वाइ	चिच्‍च्याए	1
कली	बोल्नुभयो	1
बारपतीन	होओ	1
ङोंइ‍से	चढ्नुभयो	1
दिक्‍माक्‍त	छोड्यो	1
बारपदा	अर्थ	1
ममिम्‍शो	बुझेका	1
मपाइबाक्‍मा	पारिएको	1
जाक्‍दीम्‍मा	पारी	1
समुन्‍द्र	तरे	1
जाक्‍दीम्‍मा	गनेसरेतमा	1
गेनेसरेथ	डुङ्गालाई	1
बाक्‍त	अड्‍याए	1
तोंइ‍सामानु	ओर्लनुभयो	1
तुइक्‍तमे	चिने	1
दोरशा	क्षेत्रमा	1
,	आउँदै	1
मेक	त्यहाँ-त्यहाँ	1
चाक्‍ग्‍मे	ओछ्यानसँगै	1
ते	ग्रामीण	1
लमे	ठाउँहरू	1
रोइ	जानुहुन्थ्यो	1
कली	बजार	1
चाक्‍बाक्‍मा	क्षेत्रहरूमा	1
बाक्‍त	राख्थे	1
थिचा	छेउ	1
गेयीनी	दिइयोस्	1
पुंइबाक्‍मा	बिन्ती	1
बाक्‍मानु	अशुद्ध	1
शेंसीबपुकीमी	नधोएका	1
मचिक्‍थु	खाएको	1
मचिक्‍थु	राम्ररी	1
मजाइनीम	नधोउन्जेल	1
मजाइनीम	खाँदैनन्	1
खाल्‍पापुकीमी	परम्परामा	1
पाइनीम	पर्छन्	1
बजार	फरिसीहरू	1
लशा	बजारबाट	1
चोव़खेसीशा	ननुहाईकन	1
जाइनीम	खाँदैनन्	1
लोटा	काँसाका	1
गाग्री	खानलाई	1
चोव़खेचा	ठाउँहरू	1
कचौरा	धुनेलगायत	1
लोटा	नियम	1
चोव़खेचा	कडाइका	1
मोपतीके	फरिसी	1
शेंसीबपुकीमी	शास्‍त्रीहरूले	1
मचिक्‍थु	अगुवाहरूको	1
जशो	परम्पराअनुसार	1
थिती	चल्दैनन्	1
मपाइनीमी	खान्छन्	1
,	राम्ररी	1
लोव़	भविष्यवाणी	1
मपाइ‍नीम	टाढिएको	1
ला	नियमहरूलाई	1
शेंनीमी	सिकाउँदै	1
कली	खोक्रो	1
पखु	चढाउँछन्	1
प्रोंइशा	त्याग्दछौ	1
मुरुमी	परम्परालाई	1
पाइनीनी	राख्छौ	1
शेंचा	सहजै	1
सेल्‍शो	परम्परा	1
पतीके	पालन	1
शेंनीनी	सक	1
पामे	बोल्छ	1
ममाल्‍ब	पाउनुपर्थ्यो	1
शेंनीनी	कुर्बान	1
तेक्‍नीनी	दिँदैनौ	1
प्रोंइपाइक्‍नीनी	चल्दै	1
टिचा	परम्पराले	1
प्रोंइपाइक्‍नीनी	व्यर्थ	1
प्रोंइपाइक्‍नीनी	तुल्याएका	1
लाङगा	व्यक्‍तिलाई	1
लाङगा	बाहिरबाट	1
थोव़कीमी	पसेर	1
मुर	व्यक्‍तिबाट	1
ग्रूशो	निस्कने	1
नेंब	नोटः	1
नेंब	प्राचीन	1
शेंदीमी	उत्कृष्‍ट	1
बाक्‍त	प्रतिलिपिहरूमा	1
नोफा	हटाइएको	1
के	मानिससित	1
ओव़मेनु	पस्‍नु‍भयो	1
शेंशो	उखानको	1
एको	बुझेका	1
मरुप्‍‍नी	छैनौ	1
लाङगा	देख्‍दैनौ	1
ओव़शो	बाहिरबाट	1
थोव़कीमी	मानिसभित्र	1
ओव़शो	पस्‍ने	1
मओव़ब	सक्दैन	1
कोव़जीम	पेटमा	1
ओव़शा	जान्छ	1
क्‍यी	निस्‍केर	1
ग्रूब	शौचालयमा	1
मतुइक्‍नीनी	पुग्‍छ	1
शेंदीमी	भनाइद्वारा	1
ग्रांग्रा	भोजनलाई	1
मबाक्‍नीम	शुद्ध	1
शेंदा	तुल्याउनुभयो	1
ग्रूबा	निस्कन्छ	1
ग्रूब	विचार	1
इप्‍चा	लोभ	1
शिंम	दुष्‍टता	1
पचा	कामुकता	1
तोक्‍चा	निन्दा	1
ममिम्‍थु	मूर्खता	1
पतीके	खराबी	1
सेल्‍ब	पार्छन्	1
गे	क्षेत्रतिर	1
मतुइक्‍तमेक्‍ल	घरभित्र	1
दें‍त	नपाऊन्	1
ख्रुइश्‍शा	चाहनुहुन्थ्यो	1
बाक्‍ने	लुक्‍न	1
ममामी	स्‍त्रीले	1
बाक्‍तीके	आईन्	1
जाक्‍दीम्‍माक्‍त	जसकी	1
जाक्‍माक्‍त	छोरीलाई	1
सुम्‍शो	पाउमा	1
अर्को	ग्रिक	1
सुरोफोनीसीयामी	सिरियाको	1
सुरोफोनीसीयामी	फोनिकेमा	1
जरमेशो	जन्मेकी	1
ग्रुंइदीने	निकाली	1
ग्रुंइदीने	दिनलाई	1
थुल्‍चा	खुवाइयोस्	1
कुचुम	खोसेर	1
कुचुमपुकीमी	कुकुरहरूले	1
आलपुकीमी	छोराछोरीहरूको	1
तोक्‍शो	टेबलबाट	1
तोक्‍शो	झरेको	1
शोब्‍ले	रोटीका	1
ताइनीम	टुक्राहरू	1
तोक्‍शो	नि	1
गेतन	भनेकी	1
गेतन	जानलाई	1
ग्रूत	गएको	1
लेश्‍शा	गइन्	1
जाक्‍मेनु	छोरी	1
सेस	पल्टिरहेकी	1
दुम्‍शा	पाइन्	1
इप्‍शो	गएको	1
टायर	क्षेत्रबाट	1
डेकापोलीस	डेकापोलिसको	1
दाते	प्रदेश	1
नोफा	बोल्‍न	1
मनेंब	कठिनाइ	1
तार	त्यसमाथि	1
वोतीने	राखिदिनु	1
नोफा	भिडबाट	1
मनेंब	एकातिर	1
फ्राशा	एकान्तमा	1
ब्रेप्‍चो	कानमा	1
नोफामी	हाल्नुभयो	1
नाक्‍चुकमी	थुकिसकेपछि	1
सोक्‍त	सुस्केरा	1
रोक्‍सो	इफ्फाता	1
रोक्‍सो	खोलिजा	1
रोक्‍सीशा	खोलियो	1
लोक्‍सीशा	बाधा	1
लोक्‍सीशा	प्रस्टसँग	1
दुम्‍माक्‍त	सक्यो	1
मशेंदीने	त्यस्तो	1
माइक्‍मी	आज्ञा	1
सेल्‍बाक्‍त	गर्नुभएको	1
मनेंब	बहिरालाई	1
मजोक्‍ब	गुँगोलाई	1
सेल्‍बाक्‍त	बनाउनुहुन्छ	1
मबाक्‍माक्‍त	थिएन	1
पातामी	लागेको	1
मगेथु	नखुवाईकन	1
सोइक्‍ताक्‍ङमी	पठाएँ	1
गाक्‍न	पर्न	1
थाइनीम	सक्छन्	1
गोरशो	निर्जन	1
इश	तृप्‍त	1
ङा	पर्याप्‍त	1
रूपाइक्‍चा	पाउन	1
आन	भुइँमा	1
निस्‍सीन	बस्‍न	1
गेमे	राखून्	1
शेशा	बाँडिदिन	1
रूथ्री	अघाए	1
गुप्‍शा	उब्रेका	1
प्रिंङमे	टुक्रा-टाक्रीहरू	1
खोइ	पुरुष	1
दल्‍मानुथा	दलमनुथाको	1
कोंइदीकी	मागे	1
सोक्‍त	सुस्केर	1
मुलाक्‍त	पुस्ताले	1
चिन्‍ड	चिन्हको	1
मकोंइनन्‍नी	दिइनेछैन	1
जाक्‍दीम्‍मा	भागतिर	1
लाइक्‍चा	ल्याउन	1
प्रेंशो	बिर्सेका	1
शोब्‍ले	एउटाभन्दा	1
शेंसीब	चेतावनी	1
ओख्‍ती	खमिरदेखि	1
पांइसीन	बस	1
प्रेंदमे	बहस	1
प्रेंदमे	नभएकोले	1
लोव़	यसप्रति	1
तुइश्‍शा	सजग	1
मबा	नल्याएको	1
यो	महसुस	1
ममिम्‍नीनी	गर्दैनौ	1
ममिम्‍नीनी	तिमीहरूका	1
ममाल्‍नीनी	बोधो	1
मनेंनीनी	सुन्दैनौ	1
मचाप्‍नीनी	सम्झदैनौ	1
प्रिंदीनी	बटुलेका	1
प्रिंदीनी	थियौ	1
प्रिंदीनी	बटुल्यौ	1
मरुम्‍नी	बुझ्दैनौ	1
बेथसैदा	बेथसेदामा	1
थिने	छोइदिनुहोस्	1
थिने	येशूसँग	1
मताइब	दृष्‍टिविहीनलाई	1
ग्‍याइश्‍शा	समाउनुभयो	1
कीशा	गाउँबाहिर	1
तवी	देख्छौ	1
इर	हेर्‍यो	1
ताता	रुखहरूजस्तै	1
ताता	हिँडेको	1
तांइसाक्‍म	देख्‍छु	1
मिक्‍च	आँखामा	1
तारी	राख्‍नुभयो	1
तारी	खोल्यो	1
वोदा	पुनः	1
कोव़स	थोक	1
कोव़स	स्पष्‍टसँग	1
हेरशा	सहरमा	1
लावो	नपस	1
फिलिप्‍पी	फिलिप्पीका	1
लमा	गाउँहरूतिर	1
सुइय्‍‍यीनी	भन्छौ	1
श्‍येत	भोग्‍नुपर्छ	1
मब्राइनीम	तिरस्कृत	1
साइक्‍पाइक्‍नीम	मारिनेछ	1
नित्‍थ	तिन	1
मख्रुइक्‍थु	सिकाउन	1
शेंदीमी	थाल्नुभयो	1
पत्रुसमी	स्पष्‍टसँग	1
हुइक्‍ता	हपार्न	1
सैतान	हप्काउनुभयो	1
कुल	मबाट	1
मकोंइदी	हट्	1
परमप्रभु	तैँले	1
मिम्‍शो	गर्दैनस्	1
हुइक्‍ता	गर्छस्	1
शेंसीबपुकी	चेलाहरूलाई	1
नोले	पछ्याउन	1
महिंथु	बोक्‍नुपर्छ	1
जाम्‍शा	गुमाउनेछ	1
गेबा	गुमाउँछ	1
ब्रोंइब	बचाउनेछ	1
तन्‍न	जीवन	1
बेक्‍त	गुमायो	1
ब्रोंइने	बद्लामा	1
गाक्‍ब	व्यभिचारी	1
पाप	पापी	1
पालामी	पुस्तामा	1
मुने	वचनसँग	1
मुने	शर्माउनेछ	1
काथा	हुनेहरूमा	1
पाइश्‍शा	शक्‍तिसित	1
मतामे	देख्‍नुअगि	1
देंमाक्‍त	चाख्‍नेछैनन्	1
सां	साथमा	1
फांइ‍से	रूप	1
फांइ‍से	परिवर्तन	1
फेक्‍शो	लुगाहरू	1
तामे	पृथ्वीका	1
तामे	त्यतिको	1
मचाप्‍नीम	सक्दैनथ्यो	1
ग्रूशो	उहाँहरूकहाँ	1
मतुइक्‍ता	जानेनन्	1
मतुइक्‍ता	त्रसित	1
गोस्‍सुमी	बादल	1
गिल्‍मी	उहाँहरूलाई	1
बाक्‍त	छोप्‍यो	1
ओंथ	अचानक	1
येसु	येशूबाहेक	1
ब्रुम्‍मानु	ओर्लंदै	1
तशो	नउठेसम्‍म	1
दे	तिनीहरूलाई	1
मशेंदमे	आफैँसँग	1
पमुमा	छलफल	1
शेंनीम	शास्‍त्रीहरूले	1
माल्‍ब	आउनुपर्छ	1
सेल्‍ब	आउनुपर्छ	1
जरमेशो	पुत्रले	1
जाइब	भोग्‍नुपर्छ	1
महिक्‍सीशो	घृणित	1
दाक्‍तमे	भन्छु	1
मिनु	वचनमा	1
दाक्‍तमे	लेखिएअनुसार	1
दाक्‍तमे	एलियालाई	1
दाक्‍तमे	चाहे	1
दाक्‍तमे	त्‍यही	1
देल्‍शो	वरिपरि	1
देल्‍शो	देख्‍नुभयो	1
दाते	भिडमध्येका	1
चाक्‍ता	तपाईंकहाँ	1
एक	ल्याएँ	1
दुम्‍शो	दिँदैन	1
सुमानु	पक्रन्छ	1
गोल्‍ब	पछार्छ	1
ग्रुंइब	काढ्छ	1
सुमानु	दाह्रा	1
सुमानु	किट्छ	1
गोल्‍ब	अरट्ठ	1
वोल	निकाल्नलाई	1
ग्रुंइदीन	बिन्ती	1
बाक्‍नुङा	बस्‍नुपर्नेछ	1
तवानु	देख्यो	1
तिङ	जोरले	1
गोल्‍शा	काम्‍न	1
गोल्‍शा	लगायो	1
रोम्‍सीशा	केटो	1
रोम्‍सीशा	लड्‍यो	1
बो‍ग्‍यो	फिँज	1
ग्रुंइदा	काढ्यो	1
ग्रुम्‍पदानु	फ्याँकेको	1
बेक्‍त	खोज्थ्यो	1
जचा	देखाउनुहोस्	1
प्रोंइयीकी	गर्नुहोस्	1
सुइक्‍नीमी	गर्नेको	1
ताइनीम	सम्भव	1
आ	बुबा	1
आफोमी	चिच्‍च्याए	1
एर	दौडदै	1
ओंथ	उहाँहरूतिर	1
दिचा	हप्काउनुभयो	1
लाटा	गुँगा	1
मनेंब	बहिरो	1
दे	गर्छु	1
मओव़चा	नगर	1
वोल	चिच्‍च्यायो	1
वोल	डरलाग्‍दो	1
आल	लछारपछार	1
रोप्‍पाइश्‍शा	गर्‍यो	1
ग्रूमाक्‍त	निस्क्यो	1
बेक्‍शो	मरेकोजस्तै	1
दुम्‍माक्‍त	देखियो	1
लमा	पस्‍नुभयो	1
ग्रुंइने	निकाल्‍न	1
चाम्‍सीब	सकिँदैन	1
मतुइक्‍तमेक्‍ल	उहाँहरू	1
मतुइक्‍तमेक्‍ल	कहाँ	1
मतुइक्‍तमेक्‍ल	थाहा	1
गाक्‍मा	चाहनुभयो	1
गेशा	सुम्पिनेछ	1
पुंइसीशा	मार्नेछन्	1
नाक्‍ती	तिन	1
नेल्‍ल	कोचाहिँ	1
खेरशो	धपाउँदै	1
माइक्‍तक	रोक्यौँ	1
माइक्‍तक	पछ्याउँदैन	1
पाइबमी	तत्कालै	1
मक्‍याल्‍ब	भन्‍न	1
मपाइब	,	1
लोटा	गिलास	1
गेबा	दिन्छ	1
ताइब	गुमाउनेछैन	1
आइक्‍च	सानामध्ये	1
यात	खान	1
क्‍युक्‍शा	घाँटीमा	1
साइक्‍चा	फ्याँक्‍नु	1
मकाप्‍ब	ननिभ्‍ने	1
ओव़चा	नरकमा	1
क्‍येङा	जानुभन्दा	1
डुंडे	अपाङ्ग	1
लुस्‍पु	नोटः	1
मबेक्‍नीम	उत्कृष्‍ट	1
मबेक्‍नीम	प्राचीन	1
नरकमी	प्रतिलिपिहरूले	1
मबेक्‍नीम	पद	1
लुस्‍पु	४६	1
मबेक्‍नीम	बाट	1
लुस्‍पु	वाक्यांशलाई	1
नरकमी	हटाएको	1
मबेक्‍नीम	पदको	1
मकाप्‍ब	टिप्पणीलाई	1
मकाप्‍ब	हेर्नुहोस्	1
ताइक्‍तो	फालिदेऊ	1
काना	आँखा	1
याक्‍पाइक्‍चा	नुनिलो	1
ङाम्‍तीक	नुनिलोपना	1
जाम्‍त	गुमाउँछ	1
ङाम्‍शो	आफू-आफूमा	1
रागी	प्रान्त	1
खोला	नदि	1
आइक्‍ची	पारिको	1
देल्‍मा	उहाँकहाँ	1
शेंदा	गर्नुभएझैँ	1
दुम्‍बा	विवाहविच्छेद	1
देंमे	दिएका	1
छोड	मोशाले	1
छोड	पत्‍नीलाई	1
सोइक्‍चा	पठाइदिन	1
गेवा	लेखेका	1
नेल्‍ल	सृष्‍टिको	1
मुरुमी	पुरुषले	1
गारशा	लागिरहन्छ	1
दुम्‍नीस	हुन्छन्	1
मफ्रादमेक्‍ल	अलग	1
मफ्रादमेक्‍ल	नगरोस्	1
चाक्‍बा	महिलासँग	1
चाक्‍बा	गर्छ	1
वोंइश	पतीसँग	1
खोइक्‍तु	पुरुषससँग	1
वोदल	छोइदिनुभएको	1
वोदल	होस्	1
मनुथु	रिसाउनुभयो	1
मतेक्‍कीन	मनाही	1
राज्‍यमी	यसभित्र	1
कली	अङ्गालोमा	1
मुप्‍शा	लिनुभयो	1
लमेनु	लाग्‍नुहुँदा	1
पिशा	आई	1
ब्रोंइशा	हकदार	1
मुर	भन्दछौ	1
तुइक्‍नेवे	जान्दछौः	1
जोल	ठगी	1
शोंप	आफूसँग	1
राव	निरुत्साहित	1
खाइश्‍शा	भएर	1
पाइश्‍शो	सम्पत्ति	1
राज्‍य	राज्‍यमा	1
दलओंठ	ऊँटलाई	1
पोलाम	छिर्न	1
देंमुमा	भन्‍न	1
ओव़चा	उद्धार	1
ताइबा	पाउन	1
ताइबा	सक्छ	1
पने	यो	1
प्रोंइशा	हेर्नुस्	1
तौ	जग्गा	1
प्रोंइबा	त्याग्छ	1
खेदा	यही	1
पुंइसाक्‍व	सतावटको	1
प्रोंइशो	गुणा	1
आम	आमाहरू	1
दुम्‍शोपुकी	धरै	1
लाक्‍शा	परिरहेका	1
खोइक्‍बपुकी	पछ्यानेहरूचाहिँ	1
नेक्‍था	आब	1
दुम्‍बा	हुने	1
तुइक्‍पाइक्‍चा	बताउन	1
मेकोपुकीमी	मृत्यदण्डको	1
गुइमी	गैरयहूदीहरूकहाँ	1
गेनीम	सुम्पिदिनेछन्	1
कुलमी	थुक्‍नेछन्	1
साइक्‍नीम	पुर्‍याउनेछन्	1
पुंइस्‍कु	तपाईंसँग	1
पुंइस्‍कु	माग्‍छौँ	1
तस्‍कुल	गरिदिनुहोस्	1
तस्‍कुल	चाहन्छौँ	1
पुंइनीसी	चाहन्छौ	1
दुम्‍नीनु	हामीमध्ये	1
नस्‍कु	दिनुहोस्	1
मरुप्‍नीसी	जान्दैनौ	1
पुंइसीने	सहन	1
चाप्‍नस्‍कु	सक्छौँ	1
पुंइसीनीसी	लिनेछौ	1
गे	बस्‍नुचाहिँ	1
योव़चा	पारिएको	1
पुंइशो	यसबारे	1
यूहन्‍ना	यूहन्‍नासँग	1
मनुथु	रिसाउन	1
पाइनुङ	मानिनेहरूले	1
दिप्‍शा	तिनीहरूमाथि	1
दिप्‍शा	प्रभुत्व	1
वोइश्‍शा	जमाउँछन्	1
दिप्‍शा	मानिसहरूले	1
पपांइसीचा	पाउन	1
तिमै	जानुहुँदा	1
तिमै	तिमैको	1
तिमै	बारतिमै	1
पुंइब	भिखारी	1
पिना	नासरी	1
पिन	कराउन	1
पावो	लाग	1
हुइक्‍तमे	हप्काए	1
ब्रेश्‍शा	करायो	1
ख्रा	रोकिनुभयो	1
दिक्‍शा	बोलाएर	1
मताइब	बोलाए	1
बोक्‍को	खडा	1
ताइश्‍शा	फाल्यो	1
छुल	उफ्रेर	1
ब्रा	फेरि	1
डांडा	बेथफागे	1
गाउं	पस्‍ने	1
ओव़सीनु	बित्तिकै	1
मङोइश्‍शो	पाउनेछौ	1
लाइक्‍सी	यसो	1
लाइक्‍सी	सोध्यो	1
लांमी	गल्लीमा	1
ङोंइती	बाँधिएको	1
प्रोन्‍से	फुकाए	1
प्रोंइसी	बछेडोलाई	1
प्रोंइसी	फुकाएर	1
प्रोंइसी	लागिरहेका	1
लेत्‍से	भन्‍नुभएझैँ	1
गधा	चेलाले	1
चाक्‍ग्‍से	बछेडोलाई	1
चाइक्‍ब	त्यसमाथि	1
चाक्‍ग्‍से	चढेर	1
चाक्‍ग्‍से	सक्‍नुभएको	1
वासी	आफ्ना	1
ब्रामे	कपडा	1
ब्रामे	त्यसमाथि	1
बरखी	कपडा	1
लांमी	बाटोभरि	1
लांमी	ओछ्याए	1
जिक्‍शा	खेतबाट	1
अरुमी	काटेर	1
एर	ल्याएका	1
लांमी	बिछ्याए	1
गाक्‍बपुकीमी	आउनेहरूले	1
दुम्‍ल	होऊन्	1
जाइ	धन्यको	1
होसन्‍ना	सर्वोच्‍चमा	1
जाक्‍दीशा	प्रवेश	1
ओव़माक्‍त	सबैतिर	1
ओव़माक्‍त	हेर्नुभयो	1
बेथानी	अबेर	1
लेम्‍माक्‍त	भइरहेको	1
नां	बाह्र	1
रिक्‍चशो	चेलासँग	1
बाक्‍माक्‍त	बेथानियातिर	1
लांमी	उहाँहरू	1
इच्‍ची	पातसहितको	1
फोव़शी	टाढैबाट	1
कोव़ङानु	पाइन्थ्यो	1
तवा	हेर्न	1
सित्‍ची	पातबाहेक	1
सित्‍ची	पाउनुभएन	1
सित्‍ची	अञ्‍जीर	1
मजाक्‍शो	फल्ने	1
मतामेक्‍ल	खानेछैन	1
ग्‍याप्‍ब	किन्‍ने	1
खेरचा	खेद्‍न	1
गोवा	थाल्‍नुभयो	1
वोइक्‍तीके	टेबल	1
खोल्‍शा	बेच्‍नेहरूको	1
नित्‍तीके	मेचलाई	1
लेयचा	मन्दिर	1
लेयचा	बेच्‍न	1
मगेथु	सकिने	1
चाक्‍शा	बोकेर	1
लेयचा	लान	1
वोइश्‍शो	जातिका	1
हुइक्‍तीमी	ओढार	1
फरिसी	भन्‍नुभएको	1
कोव़ङमे	पुजारीहरू	1
दोपा	उहाँलाई	1
हिंमा	उपाय	1
लाक्‍बाक्‍मा	परेका	1
गाक्‍मानु	भएर	1
पुं	जरैदेखि	1
सराप	सराप	1
सोव़माक्‍त	सुकेछ	1
एकेर	उठ्	1
याक्‍सो	झर्	1
सुइश्‍शोमी	हृदयमा	1
मपथु	गर्दैन	1
डांडा	मागेको	1
ताइनुङ	भन्दछुः	1
’	कुराको	1
चुरशो	खडा	1
गेने	दिनुपर्छ	1
माफ	गरिदिऊन्	1
मगेब	टिपोटः	1
शेंदीमी	प्राचीन	1
शेंदीमी	प्रतिलिपिहरूले	1
माफ	पदलाई	1
मगेब	समावेश	1
माफ	मत्ती	1
मगेब	६	1
शेंदीमी	१५	1
मगेतीनी	२६	1
हिरसेनु	घुमिरहनुभएको	1
खाल्‍पापुकी	उहाँकहाँ	1
पाइनुङ	सोध्‍छु	1
तवा	छलफल	1
देंतय	भन्‍नुहुनेछ	1
थमान	भन्यौँ	1
देंचा	मानिसहरूसित	1
देंमानु	दिए	1
मशेंनन्‍नी	बताउनेछु	1
सेल्‍शा	दृष्‍टान्तमा	1
धन्‍सार	कोलको	1
धन्‍सार	खाल्डो	1
दोशा	खने	1
धन्‍सार	मचान	1
पाइब	दाखबारी	1
माल्‍शा	भाडामा	1
सेक्‍ची	उमार्नेहरूकहाँ	1
बुम्‍था	समातेर	1
श्‍येत्‍थ	नदिईकन	1
प्रोल्‍शा	पुर्‍याए	1
प्रोल्‍शा	लज्‍जास्पद	1
सोइक्‍तमे	व्यवहार	1
लेंशा	अझै	1
आन	धेरैलाई	1
तुप्‍मे	व्‍यवहार	1
चाप्‍चा	पठाउन	1
चाप्‍चा	व्यक्‍ति	1
लीमाक्‍त	प्यारो	1
लीमाक्‍त	छोरा	1
दाक्‍शो	पठाउन	1
तौ	व्यक्‍ति	1
बुम्‍था	मोहीहरूले	1
पाइबपुकीमी	एक-आपसमा	1
अङस	सम्पत्ति	1
होव़पम	मालिकले	1
पाइबा	गर्नेछ	1
मगारथु	ढुङ्गालाई	1
फुल्‍लु	अस्वीकार	1
लाक्‍चा	आश्‍चर्यजनक	1
माल्‍मे	भिडसित	1
कका	बोल्नुभएको	1
हिंशा	छाडे	1
ख्राइक्‍पाइक्‍चा	फसाउन	1
फरिसी	हेरोदियासहरू	1
ननी	जान्दछौँ	1
तशा	विचारको	1
कुल	मानिसहरूबिच	1
मथाप्‍थु	मार्ग	1
थाप्‍चान	उचित	1
मथाप्‍थु	होइन	1
थाप्‍चान	तिरौँ	1
मथाप्‍थु	नतिरौँ	1
माल्‍शो	कपटलाई	1
थाम्‍नीनी	जाँच्छौ	1
कोंइदीनी	ल्याओ	1
कोंइदीनी	हेर्न	1
कोंइदमे	येशूकहाँ	1
बाक्‍मे	छाप	1
मथिथु	नभईकन	1
बेक्‍त	मर्छ	1
मजाम्‍मल	दाजुको	1
तमी	बच्‍चा	1
जेठामी	आफ्नी	1
जेठामी	बच्‍चा	1
चाक्‍गा	नभई	1
माइलामी	दोस्रोले	1
वोंइसे	पत्‍नी	1
मथिथु	नभई	1
वोंइसे	तेस्रोलाई	1
जनान	कुनैको	1
बेक्‍मा	भएन	1
दुम्‍बा	हुनेछिन्	1
हिल्‍लो	दाजुभाइले	1
पामे	पत्‍नीको	1
मतुइक्‍नीनी	जानेका	1
मिम्‍नीनी	गल्ती	1
मपाइनीम	दिन्छन्	1
पाइबपुकी	स्वर्गदूतहरूजस्ता	1
दुम्‍‍नीम	हुनेछन्	1
सेंसीचा	उठ्ने	1
कली	पुस्तकमा	1
रवा	झाडीको	1
ब्रशो	विवरणमा	1
मिम्‍बाक्‍नी	गलत	1
चाप्‍बाक्‍त	राम्रो	1
दे	जवाफ	1
ङा	देखे	1
ङोंइती	महत्त्‍वपूर्ण	1
ङोंइती	महत्त्‍वपूर्णचाहिँ	1
दाक्‍तो	गर्नुपर्दछ	1
दाक्‍शो	आफुलाई	1
सास्‍त्रीमी	शास्‍त्रीले	1
लाक्‍शा	उहाँबाहेक	1
रुप्‍तीक	समझ	1
दाक्‍चा	होमबलि	1
क्‍येङा	बलिदानहरूभन्दा	1
निप्‍स	बुद्धिमत्तापूर्वक	1
“	दिएको	1
मबाक्‍नी	छैनौ	1
मपामे	आँट	1
बाक्‍त	गरेन	1
चाप्‍नीमी	भन्छन्	1
गे	हातमा	1
खोइली	खुट्टामुनि	1
मवोदुमी	ल्याउँदिनँ	1
मिनु	मसीह	1
नेंचा	खुसीसाथ	1
दाक्‍तमे	सुन्यो	1
शेंना	शिक्षामा	1
कोट	वस्‍त्र	1
दाक्‍नीम	हिँड्न	1
पपांइसीचा	स्थानहरू	1
दाक्‍नीम	रुचाउँछन्	1
बेक्‍शो	घर	1
दुइश्‍शो	देखून्	1
दुइश्‍शो	लामो	1
एरे	मन्दिर	1
निश्‍शा	परिसरको	1
कोव़ना	चढाउने	1
चढ़ेतीक	बाकसको	1
कोव़ना	हालिरहँदा	1
कोव़न	हेरिरहनुभएको	1
चढ़ेवा	हालिन्	1
मुरुमी	विधवाले	1
नेल्‍लेमी	बाकसमा	1
चढ़ेशो	दिनेहरूमध्ये	1
चढ़ेप्‍तु	हालेकी	1
ब्रोंइतीक	आ-आफ्ना	1
क्‍येट	प्रशस्‍तताबाट	1
गाप्‍शो	गरिबीबाट	1
रे	जिउनुपर्ने	1
गेम्‍तेक्‍म	हालिन्	1
ग्रूमेनु	हुनुहुन्थ्यो	1
दारशो	राम्रा	1
दारशो	भवनहरू	1
तन्‍न	नभत्काइएर	1
ब्रेश्‍शा	एउटामाथि	1
मलीब	हुनेछैन	1
जैतून	जैतूनको	1
निस्‍सेनु	बस्‍नुभयो	1
अन्‍द्रीयास	अन्द्रियासले	1
दुम्‍चाप्‍तु	लाग्‍दा	1
ङा	कस्ता-कस्ता	1
मक्‍यामेक्‍ल	नबहकाओस्	1
क्‍याइक्‍नीम	भड्काउनेछन्	1
नेंनीनु	युद्धको	1
नेंनीनु	चिन्ता	1
महिनीन	नगर	1
महिनीन	अन्त्य	1
दुम्‍चान	आइसकेको	1
कछडी	परिषद्‌हरूको	1
वोइक्‍चा	हातमा	1
पुंइसीनीनी	सुम्पिनेछन्	1
पुंइसीनीनी	पिटिनेछौ	1
नें	साक्षीको	1
राप्‍पाइक्‍चा	मेरा	1
माल्‍नीनी	हुनेछौ	1
कली	गिरफ्तार	1
राप्‍पदमेनु	सुम्पन्छन्	1
हिंशा	चिन्ता	1
पने	दिइनेछ	1
पपाइक्‍ब	हुनुहुनेछ	1
साइक्‍पाइक्‍चा	छोरोलाई	1
गेब	मृत्यको	1
साइक्‍पाइक्‍ब	सुम्पिनेछन्	1
आफ	बुबा-आमाको	1
आस	हुनेछन्	1
साइक्‍पाइक्‍नीम	पुर्‍याउनेछन्	1
सुइम	सबैद्वारा	1
बाक्‍नीमी	रहनेछ	1
पढ़ेबपुकीमी	विनाशकारी	1
गेनायो	नहुनुपर्ने	1
मदुम्‍चा	खडा	1
बिथोलो	भइरहेको	1
दुम्‍मेनु	देख्छौ	1
पढ़ेबपुकीमी	बुझोस्	1
प्रेक्‍शा	छतमा	1
प्रोक्‍मल	तल	1
तोइश्‍शा	नओर्लून्	1
ओव़शा	घरभित्रबाट	1
दिव	ननिकालोस्	1
प्रोक्‍मल	नआऊन्	1
कोव़ज	भएकाहरू	1
जाइनीम	आमाहरू	1
श्‍येत	संसार	1
गेनायो	सुरुदेखि	1
मपीब‍	अहिलेसम्म	1
मपीब‍	न	1
वोइश्‍शो	नघटाउनुभएको	1
ब्रोंइने	प्राणी	1
मचाप्‍नीम	बाँच्‍ने	1
प्रभुमी	छान्‍नुभएको	1
लीचा	सङ्ख्या	1
मगेब	घटाई	1
देंतेक्‍म	भन्यो	1
कोंइनीम	सम्भव	1
तुइक्‍पाइक्‍तन्‍नी	रहो	1
मप्रेंथु	आउनुअगि	1
बाक्‍कीन	बताइदिएको	1
नुम्‍मेनु	महासङ्कष्‍टपछि	1
नां	चन्द्रमाले	1
खपीम	आकाशबाट	1
दोक्‍नीम	खस्‍नेछन्	1
सक्तिपुकी	शक्‍तिहरू	1
हिम्‍सीनीम	हल्लिनेछन्	1
चाक्‍थ	स्वर्गदूहरूलाई	1
तेइ	पृथ्वीको	1
चाक्‍थ	अन्तिम	1
सोइक्‍ब	छेउबाट	1
कोच्‍वा	पाठ	1
कोच्‍वा	सिक	1
बर्खा	हाँगाहरूमा	1
कोच्‍वा	मुना	1
कुशो	पलाउँछ	1
तनीनु	लाग्छन्	1
थमा	कुराह	1
दुम्‍शो	घटिरहेको	1
जाक्‍ची	उहाँ	1
जात	नभएसम्‍म	1
लीब	जानेछैन	1
दुम्‍बा	समयमा	1
सासीशा	.	1
हिरथ	मानिसजस्तो	1
लमेनु	होः	1
का	छोड्छ	1
बाक्‍को	आ-आफ्‍नो	1
लाप्‍चो	कामसहित	1
खाल	घरको	1
योक्‍शा	दिन्छ	1
पाइब	जागा	1
लाइब	दिन्छ	1
मतुइक्‍नीनी	जागा	1
भाले	घरको	1
ग्रीची	मालिक	1
जाक्‍बा	साँझ	1
जाक्‍बा	मध्यरात	1
ग्रीची	बास्दा	1
जाक्‍मेनु	आइपुगे	1
मथिदल	नभेट्टाऊन्	1
ओख्‍ती	निस्तार	1
मसुप्‍शो	अखमरी	1
पास्‍सा	चाडभन्दा	1
नाक्‍ती	दिनअगि	1
ग्‍याइश्‍शा	गिरफ्‍तार	1
पाइनीम	दङ्गा	1
कोर	बेथानियामा	1
खमे	उहाँ	1
बाक्‍मेनु	बसिरहनुहुँदा	1
कामी	मूल्यवान्	1
शुश	तरल	1
लाइब	पदार्थ	1
रिना	शिशीमा	1
लुक्‍ता	जटामसी	1
तेल	शिशीलाई	1
कुरशा	फुटाइन्	1
लुक्‍ता	खन्याइन्	1
“	रिसाए	1
तेल	कारणको	1
ओपा	खेर	1
ताइक्‍ता	फालिँदै	1
सहे	अत्तरलाई	1
देनार	सिक्‍काभन्दा	1
ताक्‍शा	बढीमा	1
चाम्‍स	बेच्‍न	1
हुइक्‍तमे	गाली	1
महुइक्‍तीने	छोडिदेओ	1
खाइक्‍पाइक्‍नी	दिइरहेका	1
थित्‍नीनी	गरिबहरू	1
शिशी	जहिले	1
दाक्‍ताक्‍नी	चाहन्छौ	1
मथित्‍नीनी	हुनेछैन	1
चाप्‍शो	सक्थिन्	1
पाप्‍तु	त्‍यही	1
बेक्‍चा	गरिन्ः	1
तेल	अभिषेल	1
ख्रेक्‍ताक्‍व	गरेकी	1
नेंपाइक्‍नीमी	संसारभरि	1
नेंपाइक्‍नीमी	गरिन्छ	1
मेक	स्‍त्रीले	1
देंमाक्‍त	बताइनेछ	1
इस्‍कारीयोत	बाह्रमध्येका	1
रिम्‍शोन	सकोस्	1
में	पुजारीहरूले	1
पदुमी	वाचा	1
पदुमी	सुम्पनलाई	1
योव़की	अवसर	1
पन	हेर्न	1
ब्‍वाइनीम	चढाउने	1
मानेचा	सक्‍नुभएको	1
गाग्री	पानीको	1
कुरशो	बोक्‍ने	1
ग्रुम्‍नीसी	भेट्नेछ	1
खोतीसे	पछ्याओ	1
ओव़बा	पस्छ	1
शेंबमी	गुरुज्यू	1
हिल्‍लो	पाहुना	1
सोइक्‍तीम्‍सी	गर्नू	1
लशा	निस्के	1
भोज	भन्‍नुभएजस्तै	1
सादसे	तयारी	1
खुम्‍समा	चेलासँग	1
मुल	मसँग	1
एक	खाइरहेकाहरूमध्ये	1
जना	जनामध्येका	1
शेक्‍कुम	चोपिरहेको	1
दुम्‍चा	लेखिएबमोजिम	1
दुम्‍ब	दिइनेछ	1
मजरमेस	नजन्मेको	1
जना	खाँदै	1
पाइब	लेओ	1
हुशेमी	करारको	1
तूतीके	तबसम्म	1
तूनुङ	पिउँदिनँ	1
बोक्‍शा	गाउनुभयो	1
प्रोंइनीनी	हट्नेछौ	1
खेरनुङ	हिर्काउनेछु	1
सुव	टिपोटः	1
ब्राइनीम	प्राचीन	1
ब्राइनीम	प्रतिलिपिहरूमा	1
ब्राइनीम	मेरो	1
ब्राइनीम	पदावली	1
सेंचा	उठेपछि	1
मोदेंशो	इन्‍कार	1
गेथ्‍सेमने	गेतसमनी	1
खाइक्‍माक्‍त	व्याकुल	1
खाइक्‍माक्‍त	हुनुभयो	1
खाइश्‍शा	मरेजतिकै	1
,	गहिरो	1
दुम्‍ती	वेदनामा	1
काथा	जागा	1
ङोंइती	परतिर	1
दुम्‍चशो	उहाँबाट	1
दुम्‍चशो	हटेर	1
मदुम्‍ल	जाओस्	1
लतीने	हटाउनुहोस्	1
दाक्‍शोन	इच्छा	1
इमे	मस्त	1
इमे	निद्रामा	1
मचबी	सकेनौ	1
पुंइसेनु	रहो	1
मपङ	नपरौँ	1
चाप्‍नुङ	तत्पर	1
पवा	वचनहरू	1
दुक्‍शा	सुतिरहेको	1
मतुइक्‍तमे	जानेनन्	1
इप्‍शा	सुतिरहेका	1
गाप्‍त	आएको	1
माइक्‍मीनु	बोल्दै	1
यहूदामी	आइपुग्यो	1
यहूदामी	त्योसँग	1
खालपापुकीमी	धर्म-गुरुहरूबाट	1
कोक्‍के	लाठा	1
कुरब	बोकेको	1
चाक्‍गा	हुल	1
जाक्‍ब	दिएको	1
ग्‍याइश्‍शा	त्‍यही	1
लतीने	समात	1
लतीने	घेरामा	1
लतीने	लैजाओ	1
ग्‍याइक्‍तमे	पक्रे	1
काथा	उभिनेहरूमध्ये	1
शोइश्‍शा	थुते	1
वाइल	नोकरको	1
खुइ	डाँकुको	1
ग्‍याइक्‍ब	आएझैँ	1
कोक्‍के	भाला	1
किंत	हुन्थेँ	1
गेपुकी	सिकाइरहेको	1
मग्‍याइक्‍तीनी	गिरफ्तार	1
मग्‍याइक्‍तीनी	गरेनौ	1
सुव	भागे	1
ठिटाम	सूतीको	1
गिल्‍सीशो	लगाएका	1
गिल्‍सीशो	बेह्रिएको	1
फेक्‍शो	सूतीको	1
बाक्‍‍माक्‍त	भागे	1
चढ़ेब	पुजारीकहाँ	1
लाङगा	घरको	1
खोइश्‍शा	पछ्याए	1
सिपाइपुकी	पहरेदारहरूसँगै	1
सिपाइपुकी	न्यानो	1
थेरशा	ताप्दै	1
जोल	परिषद्‍ले	1
गेने	कुरा	1
मगारमाक्‍त	मिलेन	1
साबेर	झुटो	1
साबेर	ल्याए	1
नेंतक	;	1
सांमी	हातविना	1
मगारमाक्‍त	मतको	1
पवा	दिँदैनौ	1
देंनेवे	नि	1
बाक्‍शा	रहनुभयो	1
गोस्‍सुमी	आकाशको	1
जाक्‍ना	बादलसँग	1
दुम्‍तीनी	सुन्‍नुभएकै	1
एको	तपाईंहरूको	1
पाइक्‍चा	निर्णय	1
माल्‍ब	भएकालाई	1
”	झैँ	1
कुलम	थुक्‍न	1
मिक्‍च	अनुहार	1
सुम्‍शा	छोप्‍न	1
तोक्‍तमे	हिर्काउन	1
तुमे	भविष्‍यवाणी	1
शुक्‍शी	अधिकारीहरूले	1
पामे	उहाँलाई	1
गेय	प्रधान	1
पाइब	पुजारीका	1
मीश	नोकर्नीहरूमध्ये	1
थेरशो	उभिँदा	1
का	नियालेर	1
बाक्‍त	हेरी	1
देंशो	भनिरहेका	1
मतुइक्‍तु	बझ्छु	1
मारेइ	जान्दछु	1
मतुइक्‍तु	आँगनमा	1
ग्रूशा	टिपोटः	1
मतुइक्‍तु	प्राचीन	1
मतुइक्‍तु	प्रतिलिपिहरूले	1
मरुबु	भाले	1
मतुइक्‍तु	बास्यो	1
पत्रुसमी	थप्छन्	1
मरुबु	उत्कृष्‍ट	1
मरुबु	प्राचीन	1
लाप्‍चो	प्रितिलिपिहरूले	1
जाक्‍दीम्‍माक्‍त	समावेश	1
पत्रुस	नोकर्नीले	1
गाक्‍ब	उभिएकाहरूलाई	1
बाक्‍ब	थाली	1
मेरे	मान्छे	1
बाक्‍बपुकीमी	उभिनेहरूले	1
मतुइक्‍नुङ	किरिया	1
थोक्‍शा	हालेर	1
देंमाक्‍त	भन्‍न	1
तुंइ‍सीन	मानिसबारे	1
फ्रुक्‍गा	गरेः	1
चढ़ेब	पुजारीहरूसँगै	1
सल्‍ला	परिषद्‍सँगै	1
पामे	बाँधे	1
गेमे	पेस	1
मलेत्‍नेवे	दिँदैनौ	1
गेम्‍तेक्‍मे	ल्याइरहेका	1
मुरपुकीमी	सामान्यतया	1
प्रोंइबाक्‍माक्‍त	गर्थे	1
सरकार	विद्रोहीहरूसँगै	1
जेल्‍खानमी	हत्याराहरूमध्ये	1
साइश्‍शो	कैदमा	1
मुरपुकीमी	भिड	1
साइ	विगतमा	1
प्रोनीन	गरेझैँ	1
पुंइनी	चाहन्छौ	1
चोशा	डाहको	1
सरकार	गरिनुपर्छ	1
पुंइपदमे	कराउन	1
पुंइपदमे	उक्साएका	1
गेपुकीमी	त्यसो	1
दरवार	ब्यारेकभित्रको	1
बाक्‍तीके	चोकमा	1
पल्‍टन	सिपाहीहरूको	1
सिपाइ	जत्थालाई	1
फेक्‍पाइश्‍शा	पहिराइदिए	1
पियाम	टाउकोमा	1
ताक्‍कीन	सलाम	1
कोक्‍केमी	निगालोले	1
मिनु	सम्मानमा	1
फेक्‍पाइश्‍शा	रङको	1
प्रुइश्‍शा	फुकालिदिए	1
फेक्‍पाइश्‍शा	लगाइदिए	1
क्‍याइक्‍चा	टाँग्‍न	1
रुफुस	गाउँबाट	1
आस	आइरहेका	1
रुफुस	रुफसका	1
रुफुस	कुरेनीका	1
रुफुस	बटुवालाई	1
ग्रुम्‍शा	दबाब	1
कि	बोक्‍न	1
मिनु	सिपाहीहरूले	1
गोल्‍गथामी	गलगथा	1
गोल्‍गथा	हुन्छः	1
देंसीब	खप्परको	1
शांबुमी	सिर्का	1
मूरे	मिसाएको	1
तूतीके	दाखमद्य	1
मिन	सिपाहीले	1
मिन	पोशाकको	1
ताइबा	टुक्रा	1
वोइश्‍शा	एक-आपसमा	1
आप्‍मे	भाग	1
क्‍यदमेनु	टाँग्‍दा	1
बजे‍शो	पहर	1
क्‍येप्‍शो	यस्‍तो	1
क्‍येप्‍शो	दोष-पत्र	1
खुइ	उहाँसँग	1
आस	डाँकुलाई	1
वोदमे	टाँगेः	1
पशोमी	टिपोटः	1
पशोमी	प्राचीन	1
सुइश्‍शा	प्रतिलिपिहरूमा	1
वोइक्‍चा	हटाइएको	1
वोइक्‍चा	लूका	1
पुंइसीब	२२	1
वोइक्‍चा	३	1
पुंइसीब	लाई	1
मरिम्‍शो	अधर्मीहरूसँग	1
पुंइसीब	गनिनुभयो	1
मेकोपुकीम	जानेहरूले	1
हिम्‍शा	हल्लाउँदै	1
खिं	आहा	1
नक	दिनभित्र	1
,	निर्माण	1
देंते	गर्थ्यौ	1
प्रोंइसीशा	ओर्लेर	1
सास्‍त्रीपुकीमी	शास्‍त्रीहरूसँग	1
मचाप्‍बाक्‍त	सक्दैन	1
प्रोंइसेक्‍ल	ओर्लेर	1
प्रोंइसीशो	आओस्	1
सुइक्‍नय	सकौँ	1
निक्‍शीमी	टाँगिएकाहरूले	1
३	घडीदेखि	1
बजे	नवौँ	1
नेल्‍ल	जगत्‌मा	1
असाब्‍थानी	सबख‍थनी	1
प्रोंइ‍यीनी	त्याग्‍नुभएको	1
एर	उभिएकाहरूमध्ये	1
रुवामी	स्पन्जमा	1
नुप्‍शा	हाले	1
कोक्‍केमी	निगालोको	1
लिक्‍शा	लट्ठीमा	1
युप्‍चा	राखे	1
प्रोंइबा	झर्न	1
प्रोंइबा	हेरौँ	1
कोव़य	है	1
वाइ	सोरले	1
कीशा	त्याग्‍नुभयो	1
बारेशो	तलसम्म	1
उइक्‍थ	भागमा	1
गाक्‍माक्‍त	चिरियो	1
वाइ	मर्नुभएको	1
बाक्‍शो	देख्‍ने	1
बेक्‍मेनु	टाढाबाटै	1
शुश	हेर्ने	1
का	सानो	1
मरीयम	सलोमी	1
यरूसलेम	हुनुहुँदा	1
गाक्‍शा	पछ्याए	1
बेक्‍ची	तयारी	1
नाक्‍त	अगिल्लो	1
तांइसेक्‍ल	परिषद्का	1
महिंथु	साहसका	1
लाइक्‍चा	लास	1
पिलातसमी	पहिले	1
पिलातसमी	मरिसक्‍नुभएको	1
मबेक्‍म	सुन्दा	1
मारेइ	पिलातस	1
बेक्‍मे	मर्नुभएको	1
?	वा	1
कप्‍तानमी	मरिसक्‍नुभएको	1
बेक्‍त	कप्‍तानबाट	1
देंमेनु	पाए	1
लाइक्‍चा	योसेफलाई	1
मुशा	क्रुसबाट	1
मुशा	झारे	1
पाइश्‍शो	;	1
पुक्‍खी	मलमलको	1
मुर	बेह्रे	1
मुशा	काटेर	1
मुशा	राखे	1
ओंइशा	चिहानको	1
वोइश्‍शा	मुखमा	1
फुल्‍लुमी	ढुङ्गालाई	1
चोक्‍शा	गुडाएर	1
वोदा	छोपे	1
ताम्‍से	कहाँ	1
योसेस	गाडिएको	1
माग्‍दाला	सकियो	1
सालोमेमी	सलोमीले	1
ख्रेक्‍चा	सुगन्धित	1
ग्‍याप्‍मे	अभिषेक	1
सोव़मेनु	झुल्कँदा	1
पुक्‍खी	चिहानमा	1
गेबा	चिहानको	1
याक्‍शा	हटाइदिन्छ	1
थुम्‍शो	हटाइसकेको	1
लाक्‍नी	नडराओ	1
जाक्‍नी	नासरीलाई	1
ममाइ	खोज्दै	1
सेंसाक्‍व	उठ्नुभएको	1
तुइक्‍पाइश्‍शो	भनिदेओ	1
लने	भन्‍नुभएजस्तै	1
प्रोक्‍मा	चिहानबाट	1
फो	दौडेर	1
फो	कामिरहेका	1
मदेंमा	भनेनन्	1
हिंशो	डराएका	1
सेंसीशा	टिपोटः	1
रे	प्राचीन	1
सेंसीशा	प्रतिलिपिहरूमा	1
७	९-२०	1
तपांइसे	मग्दलिनीकहाँ	1
ग्रुंइचा	निकाल्नुभएको	1
मरीयममी	गइन्	1
ब्रोंइशो	त्यस	1
ताता	विलाप	1
शोव़ङा	रोइरहेका	1
मसुदमे	हुनुहन्छ	1
नोले	टिपोटः	1
तपांइसे	९	1
गाउं	टिप्पणी	1
लसानु	हेरौँ	1
लसानु	मानिससँगै	1
लसानु	अर्कै	1
तपांइसे	हिँडिरहनुभएको	1
मसुइय्‍‍यीनी	टिपोटः	1
मुल	प्राचीन	1
सेंसीशा	:	1
ब्रोंइशो	९-२०	1
मिक्‍चीमी	एघार	1
ताइतक	जनाकहाँ	1
ब्रोंइशो	टेबुलमा	1
मिक्‍चीमी	अडेस	1
ताइतक	बसिँरहँदा	1
मुल	पर्नुभयो	1
रुप्‍चा	अविश्‍वास	1
थुं	कठोर	1
हुइक्‍तीमी	हप्काउनुभयो	1
देंब	देख्‍नेहरूका	1
११	समग्र	1
जना	सृष्‍टिलाई	1
ग्रुंइचा	लिन्छ	1
ब्रोंइचा	बचाइनेछ	1
पुंइसीब	ठहरिनेछ	1
सक्ति	[	1
दुम्‍नीम	प्राचीन	1
ग्रुंइशा	१६	1
खेरनीम	९-२०	1
खेरनीम	चिन्हहरू	1
खेरनीम	हुनेछन्ः	1
खेरनीम	धपाउनेछन्	1
सोक्‍तीमी	नयाँ	1
ब्‍वाक्‍नीम	बोल्नेछन्	1
ग्‍याइक्‍ताक्‍म	समाउनेछन्	1
तूतेक्‍म	पदार्थ	1
ग्‍याइक्‍ताक्‍म	पिए	1
ओश्‍येर	गर्नेछैन	1
तारी	बिरामीमाथि	1
चाक्‍शा	राख्‍नेछन्	1
मेको	टिपोटः	1
पुंइसे	मर्कूस	1
लाइक्‍चा	:	1
पुंइसे	९-२०	1
पुंइसे	उचालिलगिनुभयो	1
ग्‍येरपाइक्‍ब	सबैतिर	1
कोंइना	चिन्हहरूले	1
दें‍बाक्‍माक्‍त	पुष्‍टि	1
माननीय	धेरैले	1
थियोफीलस	घटेका	1
दुम्‍मे	विवरण	1
बाक्‍माक्‍त	गरेका	1
तशो	भर्खरै	1
तुइश्‍शो	सुम्‍पिदिए	1
ताइब	प्रत्यक्षदर्शी	1
तुइक्‍बपुकीमी	वचनका	1
नेंपाइश्‍शो	सेवकहरू	1
गोमी	सम्मानित	1
देंती	थियोफिलस	1
ब्रेक्‍तु	अनुसन्धान	1
ब्रेक्‍शो	ठिकसित	1
पढेशा	क्रमबद्ध	1
थमान	सुरुदेखि	1
बाक्‍माक्‍त	घटेका	1
”	घटनाहरूलाई	1
थमान	लेख्‍न	1
पढेतीनी	सिकाइएको	1
माइ	सत्‍यताबारे	1
अबीयाह	अबियाको	1
हुल	कुलका	1
हारून	हारुन	1
चढ़ेब	कुलकी	1
टिशा	गर्दथे	1
बाक्‍सा	जिउँथे	1
दुम्‍‍शो	भइसकेका	1
पालो	कुलको	1
जाक्‍माक्‍त	पालोअनुसार	1
अबीयाह	उपस्थितिमा	1
मिनु	त्यहाँको	1
धूप	परम्पराअनुसार	1
चोचा	चिट्ठाद्वारा	1
धूप	पालोअनुसार	1
चोइब	मन्दिरभित्र	1
भोट	बाल्नलाई	1
तोक्ग‍मे	छानिन्थे	1
चोचा	नाउँ	1
चोची	बाल्दै	1
बाक्‍मा	गरिरहेको	1
चोतीके	बाल्ने	1
जकरियामी	जकरियाले	1
हिंमाक्‍त	आत्तिए	1
यावेमी	प्रार्थनाको	1
एलीशीबाम	एलीशिबाले	1
थिशो	तिमीमा	1
ग्‍येरसीनेवे	आनन्द	1
ग्‍येरसीनेवे	जन्ममा	1
ग्‍येरसीनीम	आनिन्दित	1
मतूब	पिउनेछैनन्	1
कोव़जम	आमाको	1
ब्रीशो	भरिनेछन्	1
गे	परमेश्‍वरतर्फ	1
लेप्‍पाइक्‍ब	फर्काउनेछन्	1
आम	परमप्रभुको	1
तमी	अगि-अगि	1
लेप्‍पाइक्‍ब	जानेछन्	1
मटीब	बुबाहरूको	1
ठीक	छोराछोरीतिर	1
पतीक	फर्काउनेछन्	1
लां	अनाज्ञाकारीहरूलाई	1
जोक्‍ब	बुद्धि	1
सेल्‍ब	हिँडाउनेछन्	1
ग्रुम्‍पाइक्‍चा	गर्नका	1
जकरियाम	जकरियाले	1
खाल्‍पा	बुढो	1
दुम्‍ती	भइसकेँ	1
खाल्‍पी	बुढी	1
दुम्‍त	भइसकिन्	1
बाक्‍नुङ	उभिन्‍छु	1
ग्‍येरपाइक्‍ब	शुभ	1
नेंपाइक्‍थ	पठाइएको	1
सेंदा	शान्त	1
सोव़शा	रहनेछौ	1
मसुदी	गरेनौ	1
जकरिया	जकरियाले	1
बाक्‍मेनु	लामो	1
“	मन्दिरमा	1
रेन	बिताइरहेकाले	1
आगा	अचम्म	1
ओव़शो	मान्दै	1
रिम्‍दमे	पर्खिरहेका	1
पङ	सकेनन्	1
गुइ	मन्दिरभित्र	1
मचबा	दर्शन	1
पङ	महसुस	1
ग्रुमा	इसारा	1
तुइक्‍तमे	बोल्न	1
हुल	सेवाको	1
नुप्‍शा	समाप्‍त	1
लेम्‍माक्‍त	फर्किए	1
मीशेम	पत्‍नी	1
मीशेम	एलीशिबा	1
कुरा	भइन्	1
मतुइक्‍पाइक्‍थु	लुकाइन्	1
मथीब	निगाह	1
महिक्‍गेम	मानिसहरूका	1
शिशी	निन्दा	1
थीब	हटाउनुभयो	1
एलीशीबामी	एलीशिबा	1
६	छैठौँ	1
महिना	महिनामा	1
मेकेर	कन्याकहाँ	1
मीश	मानिससँग	1
योसेफ	वंशका	1
गाब्रीएल	तिनीकहाँ	1
गेते	पाएकी	1
पवा	छ्यौ	1
मिम्‍ता	विचलित	1
लाक्‍शा	परिन्	1
गाब्रीएलमी	स्वर्गदूतले	1
योव़ते	गरेकी	1
योव़ते	छ्यौ	1
कुरशा	हुनेछ्यौ	1
थीनेवे	जन्माउनेछ्यौ	1
वोतो	राख्‍नेछ्यौ	1
दुम्‍ब	महान	1
ठेयब	सर्बोच्च	1
देंनीम	चिनिनु	1
याकूब	सर्वोच्‍च	1
हुकुम	कहलाइनुहुनेछ	1
गेनायो	पुर्खा	1
गेनायो	दाऊदको	1
मनुप्‍ब	सिंहासन	1
देंमाक्‍त	दिनुहुनेछ	1
गो	कि	1
ग्‍युंबे	मानिससँग	1
बाक्‍नुङ	सुतेकै	1
परमप्रभु	स्वर्गदूतले	1
सुम्‍ब	आउनुहुनेछ	1
ताइनेवे	ढाक्‍नेछ	1
के	जन्मनुहुनेछ	1
देंनीम	बोलाइनेछ	1
दुम्‍त	वृद्धावस्थामा	1
खाल्‍पी	भनिए	1
कुरशो	छिन्	1
पने	कुरा	1
आ	परमप्रभुकी	1
बुद	सन्देशअनुसार	1
पपाइय्‍यील	होस्	1
ल‍माक्‍त	उनीबाट	1
एलीशीबा	दिनहरूमा	1
पहाडी	हतारिँदै	1
ओव़शा	गइन्	1
एलीशीबा	एलीशिबालाई	1
ताक्‍गानु	सुनिन्	1
प्रेक्‍माक्‍त	उफ्रियो	1
प्रिंदा	भरिइन्	1
दातेमी	स्‍त्रीहरूमा	1
कोव़ज	गर्भको	1
खिंमी	प्रभुकी	1
सेउ	अभिवादनको	1
ताक्‍गुनु	कानमा	1
प्रेक्‍त	उफ्रियो	1
गे	अनी	1
यो	गरेकी	1
सुइक्‍तीनी	छिन्	1
नेंशा	परमप्रभुबाट	1
थुंमी	परमभुमा	1
सेल्‍नुङ	आनन्दित	1
ग्‍येरसीनुङ	उद्धारकमा	1
ग्‍येरसीनुङ	हुँदछ	1
महिक्‍सीशो	दासी	1
आइक्‍च	स्‍त्रीको	1
जात	अहिलेबाट	1
मुरपुकीमी	पुस्ताहरूले	1
गेनीम	भन्‍नेछन्	1
पाइश्‍शोमी	सर्वशक्‍तिमान्‌ले	1
पाइक्‍ती	कार्य	1
हिंनीमी	गर्छ	1
पा	पुस्तादेखि	1
हिंनीमी	एर्को	1
हिंनीमी	पुस्तसम्म	1
पाइब	रहिरहन्‍छ	1
सक्ति	बाहुलीले	1
लेश्‍‍शो	विचार	1
हिंतीके	तितर-बितर	1
गेब	पार्नुभएको	1
हुकुम	राजकुमारहरूलाई	1
सासन	सिंहासनबाट	1
रोइश्‍शा	खसाल्नुभएको	1
ठेयब	तल्लो	1
सेल्‍तु	अवस्थाकाहरूलाई	1
सेल्‍तु	उठाउनुभएको	1
शोव़लु	भोकाहरूलाई	1
जचा	थोकहरूले	1
गेब	भरिदिनुहुन्छ	1
शोंप	धनीहरूलाई	1
सोइक्‍ब	पठाउनुहुन्छ	1
शिशी	दयालाई	1
कोंइशा	सम्झना	1
पिपी	भनेजस्तै	1
चच	वंशसँग	1
मिम्‍ताक्‍व	गर्नुहुनेछ	1
एलीशीबा	झन्डै	1
सम्‍म	एलीशिबासँग	1
बाक्‍शा	बसिन्	1
लेम्‍माक्‍त	फर्किन्	1
बुद	एलीशिबाको	1
एलीशीबामी	जन्माउने	1
थि‍माक्‍त	जन्माइन्	1
एर	छिमेकी	1
नेल्‍लेमी	नातेदारहरूले	1
वोइक्‍चा‍मेनु	नाउँबाट	1
खिंमी	बोलाउन	1
देंमा	सक्थे	1
वोइक्‍चा	बोलाइनेछ	1
खिं	नातेदारहरूका	1
आफ	बुबासँग	1
पय	चाहेका	1
जकरियाम	लेख्‍नका	1
ब्रेक्‍तीक	पाटी	1
पितीन	मागे	1
नेल्‍ले	तिनीहरू	1
ग्रिश्‍शा	खुल्यो	1
ब्‍वाक्‍ने	जिब्रोको	1
जकरिया	बन्धन	1
ग्रिश्‍शा	टुट्यो	1
दुम्‍शा	गरे	1
हिंमा	बस्‍नेहरूको	1
लाक्‍शा	भय	1
पहाड	मुलुकभरि	1
वोइश्‍शा	राख्‍दै	1
परमप्रभु	हात	1
आल	बालकसँग	1
जकरियामी	जकरिया	1
ब्रीशा	भरिए	1
सोइक्‍चाप्‍तु	उद्धारको	1
सोइक्‍चाप्‍तु	काम	1
प्रोंइब	सिङ्लाई	1
सक्ति	घरानाबाट	1
यावेमी	अगमवक्‍ताहरूका	1
रे	मुखद्वारा	1
इस्राएल	बोल्नुभए	1
मदाक्‍ब	गर्नेहरूबाट	1
प्रोंइब	दिनुहुनेछ	1
किकी	पुर्खाहरूप्रति	1
मिम्‍ताक्‍व	स्मरण	1
पाइनुङ	करारचाहिँ	1
पिपी	अब्राहामसँग	1
जोरी	शत्रुहरूका	1
महिंथु	सम्मुख	1
चाप्‍नय	जीवनभर	1
आ	पवित्रता	1
बाक्‍ने	गर्नलाई	1
बाक्‍ने	बनाउने	1
देंनीमी	कहलाइनेछौ	1
गाक्‍शा	मार्ग	1
सेल्‍नेवे	जानेछन्	1
गे	पाप-क्षमाद्वारा	1
क्‍याम्‍सीशा	दिनुभएको	1
सुनी	क्षमा	1
रुप्‍तीक	हामीकहाँ	1
छेङछेङ	बिहानको	1
तार	सूर्यझैँ	1
मोइक्‍ताक्‍व	आउनुहुनेछ	1
छिङछिङम	अन्धकारको	1
छिङछिङम	छायाँमा	1
हाम्‍सो	चम्कनुहुनेछ	1
कली	गोडाहरूलाई	1
नाइश्‍शा	मार्गतिर	1
बाक्‍तीकेम	डोर्‍याउनुहुन्छ	1
यूहन्‍ना	बालक	1
कोल्‍शा	हुर्के	1
मबाक्‍तीके	नपरेसम्म	1
सिजर	रोमी	1
अगस्‍टसमी	साम्राज्यभित्र	1
नें	जनगणना	1
ब्रेक्‍शा	गर्नू	1
हिक्‍चा	कैसर	1
नमी	अगस्टसले	1
”	उर्दी	1
पवा	जारी	1
मोदेंशो	कुरेनियस	1
ब्रेक्‍‍तीके	सिरियाका	1
ब्रेक्‍‍तीके	हाकिम	1
ब्रेक्‍‍तीके	हुँदाको	1
सिरीया	जनगणना	1
गाउं	जनगणनाका	1
ब्रेक्‍पाइक्‍चा	दर्ता	1
बेथलेहेम	दाऊदको	1
बोतीक	नामले	1
बेथलेहेम	चिनिन्‍थ्‍यो	1
खिं	वंशका	1
मोपा	मरियमसँगै	1
ब्रेक्‍पाइक्‍थ	दर्ता	1
लसानु	त्‍यहाँ	1
कुरशो	मगनी	1
कुरशो	बालकको	1
बेथलेहेम	छँदा	1
थितीक	जन्माउने	1
थितीक	समय	1
मथित्‍थु	जन्माइन्	1
बास	कपडाले	1
बाक्‍तीक	बेह्रिन्	1
कामी	जनावरहरूले	1
बाक्‍सा	खाने	1
शुंगुम	धर्मशालामा	1
शुंगुम	ठाउँ	1
गोठलापुकी	इलाकाको	1
मेकोपुकी	चौरमा	1
खाल	रखवाली	1
पशो	गोठालाहरू	1
ग्रूमाक्‍त	परे	1
गोठला	चम्किरहेको	1
गोठला	भयभीत	1
मुर	बडो	1
नेंपाइक्‍थ	गर्छु	1
जाक्‍ती	दिनेछ	1
जरमेसाक्‍व	मुक्‍तिदाताको	1
आं	चिह्नचाहिँ	1
वाम	कपडाले	1
गिल्‍शा	बेह्रेरेर	1
शुंगुम	जनावरहरूलाई	1
इप्‍पाइश्‍शो	खुवाउने	1
सरीङ	स्वर्गदूतसँग	1
गेय	सेनाको	1
फो	दल	1
ठेयब	प्रंशसा	1
गोठलापुकीमी	गोठालाहरूले	1
बेथलेहेम	परमप्रभुबाट	1
लय	घटेको	1
परमप्रभुमी	घटनालाई	1
लय	जाऊँ	1
लय	हेरौँ	1
दोरशा	हतार-हतार	1
थिशो	दाना	1
नेंशो	बताइएका	1
मिनु	गोठालाहरूद्वारा	1
वोदा	सोच्दै	1
गोठलापुकीमी	भनेअनुसार	1
नेंशो	कुराका	1
ख्रोदमे	समय	1
वोइक्‍चा	स्वर्गदूतद्वारा	1
कोव़ज	गर्भधारण	1
टिशा	तोकिएका	1
यरूसलेम	शुद्धिकरणका	1
जाक्‍दीश्‍शा	सकिएपछि	1
आल	योसेफ	1
परवा	उपस्थितिमा	1
चढ़ेम्‍से	यरूशलेममा	1
मारदे	परमप्रभुको	1
परमप्रभुम	व्यवस्थामा	1
अरे‍शो	लेखिएझैँ	1
थिशो	जन्मेको	1
आल	परमप्रभुमा	1
के	गर्नुपर्थ्यो	1
चोव़खेचा	भनेअनुसार	1
परवा	जोडी	1
चाइक्‍ब	ढुकुर	1
हिंब	ईश्‍वरभक्‍त	1
लां	दाताको	1
बाक्‍शो	गरिराखेका	1
ब्रीशा	उनीमाथि	1
बाक्‍माक्‍त	हुनुहुन्थ्‍यो	1
मबेक्‍थु	गराइएको	1
ग्रुम्‍पाइक्‍नन	नदेखेसम्म	1
ग्रुम्‍पाइक्‍नन	हुनेछैन	1
जाक्‍दीम्‍माक्‍त	अगुवाइमा	1
बाक्‍मे	माग	1
योसेफमी	आमाबुबाद्वारा	1
सिमियोनमी	शिमियोनले	1
लाइश्‍शा	काखमा	1
जाक्‍दीत्‍त	वचनअनुसार	1
नाइश्‍शा	शान्‍तिसँग	1
बेक्‍ने	बिदा	1
चाप्‍‍ब	दिनुहोस्	1
अर्को	तपाईंका	1
जात	इस्राएलीहरूका	1
आल	बालकका	1
आम	बुबाआमा	1
आफोमी	बालकका	1
सिमियोनम	शिमियोनले	1
एको	होसियारीसँग	1
आन	धेरैको	1
फ्राब	उत्थान	1
फ्राब	पतनका	1
रिम्‍शो	धेरैको	1
दुम्‍नीम	बोलिने	1
एको	चिह्नको	1
थुंम	साथै	1
मिम्‍शो	तरवारले	1
तुंइसीब	छेड्नेछ	1
तरवार	धेरैका	1
थोक्‍ब	विचारहरू	1
थोक्‍ब	होऊन्	1
आन्‍ना	हन्‍ना	1
आन्‍ना	नामकी	1
आन्‍ना	आशेर	1
आन्‍ना	कुलकी	1
माइश्‍शो	फनुएलकी	1
आशेर	वृद्ध	1
तमी	भइसकेकी	1
ग्‍युंबे	विवाहपछि	1
बर्सम	वर्ष	1
८४	चौरासी	1
ब्रोंइशा	विधवा	1
बर्स	रहिन्	1
मप्रोंइथु	नछोडी	1
बाक्‍बाक्‍माक्‍त	रहिन्	1
सेला	चढाउन	1
सोइक्‍ब	पर्खिरहेका	1
नेंपाइक्‍मी	बताइन्	1
माल्‍शो	बताएबमोजिम	1
थुम्‍शा	सिद्धयाए	1
,	सहर	1
गेवा	उहाँमाथि	1
आफ	निम्ति	1
लाइबाक्‍सा	जान्थे	1
जाक्‍दीम	हुनुहुन्‍थ्‍यो	1
नोले	सधैँझैँ	1
पास्‍सा	चाडका	1
थुम्‍शा	दिनहरू	1
लेम्‍मानु	बिताएपछि	1
लेम्‍मानु	फर्किन	1
मतुइक्‍थु	बालक	1
मेकेरन	यरूशलेममा	1
लीमाक्‍त	रहनुभयो	1
आम	बुबाआमालाई	1
वारच	यात्रीहरूकै	1
लत	दलमा	1
मिम्‍तसे	सिद्धायाए	1
वारच	नातेदार	1
मतथु	साथीहरूको	1
माल्‍चा	खोज्‍न	1
शेंबपुकी	शिक्षकहरूको	1
बाक्‍शा	सुन्दै	1
पना	गर्दै	1
मेको	जतिले	1
जोक्‍ब	समझशक्‍ति	1
तुइक्‍ब	जवाफमा	1
ममामी	आमा	1
गेस्‍की	गर्‍यौ	1
इ	चिन्तित	1
माल्‍तास्‍कु	थियौँ	1
माल्‍यीसी	खोजिरहनुभएको	1
मरुप्‍से	बुझ्‍न	1
लमाक्‍त	फर्कनुभयो	1
में	आज्ञाकारी	1
दाक्‍ता	निगाहमा	1
तिबेरीयुस	तिबेरियसको	1
१५	पन्ध्रौँ	1
बर्स	वर्षमा	1
इस्राएल	पन्तियस	1
रागीम	शासक	1
इतुरीया	शासक	1
अबीलेने	इतुरिया	1
रागीम	त्राखोनितिसका	1
इतुरीया	लुसानियास	1
हेरोद	अबिलेनेका	1
हन्‍नास	हन्‍नास	1
।	समयमा	1
जकरिया	जकरियाका	1
यूहन्‍ना	पाप	1
जाक्‍दीश्‍शा	क्षमाका	1
एर	वरपरिका	1
यसैयामी	पुस्तकमा	1
नेंसीब	बोलाइरहेको	1
थेलीने	बनाऊ	1
हिरशो	उपत्यका	1
लां	बनाइनेछ	1
नेल्‍ले	पहाड	1
सोव़जो	डाँडाहरू	1
सेल्‍चा	समतल	1
पुंइसीनीम	पारिनेछ	1
मरिम्‍शो	बाङ्गा	1
सोव़जो	बाटाहरू	1
सोव़जो	नराम्रा	1
नेल्‍ले	बाटोहरू	1
पुंइसीनीम	बनाइनेछन्	1
तुइक्‍नीम	देख्‍नेछन्	1
बाक्‍तीकेमी	उनीकहाँ	1
ग्रुंइपांइसीचा	आइरहेको	1
ताइनीनी	भाग्‍नलाई	1
शेंदा	चेताउनी	1
रे	दियो	1
मबाक्‍कीन	फलाओ	1
देश	छोड	1
फुल्‍लु	चट्टानहरूबाट	1
चोचा	फालिनेछ	1
मुल	हामीले	1
पक	गर्ने	1
बाक्‍मे	जोर	1
मबाक्‍शो	हुनेले	1
पोक्‍बपुकी	उठाउनेहरू	1
यूहन्‍ना	बप्‍तिस्मा	1
ताक्‍चा	उठाउनुपर्ने	1
मताक्‍चा	नउठाउनू	1
सिपाइपुकी	सिपाहीहरू	1
सुइ	अरूहरूबाट	1
हिंम	जबरजस्ती	1
हिंम	नलेओ	1
मरोइक्‍तीन	नलगाओ	1
गेय	तलबमा	1
क्‍येटम	सन्तुष्‍ट	1
कोर	आउनुहुन्छ	1
में	उत्सुकतासाथ	1
“	कतै	1
शुश	हरेकको	1
मिम्‍तमे	दोधार	1
क्‍येङा	अर्का	1
बाप्‍शा	आउनुहुन्छ	1
चेरब	खला	1
भूस	अन्‍नलाई	1
तिल्‍चा	भण्डारमा	1
हुरशा	नाङ्लो	1
मकाप्‍ब	ननिभ्ने	1
हुम्‍ब	जलाउनुहुनेछ	1
सासन	यूहन्‍नाले	1
चाक्‍चा	हेरोदियासलाई	1
जेल्‍खानमी	खराबीहरूका	1
चोक्‍पदा	हप्काए	1
पाइतीनी	यूहन्‍नालाई	1
”	जेलमा	1
हुइश्‍शो	हालेका	1
बाक्‍मेनु	हुनुहुन्‍थ्‍यो	1
रोक्‍से	खुल्यो	1
गोवानु	सुरु	1
मिम्‍तमे	सोचिएको	1
हेली	एलीका	1
मेल्‍की	मत्तातका	1
मेल्‍की	एली	1
यान्‍नाइ	लेवीका	1
बाक्‍माक्‍त	मत्तात	1
यान्‍नाइ	मल्कीका	1
यान्‍नाइ	यान्‍नाका	1
बाक्‍माक्‍त	यान्‍ना	1
मत्‍थाथीयास	आमोसका	1
मत्‍थाथीयास	नहूमका	1
मत्‍थाथीयास	आमोस	1
आमोस	इसलीका	1
बाक्‍माक्‍त	नहूम	1
मत्‍थाथीयास	इसली	1
आमोस	नग्गैका	1
मत्‍थाथीयास	माथका	1
माथ	नग्गै	1
माथ	माथ	1
मत्‍थाथीयास	सेमैनका	1
सेमेइन	योसेखका	1
मत्‍थाथीयास	सेमैन	1
माथ	योदाका	1
सेमेइन	योसेख	1
रेसा	योआनानका	1
बाक्‍माक्‍त	योदा	1
जेरूब-बाबेल	रेसाका	1
रेसा	योआनान	1
जेरूब-बाबेल	रेसा	1
जेरूब-बाबेल	यरुबाबेल	1
शाल्‍तीएल	नेरीका	1
कोसाम	मल्कीका	1
कोसाम	नेरी	1
एल्‍मादम	अद्दीका	1
एल्‍मादम	कोसामका	1
कोसाम	अद्दी	1
एल्‍मादम	एलमादमका	1
कोसाम	कोसाम	1
कोसाम	एर्‍का	1
एल्‍मादम	एलमादम	1
योरीम	यहोशूका	1
बाक्‍माक्‍त	एर्	1
मात्‍थात	एलिएजरका	1
मात्‍थात	यहोशू	1
मात्‍थात	योरीमका	1
योरीम	एलिएजर	1
मात्‍थात	मत्तातका	1
मात्‍थात	योरीम	1
तौ	लेवीका	1
तौ	मत्तात	1
योनाम	शिमियोनका	1
योनाम	यहूदाका	1
योनाम	शिमियोन	1
योनाम	योनानका	1
बाक्‍माक्‍त	योनान	1
मेन्‍ना	मलेआका	1
बाक्‍माक्‍त	एल्याकीम	1
मात्‍ताथा	मिन्‍नाका	1
नाथान	मलेआ	1
मात्‍ताथा	मत्ताथाका	1
मात्‍ताथा	मिन्‍ना	1
नाथान	नातानका	1
बाक्‍माक्‍त	मत्ताथा	1
बाक्‍माक्‍त	नातान	1
नहशोन	दाऊद	1
नहशोन	यिशै	1
नहशोन	ओबेद	1
बाक्‍माक्‍त	सल्मोन	1
अम्‍मीनादाब	आरामका	1
अम्‍मीनादाब	हेस्रोनका	1
आदमीन	फारेसका	1
अम्‍मीनादाब	हेस्रोन	1
नहशोन	यहूदाका	1
आदमीन	फारेस	1
इसहाक	तेरहका	1
तेराह	नाहोरका	1
बाक्‍माक्‍त	तेरह	1
पेलेग	सरूगका	1
बाक्‍माक्‍त	नाहोर	1
शेलाह	रऊका	1
एबेर	सरूग	1
शेलाह	पेलेगका	1
एबेर	रऊ	1
एबेर	एबेरका	1
शेलाह	पेलेग	1
शेलाह	शेलहका	1
बाक्‍माक्‍त	एबेर	1
केनान	शेलह	1
अरपक्‍शाद	अर्पक्षदका	1
अरपक्‍शाद	शेमका	1
केनान	अर्पक्षद	1
अरपक्‍शाद	नोआका	1
अरपक्‍शाद	शेम	1
शेम	लेमेखका	1
बाक्‍माक्‍त	नोआ	1
यरेद	मतूशेलहका	1
केनान	लेमेख	1
मा-हालालेल	हनोकका	1
मा-हालालेल	मतूशेलह	1
मा-हालालेल	येरेदका	1
बाक्‍माक्‍त	हनोक	1
केनान	महलालेलका	1
केनान	येरेद	1
बाक्‍माक्‍त	महलालेल	1
सेथ	एनोशका	1
आदम	शेतका	1
आदम	एनोश	1
चहिं	आदमका	1
सेथ	शेत	1
खोला	नदीबाट	1
गोरशो	दियाबलसद्वारा	1
नाक्‍चा	पर्नुभयो	1
मजथु	खानुभएको	1
४०	त्‍यो	1
मजथु	अन्त्‍यमा	1
बेक्‍माक्‍त	भोकाउनुभएको	1
दुमो	आज्ञा	1
देन	दिनुहोस्	1
मब्रोंइनीम	बाँच्‍न	1
कोंइशा	राज्यहरूलाई	1
याम	छिनभरमै	1
कामीन	देखायो	1
शोंप	राज्यहरू	1
इ	वैभवमाथि	1
।	दिइएको	1
दाक्‍तु	चाहन्छु	1
सेल्‍तीवी	गर्नुभयो	1
गेनन	तपाईंकै	1
‘	तैँले	1
सेलो	गर्नू	1
लाइश्‍शा	मन्‍दिरको	1
तारी	स्थानको	1
लदा	टुप्‍पामा	1
प्रेक्‍को	हाम्फाल्नुहोस्	1
सोइक्‍ब	गर्नुहुनेछ	1
खपीम	हातै	1
नाइक्‍पाइक्‍नीम	थाम्‍नेछन्	1
फुल्‍लु	ढुङ्गामा	1
मथोक्‍ब	ठोकिने	1
मनाक्‍चा	नगर्नू	1
नाक्‍नुङ	परीक्षा	1
खेयप	नआएसम्म	1
लेम्‍माक्‍त	फर्कनुभयो	1
ब्रशो	फैलियो	1
जाक्‍दीम्‍माक्‍त	हुर्कनुभएको	1
रेन	रीतिअनुसार	1
पढेचा	पाठ	1
प्राक्‍शा	खोल्नुभयो	1
कोव़शा	भेट्टाउनुभयो	1
नेंपाइक्‍चा	सुनाउनको	1
दिप्‍‍शो	कैदीहरूलाई	1
दिप्‍‍शो	छुटकाराको	1
चोक्‍चा	पठाउनुभएको	1
पुंइसीशो	दृष्‍टिविहीनहरूलाई	1
तपाइक्‍चा	अन्यायमा	1
जाइब	परेकाहरूलाई	1
रे	स्वतन्‍त्रता	1
सोइक्‍ताक्‍यी	प्रदान	1
शिशी	निगाहको	1
किताब	मुट्ठोलाई	1
गिल्‍शा	बन्‍द	1
मिनु	सभाघरमा	1
कोव़स	हेराइ	1
कोव़स	उहाँमाथि	1
मुलाक्‍त	सुन्दा	1
गाप्‍त	सुन्दै	1
गाप्‍त	भएको	1
नेंबपुकीमी	बोल्नुभएको	1
रिम्‍शो	सबैजना	1
आ	निस्केको	1
पामे	अनुग्रही	1
नेंबपुकीमी	वचनप्रति	1
योसेफ	‍योसेफका	1
सापाइक्‍ब	भन्‍नेछौ	1
सापतो	वैद्य	1
सापतो	निको	1
देंनीनी	पार	1
सहरम	जे-जति	1
मुल	कार्यहरू	1
कोल्‍तीक	स्थानीय	1
सम्‍म	स्वर्गको	1
रेउ	ढोका	1
मयिमाक्‍त	बन्द	1
मयिमाक्‍त	रोकिँदा	1
वोंइश	भूमीमा	1
देंशा	अनिकाल	1
बाक्‍तीक	अन्य	1
मसोइक्‍त	स्थानहरूमा	1
तन्‍न	नपठाई	1
प्रोंइथ	सारपतकी	1
प्रोंइथ	विधवाकहाँ	1
सोइक्‍ता	पठाइयो	1
सुइ	अगमवक्‍ता	1
मसामा	एलीशाको	1
मसामा	इस्राएलमा	1
मसामा	कुष्‍ठरोगीहरू	1
सिरीया	सिरियाली	1
नामान	नामानबाहेक	1
पुंइसे	पारिएन	1
चुरमा	रिसले	1
चुरमा	चुर	1
ग्रुंइ‍शा	ठेल्दै	1
रोंगु	पहाडमा	1
तोक्‍चा	बसालेका	1
रोंगु	त्यहीँबाट	1
दे	खसाल्ने	1
लदमे	प्रयत्‍न	1
ग्रू‍शा	बाटो	1
गाक्‍माक्‍त	लाग्‍नुभयो	1
नेंशा	शिक्षामा	1
पमुया	हामीहरूसँग	1
येसुमी	दुष्‍टात्मालाई	1
वोल	हकार्नुभयो	1
मपथु	लाग्	1
मगेथु	लडायो	1
दिङ	नोक्सानी	1
खोल्‍शा	उसबाट	1
ग्रूमाक्‍त	निस्केर	1
लाक्‍शा	अर्कामा	1
लाक्‍शा	छलफल	1
बाक्‍म	कस्ता	1
मारदे	आत्माहरूलाई	1
सक्ति	शक्‍तिसाथ	1
पवानु	गर्नुहुन्छ	1
वोलपुकी	निस्केर	1
ग्रूबाक्‍तेक्‍म	जान्छन्	1
ब्रना	समाचारहरू	1
ब्रन	वरिपरिका	1
ब्रना	क्षेत्रहरूमा	1
ब्रन	चारैतिर	1
जाक्‍दीम्‍माक्‍त	पस्‍नुभयो	1
शिमी	सासुलाई	1
गोल्‍‍शो	सताएको	1
मुरुमी	पक्षमा	1
राप्‍शा	उभिनुभयो	1
जरो	ज्वरोलाई	1
येसु	उहाँहरूको	1
रिक्‍मेनु	अस्ताउने	1
आन	बिरामीहरूलाई	1
चाक्‍ग्‍मे	येशूकहाँ	1
रोइ	सबैमाथि	1
वोल	धेरैबाट	1
ग्रीमा	हकार्नुभयो	1
ते	खोजी	1
लमे	राखेको	1
आंइ	अन्‍त	1
मगाक्‍कीन	जानबाट	1
सहरम	रोक्‍ने	1
बाक्‍कीन	कोसिस	1
मेको	यसैको	1
हिरन	प्रान्तका	1
गाक्‍माक्‍त	गर्नुभयो	1
शेंदीमी	सुन्‍नको	1
डी	गनेसरेतको	1
डा	तालमा	1
चूमे	उभिनुभएको	1
शुइचम	किनारमा	1
डोंगा	जालहारीहरूले	1
तोइश्‍शा	निस्‍केर	1
ग्‍याइली	जालहरू	1
मुरना	धोइरहेका	1
के	चढ्नुभयो	1
इच्‍का	जमिनभन्दा	1
लतो	पानी	1
आइक्‍ची	ठाउँतिर	1
लतो	लैजान	1
ब्‍वाक्‍कु	समात्‍नलाई	1
दातेम	पानीतिर	1
जाक्‍दीश्‍शा	लैजाऊ	1
आपो	हान	1
श्‍येत	रातभरि	1
आप्‍न	हान्यौँ	1
मरे	सकेनौँ	1
देंमाक्‍त	जाल	1
आप्‍नुङ	हान्‍नेछु	1
ङांइ	सङ्ख्यामा	1
रेश्‍शा	बटुले	1
गाक्‍चा	फाट्न	1
गोवा	लागिरहेको	1
ए	डुङ्गाका	1
एक	साथीहरूलाई	1
वारच	सहयोग	1
पसे	आउनको	1
पसे	इसारा	1
हेल्‍शा	भरे	1
चिक्‍ता	डुब्‍न	1
रेश्‍शो	समातेको	1
जब्‍दी	कार्यमा	1
छक	पत्रुससँग	1
लाक्‍सा	साझेदार	1
सिमोन	पत्रुसलाई	1
रेप्‍ब	पक्रनेछौ	1
तोइश्‍शा	डुङ्गालाई	1
शेंसीबपुकी	सहरहरूमध्ये	1
कोव़र	कुष्‍ठरोगीलाई	1
बाक्‍त	देख्‍नुभयो	1
कोव़र	कुष्‍ठरोगीले	1
कोव़र	हात	1
पाइब	पसारेर	1
कोव़र	तत्कालै	1
पशो	कुष्‍ठरोगले	1
सा‍माक्‍त	छोड्यो	1
कोंइदो	बाटो	1
चढ़ेचा	व्यवस्थाबमोजिम	1
माल्‍ब	शुद्धताको	1
रां	भयौ	1
कोंइदो	गवाही	1
लोव़	सिकाएको	1
रोइ	आ-आफ्नो	1
ब्राशा	प्रायः	1
सुइ	उजाड-स्थानतिर	1
पवा	गर्नुहुन्थ्यो	1
बाक्‍मेनु	दिइरहनुभएको	1
अरेशो	व्यवस्‍थाका	1
देल्‍शा	बसिरहेका	1
नु	इलाकाहरूबाट	1
ब्राख्‍येम	गुन्‍द्रिमा	1
चाक्‍दीत्‍चा	राख्‍नका	1
मिम्‍तमे	लैजाने	1
चाक्‍दीन्‍ने	लैजान	1
याक्‍शा	छानामाथि	1
साप्‍शो	छाना	1
फ्रेंशा	खोलेर	1
वोदमे	ओछ्यानसहित	1
बाक्‍त	झारिदिए	1
सुइक्‍शो	देख्‍नुभयो	1
पाप	विश्‍वासको	1
मिनु	शास्‍त्री	1
फरिसी	फारिसीहरूले	1
ला	परमेश्‍वरबाहेक	1
मिम्‍तीनी	प्रश्‍न	1
कोंइदो	हिँड्	1
कुरशा	उठाएर	1
ङोंइती	हामीले	1
गेनायो	असाधारण	1
मेकोमी	लेवीले	1
लेवीमी	लेवीले	1
जथ	अडेस	1
जथ	खाइरहेका	1
बाक्‍शो	गुनासो	1
जाइनीनी	खान्‍छौँ	1
मपाइब	स्वस्थ	1
डाक्‍टर	आवश्यकता	1
बाक्‍शा	बस्छन्	1
तूनीम	पिउँछन्	1
काथा	तिनीहरूकासाथमा	1
चाप्‍नीनी	बस्‍छन्	1
काबु	तिनीहरूबाट	1
लाइक्‍चा	लगिने	1
आन	दृष्‍टान्त	1
खाक्‍शा	टाल्नलाई	1
मक्‍येप्‍नीम	च्यात्दैन	1
मरिम्‍शो	च्यातेको	1
क्‍येप्‍चा	कपडासँग	1
मगारब	मिल्दैन	1
बोरशा	पुरानो	1
थैलो	मशकलाई	1
बुक्‍ब	फुटाउनेछ	1
क्‍युप्‍ब	पोखिन्छ	1
माल्‍ब	राख्‍नुपर्छ	1
तूशा	पिएर	1
तूशा	दाखमद्यको	1
शांबु	चाह	1
मदाक्‍नीम	गर्दैन	1
गाक्‍मानु	जाँदै	1
नोक्‍शा	हातमा	1
बाला	माडिरहेका	1
मदुम्‍ब	व्यवस्थाअनुसार	1
वारचपुकी	भोकाएका	1
शोव़लु	बेला	1
खिंमी	भवनभित्र	1
चढ़ेबपुकीम	पूजारीहरूले	1
जाइनीमी	अरूले	1
चढ़ेबपुकीम	निषेध	1
योक्‍शा	आफूले	1
शेंदानु	भयो	1
?	हुन्‍न	1
योव़की	नियाली	1
कोव़ङमे	राखेका	1
माल्‍शो	भेट्टाउन	1
बाक्‍मा	सकियोस्	1
पाइनन्‍नी	सोध्छु	1
बेक्‍चा	नाश	1
दिंदो	पसार्	1
दिंसेनु	पहिलाको	1
योव़की	रिसले	1
पाइबपुकी	चूर	1
दे	अर्कामा	1
कली	रातभर	1
सोव़शा	भइसकेको	1
वोदा	तिनीहरूमध्येबाट	1
योव़शो	बाह्र	1
आन	चुन्‍नुभयो	1
१२	पप्रेरितहरूका	1
जना	नाउँहरू	1
अन्द्रीयास	अन्द्रियास	1
अल्‍फयस	अल्फयासका	1
कनानी	विद्रोही	1
देंनीम	भनिन्थ्यो	1
साइक्‍चा	धोकेबाज	1
दुम्‍बाक्‍माक्‍त	पुग्यो	1
मुर	तिनीहरूसँगै	1
यिमा	समथर	1
लोव़	चेलाहरूको	1
एर	समुद्री	1
ओंथ	तटका	1
सापांइसीथ	हुनलाई	1
पाइबपुकीमी	भभिडमा	1
सक्तिम	पार्ने	1
सक्तिम	गइहेको	1
साबाक्‍मा	पार्नुभयो	1
शेंसीब	चेलाहरूतर्फ	1
मतथु	भोकाउँदछौ	1
गेब	हुनेछौ	1
बाक्‍शोपुकी	रुन्छौ	1
ताइनीनी	हाँस्‍नेछौ	1
दिप्‍मेनु	बहिष्कार	1
दिप्‍मेनु	साथीहरूबाट	1
मदाक्‍थु	निकाल्दछन्	1
खेरशा	दुष्‍ट	1
पामेनु	ठानी	1
थाम्‍पा	त्यसदिन	1
ग्‍येरसीने	उफ्र	1
हिनीन	धिक्‍कार	1
नेल्‍ल	सान्त्वना	1
थुम्‍तीनी	पाइसकेका	1
जचा	आहिले	1
हिनीन	तृप्‍त	1
बेक्‍नीनी	भोकाउनेछौ	1
हिनीन	हाँस्‍छौ	1
माल्‍नीनी	गर्नेछौ	1
हिनीन	पाउनेहरू	1
मदाक्‍ब	गर्नेहरूको	1
सराप	सराप्‍नेहरूलाई	1
शुक्‍शी	दुर्व्यवहार	1
राप्‍ब	हिर्काउनेलाई	1
दौरा	कोट	1
लाइक्‍ब	खोस्‍छ	1
भोटो	दौरा	1
प्रुइश्‍शा	दिइहाल	1
थोव़की	माग्‍ने	1
थोव़की	लगेमा	1
लाइक्‍तु	त्यससँग	1
लाइक्‍तु	फिर्ता	1
मपुनीन	नमाग	1
दोदेंशो	जसो	1
थाम्‍ने	सक्छन्	1
चाप्‍ब	आशामा	1
गेतीनी	दिन्छौ	1
लेंशा	पापीहरूलाई	1
ताक्‍चा	ऋण	1
ताक्‍चा	उत्तिकै	1
लेंशा	पैँचो	1
ममिम्‍थु	माग्‍नेहरूलाई	1
जेर	नगरीकन	1
मदेंब	अधन्यवादी	1
रिम्‍शो	कृपालु	1
पवा	हुनुभएझैँ	1
”	होऊ	1
मनाक्‍नीम	गरिनेछैन	1
मगेने	नलगाऊ	1
मताइनीनी	ठहरिनेछैनौ	1
गेने	दिइनेछ	1
हाइश्‍शो	प्रशस्त	1
दुम्‍शा	परिमाणमा	1
गेतीनी	खाँदी-खाँदी	1
गेतीनी	हल्लाई-हल्लाई	1
क्‍युप्‍चा	पोखिने	1
प्रिंशा	पोल्टामा	1
ताइनीनी	खन्याउनेछन्	1
गेनी	नाप्‍तछौ	1
कोंइने	डोर्‍याउन	1
खाल्‍टा	त्यसो	1
मबिक्‍नीसी	पर्दैनन्	1
मनम	हुन	1
शेंसीबमी	हेरक	1
शेंसीशा	तालिम	1
शेंब	गुरुजस्तै	1
ताइनीनी	देख्‍तछौ	1
फेत्‍नुङ	देख्दैनौ	1
कपटी	पाखण्डी	1
कसीङगर	आँखाबाट	1
फेन्‍ने	निकाल	1
चाप्‍नीनी	देख्‍नेछौ	1
फल	कुहिएको	1
मसिप्‍ब	फलाउँदैन	1
रवाम	कुहिएको	1
फल	प्रत्येक	1
रवा	फलले	1
तुंइसीब	चिनिन्छ	1
बोटमी	रुखबाट	1
बोटमी	अञ्‍जीर	1
ख्रुमीच	न	1
बोटमी	काँडे	1
बोटमी	झाडीबाट	1
फोव़शी	अङ्गुर	1
पाइश्‍शो	मान्छेले	1
पाइब	निकाल्छ	1
ब्रीशो	मान्छेले	1
पाइब	निकाल्दछ	1
देय	प्रशस्तबाट	1
मरिम्‍शो	बोल्दछ	1
तुंइ‍सीब	भण्डार	1
ग्रूब	निकाल्छ	1
मटीनीनी	कुराहरूचाहिँ	1
मटीनीनी	गर्दैनौ	1
सुम	व्यक्‍ति	1
सेलानु	जमिन	1
दोशा	खन्यो	1
सेल्‍ब	बसाल्यो	1
मब्रेप्‍ब	प्रहार	1
मब्रेप्‍ब	हल्लाउन	1
मब्रेप्‍ब	सकेन	1
जग	राम्ररी	1
मपाइबा	गर्दैन्	1
मदोथु	जमिनमाथि	1
मदोथु	विनाजग	1
रेउ	प्रहार	1
भोलम	ढली	1
योल्‍ब	हाल्यो	1
भोलम	विनाश	1
मिनु	सुनिरहेका	1
जाक्‍दीम्‍माक्‍त	गर्नुभयो	1
रोमी	कप्‍तानको	1
कप्‍तान	महत्त्वपूर्ण	1
बेक्‍चशो	आँटेको	1
खाल्‍पा	धर्म-गुरुहरूलाई	1
कली	मर्नदेखि	1
सापतीन	बचाइ	1
पुनीने	पठायो	1
कप्‍तान	तिनका	1
शिरशो	गरिदिनुहोस्	1
सेल्‍पाइक्‍तु	गरिदिएका	1
मेकोपुकी	तिनीहरूसँगै	1
नु	सरासर	1
मेकोपुकी	बाटो	1
लमाक्‍त	लाग्‍नुभयो	1
जाक्‍दीम्‍मेनु	नहुँदै	1
पथ	भन्‍न	1
मपने	नदिनुहोस्	1
खिंम	घरभित्र	1
ओंइचा	प्रवेश	1
मपिङ	प्रर्याप्‍त	1
मपिङ	ठानिनँ	1
ला	बोली	1
मपिङ	दास	1
कली	पाएको	1
मेको	मेरोमुनि	1
पिवो	एउटलाई	1
’	जा	1
लाक्‍माक्‍त	हुनुभयो	1
नोले	भिडतिर	1
कोव़शा	देखाउँदै	1
कप्‍तान	कसैमा	1
मतङमी	भेट्टाएको	1
साने	स्वस्थ	1
नाइन	नाइन	1
गे	यात्रा	1
लमाक्‍त	गरिरहनुभएको	1
ठेयब	मूल	1
लाप्‍चो	ढोकानजिक	1
तामे	ल्याइएको	1
मलामी	तिनीसँगै	1
मङाक्‍को	तिनीप्रति	1
कुरशो	अगाडि	1
पला	मृतकलाई	1
कुरबपुकी	शरीरलाई	1
दिक्‍मा	बोक्‍नेहरू	1
दिक्‍मा	अडिए	1
गेवा	सुम्पनुभयो	1
सेल्‍शा	गरिरहे	1
यावेम	हेर्नुभएको	1
एर	गर्नुभएका	1
ओंथ	कार्यको	1
ङा	छिमेकी	1
रागी	इलाकाहरूमा	1
कोव़क	बोलाएर	1
लसे	प्रभुकहाँ	1
माल्‍शो	व्यक्‍ति	1
नस्‍कु	तपाईंकहाँ	1
कोव़क	व्यक्‍ति	1
वोलम	दुःखकष्‍ट	1
सुम्‍शो	दुष्‍टात्माबाट	1
सुम्‍शो	दृष्‍टिविहीन	1
वोल	देख्‍न	1
खेरना	सक्‍ने	1
खेरन	क्षमता	1
मताइब	लागिसकेपछि	1
तसी	देखेका	1
ताइबाक्‍तेक्‍म	बताइदेओ	1
ताइबाक्‍तेक्‍म	पाइराखेका	1
गाक्‍बाक्‍तेक्‍म	हिँडिराखेका	1
पाइब	शुद्ध	1
मनेंबम	नसुन्‍नेहरूले	1
नेंबाक्‍तेक्‍म	सुनिराखेका	1
सेंसीशा	आवश्यकतामा	1
ब्रोंइबाक्‍तेक्‍म	परेका	1
नेंपांइ‍सीबाक्‍तेक्‍म	सुनाइएको	1
तशा	क्रियाकलापको	1
दल्‍गीर	नछोड्ने	1
ग्‍येरसमल	धन्यको	1
यूहन्‍नामी	यूहन्‍नाका	1
सोइश्‍शो	समाचार	1
गाक्‍सा	वाहकहरू	1
हिम्‍शो	बतासले	1
कोव़थ	हल्लाइराखेको	1
दारदारशो	राम्रा	1
दारदारशो	सुन्दर	1
आन	दरबारमा	1
बाक्‍तीकेमी	भोगविलाससाथ	1
क्‍येङा	अगमवक्‍ताभन्दा	1
कुरब	सन्‍देशवाहकलाई	1
रागी	स्‍त्रीहरूबाट	1
नेल्‍लेम	जन्मेकाहरूमध्येमा	1
यूहन्‍ना	यूहन्‍नाभन्दा	1
क्‍येङा	सबभन्दा	1
पोक्‍ब	उठाउनेहरूसमेत	1
ख्रुम्‍शा	बप्‍तिस्मा-दिने	1
ब्‍वाक्‍कुम	यूहन्‍नासँगै	1
सास्‍त्रीपुकीमी	यहूदीहरूका	1
यूहन्‍ना	पण्डितहरू	1
मख्रुम्‍पांइसीनीकी	उनीबाट	1
मसुइक्‍थु	बप्‍तिस्‍मा	1
मपामे	बुद्धिलाई	1
दोदेंशो	केसित	1
सु	गरूँ	1
नमी	केजस्ता	1
बजारम	बजार	1
बासुरी	खेलिरहने	1
आलपुकी	बालबालिकाहरूजस्ता	1
हुल	बस्दछन्	1
हुल	बोलाउँछन्	1
राकसी	पिउदै	1
मतूङानु	भन्छौ	1
धोक्रे	हेर	1
मरिम्‍शो	मानिस	1
क्‍येट	कर	1
तुइक्‍ने	सन्तानहरूद्वारा	1
फरिसी	फरिसीले	1
जथ	गर्नका	1
ब्रेत्‍ता	गरिरहेको	1
मेको	फरिसीको	1
तेल्‍लेम	पापी	1
नेंशा	लगाइन्	1
जाक्‍शो	बस्‍नुभएको	1
रिना	बोतलमा	1
जाक्‍माक्‍त	ल्याइन्	1
खोइलीम	पाउको	1
बाक्‍शा	पछाडिपट्टि	1
ङाक्‍माक्‍त	उभिइन्	1
ङाक्‍माक्‍त	रोइन्	1
चांमी	आँसुले	1
फिक्‍गा	भिजाउन	1
चांमी	टाउकाको	1
जिप्‍‍पाइश्‍शा	म्वाइ	1
पुक्‍पु	खाइन्	1
ख्रेक्‍ता	घसिन्	1
फरिसीमी	बोलाउने	1
तशा	विचार	1
तुइक्‍त	जान्‍ने	1
तुइक्‍त	कस्ती	1
थीब	प्रकारकी	1
तुइक्‍त	छोइरहेकी	1
फरिसी	दिएर	1
पाइनुङ	भन्‍नु	1
के	साहुबाट	1
लाइक्‍ब	लिएका	1
कामी	अर्कोले	1
थुइश्‍शो	लिएको	1
थाप्‍‍ने	तिर्ने	1
मचाप्‍सेनु	नभएकोले	1
होव़पमी	साहुले	1
प्रोंइदीम्‍सी	माफ	1
होव़प	कुनचाहिँले	1
ठीक	ठिकसित	1
देंते	न्याय	1
मीश	स्‍त्रीतिर	1
तवी	देख्दछौ	1
चिक्‍चा	धुनलाई	1
ब्‍वाक्‍कु	पानीसम्म	1
मगेयी	दिएनौँ	1
जिप्‍‍पाइश्‍शा	आँसुले	1
चांमी	भिजाइन्	1
मपाइय्‍यी	खाएनौ	1
खिंम	यहाँभित्र	1
बाक्‍ङा	पसेको	1
पन	छोडेकी	1
पियाम	शिर	1
मख्रेक्‍ती	गरेनौ	1
ख्रेक्‍ताक्‍यी	घसिन्	1
के	घटनाको	1
कोंइताक्‍व	गरेकी	1
क्‍याम्‍से	क्षमा	1
काथा	बसिरहेकाहरूले	1
जाइबपुकीमी	एक-अर्कामा	1
“	भन्‍न	1
ग्‍येरशा	बचाएको	1
शेंसीब	चेलाका	1
ग्रुंइशो	दुष्‍टात्मा	1
वोल	उहाँहरूसँगै	1
मरीयम	मग्दलनी	1
ग्रुंइशो	निकालिएका	1
मिनु	हेरोदका	1
मीश	कारिन्दा	1
बाक्‍मा	खुजासकी	1
मुरपुकी	योअन्‍ना	1
माल्‍‍मा	सुसन्‍ना	1
माल्‍‍मा	अरूहरू	1
शेंसीब	स्रोतहरूबाट	1
माल्‍‍मा	उहाँहरूका	1
वारच	जुटाई	1
पाइक्‍बाक्‍मा	दिन्थे	1
जाक्‍शा	एकसाथ	1
गाउं	मानिसहरूसमेत	1
देल्‍मानु	आइरहेका	1
शोक्‍थ	छर्नलाई	1
दिम्‍दमे	कुल्चिए	1
गुप्‍शा	चराहरूले	1
ग्‍याङग्रो	बिउ	1
वामा	बोटको	1
सिक्‍शो	बढे	1
सोव़शा	जमिन	1
बेक्‍मा	ओबानो	1
चू	काँढाँका	1
घारीम	बिरुवाहरूमा	1
जुक्‍तमे	बिरुवाहरू	1
चूम	बिउहरूलाई	1
सुम्‍शा	काँढे	1
कोल्‍चा	झाडीले	1
मगेवा	निसासिदियो	1
जुक्‍शा	परे	1
जुक्‍शा	सय	1
वामा	गुणा	1
बाक्‍त	फलाए	1
बाक्‍मे	कानहरू	1
ख्रुइश्‍शो	रहस्यका	1
रुप्‍तीक	अवसर	1
शेंनुङमी	सिकाइने	1
मतामेक्‍ल	देख्‍नेछैनन्	1
मरुप्‍मेक्‍ल	बुझ्‍नेछैनन्	1
नेंनीम	नगरून्	1
प्रेंपाइक्‍ब	नबाँचून्	1
शाक्‍श	गहिराइ	1
थोक्‍चा	नभएकोले	1
मतथु	केवल	1
पुंइस‍मानु	क्षणका	1
सुइक्‍चा	जाँचको	1
थाम्‍चा	समयमा	1
पुंइस‍मानु	पतन	1
प्रोंइनीम	जान्छन्	1
घारीम	झाडीमा	1
मार	जिउने	1
फेक्‍चा	क्रममा	1
दोपा	संसारका	1
गेय	सम्पत्तिको	1
मपथु	विलासका	1
ग्‍येरशा	निसासिएर	1
बाक्‍चा	परिपक्‍व	1
सित्‍चा	फलाउन	1
मगेनीम	सक्दैनन्	1
जुक्‍शो	मानिसहरूजस्तउ	1
थुंमी	हृदयसाथ	1
वोइश्‍शा	सुरक्षितसाथ	1
मिम्‍शा	धैर्यसाथ	1
थुंमी	फल	1
सिप्‍ब	फलाउँछन्	1
खाट	बत्ती	1
आगाम	बालेर	1
मख्रुइक्‍नीम	भाँडाले	1
मख्रुइक्‍नीम	छोप्दैन	1
हाम्‍सो	राख्दैन	1
दुम्‍ल	राख्छ	1
ततीकेम	उज्यालो	1
वोइक्‍नीम	देखून्	1
ख्रुइश्‍शो	लुकाउन	1
तुइक्‍नीम	ज्योतिमा	1
तुइक्‍नीम	नसक्‍ने	1
रुप्‍बमी	कसरी	1
तेम्‍शा	सुन्छौ	1
खोइ	सोचेको	1
रुप्‍शो	त्योसमेत	1
रोइश्‍शा	उसबाट	1
लाइक्‍चा	खोसिनेछ	1
मतामे	आउन	1
टीबपुकी	पालना	1
हांबु	पल्लोपट्टि	1
ल‍य	जाऔँ	1
फश	यात्रामा	1
गिवार	प्रभु	1
ओव़शा	निदाउनुभयो	1
डोंगामी	तालमा	1
ब्‍वाक्‍कु	आँधीबेहरी	1
ग्रुम्‍चवा	खतरामा	1
पोक्‍शा	ब्युँझाए	1
बेक्‍चांइतय	लाग्यौँ	1
गिवार	हप्काउनुभयो	1
कली	पानीको	1
हुइक्‍ता	बेग	1
छाल	थामियो	1
हुइक्‍ता	सुनसान	1
मेकोपुकी	डराएर	1
लाक्‍शा	एक-अर्कालाई	1
गिवार	पानीलाई	1
ब्‍वाक्‍कुमी	हप्काउनुहुन्छ	1
समुन्‍द्र	गेरासेनसको	1
शोक्‍शा	इलाकामा	1
आइक्‍ची	पारीपट्टि	1
हांबुम	पर्छ	1
तोंइसामानु	पाखामा	1
सुम्‍‍शो	उत्रनुभयो	1
तोंइसामानु	भेट्यो	1
वोलम	मानिसमा	1
जाक्‍माक्‍त	दुष्‍टात्माहरू	1
सुमा	कपडाहरू	1
वोइक्‍तीकेमी	लगाएको	1
मबाक्‍थु	बस्दैनथ्यो	1
बेक्‍शो	चिहानहरूमा	1
बाक्‍माक्‍त	बस्दथियो	1
वाइ	चिच्‍च्‍यायो	1
बाप्‍शा	लड्यो	1
पमुया	तपाईंसँग	1
ग्रूङो	मानिसबाट	1
चोक्‍शा	पक्रेर	1
वोलम	साङ्ग्ला	1
प्रुइक्‍पाइश्‍शा	नेलले	1
साङलो	बाँधिएर	1
प्रुइक्‍पाइश्‍शा	पहरामा	1
गोरशो	छिनालिहाल्थ्यो	1
साङलो	आत्माद्वारा	1
प्रुइक्‍पाइश्‍शा	मरुभूमितिर	1
चाक्‍दीश्‍शो	डोर्‍याइन्थ्यो	1
बाक्‍मा	पसेका	1
आंइ	अगाध	1
नरकम	खाँदमा	1
मसोइक्‍तीकी	नपठाउनुहोस्	1
गेकी	पठाइदिन	1
गेमी	आज्ञा	1
ग्रूशा	आत्माहरू	1
पोव़मी	निस्की	1
गशा	बथान	1
गशा	भिरालोबाट	1
दोरशा	हुर्रिंदै	1
थिश्‍शा	गएर	1
प्रोक्‍शा	भाग्दै	1
एर	ठाउँहरूमा	1
ग्रूशो	निस्केर	1
गशो	राम्रो	1
नु	चरणमा	1
ताइबपुकीमी	घटना	1
वोलम	आत्माहरूद्वारा	1
सुम्‍शो	नियन्‍त्रित	1
सामे	बचाइको	1
शेंदमे	अरूहरूलाई	1
गेरासीन	गेरासेन	1
मबाक्‍कीन	तिनीहरूबाट	1
ङोइश्‍शा	दुष्‍ट	1
ग्रुंइचा	निस्केर	1
पुंइसीशो	गएको	1
गेयीनी	जानलाई	1
खिंम	घर	1
लशा	फर्क	1
तुइक्‍पतो	कार्यहरूको	1
तुइक्‍पतो	स्मरण	1
लेश्‍‍शा	फर्कनुभयो	1
खिं	अगुवाहरूमध्ये	1
बेक्‍चशो	लागेकी	1
डा	घचेटिरहेको	1
हुलमी	एउटी	1
रोइ	समस्या	1
थुम्‍शो	डाक्टरहरूकहाँ	1
ओख्‍ती	औषधी	1
बाक्‍शो	उपचारमा	1
थुम्‍शो	खर्चे	1
थुम्‍शो	गरिसकेकी	1
मचाप्‍शो	सकेका	1
नोले	पछिल्तिर	1
थिवा	छेऊ	1
याप्‍चा	रक्‍तश्राव	1
हुल	तपाईंलाई	1
चुमुइनीम	घेरेर	1
चुमुइनीम	घचेट्दै	1
थिती	छोयो	1
मुरुमी	गरेको	1
ख्रुइक्‍ने	लुकाउन	1
मचाप्‍नुङ	नसक्‍ने	1
हिंशा	देखिन्	1
पन	काँप्दै	1
आ	चरणमा	1
बाम्‍माक्‍त	परिन्	1
थिवा	छुनुको	1
सामे	तुरुन्तै	1
मेको	निको	1
मुर	मानिसहररूका	1
बेक्‍त	मरिसकिन्	1
याइरस	दिनुभयो	1
साब	बचाइनेछिन्	1
आम	केटीको	1
कली	आमाबाहेक	1
आगा	पस्‍ने	1
हिशेक	केटीका	1
ङाक्‍शो	रुँदै	1
मबेक्‍शो	मरेकी	1
बाक्‍बपुकीमी	केटी	1
पामे	हाँसे	1
सेंसो	बोलाउनुभयो	1
सेंसो	उठ	1
लेश्‍शा	फर्क्यो	1
गेने	दिनका	1
आफ	बुबा-आमा	1
सुइ	नभन्‍नू	1
शेंसीब	एकैसाथ	1
ग्रुंइतीक	निकाल्ने	1
सापाइक्‍ती	पार्ने	1
सापाइक्‍थ	पार्न	1
झोला	यात्राका	1
मलाइक्‍चा	नलैजाओ	1
मकुरसीचा	दुईवटा	1
मकुरसीचा	लैजाओ	1
ओव़नी	पस्छौ	1
गाक्‍ची	नछोडेसम्म	1
गाक्‍ची	छोडछौ	1
ना	साक्षीका	1
फुरकु	धुलोसमेत	1
गाक्‍कीन	टकटकाइदेओ	1
शेंन	ठाउँका	1
हिरसमा	गाउँहरूतिर	1
देंबाक्‍मा	सुनाइदिएको	1
देंबाक्‍मा	देखा	1
थां	परेका	1
निक्‍शीमी	पुराना	1
क्‍योर‍पाइक्‍ता	काटेँ	1
नेंनु	सुन्दै	1
ग्रुम्‍चा	हेर्ने	1
दाक्‍ता	खोज्‍ने	1
दाक्‍ता	कोसिस	1
बाक्‍तीके	पठाइएकाहरू	1
लाइक्‍मी	तिनीहरूसँग	1
मुरपुकीम	सुन्यो	1
शेंशा	बताउनुभयो	1
रिक्‍चावानु	ढल्किन	1
शेंसीबपुकीम	उहाँकहाँ	1
सोइक्‍तीन	दिनुहोस्	1
मेकोपुकी	गाउँहरूतिर	1
गाउं	वरिपरिका	1
मेर	ठाउँहरूमा	1
तूचा	बास	1
बास	बस्‍न	1
मबाक्‍नीम	मरुभूमिको	1
निक्‍शी	माछाभन्दा	1
ग्‍याप्‍शा	किन्‍नबाहेक	1
थुल्‍चा	अर्को	1
देंनी	उपाय	1
हजार	हजारभन्दा	1
५०	पचास-पचास	1
निप्‍पतीन	लगाओ	1
निक्‍शी	माछालाई	1
कोव़शा	उठाउँदै	1
जिक्‍शा	पार्नुभयो	1
योक्‍चा	बाँड्नलाई	1
जशा	उब्रेका	1
दुम्‍माक्‍त	भरे	1
देंनीमी	तिनिहरूलाई	1
यूहन्‍ना	यहून्‍ना	1
नेसी	उदाएका	1
मिम्‍नीनी	भन्दछौ	1
अरेमी	शिक्षा	1
जोक्‍ब	दुख	1
तुइक्‍ब	सहनु	1
खाल्‍पापुकी	बुढापाकाहरू	1
मब्रथु	तिरष्कृत	1
साइक्‍पाइक्‍नीम	हुनु	1
साइक्‍पाइक्‍नीम	मारिनेछन्	1
सेंसीब	जीवनमा	1
खोइक्‍चा	आउन	1
महिंथु	उठाओस्	1
खोइय्‍यील	पछ्याओस्	1
प्रोंइचा	बचाउने	1
माल्‍बा	प्रयास	1
सोइक्‍बमी	गुमाउँछ	1
नेल्‍ल	संसार	1
सेल्‍शा	हात	1
दुम्‍त	गुमाउँछ	1
मतुइक्‍नुङ	शर्माउँनेछन्	1
काथा	उभिनेहरू	1
मबेक्‍नीम	चाख्‍नअगि	1
मतथु	देख्‍नेछैनन्	1
हप्‍ता	लगभग	1
सां	जाँदा	1
बुबु	परिवर्तन	1
तांइसे	चम्किलो	1
लोव़सी	देखिए	1
यरूसलेमम	उठाइबारे	1
याकूब	भएकाहरू	1
याकूब	निन्द्राले	1
मारेइ	लट्ठ	1
ङोंइती	ब्युँझे	1
छेङछेङम	महिमालाई	1
मोसा	येशूबाट	1
एलीया	जाँदै	1
गाक्‍चाम्‍सेनु	गर्दा	1
सेल्‍नीकी	वटा	1
बाक्‍तीके	टहरा	1
ब्‍वाक्‍शो	केको	1
मतुइक्‍ता	बुझेनन्	1
सुम्‍मी	ढाक्यो	1
सरीङ	बादलले	1
गोस्‍सुम	ढाकेको	1
हिंमा	देखेर	1
बाक्‍त	अत्तालिए	1
नेन्‍मेनु	बन्द	1
वोदमे	भनेनन्	1
यिशा	ओर्लेर	1
देल्‍मा	भेट्यो	1
सेंदा	चिच्यायो	1
वारच	गर्छु	1
सुमानु	हेर्नुहोस	1
हो	समात्छ	1
बो‍ग्‍यो	अचानक	1
ग्रुंइशा	चिच्‍च्‍याउँछ	1
बो‍ग्‍यो	फिज	1
ग्रुंइशा	काढेर	1
मोल	काम्‍न	1
थाइब	लगाउँछ	1
ग्रुंइदीने	निकाल्न	1
दूली	भ्रष्‍ट	1
बाक्‍नुङा	रहनु	1
चाक्‍को	लेऊ	1
चाक्‍गानु	केटो	1
वोलम	भूतले	1
शोव़	भयानक	1
बोग्‍यो	तवरले	1
ग्रुंइपदा	कमायो	1
तशा	महानतामा	1
तशा	कुराहरूप्रति	1
लाक्‍मानु	भइरहँदा	1
थुंमी	कानका	1
वोतीन	गहिराइसम्म	1
नेनीन	पुगून्	1
काइ	तिनीहरूबाट	1
मरुप्‍मे	लुकाइएको	1
मगेशो	सकेनन्	1
में	भनाइबारे	1
जनामी	तिनीहरूबिच	1
पमुमा	चल्यो	1
खेरशो	निकालिरहेको	1
मदुम्‍ब	रोक्यौँ	1
मगाक्‍ब	पछ्याएन	1
मुरुन	पक्षमा	1
थुं	अठोट	1
सामरीया	आफूभन्दा	1
पने	सन्‍देशवाहकहरूलाई	1
ओव़मा	गाउँमा	1
सोइश्‍शो	त्यहाँका	1
बास	ग्रहण	1
मगेनीकी	गरेनन्	1
मगेनीकी	अठोट	1
देंतेक्‍म	लिनुभएको	1
तोक्‍पाइश्‍शा	बर्साएर	1
हुइक्‍तीम्‍सी	हप्काउनुभयो	1
प्रभु	जानुहुन्छ	1
दाक्‍नुङ	पछ्यानेछु	1
सिवार	फ्याउराहरूका	1
बाक्‍तीके	चराहरूका	1
के	टाउको	1
बाक्‍तीके	लुकाउने	1
थिम्‍मेक्‍ल	गाड्न	1
नेंपाइक्‍थ	जताततै	1
दुम्‍ती	पछ्याउँछु	1
तुइक्‍पाइक्‍थ	भएकाहरूसँग	1
लचा	बिदा	1
लचा	माग्‍न	1
वाक्‍बमी	हलोमा	1
वाक्‍तानु	हात	1
वाक्‍ब	हेर्ने	1
ङा	योग्य	1
लशो	चाहनुहुन्थ्यो	1
गाउंमी	अगि-अगि	1
निक्‍‍निक्‍शी	जोडी-जोडी	1
निक्‍‍निक्‍शी	बनाएर	1
रुप्‍चा	प्रभुसँग	1
योव़शा	जरुरी	1
बाली	खेतालाहरूलाई	1
नाली	फसलमा	1
पुनीने	पठाऊन्	1
लने	गई	1
सोइश्‍शो	भेडाजस्तै	1
झोला	यात्राको	1
आसीक	उसँग	1
मेकोम	रहनेछ	1
नाइक्‍तीक	फर्कनेछ	1
बास	दिन्छन्	1
सम्‍म	खादै	1
मेकेरन	पिउँदै	1
खिं	खेताला	1
याक्‍शा	ज्यालाको	1
मबाक्‍कीन	योग्य	1
जने	घरबाट	1
तूङीन	घरमा	1
माल्‍‍नीम	नजाओ	1
जाक्‍दीन्‍नीनु	जान्छौ	1
गेमे	राखिएको	1
मब्राम्‍तेक्‍म	गरेनन्	1
गाक्‍नीनु	भन	1
खोइलीम	खुट्टाहरूमा	1
क्‍येप्‍शो	टाँसिएका	1
फुरक	धुला	1
फिक्‍नीकी	विरुद्ध	1
फिक्‍नीकी	टकटकाउदँ	1
गे	सहरलाई	1
सोदोम	सदोमका	1
देनीन	सह्‍य	1
सीदोन	सिदोनमा	1
नम	गरिएका	1
लेत्‍तेम	गरिसक्थे	1
सीदोन	सदोमलाई	1
सजाइ	सहज	1
सम्‍म	उचालिन्छस्	1
क्‍युक्‍सीनेवे	लाग्छ	1
पुंइसीनेवे	ल्याइनेछ	1
शेंने	आनन्दित	1
थिशा	भूतहरू	1
टिशा	वशमा	1
प्रोक्‍बाक्‍तेक्‍म	आउँछन्	1
चिला	बिजुलीजस्तै	1
ताता	देखिरहेको	1
बिच्‍छी	बिच्छीहरू	1
बिच्‍छी	शत्रुका	1
बिच्‍छी	शक्‍तिमाथि	1
मकोक्‍नीम	दिएको	1
पने	हानि	1
मचाप्‍नीम	पुर्‍याउनेछैन	1
पर्बम	आत्माहरू	1
मग्‍येरसीन	वशमा	1
मग्‍येरसीन	पर्छन्	1
मग्‍येरसीन	नरमाओ	1
किताबम	स्वर्गमा	1
ब्रेक्‍साक्‍व	लेखिएका	1
ननी	गर्छु	1
गेतीनी	अन्जानहरूलाई	1
तन्‍न	पितालेबाहेक	1
मतुइक्‍नीम	पुत्रले	1
आं	गरेकोले	1
शेंसीब	गुप्‍त	1
ताइनीमी	देख्‍नेहरू	1
ग्‍येरसीमल	धन्यका	1
पिपीपुकीमी	राजाहरूले	1
मतामे	देख्‍ने	1
मतामे	इच्छा	1
का	व्यवस्थाका	1
बोक्‍शा	खडा	1
थाम्‍शा	जाँचे	1
मपढेनी	पढ्छौ	1
दाक्‍तो	सामर्थ्यले	1
परमप्रभु	मनले	1
देंते	दियौ	1
ताइनेवे	बाँच्‍नेछौ	1
सेल्‍शा	ठहराउने	1
मतुइक्‍नुङ	विचारले	1
यरीको	यरीहोतिर	1
खुइपुकीमी	लुटेराहरूको	1
बाप्‍शा	पर्‍यो	1
खुइपुकीमी	सम्पत्तिहरू	1
लांम	लुटे	1
थपाइश्‍शा	अर्ध-मृत	1
पिशा	झरे	1
लाक्‍गा	भएर	1
गारमी	घाउमा	1
ङोइक्‍पाइश्‍शा	पट्टी	1
गारमी	बाँधिदिए	1
ओख्‍ती	दाखमद्य	1
ख्रेक्‍शा	लगाइदिए	1
गधा	जनावरमाथि	1
होटेल	धर्मशालामा	1
बास	हेरचाह	1
जशो	दिनार	1
बास	झिकेर	1
होटेल	धर्मशालाका	1
दाइक्‍ब	चौकीदारलाई	1
लेङङानु	तिमीले	1
मजाक्‍दीश्‍शो	अन्य	1
थाप्‍नन्‍नी	फर्कंदा	1
गार	तिर्नेछु	1
सांमी	लुटेराहरूको	1
सांमी	हातमा	1
रोइक्‍चा	पर्नेको	1
दुम्‍मे	तिनजनामध्ये	1
जाक्‍दीम्‍मा	पस्‍नुभयो	1
मरीयम	थिइन्	1
नेक्‍था	चरणमा	1
नेंना	सुन्दथिन्	1
मारथामी	मार्था	1
लोक्‍बमी	अत्ति	1
मपाइब	व्यस्त	1
लोक्‍ब	थिइन्	1
पतो	आइन्	1
लोक्‍बमी	बहिनीले	1
काइ	छोडेकी	1
पतो	भनिदिनुहोस्	1
पीर	गर्दछ्यौ	1
सुइम	सबैभन्दा	1
थोव़क	चुनेकी	1
योव़तु	छिन्	1
लाइक्‍ने	खोसिनेछैन	1
पवा	गरिसक्‍नुपछि	1
शेंदा	सिकाउनुहोस्	1
,	सिकाएका	1
गेकी	गर्नुहोस	1
मरिम्‍शो	ऋणीहरूलाई	1
सुइमी	होला	1
नाक्‍दो	मध्य-रातमा	1
इप्‍शो	तिमीलाई	1
पोक्‍शा	भन्‍नेछ	1
सां	सापट	1
का	घुम्दै	1
ङोन	मकहाँ	1
जाक्‍त	आइपुग्‍नुभयो	1
देंङानु	दिनका	1
पुंइतु	उत्तर	1
रेयके	दिक्‍क	1
मपावो	नबनाउनुहोस्	1
चोक्‍ता	लगाइसकिएको	1
आल	मेरा	1
इप्‍तेक्‍म	नानीहरू	1
मपावो	मसँगै	1
इप्‍तेक्‍म	सुतिराखेका	1
पुंइशो	रोटी	1
मगेनुङ	उठेर	1
देंब	रोटी	1
देंब	नदिए	1
ममाइ	भएकोले	1
ढिपी	लगातार	1
पतीके	मागिरहेको	1
ढिपी	उठ्नेछ	1
पुंइशो	रोटीहरू	1
बाक्‍नी	माग	1
लाप्‍चो	यो	1
पाइतीनी	खोज	1
ओव़चा	भेट्टाउनेछौ	1
माल्‍बा	पाउनेछ	1
लाप्‍चो	ढकढक्याउने	1
ख्रोकोल	व्यक्‍तिका	1
तौमी	तिमीहरूमध्ये	1
आ	को	1
मार	ढुङ्गा	1
ब्‍वोफु	अन्डा	1
ब्‍वोफु	बिच्छी	1
गेबा	दिन्छौ	1
आल	नानीहरूलाई	1
गेकी	प्रशस्त	1
गेब	दिनुहुनेछैन	1
ग्रुंइशा	भूतात्मा	1
खेरा	निकाल्नुभयो	1
ग्रूम	भुतात्मा	1
ग्रूम	निस्क्यो	1
नेल्‍ले	देखेर	1
वोल	शैतानहरूको	1
बेल्‍जीबुल	शासक	1
सक्तिम	बालजिबुलले	1
खेरबाक्‍माक्‍त	निकाल्यो	1
कोव़चा	गर्नका	1
कोव़चा	स्वर्गको	1
कोंइपाइक्‍चा	देखाउन	1
माल्‍मे	भन्यो	1
का	एक-अर्काको	1
ब्राशा	विभाजन	1
जाम्‍शा	गरिनेछ	1
मुरपुकी	एक-आपसको	1
सैतान	शैतानहरू	1
राज्‍य	विभाजित	1
ब्रात	हुन्छन्	1
जाम्‍शा	रहन	1
ङा	सक्दछ	1
देंतीनी	धपाउँछु	1
खेरतामी	धपाएँ	1
सुका	चेलाले	1
सुका	कसको	1
सक्तिम	नाउँबाट	1
खेरनीमी	धपाउलान्	1
सक्तिम	हातबाट	1
खेरता	निकालेँ	1
शेशा	हातहतियारसहित	1
दरवार	घरको	1
खाल	सुरक्षा	1
शोंप	कारणले	1
खुइ	सुरक्षित	1
मचाप्‍नीम	हुन्छन्	1
जाक्‍त	हराउँछ	1
या	हातहतियारहरू	1
ग्राशा	कब्जा	1
नेल्‍ल	सम्पत्तिहरू	1
सेल्‍ब	लुट्ने	1
गो	मसगँ	1
मगारब	नहुने	1
नु	जम्मा	1
मखुप्‍बपुकीमी	नगर्नेले	1
फ्राइनीम	छरपस्ट	1
फ्राइनीम	पार्छ	1
मबाक्‍तीकेम	नभएको	1
मबाक्‍तीकेम	आरामको	1
नाइक्‍तीके	खोजेको	1
बाक्‍तीकेमीन	बस्‍नका	1
बाक्‍तीकेमीन	पाएन	1
लेत्‍नुङ	आएको	1
लेप्‍ब	फर्कीजानेछु	1
जाक्‍मेनु	सकेपछि	1
सिल्‍शा	सफासँग	1
फिक्‍शा	व्यवस्थित	1
सिल्‍शा	पारेर	1
चाक्‍ब	देख्यो	1
शेंदीमी	भूतात्मालाई	1
शेंदीमी	बोलाउनेछ	1
क्‍येङा	बस्‍नेछ	1
कोल्‍पाइक्‍ब	कोख	1
थिशा	जन्माइन्	1
कोल्‍पाइक्‍ब	दूध	1
ममा	चुसाइन्	1
नेंशा	सुन्दछन्	1
थम	पुस्ता	1
मुलाक्‍त	पुस्ता	1
दाक्‍नीम	खोज्‍नेछन्	1
लाक्‍शा	चिह्नबाहेक	1
ताइब	लगाउनका	1
सेल्‍ब	उठ्नेछिन्	1
रे	पल्लो	1
जाक्‍त	आएकी	1
सेल्‍नीम	लगाउनेछन्	1
ओव़ब	टोकरीले	1
सुम्‍शा	छोपेर	1
मवोइक्‍नीम	राख्दैन	1
हाम्‍सो	राख्दछ	1
ततीकेम	उज्‍जालो	1
वोइक्‍नीम	होस्	1
दुम्‍‍ब	पाउनेछ	1
बाक्‍ब	छोप्‍नेछ	1
रां	तिमीमा	1
दाशो	चमकजस्तै	1
दाशो	तिमीमा	1
तांइसीनीनी	चम्कोस्	1
काबु	बोलिसक्‍नुभएपछि	1
खमे	खाना	1
जथ	बोलाए	1
मचिक्‍सीथु	ढल्केर	1
फरिसीमी	खानुभन्दा	1
मचिक्‍थु	नधोएको	1
जचशो	फरिसीहरू	1
शेक्‍तीनीनु	गिलास	1
शेक्‍नीनी	कचौराको	1
शेक्‍तीनीनु	लोभ	1
मूर्खपुकी	मूर्ख	1
मूर्खपुकी	मनिसहरू	1
सेला	बनायो	1
ममाइ	बनाउँदैन	1
आगा	तिमीभित्र	1
मथीब	गरिबलाई	1
१०	सुप	1
१०	जडीबुटीको	1
गेनीनी	धार्मिकतालाई	1
गेनीनी	बेवास्ता	1
निसाफ	धार्मिकताबमोजिम	1
मपथु	गर्नुपर्ने	1
माल्‍नीनी	असफल	1
गाक्‍नीनु	फरिसीहरू	1
बजारमी	सहरहरूमा	1
मततीक	चिह्न	1
मततीक	नलगाइएको	1
तुरस	चिहानजस्तै	1
दिम्‍‍शा	नपाईकन	1
गाक्‍नीमी	हिँड्ने	1
हुइश्‍शो	शिक्षकहरूले	1
हुइश्‍शो	जवाफ	1
फरिसी	दिँदै	1
कुरपाइक्‍नीनी	लगाउँदछौ	1
नेप्‍शा	त्यस्तो	1
नेप्‍शा	सारा	1
नेप्‍शा	भारलाई	1
मपाइनीनी	उठाउँदैनौ	1
पिपीपुकीमी	धिक्‍कार	1
साइक्‍तेक्‍म	चिहानको	1
साइक्‍तेक्‍म	स्मरणको	1
साइक्‍तेक्‍म	निर्माण	1
तुरस	मार्ने	1
सेल्‍तीनी	तिमीहरूकै	1
सेल्‍तीनी	पुर्खाहरू	1
साइक्‍ना	दियौ	1
दुम्‍तीनी	जनायौ	1
साइक्‍न	मारेका	1
साइक्‍ना	चिहान	1
साइक्‍न	सम्झनाको	1
बाक्‍तेक्‍मे	बनाएका	1
नेसी	त्यसैकारणले	1
तुइक्‍तीक	विवेकले	1
पाइश्‍शोमी	भन्दछ	1
शेंब	प्रेरितहरूकहाँ	1
सोइक्‍नुङमी	पठाउनेछु	1
खेदा	सताउनेछन्	1
श्‍येत	यीमध्ये	1
गेनीम	कतिलाई	1
साइश्‍शो	रगतमा	1
ताक्‍सीब	जिम्मेवार	1
दातेम	हाबिलको	1
बाक्‍त	वेदी	1
साइक्‍तीके	स्थानमा	1
सिनाक्‍ती	मारिएका	1
सिनाक्‍ती	जकरियाको	1
मुलाक्‍ती	रगतसम्मको	1
गेने	पुस्ता	1
ताइनीम	जिम्मेवार	1
ताक्‍तीनी	तिमीहरूबाट	1
मओव़नी	लग्यौ	1
ओव़चा	परिस्थिति	1
मगेनी	गएनौ	1
हुइक्‍तीमी	लुक्यौ	1
फरिसी	गइसक्‍नुभएपछि	1
गाइश्‍शा	एक-आपसमा	1
थाम्‍मे	बहस	1
ख्राइक्‍पाइश्‍शा	परीक्षामा	1
दोस	पार्ने	1
माल्‍मे	कोसिस	1
नेम्‍मुशा	अत्यधिक	1
चुमुशा	एउटाले	1
नेंथ	अर्कोलाई	1
जाक्‍मा	कुल्चिरहेका	1
फरिसी	भन्‍न	1
बोरपाइक्‍तीक	फरिसीहरूको	1
जोल	पाखण्डीपना	1
ख्रुइश्‍शा	हुनै	1
वोइश्‍शो	सक्दैनन्	1
नेंसीब	सुनिनेछ	1
बाक्‍शा	कोठामा	1
देंनीम	गरिनेछ	1
वारचपुकी	मित्रहरू	1
चाप्‍बपुकी	मार्नेहरूसँग	1
मान	कोसँग	1
पा	डराउने	1
हिनीन	चेताउनी	1
नाराक	व्यक्‍तिसँग	1
साइश्‍शा	डराओ	1
नाराक	जससित	1
साइश्‍शा	मारेपछि	1
नाराक	नरकमा	1
सोइक्‍तीक	फालिदिने	1
मग्‍याम्‍सीबा	बेचिँदैनन्	1
यावेमी	दृष्‍टिबाट	1
कोव़शो	बिर्सेको	1
पिया	कपालका	1
चां	रौँको	1
हिक्‍शा	गणना	1
मोपतीके	उहाँसित	1
हिक्‍सीशो	भङ्गेराहरूभन्दा	1
गेय	दूतहरूले	1
शुक्‍शी	बोल्दछ	1
पामे	गर्दछ	1
मक्‍याम्‍सीब	गरिनेछैन	1
लाइश्‍शा	ल्याउनेछन	1
‘	कसरी	1
देंचा	प्रतिकार	1
शेंदीमी	सिकाउनुहुनेछ	1
अङस	सम्पत्तिको	1
गेवो	भागबन्डा	1
पुना	बताइदिनुहोस्	1
इस	तिमीहरूमाथि	1
अङस	न्यायधीश	1
योक्‍ब	मध्यस्तकर्ता	1
नङा	बनायो	1
मदुमीन	इच्छाहरूबाट	1
मतांइसीब	प्रशस्ततामा	1
नाली	भूमिले	1
ग्रेल्‍माक्‍त	उब्जनी	1
ग्रेल्‍शो	मनमनै	1
ग्रेल्‍शो	लाग्यो	1
अन्‍न	गरूँ	1
अन्‍न	अन्‍नको	1
प्रेश्‍शा	भन्यो	1
अन्‍न	भकारीहरूलाई	1
वोइक्‍तीक	भत्काउनेछु	1
अन्‍न	बनाउनेछु	1
उप्‍नुङ	अन्‍नहरू	1
बाक्‍शो	सामग्री	1
मिनु	म	1
जाक्‍दीप्‍ब	प्राणलाई	1
जाक्‍दीप्‍ब	भन्‍नेछु	1
जाक्‍दीप्‍ब	हे	1
जाक्‍दीप्‍ब	तेरो	1
जाक्‍दीप्‍ब	प्रशस्तै	1
जाक्‍दीप्‍ब	भण्डारण	1
जशा	खा	1
तूशा	पी	1
मुलाक्‍दो	आजको	1
खुप्‍शा	प्राण	1
उप्‍शो	लिइयो	1
उप्‍शो	सब	1
जाइबा	हुनेछ	1
मिम्‍ब	संचय	1
दुम्‍नीम	परमेश्‍वरकहाँ	1
दुम्‍नीम	पुग्दैन	1
फेक्‍चा	पहिरौँला	1
खद	कागहरूलाई	1
मखुप्‍नीम	बटुल्दछन्	1
अन्‍न	भण्डारणहरू	1
वोइक्‍तीक	छैनन्	1
खिं	भकारी	1
थुल्‍ब	खुवाउनुहुन्छ	1
चिक्‍ब	चराहरूभन्दा	1
बारपाइक्‍ने	आयुमा	1
नाक्‍त	एकपल	1
बारपाइक्‍ने	थप्‍न	1
मचाप्‍तीनी	सानो	1
मारदे	योग्यका	1
तांइसीनीमी	लिली	1
गिश	बढ्छन्	1
मपांइनीम	परिश्रम	1
सोलोमन	न	1
गिश	मेहनत	1
ग्‍योम्‍साक्‍व	गर्छन	1
मदुम्‍माक्‍त	महिमामा	1
फू	यिनीहरूझैँ	1
खोइ	आभूषित	1
मदुम्‍माक्‍त	थिएनन्	1
नोले	जमिनका	1
मीम	सुशोभित	1
पुंइसीब	पार्नुहुन्छ	1
हुम्‍चा	अस्तित्वमा	1
घांस	भोली	1
ग्‍योम्‍ताक्‍व	फालिनेछ	1
रिम्‍शो	अल्प	1
सुइक्‍ने	भन्दाबढी	1
मग्‍योम्‍बा	सशोभित	1
तूचा	पिऔँला	1
थुंमी	नभौतारिओ	1
रागी	भरका	1
नेल्‍लेमी	राष्‍ट्रहरूले	1
मिम्‍नीम	खोजी	1
माल्‍शो	आवश्‍यकताहरू	1
ताइनीनी	थपिनेछन्	1
लेयशा	धन	1
मथीब	सम्पत्ति	1
मो	नखिइने	1
पनीनु	थैलीभित्री	1
लीब	संचय	1
मराक्‍ब	हानि	1
मराक्‍ब	पुर्‍याउँदैन	1
मराक्‍ब	लाग्दछ	1
दाशा	लामो	1
वा	पोसाक	1
फेक्‍शा	कम्मरको	1
सासीशा	पेटीसम्म	1
दाशा	बलिरहून्	1
भोज	भोजबाट	1
मजाक्‍म	प्रतीक्षामा	1
मइप्‍थु	रहेका	1
बाक्‍य	मानिसहरूझैँ	1
पदानु	ढकढकाउँदछ	1
ओव़चा	ढोका	1
गेनीम	खोल्नेछन्	1
पाइब	मालिक	1
आसीक	जागा	1
होव़प	साँचो	1
गेय	उसले	1
होव़प	आफ्नो	1
मइप्‍थु	लामो	1
रिम्‍शा	वस्‍त्रलाई	1
बाक्‍शो	पेटीले	1
थित्‍‍तु	कसेर	1
,	भागमा	1
थाम्‍पा	राखी	1
थाम्‍पा	खानामा	1
ग्‍येरसीशा	बसाल्दछ	1
निप्‍पाइश्‍शा	गर्नेछ	1
लेश्‍शा	तेस्रो	1
जाक्‍मेनु	चोटि	1
बाक्‍तेक्‍म	भेट्टाइए	1
नेनीने	मालिकलाई	1
जाक्‍नीम	बेला	1
पचा	फोर्नबाट	1
मइप्‍थु	बचाउने	1
मतुइक्‍थु	घडीमा	1
गो	दृष्‍टान्‍त	1
पाइश्‍शो	व्यवस्थापकलाई	1
खिं	आफूमुनिका	1
कोव़ब	सेवकहरूलाई	1
जची	उनीहरूको	1
जची	भागको	1
अरेशा	दिन्छन्	1
जाक्‍मेनु	फर्कंदा	1
पना	गरिरहेको	1
बाक्‍शो	भेट्टाउनेछ	1
होव़पमी	हक	1
इच्‍का	फर्की	1
तुप्‍शा	सेवकहरूलाई	1
गेशा	कुटपिट	1
दुक्‍शा	दाखमद्यले	1
पाप्‍तु	मातिन्छ	1
ममिम्‍शो	नचिताएको	1
ममिम्‍शो	थाहै	1
सजाइ	भेटेर	1
पाइबपुकी	काट्नेछ	1
काथा	अविश्‍वासीहरूका	1
वोइक्‍ब	नियुक्‍ति	1
होव़प	गर्नेछन	1
मतुइश्‍शो	हुँदाहुँदै	1
पा	नगरी	1
मटीब	इच्छाअनुसार	1
तुप्चा	मुक्‍का	1
पुंइसीब	हानिनेछ	1
मरिम्‍शो	नभईकन	1
मतुइक्‍थु	मुक्‍का	1
तुप्‍‍चा	मुक्‍काहरू	1
तुइश्‍शो	दिइएको	1
शुश	चाहिए	1
ब्राइबा	असुलिने	1
जिम्‍मा	मागिनेछ	1
जेत्‍थ	वर्षाउन	1
जचा	बप्‍तिस्‍मा	1
माल्‍नुङ	लिनुपर्नेछ	1
बेक्‍चा	नहुन्जेलसम्म	1
पाइनुङ	भोग्‍नुपर्छ	1
मिम्‍नीनी	सोच्द्छौ	1
फ्राथ	कि	1
कका	ल्याउन	1
५	परिवारमा	1
ब्रानीम	मानिसमध्ये	1
ममामी	विभाजन	1
चाइमीमी	बाबुको	1
थमा	विरुद्धमा	1
सुइक्‍ब	छोरा	1
मसुइक्‍ब	छोराको	1
मसुइक्‍ब	बाबु	1
मोपा	आमा	1
बाक्‍ने	छोरीको	1
मसुइक्‍ब	सासू	1
बाक्‍ने	बुहारीको	1
बाक्‍ने	बुहारी	1
बाक्‍ने	सासूको	1
पेरतीकेम	भनिरहनुभएको	1
नां	पश्‍चिम	1
पेरतीकेम	दिशामा	1
ग्रूमेनु	उठेको	1
रेउ	देख्दछौ	1
मुलाक्‍ती	बहन्छ	1
हुप्‍ब	प्रचण्ड	1
हुप्‍ब	तातो	1
रागी	चिह्नहरूलाई	1
बाक्‍मे	सक्दछौ	1
मरुप्‍नीनी	सक्दैनौँ	1
दोस	विरोधीसँग	1
गे‍मेनु	प्रशासककहाँ	1
गे‍मेनु	मुद्दा	1
दुशा	मिलाऊ	1
गेशा	नडोर्‍याओस्	1
निसाफ	हाकिमकहाँ	1
लाइक्‍तेक्‍म	नसुम्पोस्	1
चोक्‍पाइक्‍नीम	हाल्नेछ	1
दाइश्‍शा	तिमीलाई	1
मप्रोंइनीम	मुक्‍त	1
लेप्‍तोन	सक्दैनौ	1
मप्रोंइनीम	चुक्‍ता	1
मप्रोंइनीम	गर्दैनौँ	1
शेंदीमीनु	बेला	1
सिपाइ	तिमीहरूको	1
जारशो	बलिदानसँग	1
ब्‍वाइक्‍ताक्‍व	मिसाइदिएका	1
ब्‍वाइक्‍ताक्‍व	गालीलीहरूबारे	1
साइक्‍चा	गालीलीहरूले	1
पुंइसीब	भोगेकाले	1
क्‍येङा	गालीलीहरूभन्दा	1
मिम्‍नीनी	सोच्छौँ	1
मोदेंशो	नष्‍ट	1
सिलोआमी	सिलोआमको	1
ब्रेम्‍मेनु	भत्केर	1
मिम्‍नी‍नी	लाग्छ	1
पोव़शी	दाखबारीमा	1
रवा	दाख	1
सित्‍ची	रोप्‍न	1
ना	लगायो	1
कोव़थ	फलहरू	1
लमाक्‍त	खोज्‍न	1
काइ	पाएन	1
बर्सम	दाखको	1
खेयप	रुखमा	1
मसिप्‍ब	खोजेको	1
काइ	पाइनँ	1
रवामी	ढाल	1
तिम्‍शा	खेर	1
ताइक्‍तो	फाल्ने	1
दोशा	खनेर	1
मोल	मल	1
पाइनुङ	हाल्नेछु	1
सित्‍त	वर्ष	1
सित्‍त	फलायो	1
तिम्‍शा	फल	1
मसित्‍त	फलाएन	1
ताइक्‍चा	ढाल्नुहोस्	1
कूंजी	दुर्बलताको	1
तशा	सताएइकी	1
गुर	कुप्रो	1
गुर	उभिन	1
ब्‍वेशो	सक्दिन	1
कूंजी	दुर्बलताबाट	1
प्रोंइतन	पाऊ	1
वोदानु	तिनीमाथि	1
साशा	राख्‍नुभयो	1
वोदानु	तत्कालै	1
राम्‍माक्‍त	सोझो	1
ग्‍येरशा	उभिन्	1
मुरुमी	क्रूद्ध	1
मनुमाक्‍त	पार्नुभएको	1
साता	भिडलाई	1
सापाइक्‍चा	होओ	1
ब्‍यफ	गधा	1
गधा	गाईलाई	1
प्रोंइशा	फुकाएर	1
मतूपाइक्‍नीनी	खुवाउन	1
मतूपाइक्‍नीनी	लाँदैनौ	1
रोइम	अब्राहामकी	1
गुरपाइश्‍शा	छोरी	1
रोइम	पारेको	1
गुरपाइश्‍शा	बन्धन	1
मप्रोंइचा	फुकाल्नु	1
दोक्‍माक्‍त	भए	1
तशा	महिमामय	1
थाम्‍पा	कार्यहरूमा	1
दोदेंशो	केजस्तो	1
वाशा	रायोको	1
चिक्‍बपुकीमी	बिउजस्तो	1
रवाम	करेसाबारीमा	1
चिक्‍बपुकीमी	लगेर	1
वाशा	छरे	1
चिक्‍बपुकीमी	आकाशका	1
दोदेंशो	सक्छु	1
सेआह	खमिरलाई	1
फसीम	मुठी	1
बोरपाइक्‍ब	पिठोमा	1
बोरत	मिसाएजस्तो	1
जाक्‍दीम्‍मे	घुम्‍नुभयो	1
कामी	भन्यो	1
बाक्‍नीमी	बचाइन्छन्	1
आइक्‍च	साँगुरो	1
मालो	कोसिस	1
दाक्‍नीम	गर्नेछन्	1
दाक्‍नीम	हुनेछैनन्	1
जाक्‍शोपुकी	पटक	1
लाङगाम	उठेर	1
ओव़चा	थुनेपछि	1
ब्रेत्‍नीनी	उभिएर	1
गेकी	ढक्ढक्याउँदै	1
राप्‍‍शा	भन्‍नेछौ	1
ब्रेत्‍नीनी	भित्र	1
ब्रेत्‍नीनी	भन्‍नुहुनेछ	1
मतुइक्‍नन्‍नी	चिन्दिनँ	1
‘	भन्‍नेछौ	1
खमे	खायौँ	1
नकी	पियौँ	1
नेंतक	गल्लीहरूमा	1
देंनीनी	सिकाउनुभयो	1
मगेथु	दिनुहुनेछ	1
पाइबपुकी	दुष्‍टहरू	1
खेरचा	फ्याँकिनेछ	1
पुंइसीशा	रुवाइ	1
पूर्ब	पूर्व	1
पच्‍छिम	पश्‍चिम	1
उत्तर	उत्तर	1
जाक्‍शा	आइपुग्‍नेछन्	1
ताइनीनी	रमाउनेछन्	1
दुम्‍शोपुकी	अन्तिमको	1
दुम्‍शोपुकी	पहिलोचाहिँ	1
बाक्‍मेनु	लगतै	1
“	यहाँबाट	1
हेरोदम	जानुहोस्	1
पिप	छोड्नुहोस्	1
हेरोदम	हेरोदले	1
लने	चाहन्छन्	1
फ्‍याउरे	फ्याउरोलाई	1
खेरनुङमी	निकाल्छु	1
सापाइक्‍नुङमी	पार्नेछु	1
गेय	लक्ष्य	1
नित्‍थ	पर्सि	1
नाक्‍ती	निरन्तरता	1
यरूसलेम	दिनु	1
गाक्‍नुङ	आवश्यक	1
सहरम	टाढामा	1
ला	अगमवक्‍ताहरूलाई	1
दुम्‍नीम	मार्नु	1
देनीन	ग्रहणयोग्य	1
साइक्‍तीवी	मार्ने	1
पोव़थीमी	हान्‍ने	1
खेयप	पोथीले	1
माल्‍ती	बटुलेझैँ	1
पुप्‍शो	बटुल्न	1
मबिस्‍से	मानिनस्	1
मलीब	त्यागिएको	1
जथ	जानुभयो	1
शेंबा	हेरिराखेका	1
होम्‍शो	छारे	1
बाक्‍मेनु	पण्डितहरू	1
बाक्‍मेनु	फरिसीहरूलाई	1
रोइ	समातेर	1
सोइक्‍ता	पठाइदिनुभयो	1
गधा	इनारमा	1
इनारम	खसेको	1
बिक्‍त	देख्दा	1
मग्रुंइनीनी	निकाल्दैन	1
नित्‍चा	आसन	1
नित्‍चा	छान्‍ने	1
लनीनु	बोलाउँछ	1
जन्‍ती	नबस	1
लनीनु	तिमीभन्दा	1
लनीनु	बोलाएको	1
मनिस्‍सीन	सक्दछ	1
सम्‍दी	बोलाइएका	1
जाक्‍मेनु	आउँदछन्	1
सम्‍दी	बसेको	1
जाक्‍मेनु	उहाँका	1
पोक्‍शा	छोडिदिनुहोस्	1
याक्‍पाइक्‍ब	भन्ला	1
याक्‍पाइक्‍ब	लाजकासाथ	1
सम्‍दी	तल्लो	1
निप्‍पाइक्‍ब	बस्‍नुपर्ने	1
वाइल	निमन्‍त्रणा	1
कली	गएर	1
नित्‍तीकेम	महत्त्‍वको	1
निस्‍सीने	बस	1
वाइल	बोलाउने	1
नित्‍तीकेम	साथी	1
निस्‍सीने	स्थानमा	1
बाक्‍बपुकीमी	टेबलमा	1
पाइ‍नीम	हुनेछ	1
मपाइ‍नीमी	आफूलाई	1
चहिं	त्यो	1
खमे	बोलाउनुभएको	1
जथ	मानिसलाई	1
ब्रेप्‍ब	येशूले	1
गेशा	बोलाउँछौ	1
गेवीनु	दाजुभाइहरू	1
मब्रेत्‍तीमी	नबोलाऊ	1
देदेङ	बोलाउन	1
देदेङ	सक्दछन्	1
पवीनु	दिन्छौ	1
कुंजे	लुला-लङ्गडा	1
ब्रेत्‍तीमी	बोलाऊ	1
देदेङ	आशिषित्	1
लेन्‍ने	हुनेछौ	1
देदेङ	गुणा	1
निसाफ	धर्मीहरूको	1
पची	पुनरुत्थान	1
नेल्‍ले	गुण	1
ताइनेवे	तिरिनेछ	1
ख्रेत्‍चा	येशूसँगै	1
ख्रेत्‍चा	बस्दा	1
ग्‍येरसेक्‍ल	धन्यको	1
ग्‍येरसेक्‍ल	खानेछ	1
गेचा	आयोजना	1
बाक्‍त	दियो	1
ब्रेत्‍थ	गरिएकाहरूलाई	1
सोइक्‍ता	पठायो	1
तूचा	आउनुहोस्	1
पाता	भइसक्यो	1
पाइब	बहाना	1
रू	भर्खर	1
देंती	हेर्नुपर्छ	1
मताइनुङ	कृपया	1
अर्को	अर्कोले	1
हाल	हल	1
ब्‍यफ	गोरु	1
पिचा	जोत्‍नुपर्छ	1
पिचा	कृपया	1
लमेनु	श्रीमती	1
मताइनुङ	सक्दिनँ	1
गेय	सेवक	1
पाइबमी	मालिकलाई	1
शेंदा	सुनाइदियो	1
गाइश्‍शा	घरका	1
मो	गल्ली	1
हिरशा	मैदानमा	1
सोइक्‍ता	ल्याऊ	1
देंशो	आदेशअनुसार	1
मब्रीम	ठाउँ	1
मब्रीम	सेवकलाई	1
नित्‍तीके	राजमार्गहरू	1
जाक्‍कीन	गल्लीहरूमा	1
जाक्‍कीन	आउन	1
ब्रील	भरिएको	1
ब्रेश्‍शो	बोलाएकाहरू	1
मतामेक्‍ल	चाख्‍न	1
नोले	गइराखेको	1
लोक्‍बपुकी	दिदी-बहिननी	1
खोइय्‍यीमील	इन्कार	1
खोइक्‍ने	हुन	1
मखोइक्‍नीमी	लाग्दैन	1
लाइश्‍शो	होला	1
सेल्‍ने	बसेर	1
लाइश्‍शो	सक्‍ने	1
क्‍येट	रुपियाँ-पैसा	1
हिसाब	नत्रभने	1
मपथु	उसले	1
गोशा	बसालिसकेपछि	1
गोशा	सकेन	1
सेल्‍ने	देख्‍ने	1
मथुम्‍थु	गिल्ला	1
गोवा	गर्‍यो	1
मुने	सिद्धयाउन	1
दोक्‍सीब	सकेन	1
लडाइ	मानिसका	1
ममिम्‍बा	बसेर	1
ममिम्‍बा	सल्लाह	1
ङा	लिँदैन	1
ग्राने	सक्दैन	1
मिम्‍ताक्‍व	सेना	1
बाक्‍मानु	हुदाँ	1
बाक्‍य	राजदूत	1
बाक्‍य	पठाएर	1
लोव़सी	शर्त	1
सोइक्‍ब	सक्छ	1
ममिम्‍थु	त्याग्‍न	1
ममिम्‍थु	सक्‍दैन	1
खोइय्‍यीनी	सक्दैन	1
ब्रोव़पाइक्‍ब	नुन	1
दुम्‍बा	लाग्दैन	1
ना	मलको	1
दुम्‍बा	थुप्रोको	1
ताइक्‍नीम	कुल्चन	1
ताइक्‍नीम	फ्याँक्‍न	1
मुरुम	को	1
तिरो	एक-अर्कासँग	1
पोक्‍ब	गनगन	1
मनुशो	दृष्‍टान्‍त	1
कामी	तिमीहरूमध्ये	1
सहे	कुनचाहिँ	1
लीशो	उसका	1
भेडा	त्यसमध्ये	1
लीशो	उनान्‍सयवटा	1
भेडा	उजाड-स्थानमा	1
जाम्‍शो	भेडालाई	1
माल्‍थ	नभेट्टाउन्जेल	1
मलाइबा	खोज्दैन	1
थिश्‍शा	भेट्टाउँछ	1
लाप्‍शा	काँधमा	1
चाक्‍ब	रमाउँछ	1
थिश्‍शा	बोलाउँछ	1
जाम्‍शो	आनन्दित	1
ग्‍येरसय	हुनुहोस्	1
भेडा	भेडालाई	1
थिश्‍शा	भेट्टाएको	1
चाक्‍ता	छु	1
ममाल्‍शो	नपर्ने	1
बाक्‍बपुकी	रमाहट	1
द्राक्‍मे	चाँदीका	1
वोइश्‍शोमी	सिक्‍काहरूमध्ये	1
गा	बढारेर	1
कुना	नभेट्टाइन्जेल	1
लाङगा	दिलोज्यानसाथ	1
ममाल्‍बा	खोज्दिनन्	1
थिश्‍शा	भेट्टाउँछिन्	1
थिश्‍शा	अफ्ना	1
ब्रेश्‍शा	बोलाउँछिन्	1
के	रमाओ	1
माल्‍शा	भेट्टाएकी	1
लेत्‍ताक्‍व	पापीका	1
काबु	कान्छाले	1
कान्‍छा	उसका	1
तौमी	बुबालाई	1
अङस	पाउनुपर्ने	1
योक्‍शा	सम्पत्तिको	1
गेयी	अंश	1
गेम्‍सी	बाँडिदिए	1
कुरशा	नबित्दै	1
तूशा	छोराले	1
कुरशा	सर	1
ग्‍यारशा	सामान	1
नेल्‍ल	देश	1
खुप्‍शा	अनाअवश्यक	1
कुरशा	किनेर	1
तेल्‍लेम	जथाभावी	1
जवा	रुपियाँ-पैसा	1
रागीमी	सिध्याए	1
दुम्‍माक्‍त	सुरुभयो	1
कान्‍छामी	निकै	1
आ	नागरिककहाँ	1
कान्‍छा	नागरिकले	1
योव़ब	चराउन	1
शोव़लु	नदिएका	1
पोव़	सुँगुरहरूले	1
थोव़की	दानाले	1
मगेमे	भर्न	1
खिंमी	बुबाका	1
रूथ्री	सेवकहरूसँग	1
शोव़लुम	भोकभोकै	1
बेक्‍चता	मरिरहेको	1
बेक्‍चता	छु	1
मुल	ठाउँलाई	1
आफ	बुबाकहाँ	1
लेत्‍नुङ	जानेछु	1
मटिङ	विरुद्धमा	1
देंचा	भनिनयोग्य	1
सेल्‍यीनी	नोकर	1
सेल्‍यीनी	बनाउनुहोस्	1
खिं	कान्छो	1
लेम्‍माक्‍त	छोराले	1
लेम्‍माक्‍त	छाडे	1
आफ	टाढै	1
जाक्‍दीत्‍चावानु	छँदा	1
मुप्‍शा	अँगालो	1
पुक्‍पु	हालेर	1
पदा	म्वाँइ	1
मटिङ	स्वर्ग	1
देंचा	बोलाइन	1
दारशो	उत्तम	1
ग्रुंइशा	ल्याओ	1
औंठी	औँठी	1
लिक्‍तीन	खुट्टामा	1
दोम्‍शो	पशु	1
क्‍येशा	खाऔँ	1
ग्‍येरसय	मनाऔँ	1
जशा	उत्सव	1
ग्‍येरसमा	मनाउन	1
जेठा	जेठो	1
जाक्‍मेनु	आइपुग्यो	1
जशा	नाचगानहरू	1
तूशा	भैरहेको	1
ग्‍येरसीशा	सुने	1
दुम्‍मे	भइराखेको	1
मेकोमी	सेवकले	1
क्‍योरपाइक्‍तु	मार्नुभएको	1
दोम्‍शो	सुरक्षित	1
देंमाक्‍त	फर्कनुभयो	1
मओव़नुङ	जेठो	1
मओव़नुङ	छोरो	1
चुरशा	रिसाएको	1
मओव़नुङ	पसेन	1
नेंशा	बुबा	1
मओव़नुङ	मनाउन	1
ओव़ङो	जेठा	1
लेम्‍शा	छोराले	1
ओव़ङो	उनका	1
लेम्‍शा	बुबालाई	1
खिं	सेवकझैँ	1
टिशा	नियम	1
पाता	तोडिनँ	1
वारचपुकी	साथीहरूसँग	1
बोका	मनाउन	1
मगेनी	पाठो	1
मगेनी	दिनुभएन	1
तेल्‍लेम	सम्पत्ति	1
लेश्‍शा	वेश्याहरूसँग	1
जाक्‍मेनु	सखाप	1
जाक्‍मेनु	पारेको	1
क्‍योरतीनी	मार्नुभयो	1
इ	तिम्रै	1
’	हुनु	1
जाम्‍शो	मरेका	1
थिस्‍साक्‍व	अहिले	1
हिसाब	व्यवस्थापक	1
हिसाब	व्यवस्थापकले	1
हिसाब	फजुल	1
थीबमी	व्यवस्थापनको	1
मवोइक्‍नन	व्यवस्थापक	1
मवोइक्‍नन	सक्दैनौ	1
मताइनुङ	हटाउन	1
मुल	गरूँ	1
रोइश्‍शा	खन्‍ने	1
सोइक्‍ताक्‍यी	तागत	1
दोने	माग्‍न	1
पाइनुङ	लाग्दछ	1
दोपा	व्यवस्थापकको	1
लोव़	कामबाट	1
पाइनीमी	हटाइएपछि	1
लङानु	निम्त्याऊन्	1
होव़प	मालिकका	1
जेर	ऋणीहरू	1
ब्रेश्‍शा	बोलायो	1
जाक्‍ब	चाहिँलाई	1
लदी	तिर्नु	1
बाथ	माना	1
जचा	जैतूनको	1
सेल्‍स	लेऊ	1
जोल	बसेर	1
बाथ	लेख	1
मिनु	व्यवस्थापकले	1
गे	तिम्रोचाहिँ	1
लदी	ऋण	1
सहे	एकसय	1
कोर	माना	1
सेल्‍शा	ल्याऊ	1
जोल	असी	1
सेल्‍से	लेख	1
नक	व्यवस्थापकको	1
कागज	प्रशंसा	1
होव़प	चतुर्‍याइँसँग	1
निप्‍स	ज्योतिका	1
कोंइताक्‍यी	सन्तानभन्दा	1
’	संसारका	1
देंमाक्‍त	सन्तानहरू	1
निप्‍स	चतुर	1
पाइश्‍शो	धनले	1
वारचपुकी	अफ्ना	1
वारचपुकी	मित्र	1
क्‍येट	सकिएपछि	1
खोदेंशो	वासस्थानमा	1
थम	अत्यन्तै	1
आइक्‍च	अत्यन्तै	1
क्‍येट	सम्पत्ति	1
दुम्‍तीनी	भएनौ	1
ङा	साँचो	1
दुम्‍‍ने	भरोसा	1
चाप्‍नीनी	गर्ला	1
थोव़क	सम्पत्तिमा	1
पाइतीनी	भएनौ	1
मटीब	एउटाप्रति	1
टिप्‍तु	भक्‍ति	1
टिप्‍तु	देखाउनेछ	1
मटीब	तुच्छ	1
दुम्‍ब	ठान्‍नेछ	1
शोंप	धनको	1
खोइक्‍ने	सेवा	1
शोंप	सम्पत्तिका	1
दाक्‍बाक्‍मा	प्रेमी	1
सेल्‍नीम	ठहर्‍याउँछौ	1
मिम्‍शो	हृदयहरू	1
आइक्‍च	घृणित	1
अरे‍शो	आउनअगि	1
पाला	गर्दथे	1
आ	यसमा	1
राज्‍यम	बलजफ्तीसँग	1
बोल	कोसिस	1
मग्‍याम्‍ब	सक्ला	1
मग्‍याम्‍ब	वचनबाट	1
ग्‍याम्‍चा	अक्षरको	1
मग्‍याम्‍ब	थोप्लो	1
ब्राशा	गरेकीसँग	1
फेक्‍शा	मलमल	1
ब्रोव़ब्रोव़शो	वैजनी	1
ब्रोव़ब्रोव़शो	पहिरन्थ्यो	1
बाक्‍बाक्‍माक्‍त	गर्दथ्यो	1
रोइ	घावैघाउ	1
बाक्‍बाक्‍माक्‍त	ल्याएर	1
गार	ढोकामा	1
ग्रूशा	राखिदिन्थे	1
जशो	टेबलबाट	1
खपीम	झरेका	1
दोक्‍शो	टुक्राटाक्रीले	1
ताइनुङा	भर्ने	1
आस	गर्थ्‍यो	1
बाक्‍बाक्‍माक्‍त	त्यसबाहेक	1
बाक्‍बाक्‍माक्‍त	कुकुरहरू	1
कुचुमपुकीमी	चाट्ने	1
लाजरस	भिखारी	1
थुकुमी	उठाएर	1
वोदमे	अब्राहामकहाँ	1
थिम्‍चा	गाडियो	1
शोंप	नरकमा	1
लाजरस	आँखा	1
तवा	उठाएर	1
थुकुम	हेर्‍यो	1
तवा	टाढामा	1
थुकुम	छातीमा	1
थुकुम	आड	1
बेक्‍चता	पठाइदिनुहोस्	1
ख्रुम्‍शा	थोपा	1
ब्‍वाक्‍कु	चुहाई	1
तोक्‍पाइक्‍थ	देओस्	1
शोव़	जिब्रो	1
पाइय्‍यीनी	शितल	1
मीम	ज्वालाको	1
ब्रेम्‍माक्‍त	पीडामा	1
ङोंइती	बाबु	1
थम	जीवनकालमा	1
बाक्‍ते	पायौ	1
बाक्‍ते	लाजरसले	1
लाजरस	आराममा	1
जशा	पीडामा	1
नरक	यताबाट	1
मलाइनीम	उता	1
नरक	उताबाट	1
राज्‍यम	यता	1
मताइनीम	नसकून्	1
देंमाक्‍त	खाडल	1
मिनु	धनी	1
५	पठाइदिनुहोस्	1
दुम्‍नी	चेताउनी	1
लाजरस	दिओस्	1
लाजरस	आउनु	1
सोइक्‍तीने	नपरोस्	1
नेन्‍मेक्‍ल	सुनून्	1
ममाइ	मोशा	1
मटिम्‍तेक्‍म	सुनेनन्	1
सेंसीशो	उठेको	1
मसुइक्‍नीम	मान्‍ने	1
मपपदल	लगाउने	1
अरु	जसद्वारा	1
दाइल	आउँदछ	1
यात	घाँटीमा	1
क्‍युक्‍शा	झुन्डाएर	1
ख्रुम्‍शा	फालिदिएको	1
गेवो	हप्काऊ	1
पुंइतु	माग्छ	1
गेवो	गर	1
माफ	तिमीकहाँ	1
शेंसीबपुकीमी	प्रेरितहरूले	1
गेकी	बढाइदिनुहोस्	1
गेडा	बिउजत्रो	1
शाक्‍श	यहाँबाट	1
दुल्‍शा	उखेलिएर	1
एको	आज्ञा	1
रवा	मान्‍नेछ	1
वाक्‍शा	नोकरले	1
वाक्‍शा	जोत्दै	1
बी	भेडा	1
योव़शा	चराउँदै	1
लेश्‍शा	भन्‍नेछ	1
खमे	तत्कालै	1
ख्रेत्‍नीनी	बसौँ	1
मुइश्‍शा	खानेकुरा	1
मुइश्‍शा	पार	1
खमे	कम्मरमा	1
क्‍येशा	पटुका	1
थुल्‍यी	कस	1
थुल्‍यी	नसकुन्जेल	1
जावो	सेवा	1
थुल्‍यी	भनेन	1
थुल्‍यी	पिउने	1
मुरुमी	नोकरलाई	1
सेवासी	स्याबासी	1
गेबा	दिनेछैन	1
पवानु	नगरी	1
यावेम	अर्‍हाएको	1
पाइतय	भन्‍नुपर्ने	1
एको	अयोग्य	1
मपुंइसय	नोकरहरू	1
जाक्‍दीम्‍मानु	पुगेपछि	1
कोव़र	कुष्‍ठरोग	1
पीब	भेट्नुभयो	1
नेंशा	उहाँभन्दा	1
कोंइदीने	देखाओ	1
सोइक्‍तीमी	तिनीहरू	1
रां	आफू	1
फ्रा	महसुस	1
फ्रा	गर्‍यो	1
सेला	फर्कियो	1
ङोंइती	चरणमा	1
बाप्‍शा	पर्दै	1
पाइतीनी	चढायो	1
लाग्‍मे	गए	1
सामरीया	परदेशीबाहेक	1
सेल्‍शा	दिनुपर्ने	1
मदेंनीम	उता	1
जाक्‍ने	तिमीहरूकै	1
तनी	हेर्ने	1
दाक्‍नीनी	गरौला	1
मेरेक	उता	1
मसुइक्‍थु	नहेर	1
मखोतीन	पछ्याओ	1
चिलाम	कुनामा	1
चिला	बिजुली	1
पवानु	चम्कदा	1
तपांइसेनु	कुनामा	1
तपांइसेनु	देखिएजस्तै	1
जरमेशोमी	पुत्रको	1
पेरतीक	आगमनको	1
तपांइसीचा	थोकहरूबाट	1
माल्‍ब	सताइनुहुनेछ	1
पाला	पुस्ताद्वारा	1
मनेंनीम	अस्वीकार	1
मसुइक्‍नीम	गरिनुहुनेछ	1
जाक्‍मेनु	नोआको	1
डोंगाम	नोआ	1
सम्‍म	नपसुन्जेलसम्म	1
ग्‍युंबे	विवाहमा	1
पांइसीशा	सहभागी	1
बेक्‍मा	विनाश	1
लोत	लोतको	1
दुम्‍माक्‍त	घटेको	1
ग्‍याप्‍चा	पिउँदै	1
मीमेनु	किन्दै	1
रिक्‍चा	बेच्दै	1
लोत	लोत	1
तोक्‍पदा	गन्धक	1
तोक्‍पदा	बर्सियो	1
लोत	यस्तै	1
गाम	तल्‍लाबाट	1
ब्रदीचा	चिज	1
ब्रदीचा	लिनको	1
ममालीन	नआओ	1
मलेतीन	नफर्क	1
लोत	लोतकी	1
माल्‍ब	खोज्ला	1
सोइक्‍बमी	गुमाउला	1
गिंम	बचाइनेछ	1
बाक्‍नीस	भन्‍नेछु	1
ब्राख्‍ये	रातको	1
वोइक्‍चा	सुत्‍नेछन्	1
रूम	लगिनेछ	1
बाक्‍नीस	छोडिनेछ	1
तेकेर	कहाँ	1
हिल्‍लो	भन्‍नुभयो	1
गिद	गिद्धहरू	1
हिरसीनीम	जम्मा	1
पुंइचा	गर्नुपर्छ	1
गेनायो	निरुत्साह	1
मप्रोंइचा	हुनुहुँदैन	1
रुप्‍पाइक्‍चा	सम्बन्धमा	1
बाक्‍त	बोल्नुभयो	1
महिंब	बस्दथे	1
ममिम्‍थु	मान्दैनथे	1
पाइबाक्‍माक्‍त	गर्दैनथे	1
बाक्‍माक्‍त	बस्थिन्	1
जाक्‍न	न्यायाधीशकहाँ	1
जाक्‍ना	आउँथिन्	1
जाक्‍न	भन्थिन्	1
ग्रापाइय्‍यीनी	वादीको	1
देंबाक्‍माक्‍त	दिलाउनुहोस्	1
पुंइशो	उनले	1
पुंइशो	विधवालाई	1
मेको	समयपछि	1
मगेवा	मनमनै	1
निसाफ	भय	1
पुंइशो	मान्दिनँ	1
मगेवा	मानिसहरूको	1
बाक्‍ती	सताउँछे	1
गेती	नसताओस्	1
मप्रोंइनुङ	दिलाउनेछु	1
निसाफ	अन्यायी	1
मिम्‍शो	न्यायाधीशले	1
मिम्‍तीने	भन्छन्	1
योव़शो	दिनरात	1
योव़शो	पुकारा	1
मगेबा	गरिदिनुहुन्‍न	1
मगेप्‍तु	तिनीहरूप्रति	1
काबु	धैर्यवान्	1
गेब	हुनुहुन्‍न	1
बाक्‍शोपुकी	न्याय	1
ताइबा	दिलाउनुहुनेछ	1
येसुमी	भेट्टाउनेछन्	1
दुम्‍तक	ठान्‍ने	1
महिंथु	तुच्छ	1
सुंइ‍सीशो	ठान्‍ने	1
सुंइ‍सीशो	कतिपय	1
सुंइ‍सीशो	दृष्‍टान्त	1
लसा	गए–	1
तपांइसीशा	गर्‍यो	1
रोइक्‍ब	चोरहरूजस्तो	1
जोल	अधर्मीहरूजस्तो	1
ख्रोइक्‍ब	व्यभिचारीजस्तो	1
मेरे	यही	1
पापी	उठाउनेजस्तो	1
साता	हरेक	1
साता	हप्‍ता	1
बाक्‍नुङ	बस्दछु	1
१०	थोकको	1
गेनुङ	दिन्छु	1
हारे	टाढैबाट	1
शुर	स्वर्गतिर	1
खुक्‍शा	नहेरीकन	1
शुर	छाती	1
खुक्‍शा	पिट्दै	1
पापी	पापीमाथि	1
पाइयीनी	हुनुहोस्	1
महिक्‍शो	मानिसभन्दा	1
सुंइ‍सीबा	ठहरिएर	1
सुंइ‍सीबा	घर	1
दुम्‍ब	फर्क्यो	1
सेल्‍ब	उचालिनेछ	1
थिवल	छोइदिऊन्	1
हुइक्‍तमे	हकारे	1
राज्‍यम	स्वर्गमा	1
?	भन्दछौ	1
खुइ	नचोर्नू	1
रेन	अवस्थादेखि	1
पाप्‍तीवी	तिमीमा	1
नोले	मेरोपछि	1
आ	धनी	1
दालओंठ	उँटलाई	1
पोलाम	छिर्नु	1
नेंबपुकीमी	सुन्‍नेहरूले	1
ताइबा	बचाइनेछ	1
प्रोंइबा	त्याग्दछन्	1
गेचा	सुम्पिइनेछन्	1
मेकोपुकीमी	मनिसहरूले	1
मेकोपुकीमी	अपमानजनक	1
तोक्‍नीम	थुक्‍नेछन्	1
नोले	दण्ड	1
साइश्‍शो	दिइसकेपछि	1
सेंसीब	उठ्नेछन्	1
मारदे	उनीहरूबाट	1
मरुप्‍मे	उनीहरूको	1
ख्रुइश्‍शो	आएन	1
जाक्‍दीम्‍मानु	आउनुहुँदा	1
मिक्‍च	बसी	1
पुंइब	मागिरहेको	1
मताइबमी	भएर	1
सु	सोध्यो	1
माल्‍नी	हुँदै	1
गाक्‍बपुकीमी	हिँडिरहेका	1
पावो	मानिसलाई	1
हुइक्‍तमे	हकारेर	1
पावो	लाग्‍न	1
हुइक्‍तमे	चर्को	1
ब्रेश्‍शा	कराउँदै	1
एक	आफूकहाँ	1
चाक्‍कीन	ल्याउन	1
चाक्‍ग्‍मेनु	दृष्‍टिविहीन	1
चाक्‍ग्‍मेनु	सोध्‍नुभयो	1
मिक्‍च	देख्‍ने	1
साल	भइ	1
पोक्‍ब	उठनेहरूका	1
लाइनुङ	कोसिस	1
रिम्‍शा	सकेनन्	1
कोव़शा	होचा	1
जक्‍कै	भिडका	1
लशा	दौडे	1
लांमी	हेर्नको	1
कोव़ङा	जाँदै	1
जक्‍कै	ठाउँ	1
रवाम	आइपुग्‍नुभयो	1
ङोइश्‍शा	मास्तिर	1
तशा	हेरेर	1
बास	बस्‍नु	1
जक्‍कै	हतार-हतार	1
तोंइ‍सीशा	आए	1
ओव़शा	मानिसकहाँ	1
ओव़शा	बस्‍नको	1
जक्‍कैमी	जखायस	1
हिम	ठगेर	1
हिम	कसैबाट	1
हिम	लिएको	1
बास	मुक्‍ति	1
लां	हराएकाहरूलाई	1
साम्‍शो	खोज्‍न	1
कोंइथ	बचाउनको	1
मुरुमी	सुन्दै	1
मिम्‍शो	सोचेका	1
ताक्‍चा	गर्नको	1
चिक्‍शो	आउनलाई	1
खेलो	नआउँदासम्म	1
क्‍येटम	व्यापारमा	1
खेलो	लगाओ	1
कुरब	दूतहरू	1
मदुम्‍ल	चाहँदैनौँ	1
पनी	व्यापारबाट	1
सेल्‍नी	आर्जन	1
हिल्‍लो	जान्‍ने	1
बाक्‍ते	स्याबास	1
पाप्‍तीवी	भयौ	1
वाम	कपडाभित्र	1
ख्रुइश्‍शा	सुरक्षितसाथ	1
वोइक्‍ता	राखेको	1
हिंती	डराएँ	1
हिंचा	कठोर	1
मगेशो	राख्‍नुभएको	1
ताक्‍नीनी	लिनुहुन्छ	1
मशोक्‍शो	छर्नुभएको	1
खुप्‍नीनी	गर्नुहुन्छ	1
मटीब	दुष्‍ट	1
कली	वचनले	1
ताक्‍नुङ	छरेको	1
मेको	मेरो	1
खिंमी	बैङ्कमा	1
मवोदी	राखिनस्	1
चाइक्‍ब	ब्याजसहित	1
तङ	रकम	1
मिनु	भलादमी	1
बाक्‍ब	उभिएका	1
गेचा	दिइने	1
मटीब	नचाहने	1
चाक्‍शा	ल्याओ	1
जाक्‍दीम्‍मा	पुग्‍नुभएपछि	1
गाउं	आफना	1
ओव़सीनु	पस्दै	1
मङोइश्‍शो	फुकाओ	1
प्रोंइशा	फुकाउँदै	1
हिल्‍लो	सोध्यो	1
देंशो	भन्‍नुभएजस्तै	1
प्रोन्‍सेनु	फुकाल्दै	1
प्रोंइसी	फुकाउँदै	1
शेंसीबपुकीमी	बछेडामाथि	1
ङोइक्‍पदमे	बसाले	1
ब्रामे	ओछ्याए	1
ब्रुम्‍मा	ओरालोको	1
।	नजिकै	1
येसुमी	आइपुग्‍नुहुँदा	1
कुम्‍सो	स्वरले	1
ग्‍येरसमल	स्वर्गमा	1
ग्‍येरसमल	शान्ति	1
फरिसी	भिडमा	1
हुइक्‍तीन	बसून्	1
देंमा	हप्काउनुहोस्	1
एकोपुकीमी	तिनीहरू	1
फुल्‍लुमी	ढुङ्गाहरू	1
यरूसलेम	येशू	1
सहर	देखेर	1
ङाक्‍शा	रुनुभयो	1
तुइक्‍ती	पाएको	1
दुम	तँलाई	1
नाइक्‍तीक	शान्ति	1
तुइक्‍ती	जानेको	1
ङोंइती	नजरबाट	1
बोक्‍शा	दिनहरू	1
ङोइक्‍नीम	निर्माण	1
पुम्‍शा	घेर्नेछन्	1
लचा	चारैतिरबाट	1
ङोइक्‍नीम	आक्रमण	1
ख्रोप्‍शा	सन्तानलाई	1
मलीनीम	आक्रमण	1
मलीनीम	लडाउनेछन्	1
ख्रोप्‍शा	ढुङ्गा	1
मलीनीम	छोड्नेछैनन्	1
मलीनीम	बचाउनका	1
ग्रुम्‍थ	गर्नुभएका	1
”	प्रयत्‍नलाई	1
देंमाक्‍त	बुझिनस्	1
लमाक्‍त	छिर्नुभयो	1
खेरा	खेद्नुभयो	1
पुक्‍खी	अड्डा	1
बाक्‍त	सिकाउनुहुन्थ्यो	1
ठेयब	धार्मिक	1
मुरपुकीमी	अगुवाहरूले	1
दोस	उपाय	1
गेने	भेट्टाउन	1
थाम्‍पा	ध्यानसित	1
ग्‍येरपाइक्‍तीक	दिइरहनुहुँदा	1
ग्‍येरपाइक्‍तीक	गरिरहनुहुँदा	1
शेंना	अगुवाहरूसहित	1
शेंन	शास्‍त्रीहरू	1
बाक्‍मेनु	येशूकहाँ	1
खाल्‍पापुकीमी	बताऊ	1
अधिकारमी	अधिकारद्वारा	1
देन	दियो	1
पाइनुङ	सोध्छु	1
ख्रुम्‍शा	बताओ	1
एकेर	‘	1
बाक्‍बपुकीमी	मानिसले	1
साइक्‍नीम	हान्‍नेछन्	1
?	भनी	1
मशेंनन्‍नी	बताउँदिनँ	1
रूमी	मानिसले	1
पाइब	जिम्मा	1
सेक्‍ची	तोकिएको	1
होव़पमी	हिस्साको	1
होव़पमी	दिऊन्	1
चाक्‍को	कामदारहरूकहाँ	1
मुने	बेइज्‍जत	1
हुश	घाइते	1
तुप्‍शा	बनाएर	1
खेरमे	निकाली	1
पङ	गरूँ	1
दाक्‍शो	प्यारो	1
।	सायद	1
हक	हकवाला	1
अङगुर	हक	1
ग्रुंइशा	लगेर	1
साइक्‍ब	मार्नेछन्	1
रू	दाखाबरी	1
ताइश्‍शो	भवन	1
थिप्‍बा	खस्‍ने	1
खतम	चकनाचुर	1
चिप्‍ता	खस्छ	1
फस	धुलोपिठो	1
दुम्‍ब	पार्नेछ	1
सास्‍त्रीपुकीमी	शास्‍त्री	1
सास्‍त्री	मौका	1
थुं	हेर्न	1
नाक्‍शा	लागे	1
दोस	उहाँलाई	1
गेशा	फसाएर	1
गेचा	सुम्पिदिने	1
नाक्‍शा	नियतले	1
खुइ	टोपल्ने	1
पथ	जासुसहरूलाई	1
सोइक्‍तमे	उहाँकहाँ	1
थुं	धूर्त्याइँलाई	1
तुइश्‍शा	बुझेर	1
नेंमी	चित्र	1
ख्रोइश्‍शो	खोपिएको	1
ख्राइक्‍पाइश्‍शा	बोल्नुभएका	1
ख्राइक्‍पाइश्‍शा	शास्‍त्री	1
मचाप्‍मे	फसाउन	1
ब्रेक्‍शो	लेखिदिएका	1
का	विवाहित	1
आल	दाजु	1
थिल	गरिदिनुपर्छ	1
जेठाम	जेठोले	1
पवा	ल्यायो	1
माइलामी	माहिलाले	1
भोग्‍यु	विवाह	1
मेको	साहिँलाले	1
आल	विवाह	1
जनामी	सातै	1
नोले	पछिबाट	1
बेक्‍माक्‍त	मरी	1
दुम्‍बा	हुनेछे	1
हिल्‍लो	पत्‍नीको	1
बाक्‍मानु	युगका	1
गेनीम	पठाइन्छन्	1
सेंसीशा	उठ्न	1
शिरशोपुकी	योग्य	1
शिरशोपुकी	ठहरिनेहरूले	1
मपांइसीनीम	गर्दछन्	1
मगेनीम	पठाइन्छन्	1
सेंसीशा	मर्दैनन्	1
दुम्‍नीम	समान	1
पाइबपुकी	पुनरुत्‍थानका	1
सेंसीशा	भन्‍नेकुरा	1
मी	पोथ्राको	1
मी	विवरणमा	1
ब्रेत्‍ता	पुकार्दा	1
बाक्‍त	देखाइदिए	1
आ	हुनुहुन्‍न	1
सास्‍त्री	शास्‍त्रीहरूमध्ये	1
का	कुनै-कुनैले	1
शेंताक्‍नी	सही	1
सिक्‍सी	आँट	1
देंनीमी	भन्दछन्	1
संग्रह	भजनको	1
भजन	परमप्रभुले	1
संग्रह	प्रभुलाई	1
भजन	दाहिने	1
संग्रह	हातपट्टि	1
किताबम	बस	1
ब्रेक्‍ताक्‍व	तुल्याउँदिनँ	1
बजार	लामा	1
फेक्‍शा	वस्‍त्रहरूमा	1
गाक्‍मानु	सजिएर	1
ताक्‍चा	पराउँछन्	1
ताइब	चाहन्छन्	1
रोइक्‍नीमी	हडप्छन्	1
पाइनीम	देखाउँछन्	1
येसुमी	हेर्नुहुँदा	1
पाइश्‍शो	दानपत्रमा	1
चढ़ेशो	हालेको	1
तवा	हालेको	1
चढ़ेप्‍तु	दिई	1
मारदे	प्रशस्तताबाट	1
बाक्‍शो	भेटीहरू	1
गाप्‍शो	गरिब	1
गाप्‍शो	बाँच्‍नका	1
गाप्‍शो	जे-जति	1
गाप्‍शो	दिई	1
ठेयब	दानहरू	1
दारशो	सुन्दर-सुन्दर	1
दारशो	ढुङ्गाहरूले	1
सेल्‍शो	सजाइएको	1
नोले	दिनहरू	1
ब्रेश्‍शा	एकमाथि	1
का	रहनेछैन	1
मलीब	भत्किनेछन्	1
दुम्‍चशो	घटनाहरू	1
दुम्‍चशो	के-कस्ता	1
मक्‍याल्‍मेक्‍ल	धोकामा	1
पा	नपर	1
मखोतीन	नजाओ	1
इच्‍का	लडाइँ	1
नुप्‍ची	झैझगडाहरू	1
नाक्‍त	सुन्‍नेछौ	1
जात	राज्य-राज्यको	1
राज्‍य	देश-देशको	1
राज्‍य	विरुद्धमा	1
लडाइ	उठ्नेछन्	1
बेक्‍नीम	भूकम्पहरू	1
ठेयब	महामारी	1
हिंचा	डरलाग्दा	1
श्‍येत	घटनाहरू	1
सरीङम	आकाशमा	1
खिंम	हात	1
लाइश्‍शा	तिमीहरूलाई	1
दोस	सताउनेछन्	1
चोक्‍नीम	हाल्नेछन्	1
चाक्‍दीश्‍शा	हाकिमहरूका	1
पुंइसीनीनी	ल्याउनेछन्	1
पुंइसीनीनु	गवाहीका	1
सांकछी	अवसरतिर	1
दुम्‍नीनी	डोर्‍याउनेछ	1
ङोंइती	बचाउको	1
देंचा	भन्‍ने	1
मपाइनुङ	अगिबाटै	1
फ्रेंशा	नसोच	1
जोरी	विरोधीहरूले	1
सत्रुमी	खण्डन	1
मचाप्‍चा	नसकून्	1
पपाइक्‍नुङ	बुद्धि	1
पपाइक्‍नुङ	दिनेछु	1
लोक्‍बपुकीमी	दाजुभाइहरू	1
वारचपुकीमी	साथीभाइहरूले	1
आन	मृत्युका	1
साइक्‍पाइक्‍नीम	सुम्पिनेछौ	1
महेम्‍ब	हुनेछैन	1
मप्रोनीन	सहनशीलतामा	1
ब्रोंइचा	प्राण	1
यरूसलेम	यरूशलेमलाई	1
दुम्‍ची	सेनाले	1
दुम्‍ची	घेरेको	1
ताइतीनी	देख्‍नेछौ	1
खतम	विनाश	1
प्रोक्‍मल	नपसून्	1
ओदेंशो	दिनहरू	1
दुम्‍ब	बदला	1
तूब	चुसाउने	1
रागीमी	देशमाथि	1
श्‍येत	महासङ्कष्‍ट	1
मुरपुकीमी	मानिसहरूमाथि	1
कोइ	तरवारले	1
ग्‍याइश्‍शा	मारिनेछन्	1
मुरपुकीमी	देशहरूमा	1
पुंइसीनीम	जानेछन्	1
मजाक्‍दीम	गैरयहूदीहरूको	1
दिप्‍‍शा	बनाएर	1
सोरुल	ताराहरूमा	1
रागीम	समुद्रका	1
समुन्‍द्रमी	गर्जनहरू	1
ब्‍वाक्‍कु	छालहरूबाट	1
कली	कष्‍टमा	1
कोव़शा	आइपर्न	1
हिंशा	घटनाहरूका	1
थाइनीम	आशङ्काले	1
थाइनीम	मुर्छित	1
सरीङ	आकाशका	1
हिम्‍सीनीम	डग्मगाउनेछन्	1
छेङछेङमी	महामहिमाका	1
पोक्‍शा	शिरहरू	1
ग्‍येरसीने	ठाडो	1
कोच्‍वा	तिनहरूले	1
दाप्‍शा	पालुवा	1
कुशो	फेरेको	1
यिची	गृष्म	1
ना	ऋतु	1
तनीनु	देख्‍नेछौ	1
मनुप्‍थु	नभइन्जेलसम्म	1
जाम्‍शा	टलेर	1
मजाम्‍ब	टल्नेछैनन्	1
शांबु	हृदय	1
मबाक्‍कीन	विलास	1
जचा	मतवालापान	1
फेक्‍चा	चिन्ताले	1
ममिम्‍तीने	नभरियोस्	1
मारदे	नत्रभने	1
दुम्‍ब	आइपर्ला	1
मोदेंशो	भरि	1
रागीम	हरेकमाथि	1
रागीम	पासोझैँ	1
दुम्‍ब	आइपर्नेछ	1
मिम्‍शा	सतर्क	1
फाल्‍शा	कुराहरूबाट	1
सुइक्‍तीक	उम्कनलाई	1
सासीशा	अगाडि	1
सासीशा	हुनलाई	1
डांडाम	सिकाउनुहुन्थ्यो	1
इप्‍बाक्‍माक्‍त	साँझमा	1
डांडाम	जानुहुन्थ्यो	1
चहिं	बिताउनुहुन्थ्यो	1
इप्‍बाक्‍माक्‍त	भनिन्छ	1
नेंबाक्‍मा	बिहानै	1
खिं	मन्दिरमा	1
नेंबाक्‍मा	आउँथे	1
लोव़	छलफल	1
नेंशो	मानिसहरूसँग	1
थुंम	इस्करियोतमा	1
ओव़माक्‍त	पस्यो	1
”	सकिन्छ	1
माइक्‍मी	छलफल	1
मिनु	यहूदा	1
ग्रुम्‍थ	कप्‍तानहरूसँगै	1
ग्‍येरशा	खुसी	1
सुइमी	भिडबाट	1
मतुइक्‍थु	बनाएर	1
ग्‍याइक्‍पदु	सुम्पने	1
मिम्‍शा	अवसर	1
बाक्‍माक्‍त	खोज्यो	1
क्‍योरचा	निस्तार-चाडको	1
क्‍योरचा	चढाउनै	1
माल्‍बाक्‍माक्‍त	पर्थ्यो	1
साथ	पार	1
साचा	चाहनुहुन्छ	1
जाक्‍दीस्‍सीनु	पस्तछौँ	1
पिशो	बोकिरहेको	1
लसे	भेट्टाउनेछौ	1
पिशो	घरभित्र	1
ग्रुम्‍नीसी	पछ्याओ	1
शेंबमी	पाहुना	1
इस	सजाइएको	1
देंमे	भनेझैँ	1
सादसे	तयार	1
भोज	समय	1
शेंसीबपुकी	प्रेरितहरूसँगै	1
पुंइसीचा	भोग्‍नअगि	1
जत	खाने	1
मताइनुङ	खानेछैनँ	1
तूङीन	बाँड	1
मतूनुङ	नआएसम्म	1
रस	अङ्गुरको	1
मतूनुङ	फलको	1
रस	रस	1
गेतन्‍नी	दिइएको	1
जने	सम्झनामा	1
मिनु	भोज	1
जशा	खानुभएपछि	1
क्‍याम्‍सीब	बगाइन्छ	1
माल्‍त	जानुपर्छ	1
शेंसीबपुकीमी	गर्ला	1
लोव़सी	आफैँमा	1
पमुचा	प्रश्‍न	1
बाक्‍या	भन्‍नेबारे	1
पोक्‍ग्‍मे	उब्जियो	1
पिपपुकीमी	तिनीहरूमाथि	1
हुकुम	प्रभुत्व	1
पाइनीम	जमाउँदछन्	1
मान	जमाउनेलाई	1
सेल्‍नीम	भनिन्छ	1
पशो	हुनुहुँदैन	1
ममालीने	ठुलोचाहिँ	1
दुम्‍चा	सबैभन्दा	1
ममालीने	सानोजस्तो	1
आइक्‍च	महत्त्‍वपूर्ण	1
वारच	गर्नेजस्तो	1
मान	टेबलमा	1
ख्रेप्‍ब	टेबलमा	1
ख्रेप्‍ब	गर्नेजस्तै	1
सेल्‍ती	दिनुभएको	1
सेल्‍नन्‍नी	दिन्छु	1
ताइनी‍नी	सक्‍नेछौ	1
पाइनीनी	सिंहासनमा	1
माइक्‍मी	बस्‍नेछौ	1
क्राप्‍चा	खोज्यो	1
क्राप्‍चा	निफन्‍न	1
गेयीनी	पाओस्	1
सुइक्‍नेवे	नचुकोस्	1
थमा	फर्केपछि	1
मप्रोनीन	बनाओ	1
जेल्‍खानम	जेल	1
चोक्‍तेक्‍म	मृत्युसम्म	1
चोक्‍सीनुङ	जानको	1
गो	नगरेसम्म	1
देंनेवे	बास्‍नेछैन	1
शेंसीब	येशूले	1
क्‍येट	थैलो	1
मतनी	जुत्ताहरूविना	1
सोइक्‍तन्‍नीनु	पठाउँदा	1
मतनी	पर्‍यो	1
थित्‍तक	परेन	1
झोला	खानेकुरा	1
झोला	बोक्‍ने	1
ग्‍याप्‍शा	ओढ्ने	1
कुरचा	बेचोस्	1
फेक्‍शो	एउटा	1
माल्‍ब	किनोस्	1
मरिम्‍शो	दुष्‍टलाई	1
गेनीम	गरिनेछ	1
दुम्‍चा	भइरहेको	1
गोपुकी	हेर्नुहोस	1
गाक्‍य	पर्याप्‍त	1
गाक्‍शा	भोजनपछि	1
मेकेर	प्रायः	1
गाक्‍शा	गर्नेजस्तै	1
जैतून	उहाँ	1
जाक्‍दीम्‍मानु	आइपुगे	1
मपय	नपर	1
एरे	ढुङगा	1
बाक्‍तीक	फ्याक्‍न	1
एरे	सकिने	1
एरे	ठाउँसम्म	1
मतूपाइक्‍थु	चाहनुहुन्छ	1
लतीने	हटाइदिनुहोस्	1
ग्रूशा	देखा	1
लेंशा	पीडामा	1
खाइश्‍शा	जोसिलो	1
पस्‍ना	पसिना	1
खोदेंशो	ठुला-ठुला	1
दुम्‍शा	थोपाजस्तै	1
दोक्‍माक्‍त	खसिरहेका	1
बाक्‍तीकेम	उठ्नुभयो	1
खाइश्‍शा	निदाइरहेका	1
इप्‍शा	भेट्टाउनुभयो	1
इम्‍नी	निदाइरहेका	1
मपय	पर्नु	1
यहूदामी	बोलिरहनु	1
लां	जनामध्ये	1
ग्रूमा	यहूदाको	1
ग्रूमा	अगुवाइमा	1
दुम्‍खु	चुम्बनले	1
शेंसीबपुकीमी	भएकाहरूले	1
खेदा	प्रहर	1
मपने	हुनदेऊ	1
सेस	छुनुभयो	1
सेला	पार्नुभयो	1
मेकेर	विरुद्ध	1
खाल्‍पा	अगुवाहरूलाई	1
खुइ	लुटेराको	1
ग्‍याइक्‍थ	तरवारहरू	1
ग्‍याइक्‍थ	लाठीहरू	1
नाक्‍त	तिमीहरूसँगै	1
मग्‍याइक्‍तीनी	हालेनौँ	1
पालो	अधिकारको	1
लमाक्‍त	पछ्याए	1
खुम्‍सीशा	आँगनको	1
थेरशा	बाले	1
बाक्‍मा	सँगै	1
थेरशो	उज्यालोमा	1
तशा	बस्दा	1
तशा	नोकर्नीले	1
मिक्‍च	उनीतिर	1
मयाक्‍थु	सोझै	1
पवी	नारी	1
काथा	जिद्दी	1
अर्कोमी	भन्‍यो	1
गालील	गालीलबासी	1
मरुबु	भनिरहेछौ	1
मरुबु	जान्दिनँ	1
मो	उनले	1
देंमेनुन	बोल्दै	1
पत्रुस	पत्रुसतिर	1
ग्रीचा	बास्‍नअगि	1
चढ़ेब	सुरक्षा	1
मिक्‍चीम	गिज्याए	1
तुप्‍शा	कुटे	1
तुप्‍मे	आँखामा	1
तुप्‍स	पट्टी	1
तुप्‍स	बाँधेर	1
लो	भविष्यवाणी	1
देन	कुट्ने	1
तुप्‍स	येशूको	1
तोक्‍शा	बोले	1
श्‍येत	ईश्‍वर-निन्दाको	1
खाल्‍पापुकीमी	हुनेबितिकै	1
तुइक्‍ब	धर्म-गुरुहरू	1
देनो	भन्	1
नङ	गर्नुहुनेछैन	1
मलेत्‍नीनी	दिनुहुनेछैन	1
मुल	अहिलेबाट	1
आ	शक्‍तिको	1
बाक्‍चा	विराजमान	1
देंतीनी	हुँ	1
सांकछी	साक्षीहरूको	1
दुम्‍त	सुनिसक्यौँ	1
मेकेर	दल	1
रे	उठे	1
पिलातस	पिलातसका	1
पिलातस	यसो	1
थुं	देश	1
क्‍याल्‍ब	भाँड्दै	1
थाप्‍चा	तिर्न	1
ममाल्‍ब	मनाही	1
गाक्‍त	भेट्टायौँ	1
ताता	भेट्टाउँदिनँ	1
यहूदीया	जबरजस्ती	1
पिप	भनिरहेका	1
मानेन	यहूदाभरि	1
मानेन	ठाँउसम्म	1
क्‍याल्‍‍तीमी	भड्काउँदै	1
तुइक्‍ता	सोधे	1
हुकुम	अधिकारमुनि	1
निक्‍शी	पाए	1
ग्रुम	अगाडिदेखि	1
ग्रुम	हेर्ने	1
कोंइबा	हेर्न	1
कों	चाहन्थे	1
शुश	जोड्दार	1
गेमे	लगाउँदै	1
गेमे	उभिएका	1
सिपाइपुकीमी	सिपाहीहरूसँग	1
सिपाइपुकीमी	मिली	1
दुम्‍ते	पहिर्‍याएर	1
सोइक्‍तमे	फर्काइदिए	1
वारच्‍बु	एक-अर्कासँग	1
दुम्‍सा	साथी	1
दोस	खराब	1
ममानेचा	अगुवाइ	1
शेंना	मकहाँ	1
शेंन	ल्यायौ	1
पिप	तिमीहरूकै	1
ममानेचा	सामुन्‍ने	1
गेतीनी	प्रश्‍न	1
मचबु	आरोपको	1
ग्रुंइने	भेट्टाइनँ	1
थिन्‍ने	भेट्टाएनन्	1
मचाप्‍थु	हामीकहाँ	1
पुंइसीब	पाउनेयोग्य	1
मथिदु	छैनन्	1
इच्‍का	यिनलाई	1
गेशा	दिनेछु	1
दुम्‍ती	छोडिदिन्छु	1
जेल्‍खानमी	पिलातसले	1
चोक्‍सीशो	यहूदीका	1
माल्‍बाक्‍माक्‍त	छोडिदिनुपर्थ्यो	1
देंतीनी	हटाउनुहोस्	1
हुल	विद्रोह	1
साइश्‍शा	हत्याको	1
जेल्‍खानमी	झ्यालखानमा	1
चोक्‍सीशो	राखिएको	1
बोल	सम्बोधन	1
रेयके	चिच्‍च्‍याउँदै	1
मार	यिनमा	1
मतङ	पाइनँ	1
प्रोंइशा	सजाय	1
सोइक्‍नुङ	छोडिदिन्छु	1
शीम	स्वरमा	1
मगेचा	माग	1
सरकार	पिलातसलाई	1
मगेचा	आवाजले	1
ङा	विश्‍वस्त	1
ब्रेस्‍स	तुल्यायो	1
पपाइक्‍ने	माग	1
मचाप्‍तीके	गरिदिने	1
साइश्‍शा	माग	1
प्रोंइपाइश्‍शा	आतङ्क	1
पुंइशो	इच्छाअनुसार	1
लदमे	लजाँदै	1
क्‍याइक्‍तीक	पछ्याउदै	1
कुरपा	बोक्‍न	1
पना	दुःखित	1
तमीपुकी	छोरीहरू	1
आंमा	छोराछोरीहरूका	1
जाक्‍मेनु	बाँझीहरू	1
आल	नजन्माउने	1
मथीब	कोखहरू	1
मतुंइब	नचुसाउने	1
मीश	स्तनहरू	1
ग्‍येरसीनीम	धन्यका	1
मेकोमी	पहाडहरूलाई	1
रोंगु	भन्‍न	1
रोंगु	थाल्नेछन्	1
ख्रुइक्‍तीकी	खस	1
रोंगु	डाँडाहरूलाई	1
पुंइनीम	छोप	1
क्‍येख	रुख	1
शी	हरियो	1
शी	हुँदा	1
कली	अपराधीलाई	1
साइक्‍थ	मृत्युदण्ड	1
लदमे	दिनलाई	1
लदमे	लगिएको	1
खप्‍परे	तिनीहरू	1
चाक्‍दीश्‍शा	ठाँउमा	1
शी	अपराधीहरूमध्ये	1
इप्‍पा	दायाँतर्फ	1
गुइ	अर्कालाई	1
खोइलीम	बायाँतर्फ	1
गेने	गर्नुहोस्	1
पुना	जान्दैनन्	1
ग्‍यारशा	चिट्ठा	1
कोव़न	गिल्ला	1
प्रोंइना	अरूलाई	1
प्रोंइसेक्‍ल	बचाओस्	1
तुंइशा	गिल्ला	1
लावो	बचाओ	1
वोदमे	चिह्न	1
काथा	क्रुसमा	1
क्‍‍याइश्‍शो	टाँगिएको	1
यो	अपराधीले	1
प्रोंइस्‍की	बचाऊ	1
देंमेनु	अर्कोले	1
अर्कोमी	हप्काउँदै	1
तशा	डर	1
अर्कोमी	मान्दैनस्	1
सांफा	छस्	1
नस	न्यायोचित	1
खुइ	कामको	1
पाइतस	पाइरहेका	1
मपावो	काम	1
मेकोमी	थप्यो	1
हुकुम	आउनुहुँदा	1
मिम्‍तीन	सम्झनुहोस्	1
मुलाक्‍ती	आजै	1
नु	स्वर्गलोकमा	1
ताइनेवे	हुनेछौ	1
बजेसे	घडीको	1
घन्‍टा	नवौँ	1
दुम्‍माक्‍त	ढाक्यो	1
नां	सूर्यले	1
वा	बिचबाट	1
उइक्‍थ	च्यातियो	1
गेतन्‍नी	सुम्पन्छु	1
दुम्‍शो	सो	1
मपशो	धार्मिक	1
जाक्‍बपुकीमी	आएका	1
कोव़थ	घटनाहरूलाई	1
पया	छाती	1
तुप्‍शा	पिट्दै	1
वारचपुकीमी	चिनाजानीका	1
गाक्‍शो	पछ्याउने	1
तामे	हेरिरहेका	1
मेको	महासभाका	1
यरूसलेम	सदस्य	1
मबिश्‍शो	धार्मिक	1
तांइसेक्‍ल	क्रियाकलापसँग	1
सुइश्‍शा	थिएनन्	1
तांइसेक्‍ल	यहूदिया	1
पाइश्‍शो	अरिमाथियाका	1
वाम	कपडामा	1
गिल्‍शा	बेह्रेर	1
कामी	चट्टानमा	1
ओंइशा	कपेर	1
बजे	तयारीको	1
गोइबाक्‍माक्‍त	हुनै	1
काथा	पछ्याउँदै	1
ओख्‍ती	द्रव्य	1
ग्‍याप्‍शा	अत्तरहरू	1
दीसा	आज्ञाअनुसार	1
दुम्‍तीक	विश्राम	1
मिनु	हप्‍ताको	1
ओख्‍ती	मसला	1
पुक्‍खीमी	चिहानमा	1
रोक्‍शो	हटाइएको	1
कोव़ङमेनु	पसे	1
मबाक्‍माक्‍त	भेट्टाएनन्	1
लाक्‍मानु	परिरहेका	1
वा	चम्किलोवस्‍त्र	1
ग्रूशो	छेउमा	1
आस	स्‍त्रीहरू	1
कोव़ने	अनुहार	1
बाम्‍मा	भुइँतिर	1
बाम्‍मा	निहुराइरहेका	1
खुम्‍की	स्‍त्रीहरूलाई	1
खुम्‍की	जीवितलाई	1
खुम्‍की	मृतकहरूका	1
बाम्‍मा	खोज्छौ	1
शेंदा	भन्‍नुभएको	1
ममिम्‍तीनी	सम्झ	1
पुंइसीशा	सुम्पिनु	1
क्‍याइश्‍‍शा	टाँगिनु	1
येसु	स्‍त्रीहरूले	1
वारच	अरू	1
योअन्‍ना	योअन्‍ना	1
यो	स्‍त्रीहरू	1
वारच	जानकारी	1
शेंसीबपुकीमी	सन्‍देश	1
लोव़	बेकारको	1
नेंशा	कुराजस्तो	1
मीश	लग्यो	1
”	स्‍त्रीहरूको	1
पत्रुस	यथापि	1
चहिं	चिहानतिर	1
बुश	सूती	1
मतवा	पट्टीलाई	1
लाक्‍शा	होला	1
लेम्‍माक्‍त	तर्फलागे	1
एम्‍माउस	इम्माउस	1
खोदसे	गइराखेका	1
गाक्‍स	छलफल	1
गाक्‍स	एकसाथ	1
गाक्‍स	प्रश्‍न	1
गाक्‍शा	आँखा	1
मतुइक्‍पांइसे	नचिन्‍ने	1
मतुइक्‍पांइसे	बनाइएका	1
नाप्‍खे	हिँड्दै	1
पसी	गरिरेहेका	1
हिल्‍लो	उदास	1
दिक्‍शा	क्लेओपास	1
क्‍लेओपास	जनाले	1
क्‍लेओपास	दिनहरूमा	1
दुम्‍मे	नपाउने	1
चिन्‍ड	वचनमा	1
थोक्‍शा	टाँगे	1
बाक्‍तस्‍कु	राखेका	1
बाक्‍तस्‍कु	थियौँ	1
बेक्‍शो	कुराबाहेक	1
गोपुकी	समूहका	1
वारच	आश्‍चर्य	1
थुं	चकित	1
क्‍याल्‍तीकी	पारेका	1
मथिक्‍क	भेट्टाएनन्	1
ब्रोंइत	स्वर्गदूतहरूको	1
ब्रोंइत	दर्शन	1
यो	चिहानमा	1
लेश्‍शा	थाहा	1
बाक्‍‍त	भनेजस्तै	1
मचाप्‍नीसी	सुस्त	1
मचाप्‍नीसी	थिएनन्	1
जशा	भोग्‍न	1
मुल	आवश्यक	1
मरुप्‍नीसी	थिएन	1
मोसा	मोशादेखि	1
नेल्‍ल	व्याख्या	1
जाक्‍दीश्‍शा	गइरहेका	1
लो	पुग्‍न	1
“	अझै	1
बाक्‍कीसे	जानेजस्तै	1
रिक्‍शा	कर	1
लाइनीनी	हामीसँगै	1
?	बस्‍नुहोस्	1
मुलाक्‍दो	परिसक्यो	1
नां	लगभग	1
रिक्‍त	बितिसक्यो	1
बाक्‍य	बस्‍न	1
चोने	बस्‍नुभयो	1
बाक्‍नीनी	आशिष्‌‌	1
योक्‍गा	माग्‍नुभयो	1
मो	आँखा	1
तुइक्‍पांइसेनु	खुले	1
कका	चिने	1
यो	दृष्‍टिबाट	1
जाम्‍माक्‍त	हराउनुभयो	1
मेको	अर्कोलाई	1
लांम	बोल्नुँहुदा	1
रांमी	खोलिदिनुहुँदा	1
शेंदानु	हृदयभित्र	1
रांमी	जलन	1
मदुम्‍सा	भइराखेको	1
?	थिएन	1
रीब	उठे	1
ग्रुम्‍से	भइराखेको	1
सिमोन	सिमोनकहाँ	1
पत्रुस	पर्नुभएको	1
योक्‍शा	भाँच्‍ने	1
जचशोनु	बेलामा	1
येसु	गर्नुभयो	1
तपांइसे	शान्ति	1
तपांइसे	होस्	1
कोर	देख्यौँ	1
वोल	दुःखित	1
कोर	हुन्छौ	1
रुश	प्रश्‍न	1
मबाक्‍ब	उठाउँछौ	1
देंमेनु	सक्‍नुभयो	1
कोव़ङमे	गोडा	1
दल्‍गीर	खुसीले	1
थोव़की	पत्यार	1
बाक्‍म	नसकी	1
कों	अचम्मित	1
ग्‍येरसमा	भइरहेकै	1
वाल्‍शो	पकाएको	1
ताक्‍शा	लिनुभयो	1
ब्‍ववा	तिनीहरूकै	1
ना	कि	1
भजन	भजनसङ्ग्रहको	1
संग्रह	पुस्तकमा	1
गेमी	खोली	1
सक्ति	पिताको	1
सोइक्‍नुङ	पठाउँछु	1
मतनी	प्राप्‍त	1
यरूसलेममी	सहरमा	1
रिम्‍शा	पर्खेर	1
यरूसलेम	बेथानी	1
लाइश्‍शा	नपुगेसम्म	1
बेथानी	अगुवाइ	1
पोक्‍शा	उचालेर	1
लाइक्‍चा	उचालिनुभयो	1
सेल्‍मे	मन्दिरमा	1
बाक्‍त	हुनुहुन्‍थ्‍यो	1
सेल्‍पाइश्‍शो	बनिए	1
सेल्‍शो	उहाँविना	1
बाक्‍त	बनिएन	1
ब्राइब	चम्‍किन्छ	1
छेङछेङ	जितेन	1
शेंथ	साक्षीको	1
जाक्‍मेनु	बनियो	1
मतुइक्‍तेम	चिनेन	1
आंम	आफ्नैहरूकहाँ	1
मब्राम	आफ्नैहरूले	1
मब्राम	स्‍वीकार	1
सुदमे	गरे	1
ममाइ	जन्‍मेका	1
यावे	जन्‍मेका	1
माइश्‍शो	देहधारी	1
तौ	मात्रको	1
नोले	सोरले	1
शिशी	पूर्णताबाट	1
शुश	अनुग्रहमाथि	1
बाक्‍तक	पाएका	1
लोव़	मोशाद्वारा	1
कोंइब	सत्‍यता	1
कांइचीक	अडेस	1
तौमी	लाग्‍नुहुने	1
तुइक्‍पाइक्‍तु	चिनाउनुभएको	1
लेवी	लेवीहरूलाई	1
पाम्‍तेक्‍म	पठाउँदा	1
जोल	खुला	1
पाइब	एलिया	1
सोइक्‍ब	पठाउनेहरूलाई	1
देंनीनी	भन्‍छौ	1
रागीमी	कराइरहेको	1
सोइश्‍शो	फरिसीहरूबाटका	1
मननी	हौ	1
पाइनीनी	दिन्‍छौ	1
यूहन्‍नामी	बप्‍तिस्‍मा	1
मतुइक्‍नीनी	दिन्‍छु	1
मुर	नचिनेको	1
प्रुइक्‍चा	खोल्‍न	1
मशिरनुङ	लायकको	1
यर्दन	यर्दनको	1
गाउंमी	गरिएका	1
क्‍याम्‍ब	उठाइलानुहुने	1
क्‍येङा	अगिदेखि	1
बाक्‍ती	चिन्‍दिनथेँ	1
ग्रुंइतीक	इस्राएलीहरूप्रति	1
पथ	गराउन	1
परवा	स्‍वर्गबाट	1
बुदी	ढुकुरझैँ	1
बाक्‍ती	चिन्दिनथेँ	1
ग्रुंइतीक	पठाउनुहुनेले	1
गेमी	जसमाथि	1
जुक्‍शो	रहनुभएको	1
ख्रुम्‍ब	आत्‍माले	1
परमप्रभु	दिनुहुने	1
ताता	देखेको	1
बाक्‍माक्‍त	उभिरहँदा	1
हिरशा	भएर	1
खोइश्‍शो	पछ्याइरहेका	1
माल्‍सी	चाहन्‍छौ	1
निक्‍शीमी	अर्थ	1
बाक्‍नीनी	बस्दै	1
पिशा	आऊ	1
कोव़ङीस	देख्छौ	1
कोव़थ	बसिरहनुभएको	1
लाम्‍ताक्‍स	देखे	1
मिनु	त्‍यस	1
बाक्‍ताक्‍स	बसे	1
मेना	पहर	1
नोले	पछ्याउनेहरू	1
अन्‍द्रीयास	जनामध्‍ये	1
अन्‍द्रीयासमी	अन्‍द्रियासले	1
ग्रुम्‍शा	भेट्टाएर	1
मस्‍सीह	भनिन्छ	1
ग्रुम्‍तस्‍कु	लाई	1
अन्‍द्रीयासमी	भाइलाई	1
ग्रुम्‍पाइक्‍तु	ल्‍याए	1
केफास	जसको	1
फुल्‍लु	पत्रुस	1
रागी	ठाउँलाई	1
लाइनुङ	छोड्न	1
गालील	चाहनुभयो	1
ग्रुम्‍तु	भेट्‌नुभयो	1
लाइनुङ	पछ्याऊ	1
माइश्‍शो	भेटे	1
कोव़ङो	आएर	1
नथानेल	उनलाई	1
मपाइब	नभएका	1
तुइक्‍नीनी	चिन्‍नुहुन्‍छ	1
ग्रुम्‍चा	बोलाउनुभन्‍दा	1
फोव़शी	तिमीलाई	1
सुइक्‍तीवी	गर्छौ	1
क्‍येङा	योभन्‍दा	1
सरीङ	स्‍वर्ग	1
ताइनीनी	उघ्रिएको	1
जरमेशो	पुत्रमाथि	1
जुक्‍शो	ओर्लिरहेका	1
लशो	उक्‍लिरहेका	1
नुम्‍मेनु	सकियो	1
अङगुर	तिनीहरूसित	1
गो	हे	1
सम्‍म	आउनुहुन्छ	1
मजा	समय	1
देंमे	भन्‍नुहुन्छ	1
थितीमी	विधिअनुसार	1
वोइश्‍शो	हरेकमा	1
गर	झण्डै	1
२	सय	1
३	लिटर	1
पुक्‍तीक	अटाउने	1
ब्‍वाक्‍कु	वटा	1
रिक्ब	ढुङ्गाका	1
पुक्‍तीक	भाँडाहरू	1
प्रिंदीन	भर	1
ब्‍वाक्‍कुमी	मुखसम्मै	1
प्रिंताक्‍म	भरिदिए	1
योक्‍ब	नोकरहरूलाई	1
जचा	अलिकति	1
योक्‍ब	लगेर	1
थाम्‍शा	चाखे	1
थाम्‍शा	भर्ने	1
मतुइक्‍त	)	1
योक्‍नीम	बाँड्छ	1
तूशा	मातेपछि	1
रांइदमे	सस्तो	1
योक्‍नीम	बाँड्छन्	1
अङगुर	दखमद्य	1
खेक्‍शा	अझसम्म	1
वोइश्‍शो	राखेका	1
लाक्‍चा	चिह्न	1
यिशा	झरे	1
चाड	आउन	1
जाक्‍चशो	लागेको	1
परवा	परेवाहरू	1
परवा	बेच्‍नेहरूलाई	1
लेयबपुकी	भेट्टाउनुभयो	1
फाइक्‍ब	साट्नेहरू	1
पले	डोरीको	1
युक्‍तीक	कोर्रा	1
फाइक्‍ब	गोरुहरूसहित	1
खेरतीमी	खेद्नुभयो	1
फाइक्‍ब	साट्नेहरूको	1
वोइक्‍तीक	छरपष्‍ट	1
खोल्‍शा	पारिदिनुभयो	1
वोइक्‍तीक	टेबलहरू	1
लतीन	लैजाओ	1
लेयतीक	बजार	1
मसेलीन	छोड	1
थुंम	कुरा	1
दाक्‍नुङ	सम्झे	1
दाक्‍तीक	जोसले	1
चोइब	जलाउँछ	1
चिन्‍ड	चिह्न‍	1
चाप्‍नेवे	देखाउँछौ	1
प्रेतीन	भत्काओ	1
यहूदीपुकीमी	यहूदी	1
यहूदीपुकीमी	अधिकारीहरूले	1
४६	छयालिस	1
पाप्‍तु	मन्दिरबारे	1
खिं	बताइरहनुभएको	1
सेंदानु	उठ्नुहुँदा	1
फ्रुक्‍तेक्‍म	सम्‍झे	1
लोव़	भनाइमाथि	1
चाडम	अवधिभर	1
मसुद	गर्नुभएन	1
मसुद	चिन्‍नुहुन्थ्यो	1
ममाल्‍द	दिनुपर्दैनथ्यो	1
थुंमी	त्यसभित्र	1
फरिसी	निकोदेमस	1
सोइश्‍शोमी	नभईकन	1
चाप्‍ब	सक्दैन	1
इर	नजन्मिएसम्म	1
कोल्‍शो	भएपछि	1
जरमेने	पल्ट	1
जरमेने	सक्दैन	1
जरमेशो	नजन्मेसम्म	1
जरमेचा	जन्मनुपर्छ	1
माल्‍ब	भनेकोमा	1
ते	चाहन्छ	1
लाइबा	त्यतै	1
मतुंइ‍सीब	बहन्छ	1
ग्रूबा	सुन्छौ	1
ते	कतातिर	1
लाइबा	गइरहेको	1
मतुंइ‍सीब	जान्दैनौ	1
जरमेशो	जन्मेका	1
मतुइक्‍नीनी	बुझ्दैनौ	1
पाइनीकी	भन्छौँ	1
शेंनीकी	दिन्‍छौँ	1
जाक्‍शो	ओर्लिआउनुभएका	1
जरमेशो	पुत्रबाहेक	1
बाक्‍शो	उक्लेको	1
सुइक्‍बा	सबैले	1
मेको	संसारलाई	1
नरक	‍विश्‍वास	1
मलाइनीम	नमरोस्	1
ताइनीम	पाओस्	1
मसुइक्‍बा	दण्डित	1
तौमी	पुत्रको	1
प्रोंइब	नाउँमा	1
मसुइश्‍शो	गरेको	1
छेङछेङ	ज्योतिभन्दा	1
क्‍येङा	अन्धकारलाई	1
छिङछिङ	रुचाए	1
छेङछेङ	ज्योतिलाई	1
मतांइसेक्‍ल	ज्योतितर्फ	1
मतांइसेक्‍ल	आउँदैन	1
मतांइसेक्‍ल	प्रकट	1
मलाइब	नहोऊन्	1
लाइब	आउँछ	1
शेंसीबपुकी	बिताउनुभयो	1
सालीम	सालीम	1
एनोन	एनोनमा	1
जाक्‍शा	आइरहेका	1
ग्रुंइचा	लिँदै	1
जे‍ल्‍खानम	बेलासम्म	1
मपुंइसीशो	परेका	1
दोपा	यहूदीबिच	1
क्‍याम्‍सीबा	विधिवत्	1
ग्रुम्‍शा	गए	1
ग्रुंइतीक	दिइरहनुभएको	1
लाइनीम	गइरहेका	1
सोंइसी‍शो	सक्‍छौ	1
ख्रीस्‍त	उहाँभन्दा	1
सोंइसी‍शो	पठाइएको	1
ग्‍युम्‍लेमी	दुलहीचाहिँ	1
ग्‍येरसीब	आनन्दित	1
माल्‍ब	बढ्नुपर्छ	1
माल्‍नुङ	घट्नुपर्छ	1
स्‍वर्ग	माथिबाट	1
रागी	पृथ्‍वीबाटको	1
रे	हो	1
रागी	पृथ्वीकै	1
तुइश्‍शा	पृथ्‍वीका	1
तशो	देख्‍नु	1
मसुइक्‍नीम	गर्दैन	1
देंशो	गवाही	1
तुइश्‍शा	पुष्‍टि	1
सोइश्‍शोमी	पठउनुभएको	1
पाइब	बोल्छ	1
ब्री‍तीके	नापतौल	1
ब्री‍तीके	दिनुहुन्‍न	1
सुइक्‍बा	गर्नेसँग	1
सुम	पुत्रको	1
मटीबा	अवाज्ञा	1
मतथु	देख्‍नेछैन	1
ताइब	पर्नेछ	1
प्रभु	भन्‍दा	1
सेल्‍शा	बनाउँदै	1
ग्रुंइतीक	हुनुहुन्‍थ्‍यो	1
गेय	फरिसीहरूले	1
गेय	यद्यपि	1
मपथु	बप्‍तिस्‍मा	1
मपथु	हुनुहुन्‍नथ्यो	1
शेंसीब	बप्‍तिस्‍मा	1
जाक्‍दीत्‍तेक्‍म	जानु	1
सीकार	त्‍यसैले	1
रू	छोरा	1
रू	योसेफलाई	1
बाक्‍‍त	दिएका	1
सीकार	जग्‍गाको	1
जाक्‍दीत्‍तेक्‍म	टुक्रा	1
गाक्‍शा	सुखार	1
याकूब	याकूबको	1
मेकेर	आफ्नो	1
जाक्‍दीश्‍शा	यात्राले	1
दशा	थाक्‍नुभयो	1
इनार	इनारको	1
नांइ‍साक्‍व	बस्‍नुभयो	1
बजे	घडीतिरको	1
पुंइतु	थोरै	1
लशो	गएका	1
गुइ	स्‍त्रीसँग	1
पुंइनीनी	माग्‍नुभएको	1
मतूबाक्‍मा	समारीहरूसँग	1
थिशो	लेनदेन	1
मतूबाक्‍मा	गर्दैनन्	1
ब्‍वाक्‍कु	पिउन	1
ब्‍वाक्‍कु	भनिरहनुहुनेलाई	1
एको	तपाईंसित	1
ग्रुंइतीक	बाल्‍टिन	1
रे	त	1
एकेर	पुर्खा	1
ब्‍वाक्‍कु	याकूबभन्‍दा	1
तूङा	इनार	1
तूङा	यही	1
ब्‍यफपुकीमी	इनारबाट	1
तूङमे	पिउनुभयो	1
तौपुकी	सन्‍तानहरू	1
ब्‍यफपुकीमी	गाईवस्‍तुहरूले	1
सुमी	जस‍ले	1
तूतू	तिर्खाउनेछ	1
बुक्‍शो	त्‍यसको	1
बारशा	अन्‍तस्‍करणमा	1
ब्रोंइशा	जीवनसम्‍मै	1
बाक्‍चा	उम्रिरहने	1
बारशा	मूल	1
गेब	बन्‍नेछ	1
ममाल्‍ङल	आउनुपर्नेछैन	1
वोंइश	लोग्‍नेलाई	1
के	मेरो	1
पाप्‍तीवी	छ्यौ	1
बाक्‍तेक्‍म	भइसकेका	1
।	भनी	1
तुइक्‍ताक्‍नी	देख्‍छु	1
पिपीमी	यही	1
यहूदीपुकीमी	स्‍थान	1
मसेल्‍नीनी	नारी	1
सुतो	गर	1
मसेल्‍नीनी	गर्नेछौ	1
मतुइक्‍थु	जान्दैनौ	1
सेल्‍नीकी	गर्छौं	1
आं	आराधकहरूले	1
सेल्‍बपुकीमी	आराधकहरू	1
आफोमी	यस्‍ता	1
मोदेंशो	मानिसहरूको	1
माल्‍ब	हुनुहुन्‍छ	1
देंनीमी	भनिने	1
पाइब	गरिरहने	1
मेना	त्‍यही	1
जाक्‍तेक्‍म	आइपुगे	1
सामरीया	स्‍त्रीसित	1
पशो	हुनुहुन्‍थ्यो	1
लाक्‍तेक्‍म	भइरहेका	1
माल्‍नीनी	चाहनुहुन्‍छ	1
मेको	त्‍यससँग	1
पाइनीनी	हुनुहुन्‍छ	1
मपाम	भनेन	1
प्रोंइ‍शा	त्‍यसैले	1
गर	गाग्रो	1
लत	गइन्	1
पाप्‍तु	बताइदिनुहुने	1
कों	सक्दैन	1
मिनु	त्‍यसै	1
जने	खानुहोस्	1
मतुइश्‍शो	जान्दैनौ	1
सुइमी	उहाँलाई	1
चाक्‍शा	ल्‍याएको	1
गेमे	ल्‍याएको	1
दाक्‍शो	इच्‍छा	1
नोले	त्‍यसपछि	1
नाली	समय	1
देंनीनी	भन्‍दैनौ	1
हो	खेतलाई	1
हो	देख	1
जाक्‍‍शो	निम्‍ति	1
जाक्‍‍शो	पाकिसकेका	1
गेना	ज्याला	1
शोक्‍ब	पाउँछ	1
बाक्‍चा	निम्‍ति	1
चाक्‍ब	बटुल्‍छ	1
रिक्‍ब	कटनी	1
कालेम	रमाउन	1
ग्‍येरसीनीम	सकून्	1
निक्‍शीमी	एउटाले	1
शोक्‍नीम	छर्छ	1
निक्‍शीमी	अर्काले	1
रुप्‍‍नीम	गर्छ	1
लोव़	यसैमा	1
मशोक्‍शो	नगरेका	1
सोइक्‍नन्‍नी	पठाएँ	1
शोक्‍तीक	अरूहरूले	1
शोक्‍शो	श्रममा	1
मुरुमी	दिएको	1
सामरीया	गवाहीले	1
सीकार	त्‍यस	1
सामरीया	बसोबास	1
मेकोन	सामरीहरूले	1
सामरीया	सामरीहरू	1
नाक्‍त	त्‍यहाँ	1
देंतीक	भनेकी	1
मसुइक्‍नीकी	गर्दैनौँ	1
एकोन	हुनुहुन्‍छ	1
लत	गर्नुभयो	1
काइ	गाउँमा	1
गालील	गालीलीहरूले	1
ब्राम्‍तेक्‍म	स्‍वागत	1
शांबु	दाखमद्यमा	1
सेल्‍तीक	परिणत	1
काना	काना	1
कप्‍तान	राजकीय	1
सापतीने	निको	1
सापतीने	पारिदिनुहोस्	1
मताइतीनी	नदेखेसम्‍म	1
मसुइक्‍नीनी	गर्नेछैनौ	1
कप्‍तानमी	अधिकारीले	1
मबेक्‍थु	मर्नुअगावै	1
लत	बाटो	1
सात	तिनका	1
शोव़ङमे	नोकरहरूले	1
गेना	सुधार	1
छकाल	सातौँ	1
उइक्‍ताक्‍व	छोड्यो	1
आल	त्‍यसपछि	1
सामाक्‍त	भन्‍नुभएको	1
खिं	सम्‍पूर्ण	1
जाक्‍शा	आउँनुहुँदा	1
यरूसलेममी	यसपछि	1
गारो	यरूशलेमको	1
लाप्‍चो	भेडा-ढोका	1
लाप्‍चो	तलाउ	1
नेक्‍थामी	हिब्रूमा	1
बेथेस्‍दा	बेथस्दा	1
लोव़मी	छानासहितका	1
बेथेस्‍दा	पाँचवटा	1
दोम्‍ली	दलान	1
पाइब	बिरामीहरू	1
गुइ	लङ्गडा	1
सोव़शो	तलाउको	1
सोव़शो	पडिरहेका	1
मुरपुकी	नोटः	1
दोम्‍ली	प्रतिलिपीहरूबाट	1
गेना	पदावलीलाई	1
हिम्‍सीब	हटाइएको	1
दोम्‍ली	३	1
हिम्‍सीब	छचल्किएको	1
कोव़चा	पर्खिरहेका	1
ब्‍वाक्‍कु	प्रतिलिपीहरूले	1
पाइबमी	४	1
यिशा	लाई	1
हिम्‍बाक्‍माक्‍त	हटाएको	1
हिम्‍सेनु	४	1
क्‍येङा	स्वर्गदूत	1
हिम्‍सेनु	ओर्लिएर	1
हिम्‍सेनु	हल्लाइदिन्थे	1
हिम्‍सेनु	छचल्किरहँदा	1
दोम्‍लीम	पानीमा	1
ग्रुम्‍ब	पस्थ्यो	1
साबाक्‍माक्‍त	जस्तोसुकै	1
साबाक्‍माक्‍त	भइहाल्थ्यो	1
३८	अठतिस	1
कली	पल्टिरहेको	1
साचा	स्वस्थ	1
हिम्‍सेनु	छचल्किँदा	1
दोम्‍लीमी	पानीमा	1
ख्रुम्‍ब	राखिदिने	1
मुर	मेरो	1
ब्‍वाक्‍कुमी	अर्को	1
ग्रुम्‍ब	पसिहाल्छ	1
कुर‍शा	लेऊ	1
सा‍शा	भयो	1
बोक्‍त	उठायो	1
गाक्‍त	हिँड्यो	1
कुरचा	बोकेर	1
मदुम्‍ब	हिँड्ने	1
मुरुमी	बनाउनुभयो	1
मेकोमी	सुटुक्‍क	1
दोम्‍ली	गइसक्‍नुभएकोले	1
दोम्‍ली	निको	1
ग्रुम्‍तु	भेट्टाउनुभयो	1
साते	स्वस्थ	1
साते	तिमीमाथि	1
साते	योभन्दा	1
रोइ	खराबी	1
मपचा	आइनपरोस्	1
दा	बनाउने	1
बाक्‍माक्‍त	हुनुहुँदोरहेछ	1
ग्रुम्‍थ	बतायो	1
सापाइक्‍ची	कुराहरूका	1
सापाइक्‍ची	सताए	1
पन	गरिरहनुभएको	1
ममाइ	तोड्नुभएन	1
उइक्‍थ	तुल्याएर	1
मतवा	देख्‍नु	1
गेय	गर्नुहुने	1
कोंइब	देखाउनुहुन्छ	1
पपाइश्‍शो	ठुला	1
कोंइपाइक्‍ब	देखाउनुहुनेछ	1
सम्‍म	अचम्मित	1
सेंबा	मृतकलाई	1
दाक्‍बा	पार्नुहुन्छ	1
सेंबा	दिनुहुन्छ	1
मपाइब	गर्नुहुन्‍न	1
पपाइक्‍ब	दिनुभएको	1
पाइबपुकीमी	गरेझैँ	1
नेंबा	सुन्छ	1
मताइब	ठहराइनेछैन	1
मताइब	सरेको	1
नेंनीम	आइरहेको	1
यावे	मृतकहरूले	1
नेंनीम	सुन्‍नेछन्	1
गेना	सुन्‍नेहरू	1
ताइब	बाँच्‍नेछन्	1
यावे	पिता	1
आ	पिताले	1
जरमेशो	हुनेहरूले	1
नेंनीम	सुन्‍ने	1
पाइबपुकी	तिनीहरू	1
सेंसीनीम	चिहानबाट	1
ङोंइती	आउनेछन्ः	1
निसाफ	सुन्छु	1
पाता	दिने	1
मसुइक्‍नीनी	हुँदैनथ्यो	1
ननी	यूहन्‍नाकहाँ	1
पथ	पठाएका	1
पाप	बचाइयोस्	1
छेङछेङ	बोलिरहेका	1
ब्रशो	चम्किरहेका	1
हाम्‍सोमी	ज्योतिमा	1
हाम्‍सोमी	क्षणका	1
बाक्‍चा	तत्पर	1
दाक्‍ताक्‍नी	थियौ	1
पपाइश्‍शो	पठाउनुभएको	1
मनेनी	रूप	1
मतनी	देखेका	1
मो	धर्मशास्‍त्रमा	1
पशोनु	खोज्दछौ	1
पशोनु	तिनमा	1
मिम्‍नीनी	सोच्दछौ	1
लोव़मी	धर्मशास्‍त्रहरूले	1
मपीनीनी	तत्पर	1
मुर	मनिसहरूबाट	1
सेल्‍तीके	प्राप्‍त	1
मब्राइ‍नुङ	गर्दिनँ	1
मब्रनी	स्‍वीकार	1
मब्रनी	गर्दैनौ	1
‘	अर्कोबाट	1
ननी	खोज्‍ने	1
मपुंइसीनीनी	नखोज्‍नलाई	1
गेनन्‍नी	लगाउँछु	1
पाइनीनी	नसोच	1
तन्‍न	राखेका	1
गेब	लगाउँछन्	1
सुइक्‍नी	गर्थ्यौ	1
लोव़	कुराहरूमा	1
खोइक्‍तेक्‍म	पच्छ्याइरहेको	1
छक	गरिरहनुभएको	1
डांडा	पर्वतमाथि	1
जाक्‍शो	आफूतर्फ	1
ग्‍याप्‍शा	यिनीहरूको	1
नेल्‍ल	खानलाई	1
थुल्‍चा	जाने	1
सुइक्‍बा	गइरहनुभएको	1
देनारमी	चाँदीका	1
देनारमी	सिक्‍काको	1
ग्‍याप्‍चा	हरेकलाई	1
मजाक्‍दीप्‍ब	थोरै-थोरै	1
ग्‍याप्‍चा	दिनलाई	1
मजाक्‍दीप्‍ब	पर्याप्‍त	1
अन्‍द्रीयासमी	अन्द्रियासले	1
बाक्‍ब	केटोसँग	1
एको	यत्ति	1
इश	धेरैका	1
गाप्‍बा	हुन्छन्	1
निप्‍पतीन	लगाऊ	1
दिंम	घाँस	1
निस्‍साक्‍म	झण्डै	1
वोंइश	सङ्ख्यामा	1
बाक्‍तेक्‍म	बसे	1
ताक्‍‍शा	लिनुभयो	1
सेल्‍शा	चढाउनुभएपछि	1
योक्‍पाइक्‍तीमी	बसेकाहरूलाई	1
योक्‍पाइक्‍तीमी	गर्नुभयो	1
रूथ्री	भर	1
जामे	पेट	1
शोब्‍ले	टुक्रा-टाक्री	1
बाक्‍मे	बटुल	1
खुप्‍तीन	खेर	1
खुप्‍तीन	नजाओस्	1
प्रिंताक्‍म	अर्थात्	1
लीशा	खाएर	1
गुप्‍शो	बचेका	1
डालो	भरे	1
जाक्‍ब	आउनुपर्ने	1
आं	पक्रेर	1
ग्‍याइश्‍शा	बलजफतीसँग	1
सेल्‍नीमी	बनाउन	1
ङोंइ‍साक्‍व	लाग्‍नुभयो	1
नेक्‍था	झरे	1
गोम्‍तेक्‍मे	गइरहेका	1
रिक्‍शो	भइसकेको	1
मजाक्‍शो	अझसम्म	1
गिवार	चलिरहेको	1
मुइश्‍शा	उर्लंदै	1
ङोइश्‍शा	खियाएर	1
२५	करिब	1
कि	पाँच	1
खोदेंशो	टाढा	1
जाक्‍दीम्‍मानु	पुगेका	1
हिंतेक्‍म	डराए	1
ङोइक्‍पाइक्‍तेक्‍म	तत्पर	1
जाक्‍दीत्‍तेक्‍म	जमिनमा	1
डोंगामी	पुग्यो	1
जाक्‍दीत्‍तेक्‍म	गइरहेका	1
शेंसीबपुकीमी	समुद्रको	1
मला	उभिरहेको	1
लाम्‍तेक्‍म	डुङ्गाबाहेक	1
तुइक्‍ताक्‍म	थिएन	1
येसु	नचढ्नुभएको	1
डोंगा	मात्रै	1
तुइक्‍ताक्‍म	देखे	1
डोंगापुकी	तापनि	1
”	चढाएर	1
योक्‍तीक	खाएका	1
जाक्‍तेक्‍म	तिबेरियासबाट	1
दिंम	डुङ्गाहरू	1
डोंगा	लगाए	1
कापेरनाउम	खोज्दै	1
माल्‍तेक्‍म	कफर्नहुमतिर	1
जाक्‍दीश्‍शा	पारिपट्टि	1
थित्‍तेक्‍म	भेटेपछि	1
पर्बम	खोजेका	1
रूतीके	अघाएकाले	1
मराक्‍चा	नष्‍ट	1
ब्रोंइशा	जीवनसम्म	1
रागीमी	पिताले	1
जरमेशोमी	मोहोर	1
गेब	लगाउनुभएको	1
गेपुकी	होः	1
गेशो	दिइरहनुहुने	1
गेब	दिँदछ	1
पीनीमी	आउँछ	1
शोव़लु	कहिल्यै	1
मबेक्‍नीम	भोकाउनेछैन	1
बाक्‍तीनी	भनेँ	1
गेनायो	फ्याँक्‍नेछैनँ	1
पथ	गर्नलाई	1
मसाम्‍चा	सबैमध्ये	1
मसाम्‍चा	नगुमाऊँ	1
सेंपाइक्‍चा	पारूँ	1
तुइक्‍नीमी	देख्‍ने	1
सुइक्‍नीम	सबैले	1
गेनुङमी	पारूँ	1
तुइक्‍नीकी	चिन्छौँ	1
गन	माझ	1
मपने	छोड	1
गेशो	नखिँचेसम्म	1
मचाप्‍नीम	पार्नेछु	1
शेंब	सिकाइनेछ	1
शेंसीबा	सिकेका	1
पीब	आउँछन्	1
यीबमी	आएकाले	1
यीबमी	उसैले	1
जाम्‍तेक्‍म	खाओस्	1
मबेक्‍थु	नमरोस्	1
ब्रोंइ‍ब	जिउनेछ	1
मब्‍वाइतीनी	नखाएसम्म	1
आं	उसको	1
मतूतीनी	नपिएसम्म	1
ब्‍वाइनीमी	खाने	1
तूनीमी	पिउनेसँग	1
सेंपाइक्‍नुङमी	पार्नेछु	1
थम	साँचो	1
ब्‍वाइबा	खाने	1
तूबा	पिउने	1
ब्रोंइपाइय्‍यी	जिउँछु	1
ब्‍वाइब	खाने	1
ब्रोंइचा	जिउनेछ	1
बेक्‍तेक्‍म	मरेजस्तो	1
जाइबा	खाने	1
ब्रोंइशा	जिउनेछ	1
कापेरनाउम	कफर्नहुमको	1
कशो	कठिन	1
नेंने	स्‍वीकार	1
गन	यसमा	1
मेको	पाउनुभएकोले	1
नेंशा	यसले	1
प्रोंइनीनी	अप्रसन्‍न	1
प्रोंइनीनी	तुल्याउँछ	1
बाक्‍तीकेमी	भएकैतिर	1
लेश्‍शो	गइरहेका	1
ताइतीनी	देखौ	1
मिम्‍नीनी	नि	1
मुरुम	देहले	1
पने	लाभ	1
मचाप्‍नीम	दिँदैन	1
मसुइक्‍ब	गर्दनौँ	1
येसुमी	क-कसले	1
मसुइक्‍ब	गर्दैनथे	1
माइक्‍तन्‍नी	भनेँ	1
प्रोंइतेक्‍म	हिँडेनन्	1
लाइनीनी	चाहँदैनौ	1
खोइक्‍नीकी	कसकहाँ	1
खोइक्‍नीकी	जानु	1
पाइनीनी	तपाईंसँग	1
योव़तन्‍नी	चुनेको	1
दातेमी	जनाचाहिँ	1
आ	इस्करियोतका	1
गालील	गालीलभरि	1
माल्‍‍तीके	खोजिरहेका	1
मदाक्‍शो	चाहनुभएन	1
ओंइतीक	छाप्रो-वास	1
लावो	जानुहोस्	1
शेंसीब	चेलाहरूले	1
तुइक्‍पांइसीचा	खुला	1
दाक्‍नेवे	चिनाउन	1
मपावो	गर्दैन	1
कोंइदीमी	गर्नहुन्छ	1
कोंइदीमी	देखाउनुहोस्	1
मसुइक्‍बाक्‍तेक्‍म	गर्दैनथे	1
गेपुकी	समय	1
लने	सधैँ	1
आं	संसारले	1
कोंइनुङमी	दिन्छु	1
मलाइनुङ	जाँदिनँ	1
मानेथ	चाडमा	1
मुर	खुलमखुल्ला	1
मतचा	गोप्य	1
माल्‍शा	चाडमा	1
मुरपुकीमी	भिडहरूमा	1
गाक्‍पाइक्‍ब	बहकाउँछ	1
हिंशा	डरको	1
ख्रुइश्‍शो	खुलमखुल्ला	1
पाम्‍तेक्‍म	बोलेन	1
नाक्‍त	आधा	1
ओंइतीक	सिद्धिएको	1
लाक्‍शा	भएर	1
इश	यति	1
जोक्‍गा	जान्दछ	1
इश	शिक्षा	1
तुइक्‍ब	जान्‍नेछ	1
शेंबा	बोल्नेले	1
काइ	उसमा	1
पाप	अधार्मिकता	1
गेशो	दिएनन्	1
गेपुकी	व्यवस्था	1
माल्‍नीनी	चाहन्छौ	1
लाक्‍तीनी	हुन्छौ	1
गे‍शो	रीति	1
मोसा	मोशाबाट	1
इं	पुर्खाहरूबाट	1
‘	विश्रामको	1
पिपी	खतना	1
टिचा	नहोस्	1
ख्रोइक्‍ती‍नी	स्‍वीकार	1
रां	स्वस्थ	1
सापदुनु	बनाएकोमा	1
गाइक्‍नीनी	रिसाउँछौ	1
मकोव़थु	धार्मिकतापूर्वक	1
माल्‍शो	खोजेका	1
एकेर	खुलमखुला	1
शेंब	बोल्छन्	1
कली	यिनलाई	1
तुइक्‍त‍ाक्‍मे	सक्दैनन्	1
जाक्‍त	आउनुहुन्छ	1
जाक्‍बा	आउनुहुन्छ	1
मतुइक्‍नीम	जान्‍नेछैन	1
मजाक्‍ङ	आएको	1
मतुइक्‍नीनी	चिन्दैनौँ	1
बाक्‍तीक	चिन्दछु	1
मग्‍याइक्‍तेम	कोसिस	1
सुइमी	उहाँमाथि	1
शुश	भिडका	1
अर्को	आउनुहुँदा	1
गेय	खासखुस	1
सोइक्‍ताक्‍म	अधिकारीहरूलाई	1
मथित्‍नीनी	खोज्‍नेछौ	1
लचा	माझमै	1
चिक्‍शो	जानेछन्	1
मथित्‍नीकी	नसकौँ	1
ग्रीस	ग्रिकहरूका	1
ग्रीस	जानेछन्	1
दाक्‍बा	ग्रिकहरूलाई	1
कों	सिकाउनेछन्	1
नुप्‍ची	अन्तिम	1
मेना	सोरमा	1
गे	आओस्	1
तूङमेक्‍ल	पिओस्	1
सु	भनेझैँ	1
ब्रोंइचा	पेटबाट	1
बुक्‍ब	नदीहरू	1
ब्रेक्‍शो	बग्‍नेछन्	1
का	भिडका	1
बेथलेहेम	सन्तानहरूबाट	1
ब्रातेक्‍म	भिडहरूमा	1
माल्‍तेक्‍म	पक्रे	1
मचाक्‍नी	ल्याएनौ	1
मशेंदेम	बोलेको	1
खोइक्‍पदा	छलियौ	1
सुदमे	गरेका	1
आ	भिडले	1
मजोक्‍बपुकी	जान्दैन	1
मिनु	निकोदेमस	1
आन	)	1
हुल	ले	1
कानुनमी	व्यवस्थाले	1
पढेशा	खोज	1
मग्रूब	आउँदैन	1
लमा	घरतिर	1
खिं	नोटः	1
लमानु	यूहन्‍ना	1
जैतून	७	1
डांडा	५३-८	1
लमानु	टिप्पणीबारे	1
ङोंइ‍साक्‍व	जानुभयो	1
दीसा	बिहानै	1
राप्‍पाइक्‍तेक्‍म	राखे	1
एको	नोटः	1
मीश	यूहन्‍ना	1
मुर	११	1
मुर	टिप्‍णीबारे	1
आप्‍शा	हान्‍ने	1
अरेशो	दिएका	1
थाम्‍‍शा	फन्दामा	1
मेकोपुकीमी	नोट	1
एको	यूहन्‍ना	1
मीश	७	1
”	टिप्‍णीबारे	1
बाक्‍तेक्‍म	सोधिरहे	1
गेनायो	तिमीहरूमध्ये	1
पाप	पापविनाको	1
आ‍बल	हान्‍नमा	1
आ‍बल	होस्	1
बाप्‍शा	निहुरनुभयो	1
येसु	नोट	1
गेब	यूहन्‍ना	1
येसु	टिप्‍णीबारे	1
खाल्‍पा	ठुलादेखि	1
मिनु	अन्तमा	1
नु	राखिएकी	1
लीताक्‍स	छोडिनुभएको	1
लशो	हुनुभयो	1
चाक्‍बपुकी	नारी	1
चाक्‍बपुकी	लगाउनेहरू	1
साइक्‍ब	दण्‍ड	1
मसाइक्‍नुङ	दिन्छु	1
मगाक्‍नीम	हिँड्‌डुल	1
मगाक्‍नीम	गर्नेछैन	1
ताइनीम	पाउनेछ	1
पाइनेवे	दिइरहेका	1
जाक्‍ङा	आएँ	1
लाइनुङा	आएँ	1
निसाफ	पठाउनुहुने	1
मपाइनुङ	पितासँग	1
ब्रेक्‍सीशो	व्यवस्थामा	1
पर्बम	आफ्नैबारे	1
तुइक्‍तीनी	चिन्छौ	1
वा	हुन्थ्यौ	1
शोंप	सिकाउनुहुँदा	1
बाक्‍त	ढुकुटीमा	1
मग्‍याइक्‍तेम	पक्रेन	1
लतीकेमी	जाँदै	1
कों	मार्नेछ	1
जाक्‍ने	जाँदै	1
देंबा	हो	1
उइ	तलका	1
इर	माथिको	1
देंती	हुँ	1
मसुइक्‍तीनी	नगरेसम्म	1
यहूदीपुकीमी	उहाँलाई	1
आफ	तिमीहरूबारे	1
आ	भन्‍नु	1
लोव़	हनुहुन्छ	1
मरुबेम	बुझेनन्	1
क्‍युक्‍नीनु	उचालेपछि	1
शेंनुङ	बोल्छु	1
मप्रोंइब	पठाउनुहुने	1
मप्रोंइब	छाड्नुभएको	1
दाक्‍शो	पार्ने	1
पन	वचनमा	1
बाक्‍तीनी	रहिरह्‍यौ	1
माइश्‍शोमी	जन्‍नेछौ	1
माइश्‍शोमी	सत्यले	1
”	पार्नेछ	1
सम्‍म	कहिल्यै	1
बाक्‍तक	छैनौँ	1
प्रोंइब	पारिनेछौ	1
?	भन्‍न	1
मबाक्‍नीम	रहँदैन	1
प्रोंइतु	पार्‍यो	1
माल्‍नीनी	खोज्छौ	1
शेंथ	सुनेको	1
बाक्‍ती	बताउने	1
माल्‍नीनी	खोज्दछौ	1
मपव	गरेनन्	1
मुर	व्यभिचारमा	1
मनकी	थिएनौँ	1
नेंशा	सुन्‍न	1
दाक्‍नीनी	शैतानका	1
बाक्‍सीन	हत्यारा	1
बाक्‍सीन	सत्यमा	1
जोल	स्वभावबाट	1
जोल	झुटको	1
चाप्‍नीनी	लगाउँछ	1
मजाक्‍नी	सुन्दैनौ	1
मजाक्‍नी	होइनौ	1
मसुम्‍यी	लागेको	1
आइक्‍च	अनादर	1
सेल्‍ब	खोज्दिनँ	1
देंत	देख्‍नेछैन	1
देंते	चाख्‍नेछैन	1
पिपी	मरेका	1
बेक्‍माक्‍त	अब्राहामभन्दा	1
नवे	ठान्छौ	1
सेल्‍साक्‍यी	महिमा	1
सेल्‍ब	पार्नुहुने	1
जोल	झुटजस्तै	1
दुम्‍नुङ	हुन्थेँ	1
तचा	रमाए	1
ग्‍येरसाक्‍व	खुसी	1
बाक्‍शो	छँदै	1
आप्‍शा	हान्‍नलाई	1
ख्रुंइसाक्‍व	लुक्‍नुभयो	1
ख्रुंइसाक्‍व	मन्दिरबाट	1
मताइब	जानुहुँदा	1
रेन	जन्मैदेखिको	1
ग्रुम्‍तु	देख्‍नुभयो	1
मपाम्‍से	गरे	1
कोंइचा	त्यसमा	1
सोइक्‍ब	पठाउनुहुनेका	1
रिक्‍मेनु	आउँदै	1
देंशा	भनिसक्‍नुभएपछि	1
खपीमी	भुइँमा	1
खप	‍थुकले	1
ख्रेक्‍ताक्‍व	पोतिदिनुभयो	1
सिलोआ	सिलोआमको	1
दोम्‍लीम	तलाउमा	1
चिक्‍सो	धोयो	1
चिक्‍सो	देख्‍ने	1
गाउं	छिमेकीहरू	1
मिक्‍च	पहिला	1
मिक्‍च	भिखारीको	1
मिक्‍च	बसेर	1
मेकोन	यही	1
खोदेंशो	त्यहीजस्तो	1
बाक्‍त	देखिन्छ	1
ख्रेक्‍ताक्‍यी	पोतिदिनुभयो	1
सिलोआ	सिलोआममा	1
दोम्‍ली	गएँ	1
चिक्‍सीङानु	धोएँ	1
दुम्‍ती	पाएँ	1
निशा	मुछेर	1
ख्रेक्‍शा	खोल्नुभएको	1
ख्रेक्‍ताक्‍यी	हिलो	1
ख्रेक्‍ताक्‍यी	लगाई	1
चिक्‍शा	धोएँ	1
दुम्‍ती	सक्‍छु	1
ममानेब	पालना	1
ममानेब	गर्दैन	1
देंतेक्‍म	विभाजन	1
देंनेवे	भन्छौ	1
पाम्‍तेक्‍म	अन्धो	1
आफ	गर्नेका	1
ब्रेत्‍ताक्‍म	नबोलाएसम्म	1
तने	देख्‍छ	1
मतुइक्‍नस्‍कु	जान्दैनौँ	1
सेला	सो	1
मतुइक्‍नस्‍कु	जन्दैनौँ	1
हिल्‍लो	यसैलाई	1
पने	सोध्‍नुहोस्	1
देंताक्‍स	यहूदीहरूसँग	1
देंताक्‍स	डराएका	1
तिल्‍चा	निकालिनेछन्	1
सल्‍ला	अगिबाटै	1
सल्‍ला	सहमत	1
बाक्‍ताक्‍स	आमाबुबाले	1
हिल्‍लो	त्यसैलाई	1
पावो	दे	1
मबाक्‍म	हुनुहुन्‍न	1
मतुइक्‍नुङ	जान्दिनँ	1
मिक्‍च	जान्दछुः	1
तुइक्‍नुङ	देख्‍छु	1
सेला	खोलिदिए	1
ना	तपाईंहरूलाई	1
माइक्‍तन्‍नी	बताइसकेँ	1
मनेंनीनी	सुन्‍नुभएन	1
दाक्‍नीनी	चाहनुहुन्‍न	1
मोसा	मोशाका	1
मोसा	मोशासँग	1
सापाइक्‍तु	खोलिदिनुभो	1
जाक्‍मे	जान्‍नुहुन्‍न	1
गेपुकीमी	अचम्म	1
मतुइक्‍नीनी	भो	1
मनेंब	सुन्‍नुहुन्‍न	1
गोशो	सुरु	1
जरमेशो	भएदेखि	1
ताइब	खोलिदिएको	1
मनेंय	सुनिएको	1
मचाप्‍ब	सक्‍नुहुन्‍नथ्यो	1
पापी	पापमा	1
बाक्‍ते	थिइस्	1
मार	सिकाउँदै	1
शेंनेवे	छस्	1
ग्रुंइ‍ताक्‍म	सभाघरबाट	1
ग्रुंइ‍ताक्‍म	निकालिदिए	1
तिल्‍तेक्‍म	निकालिदिए	1
ग्रुम्‍शा	भेटाउनुभयो	1
जरमेशो	पुत्रमा	1
सुइक्‍नेवे	गर्छौ	1
सुइक्‍नुङ	सकौँ	1
सेल्‍तु	गर्‍यो	1
तामेक्‍ल	देख्‍दैनन्	1
मिक्‍च	देखून्	1
ताइब	देख्‍छन्	1
दुम्‍नीकी	हौँ	1
मरनी	हुने	1
मिक्‍च	देख्छौँ	1
राइनीनी	रहन्छ	1
गोठ	खोरको	1
बार	गर्दैन	1
बार	अरू	1
ङोइश्‍शा	मार्गहरूबाट	1
ओव़नीमी	चढ्छ	1
गोठला	ढोकाको	1
लाप्‍चो	पालेले	1
रोक्‍ब	खोलिदिन्छ	1
गोठलामी	उसले	1
थिशा	काढेर	1
ब्रेश्‍शा	बोलाउँछन्	1
ग्रुंइब	लान्छन्	1
ग्रुंइशा	निकालेपछि	1
गोठला	पछ्याउँछ्न्	1
नोले	सोर	1
खोइक्‍नीम	चिन्‍छन्	1
प्रोक्‍नीम	अपरिचित	1
प्रोक्‍नीम	पछ्याउनेछैनन्	1
प्रोक्‍नीम	त्योदेखि	1
प्रोक्‍नीम	टाढिनेछन्	1
आ	अपरिचितको	1
शेंशो	सुनाउनुभयो	1
मार	बताइरहनुभएका	1
जाक्‍मा	आउनेहरू	1
मटीनीमी	सुनेनन्	1
सु	मद्वारा	1
ओव़नीमी	पस्छ	1
ब्रोंइनीम	बचाइनेछ	1
घांस	चर्ने	1
बाक्‍तीकेमी	मैदान	1
ताइनीम	भेट्टाउनेछ	1
दा	नचोर्ने	1
साइक्‍थ	नमार्ने	1
प्रेत्‍थ	नगर्ने	1
जाक्‍ब	आउँदैन	1
जाक्‍ती	मात्रामा	1
गोठला	गोठालोले	1
पुंइसीब	दिन्छ	1
मबाक्‍थु	लिएको	1
वोइश्‍शो	नोकर	1
मकोव़ब	हुँदैनन्	1
भेडा	ब्वाँसाहरू	1
मनमी	आउँदै	1
फर	देख्छ	1
प्रोंइशा	छोड्छ	1
फरमी	ब्‍वाँसाहरूले	1
भेडा	पक्रन्छन्	1
ग्‍याइश्‍शा	तिनीलाई	1
साव	तितर	1
सुव	बितर	1
ब्रपाइक्‍ब	पार्छन्	1
प्रोक्‍ब	लिएको	1
आइक्‍के	हेरचाह	1
मनम	गर्दैन	1
भेडा	आफ्नालाई	1
तुइक्‍नुङमी	चिन्छु	1
मेकोपुकीमी	आफ्नाले	1
तुइक्‍नीम	चिन्छ्न्	1
तुइक्‍बा	चिन्‍नुहुन्छ	1
गोठ	भेडाहरू	1
चाक्‍चा	खोरका	1
माल्‍नुङ	होइनन्	1
कली	तिनीहरूलाई	1
टीनीमी	ल्याउनुपर्छ	1
पुंइसीचा	गर्नुहुन्छः	1
सेंब	लिन	1
मपुंइसाक्‍यी	मबाट	1
साइक्‍ने	लान	1
बाक्‍ब	मसँग	1
सेंसीचा	लिने	1
निम्‍फा	आज्ञा	1
गेती	पाएको	1
नेंशा	वचनहरूको	1
लेंशा	माझ	1
ब्रातेक्‍म	देखियो	1
सुम्‍शा	लागेको	1
मनेंसीब	व्यक्‍तिका	1
वोलमी	भूतले	1
मिक्‍च	कसैका	1
तपाइक्‍ने	खोलिदिन	1
ओव़तीक	समर्पणको	1
हिउंदम	हिउँदको	1
सेल्‍शो	दलानमा	1
लाङगामी	हिँडिरहनुभएको	1
देल्‍शा	घेरे	1
ठीक	दोधारमा	1
पाइनीनी	राख्‍नुहुनेछ	1
महिरथु	खुलमखुला	1
देनीन	बताउनुहोस्	1
देंती	बताइसकेँ	1
पाइनुङ	नाउँमा	1
गेयमी	कामहरूले	1
तुइक्‍पाइक्‍ब	दिन्‍छन्	1
मननी	होइनौ	1
भेडा	भेडाहरूले	1
नेंशा	सुन्‍छन्	1
तुइक्‍नुङमी	चिन्‍छु	1
खोइक्‍नीमी	पछ्याउँछन्	1
गेनुङमी	दिन्‍छु	1
नरकम	कहिल्‍यै	1
मलाइनीम	मर्नेछैनन्	1
मलाइनीम	हातबाट	1
नरकम	लैजान	1
मलाइनीम	सक्‍नेछैन	1
मोपतीके	तिनीहरू	1
नेल्‍ल	अरूहरू	1
क्‍येङा	सबैभन्‍दा	1
सुइमी	खोसेर	1
रोइक्‍ने	लैजान	1
साइक्‍चा	हान्‍न	1
आफोमी	पिताका	1
कोंइताक्न्‍‍नी	देखाएको	1
तेको	कुनचाहिँ	1
माल्‍नी	हान्‍दै	1
मआप्‍नीकी	हान्दै	1
मआप्‍नीकी	ईश्‍वर-निन्दाको	1
देंनेवे	बनाइरहेका	1
मदेंबा	व्यवस्थामा	1
नेंब	कसकहाँ	1
किताब	धर्मशास्‍त्रलाई	1
मक्‍याम्‍सीब	सकिँदैन	1
यावेमी	पिताले	1
ठीक	पठाउनुभएको	1
सोइक्‍चा	जनलाई	1
गेपुकीमी	भनेकोले	1
देंनेवे	छस्	1
मपाता	गरिरहेको	1
मसुइक्‍नीनी	नगरे	1
ग्‍याइक्‍चा	पक्रने	1
माल्‍तेक्‍म	प्रयास	1
गाक्‍त	फुत्कनुभयो	1
ग्रुंइतीक	दिएको	1
यर्दन	ठाउँ	1
खोला	यर्दनको	1
मपव	देखाएनन्	1
मुर	मानिसबारे	1
बाक्‍ताक्‍स	दिदीहरू	1
मारथा	मार्थाको	1
बाक्‍ताक्‍स	गाउँ	1
बाक्‍ताक्‍स	बेथानियाका	1
ब्रोव़शो	प्रभुलाई	1
रिना	मूर्रले	1
फिक्‍ब	पुछेकी	1
का	दिदी-बहिनीले	1
बाक्‍तीक	बोलाउन	1
रोइ	बिरामीले	1
रोइ	पुर्‍याउँदैन	1
कली	यसद्वारा	1
सेल्‍नीमी	हुन	1
निक्‍शी	बस्‍नुभयो	1
यहूदीया	यहूदियातिर	1
हेरा	खोजिरहेका	1
बाक्‍बा	उज्यालो	1
मपांइसीनीम	लाग्दैन	1
छेङछेङमी	उज्यालोको	1
लां	सहायताले	1
ताइनीम	देख्छ	1
पांइसीनीम	लाग्छ	1
मबाक्‍नीम	उज्यालो	1
इप्‍त	मस्त	1
सेंनुङ	निद्राबाट	1
सेंनुङ	बिउँझाउन	1
रोइ	होसमा	1
साब	आउनेछन्	1
शेंसीबपुकीमी	आरामको	1
नाइक्‍चा	निद्राको	1
इप्‍त	बोलिरहनुभएको	1
ग्‍येरसीनुङ	नभएकोमा	1
ग्‍येरसीनुङ	खातिर	1
बेथानी	तिनीकहाँ	1
शेंसीब	थोमाले	1
अरु	सङ्गी	1
बेक्‍थ	मर्न	1
मुरपुकीमी	आउनुभयो	1
वोइक्‍तेक्‍म	पाउनुभयो	1
बेथानी	करिब	1
लां	दुरीमा	1
बाक्‍ब	पर्थ्यो	1
मरीयम	मार्थाकहाँ	1
सुर्ता	सान्त्वना	1
जाक्‍त	गइन्	1
चहिं	घरमा	1
खिंमीन	बसिरहेकी	1
पुंइतीनी	माग्‍नुहुन्छ	1
सेंसीब	हुनेछन्	1
आंस	पुनरुथानमा	1
सेंपाइक्‍ब	पुनरुथान	1
मबेक्‍ब	मर्नेछैन	1
सुइक्‍नेवे	गर्छ्यौ	1
जाक्‍शो	आइरहनुभएका	1
मोदेंशा	गइन्	1
मोदेंशा	सुटुक्‍क	1
मारथा	बोलाइन्	1
मारथा	गाउँभित्र	1
आस	मार्थाले	1
मजाक्‍दीश्‍शो	भेटेकी	1
लेम्‍थ	दिइरहेका	1
नोले	चिहानमा	1
लशो	रुन	1
लशो	सोची	1
जाक्‍दीश्‍शा	परिन्	1
ङाक्‍शो	रोइरहेको	1
वोइक्‍नी	राखेका	1
पिने	हेर्नुहोस्	1
ङाक्‍त	रुनुभयो	1
मेको	लाजरसलाई	1
मिक्‍च	अन्धाका	1
सापाइक्‍बमी	खोल्ने	1
बेक्‍चा	नमर्ने	1
मगेथु	तुल्याउने	1
सापाइक्‍ने	बनाउन	1
मचाप्‍बा	सक्दैनथ्यो	1
खाइश्‍शा	विचलित	1
चोक्‍चा	गुफा	1
थारशो	ढाकेको	1
तिलीन	हटाऊ	1
मिनु	लाजरस	1
समी	दिदी	1
रिना	कुहिसकेको	1
सुइक्‍तीवी	भनिनँ	1
तिल्‍तेक्‍म	हटाए	1
सरीङ	उठाउनुभयो	1
ग्‍येरसाक्‍यी	सुन्‍नुभएकोमा	1
ग्‍येरसाक्‍यी	तपाईंलाई	1
ग्‍येरसाक्‍यी	धन्यवाद	1
तुइक्‍नुङ	जान्दथेँ	1
नेंनीनी	सुन्‍नुहुन्छ	1
गेमी	भिडको	1
ग्रूङो	आऊ	1
गिल्‍सीशा	बाँधिएका	1
गिल्‍सीशा	बेह्रिएको	1
ग्रूत	थियो	1
वासी	खोलिदेओ	1
मरीयम	मरियमकहाँ	1
लेम्‍थ	सो	1
जाक्‍शो	दखेका	1
लेम्‍थ	यहूदीहरूले	1
बुक्‍शा	परिषद्‌का	1
बुक्‍शा	सदस्यहरूलाई	1
बुक्‍शा	पारे	1
गेतय	छोडिदियौँ	1
रोमीपुकीमी	रोमीहरू	1
खतम	लिनेछन्	1
माइश्‍शो	नामका	1
मतुइक्‍नीनी	ठान्दैनौ	1
मदे	भनेका	1
,	थिएनन्	1
दुम्‍पाइक्‍चा	सन्तानहरूसँगै	1
सल्‍ला	योजना	1
पामे	बनाउन	1
गोरशो	माझ	1
नेक्‍थान	खुलमखुला	1
नेक्‍थान	हिँड्‍डुल	1
एफ्राइम	गर्नुभएन	1
नेक्‍थान	उजाड-स्थान	1
एफ्राइम	नजिकैको	1
एफ्राइम	गाउँमा	1
एफ्राइम	एफ्राइम	1
सेल्‍चा	गाउँहरूबाट	1
खिंमी	भइरहँदा	1
मिम्‍नीनी	लाग्छ	1
तुइक्‍पदल	उर्दी	1
तुइक्‍पदल	जारी	1
तुइक्‍ता	जान्दथ्यो	1
तुइक्‍पदल	भन्‍नुपर्छ	1
सेंपाइश्‍शो	पार्नुभएका	1
थुल्‍चा	बेलुकीको	1
थुल्‍चा	खाना	1
बाक्‍तेक्‍म	पारे	1
जचा	सेवा-सत्कार	1
थोव़क	गरिरहेकी	1
योक्‍तु	थिइन्	1
बाक्‍शो	ढल्किरहेकाहरूमध्ये	1
पाप्‍तु	आधा	1
लाइक्‍ब	लिटर	1
ब्रोव़शो	जटामसीले	1
ख्रेक्‍ताक्‍व	लिइन्	1
फिक्‍ताक्‍व	पुछिन्	1
रिना	सुगन्धले	1
पपाइक्‍तु	भरियो	1
देनारमी	सिक्‍कामा	1
लेयशा	बेचेरे	1
मयोक्‍गा	दिइएन	1
पना	भएकोले	1
यहूदामी	थैलो	1
कुरशा	हुन्थ्यो	1
क्‍येट	राखिएकोबाट	1
पन	चोर्ने	1
बाक्‍बाक्‍माक्‍त	गर्थ्यो	1
मरीयममी	तिनीसँग	1
तेल	दफनको	1
ख्रेक्‍ताक्‍यी	जे	1
मगेवो	देऊ	1
प्रुङगपुकी	गरिबहरू	1
मबाक्‍नुङ	हुनेछैनँ	1
सेंपाइश्‍शो	पार्नुभएको	1
सल्‍ला	षड्‍यन्‍त्र	1
प्रोंइशा	भड्‌किएका	1
सुइक्‍तेक्‍म	गरेका	1
सुइक्‍तेक्‍म	थिए	1
खजूर	खजुरको	1
रवा	बोटका	1
गधा	भेट्टाउनुभयो	1
गधा	त्यसमाथि	1
ङोंइ‍साक्‍व	चढ्नुभयो	1
महिनीन	छोरी	1
महिनीन	नडराऊ	1
गधा	गधामा	1
स्‍वर्ग	महिमित	1
लशा	हुनुभयो	1
बाक्‍मे	निम्ति	1
रुप्‍शो	सम्झे	1
बेक्‍शो	चिहानबाट	1
सेंपाइश्‍शो	बोलाउनुहुँदा	1
सेंसीशो	पार्नुहुँदा	1
पर्बमी	भिडले	1
ग्रुम्‍थ	चिह्न‍	1
जाक्‍तेक्‍म	गर्नुभयो	1
मचाप्‍नय	सक्दैनौ	1
मेको	संसारै	1
खोइक्‍नीम	लागेको	1
कली	गइरहेका	1
ग्रीस	ग्रिकहरू	1
फिलीप	फिलिपकहाँ	1
फिलीपमी	फिलिपसँग	1
चेरब	गहुँको	1
खपीमी	माटोमा	1
शोक्‍शा	झरेर	1
मराक्‍त	मर्दैन	1
मोशा	एकलो	1
राक्‍त	मर्छ	1
ग्रेल्‍ब	फलाउनेछ	1
दला	जीवनलाई	1
मताइब	गुमाउनेछ	1
ताइब	जोगाइराख्‍नेछ	1
माल्‍बा	पछ्याओस्	1
बाक्‍चा	हुन्छु	1
खाइक्‍ती	छः	1
देंनुङा	भनूँ	1
प्रोंइयी	घडीबाट	1
जाक्‍ती	बचाउनुहोस्	1
कोंइदीन	पार्नुहोस्	1
नेंसाक्‍व	भन्‍यो	1
आं	यिनलाई	1
कोंइताक्‍ङ	पारेको	1
चिनु	महिमित	1
कोंइनुङ	पार्नेछु	1
मेकेर	छेउमा	1
बाक्‍शो	उभिने	1
बुंबु	मेघ	1
पाप्‍तु	गर्ज्यौ	1
तिल्‍नीम	फ्याँकिनेछ	1
क्‍युक्‍शा	पृथ्वीबाट	1
पुंइसीशा	उचालिन्छु	1
गे	आफूतिर	1
कीनुङमी	खिँच्‍नेछु	1
चिक्‍शो	मर्दै	1
तुइक्‍पाइक्‍चा	सङ्केत	1
किताबमी	व्यवस्थाबाट	1
बाक्‍म	हुँदा	1
गाक्‍कीन	हिँड	1
गाक्‍चा	नढाकोस्	1
गाक्‍बा	हिँड्छ	1
मतुइक्‍ब	हुँदैन	1
माइश्‍शो	हुँदा	1
सम्‍म	ज्योतिमा	1
रे	प्रस्थान	1
गाक्‍शा	लुकेर	1
ख्रुंइ‍साक्‍व	बस्‍नुभयो	1
लाक्‍चा	गर्नुभए	1
सुम	बाहुली	1
तुइक्‍ता	कसलाई	1
मचबेम	यशैयाले	1
सेल्‍तीमी	तुल्याइदिनुभएको	1
सेल्‍तीमी	पारिदिनुभएको	1
मतुइक्‍नीम	बुझ्‍ने	1
मचबेम	फर्किने	1
परमप्रभु	निको	1
सापतीन	पार्ने	1
ठेयब	शासकहरूमध्ये	1
फरिसीपुकीमी	फरिसीहरूको	1
तिल्‍नीम	रोक	1
मदेंम	नलगाइयोस्	1
देंनीमी	प्रशंसाभन्दा	1
हिंतेक्‍म	रुचाए	1
पशा	भन्‍नुभयो	1
सोइक्‍ब	पठाउनुहुनेमाथि	1
ताइबा	देख्‍छ	1
मबाक्‍ब	नरहोस्	1
मब्रथु	गर्छ	1
मब्रथु	हुनुहुन्छः	1
लोव़	वचनले	1
बाक्‍ब	अन्त्यको	1
देंचा	बोलिनँ	1
आफोमी	भन्छुः	1
पास्‍सा	निस्तार-चाडअगि	1
“	जान्‍नुहुन्थ्यो	1
शेंसीब	दियाबलसले	1
सैतानमी	इस्करियोतको	1
मिम्‍पाइश्‍शो	हालिदिएको	1
येसुमी	जान्‍नुहुन्थ्यो	1
गेती	हातमा	1
नङ	पिताबाट	1
लेत्‍नुङ	हुनुहुन्थ्यो	1
तार	बेलुकीको	1
फेक्‍शो	खाएर	1
गिल्‍साक्‍व	फुकाल्नुभयो	1
चिक्‍तीकेमी	बाटामा	1
आ	हाल्नुभयो	1
शेंसीब	चेलाहरूका	1
चिक्‍ताक्‍मी	धुन	1
चिक्‍ताक्‍मी	थाल्नुभयो	1
वाम	बेर्नुभएको	1
फिक्‍ताक्‍मी	तौलियाले	1
चिक्‍ताक्‍मी	पुछ्नुभयो	1
चिक्‍चा	धुँदै	1
मरुप्‍नेवे	गरिरहको	1
मरुप्‍नेवे	बुझ्दैनौ	1
रुप्‍नेवे	बुझ्‍नेछौ	1
मगेनुङ	धुनुहुनेछैन	1
मचिक्‍ताक्‍न	धोइनँ	1
मचिक्‍ताक्‍न	हिस्सा	1
मनवे	हुनेछैन	1
चिक्‍तीनी	धोइदिनुहोस्	1
चिक्‍शो	नुहाएको	1
चिक्‍चा	त्यसका	1
ममाल्‍ब	गोडाबाहेक	1
खोइल	केही	1
चिक्‍शोनु	धुनुपर्दैन	1
चिक्‍सीशो	शुद्ध	1
पाइब	गर्थ्यो	1
साइक्‍ब	शुद्ध	1
चिक्‍ने	धुनुभयो	1
फेक्‍शा	लुगा	1
अर्थ	छु	1
देंतीनी	बोलिरहेका	1
चिक्‍ताक्‍न्‍नी	धोएको	1
चिक्‍ताक्‍न्‍नी	छु	1
इन	अर्काको	1
माल्‍नीनी	धुनुपर्छ	1
चिक्‍ताक्‍न्‍नी	उदाहरण	1
चिक्‍ताक्‍न्‍नी	दिएको	1
वाइल	मालिकभन्दा	1
सोइश्‍शो	समाचारवाहक	1
क्‍येङा	पठाउनेभन्दा	1
तुइश्‍शा	जान्यौ	1
योव़शो	छानेको	1
लोव़मी	होस्ः	1
जाइबमी	खायो	1
खोइल	लात	1
चिक्‍ताक्‍व	उठायो	1
दुम्‍चा	घटनअगि	1
दुम्‍मेनु	घटन	1
सोइश्‍शो	पठाउँछु	1
दाइश्‍शा	साँ‍चो	1
कोव़मुम्‍तेक्‍म	पर्दै	1
कोव़मुम्‍तेक्‍म	हेराहेर	1
नेल्‍ल	गर्नुहुन्थ्यो	1
येसु	लगेर	1
नेक्‍था	ढल्किरहेका	1
पवा	चेलालाई	1
नेक्‍था	ढल्किएर	1
शेंसीबमी	बसे	1
तेप्‍शा	चोपेर	1
कली	दिन्छु	1
तेप्‍शा	चोप्‍नुभयो	1
इस्‍कारीयोत	यहूदालाई	1
ताक्‍तु	दिइसक्‍नुभएपछि	1
ताक्‍तु	शैतान	1
यहूदामी	त्यसभित्र	1
ताक्‍तु	पस्यो	1
यहूदा	त्यसलाई	1
पावो	हाल	1
देंमे	भन्‍नुभएको	1
मतुइक्‍तेम	टेबलमा	1
मतुइक्‍तेम	ढल्किरहेका	1
यहूदामी	यहूदासँग	1
थैली	थैलो	1
माल्‍नया	आवश्‍यक	1
ग्‍याप्‍थ	पर्ने	1
लावो	सामानहरू	1
गेवो	दिनुपर्छ	1
ताक्‍शा	खायो	1
बोक्‍शा	हिँडी	1
लत	हाल्यो	1
छिङछिङ	रातको	1
छिङछिङ	समय	1
लम	गयो	1
ताप्‍तु	तुल्याइन्छ	1
जरमेशो	उसमा	1
सेल्‍नीमी	तुल्याइन्छ	1
जरमेशो	आफैँमा	1
गेशा	पार्नुहुनेछ	1
चिक्‍शो	तुल्याउनुहुनेछ	1
आइक्‍च	साना	1
मताइनुङ	हुनेछु	1
लतीकेमी	भनेझैँ	1
पाइनुङ	दिइरहेको	1
तशा	अर्कालाई	1
तुइक्‍नीम	जान्‍नेछन्	1
ते	जाँदै	1
लाइनुङा	छु	1
मचाप्‍नेवे	सक्दैनौ	1
खोइक्‍नेवे	पछ्याउनेछौ	1
पुंइसीचा	दिनेछु	1
साइक्‍चा	निम्ति	1
पुंइसीनेवे	दिनेछौ	1
नेनो	गरेपछि	1
ग्रीचा	बास्‍नेछ	1
ग्‍येत्‍थ	विचलित	1
।	गर्छौ	1
बाक्‍तीकेम	घरमा	1
सेल्‍शो	कोठाहरू	1
पथ	नहुँदो	1
मिनु	जान्छु	1
पशा	पार्छु	1
लाइक्‍नन्‍नी	लानेछु	1
नु	हुन्छु	1
काथा	हुनेछौ	1
लतीक	गइरहेको	1
तुइक्‍नीकी	चिन्‍ने	1
गेब	मै	1
तुइक्‍ताक्‍नी	चिनेका	1
तुइक्‍नीनी	चिन्‍ने	1
तुइश्‍शा	चिनेका	1
देंत	।	1
ग्‍येरनीकी	पर्याप्‍त	1
बाक्‍शा	समयसम्म	1
फिलीप	चिन्दैनौ	1
तयी	देखेको	1
कली	देखेको	1
इन	हामीलाई	1
देंनेवे	भन्‍न	1
मसुइक्‍नेवे	गर्दैनौ	1
आफ	अधिकारले	1
आगामी	रहनुहुने	1
बाक्‍शो	हुनुहुछ	1
आं	छु	1
सुइक्‍ने	नत्र	1
मचाप्‍नीनी	कामहरूकै	1
क्‍येङा	यीभन्दा	1
ठेयब	ठुल्ठुला	1
क्‍येङा	पिताकहाँ	1
कोंइनुङ	हुनुभएको	1
पुंइनीनी	माग्यौ	1
सोइक्‍चा	दिनुहुनेछ	1
सोक्‍त	ग्रहण	1
सोक्‍त	देख्‍दैन	1
तुइक्‍नीनी	चिन्दछौ	1
मवोइक्‍नन्‍नी	छोड्नेछैनँ	1
मताइनीम	देख्‍नेछैन	1
ताइनीनी	देख्‍छौ	1
आगामी	पितामा	1
दाक्‍बा	आज्ञाहरू	1
तुइक्‍पांइसीनुङ	पर्छु	1
मसुइक्‍ब	हामीकहाँ	1
तुइक्‍पांइसीनीनी	पर्नुहुन्छ	1
मसुइक्‍ब	संसारकहाँ	1
मतुइक्‍पांइसीनीनी	पर्नुहुन्‍न	1
आं	मरो	1
आफ	आउनेछौँ	1
नु	बासस्‍थान	1
बाक्‍नस्‍कु	बनाउनेछौँ	1
मदाक्‍बमी	गर्दैन	1
बाक्‍शा	रहिरहँदा	1
शेंब	सिकाउनुहुनेछ	1
फ्रुक्‍पाइक्‍ब	दिलाउनुहुनेछ	1
नाइश्‍शो	छोड्छु	1
नाइक्‍पाइक्‍नन्‍नी	दिन्छु	1
मुरुमी	संसारले	1
मपने	दिन्‍नँ	1
महिनीने	विचलित	1
लाइनुङ	गइरहेछु	1
दाक्‍ताक्‍यीनी	हुनेथियौ	1
ग्‍येरसीनी	पिताकहाँ	1
ग्‍येरसीनी	मभन्दा	1
वा	महान्	1
शेंता‍क्‍न्‍नी	बताएको	1
मशेंनन्‍नी	बोल्दिनँ	1
हुकुम	संसारको	1
ग्राने	शक्‍ति	1
बोक्‍कीन	उठौँ	1
गाक्‍य	यहाँबाट	1
गाक्‍य	जाऔँ	1
अङगुर	दाखबारीका	1
कोव़ब	किसान	1
ख्रोइश्‍शा	छाँट्नुहुन्छ	1
सिप्‍पाइक्‍चा	छिँवल्नुहुन्छ	1
वोइक्‍ब	फलाओस्	1
टितीके	सन्देशले	1
राशी	अगि	1
मुंइसीशो	भइसकेका	1
बाक्‍नुङ	रहनेछु	1
बोटमी	बोटमा	1
मबाक्‍त	नरहेसम्म	1
राशी	हाँगा	1
मबाक्‍तीनी	नरहेसम्म	1
आगामी	बोट	1
बाक्‍तीनी	रहनेछु	1
शुश	धैरै	1
ङोन	मविना	1
मबाक्‍बा	रहँदैन	1
सोव़ब	फालिन्छ	1
ख्रोइश्‍शा	सुक्‍छ	1
खुप्‍शा	बटुल्छन्	1
चोइनीम	हाल्छन्	1
चोइनीम	जलाइन्छ	1
बाक्‍शा	रह्‍यौ	1
ताइनीनी	गरिनेछ	1
कोंइनीनी	तुल्याइनुहुनेछः	1
सिप्‍ब	फलाउन	1
दुम्‍नीनी	होओ	1
तुइश्‍शा	प्रेममा	1
आफोमी	आज्ञाहरू	1
टिशा	गर्छौ	1
बाक्‍नय	रहनेछौ	1
ग्‍येरशो	आनन्द	1
दाक्‍मुने	गर	1
वारच	मित्रको	1
साइक्‍चा	ज्यानै	1
पुंइसीबा	दिनुभन्दा	1
बाक्‍तीनी	गर्छौ	1
वारच	मित्रहरू	1
मदेंनुङ	भन्‍दिनँ	1
मुरुमी	मालिकले	1
पचशो	गरिरहेछ	1
वाइलम	नोकरले	1
मतुइक्‍ब	जान्दैन	1
देंनुङ	प्रष्‍ट	1
मयोव़यीनी	चुनेनौ	1
मयोव़यीनी	नियुक्‍त	1
सिश्‍शा	फलाओ	1
लील	रहनुपर्छ	1
गेवल	दिनुहुनेछ	1
दाक्‍मुने	गर्छुः	1
मदाक्‍नीमी	गर्छ	1
मदाक्‍चा	गर्नुअगि	1
मननी	आफ्नैझैँ	1
मदाक्‍नीम	गर्छ	1
मिम्‍तीन	राख	1
क्‍येङा	मालिकभन्दा	1
देंती	सताएका	1
मिम्‍तीन	सताउनेछन्	1
नोले	नाउँको	1
शेंताक्‍ङमी	उनीहरूमा	1
तुइश्‍शा	तिनीहरूसित	1
मटीमे	बहाना	1
ङोंइती	माझ	1
मकोंइदे	थिइनँ	1
आं	पाप	1
मकोंइदे	थिएन	1
आंस	देखेका	1
मोशा	विनाकारण	1
गो	जानुहुन्छ	1
बाक्‍तीक	दिनुहुनेछ	1
शेंनीनी	दिइरहेका	1
मशोंइसीन	नहट	1
तिल्‍नीम	निकाल्नेछन्	1
साइक्‍बपुकीमी	मार्ने	1
मिम्‍नीम	ठान्‍नेछन्	1
आं	न	1
मतुइक्‍नीम	चिनेका	1
दुम्‍मेनु	ताकि	1
मिम्‍तीन	सम्झन	1
मनेंपाइक्‍न्‍नी	भनिनँ	1
गेपुकी	तिमीहरूसँगै	1
लाइनीनी	हुनुहन्छ	1
मपाइनीनी	सोध्दैनौ	1
खाइक्‍ब	निराशाले	1
,	भन्दछुः	1
लशो	जानु	1
मलती	गइनँ	1
मजाक्‍ब	आउनुहुनेछैन	1
शेंब	साबित	1
।	गर्नुहुनेछ–	1
मसुइश्‍शो	गर्दैनन्	1
दुम्‍तीके	उप्रान्त	1
सैतान	शासकको	1
लीब	भन्‍नु	1
फाल्‍ने	अहिल्यै	1
मचाप्‍नीनी	बुझ्दैनौ	1
कोंइशा	डोर्‍याउनुहुनेछ	1
मशेंब	बोल्नुहुनेछैन	1
नेंबा	सुन्‍नुहुन्छ	1
शेंब	बोल्नुहुनेछ	1
कोंइब	तुल्याउनुहुनेछ	1
देंनुङा	लिनुहुन्छ	1
नम	लिनुहुन्छ	1
नाक्‍त	बेरमा	1
शेंसीब	चलाहरूमध्ये	1
मरुबय	बताउँदै	1
मरुबय	जान्‍दैनौ	1
पाइनीमी	चाहेको	1
नाक्‍त	सोधेको	1
पमुनी	’	1
ङाक्‍शा	निराशाले	1
मुरपुकी	भरिनेछौ	1
ङाक्‍शा	निराशा	1
ग्‍येरसीनीम	बद्‌लिनेछ	1
थिचावानु	दिन्छिन्	1
थिचावानु	हुन्छिन्	1
थिशा	बच्‍चा	1
थिशा	जन्माउँछिन्	1
जरमेसाक्‍व	जन्मिएको	1
ग्‍येरसीब	आनन्दले	1
जरमेसाक्‍व	पीडाको	1
खाइश्‍शो	हुन्छौ	1
तङानु	भेट्नेछु	1
ग्‍येरसीनीनी	सक्‍नेछैन	1
मपाइनीनी	माग्‍नेछैनौ	1
पुंइनीनु	माग्यौ	1
मपुंइनी	मागेका	1
मशेंनन्‍नी	भाषामा	1
मशेंनन्‍नी	भाषा	1
मेना	नबोली	1
मशेंनन्‍नी	बताउने	1
शेंनन्‍नी	आउँदै	1
पुंइनीनी	माग्‍नेछौ	1
कली	भन्दिनँ	1
दाक्‍ताक्‍नी	हुनाले	1
रे	छोड्दै	1
मशेंथु	बोल्दै	1
मख्रुइक्‍थु	भाषा	1
मख्रुइक्‍थु	प्रयोग	1
शेंनीनी	गरिरहनुभएको	1
तुइक्‍नीनी	जन्‍नुहुन्छ	1
शेंब	सोध्‍नु	1
नोले	छरपष्‍ट	1
लशा	घरतिर	1
प्रोंइनीनी	छोड्ने	1
बाक्‍नुङ	आउँदै	1
मदुम्‍नुङ	आइसकेको	1
जाइनीनी	मिलोस्	1
ग्‍येरसीने	कष्‍ट	1
बारपाइश्‍शा	गरः	1
ग्राती	जितेको	1
कोव़शा	उचालेर	1
गेयीनी	पार्नुहोस्	1
गो	पुत्रले	1
कोंइनुङ	पारोस्	1
आन	शरीरमाथि	1
गेनुङमी	मिलोस्	1
तुइक्‍नीमी	चिनून्	1
कोंइताक्‍ङमी	तुल्याएको	1
कोंइताक्‍ङमी	सिद्‌ध्याएको	1
सेल्‍चा	बनिनुभन्दा	1
छेङछेङमी	महिमाले	1
बाक्‍ती	तपाईंसँगै	1
चिक्‍ताक्‍ङ	पार्नुहोस्	1
गेतीनी	दिनुभएका	1
तुइक्‍पाइक्‍तामी	गरेँ	1
गेनी	तपाईंबाट	1
के	आउँदछन्	1
बाक्‍तीक	तपाईंबाटै	1
तुइक्‍नीम	जाने	1
सोइक्‍ब	पठाउनुभएको	1
गेशो	दिनुभएकाहरूका	1
कोंइनीम	हुन्छु	1
आफ	हुन्‍नँ	1
बाक्‍तीक	तपाईंकहाँ	1
जाक्‍चशो	आउँदै	1
कोव़शा	सुरक्षा	1
वोतीन	दिनुहोस्	1
सक्तिमी	सुरक्षा	1
वोइक्‍तामी	दिएँ	1
सुइ	दिएँ	1
लाइब	विनाशको	1
नरक	पुत्रबाहेक	1
शेंताक्‍ङमी	भनिरहेको	1
गेम्‍तेक्‍म	होइनन्	1
प्रोनीन	लैजानु	1
दे	होस्	1
रे	बचाउनुहोस्	1
प्रोनीन	तपाईंसँग	1
ख्रुमीन	गर्नुहोस्	1
सोइक्‍ताक्‍ङमी	पठाएको	1
पतीकेमी	तपाईंमा	1
बाक्‍मल	गरिनेछन्	1
पर्बम	यिनीहरूका	1
मपुंइनुङ	होइन	1
आगामी	तपाईंमा	1
सोइक्‍ताक्‍नी	हामीमा	1
सुइक्‍नीम	गरोस्	1
खोदेंशो	तिनीहरूमा	1
दुम्‍नीम	होऊन्	1
सोइक्‍ताक्‍नी	गर्नुभएजस्तै	1
सोइक्‍ताक्‍नी	गरेँ	1
पुंइनुङ	चाहन्छु	1
दाक्‍शा	देखून्	1
तामेक्‍ल	सृष्‍टिअगि	1
तामेक्‍ल	देखि	1
सोइक्‍ताक्‍यीनी	चिनेन	1
सोइक्‍ताक्‍यीनी	पठाउनुभयो	1
तुइक्‍पाइक्‍नुङमी	मैले	1
बाक्‍ल	तुल्याएको	1
बाक्‍ल	तुल्याउनेछु	1
दाक्‍तीके	गर्नुभयो	1
पुंइतु	रहनेछु	1
किद्रोन	किद्रोन	1
खोल्‍सा	उपत्यकाको	1
यहूदामी	यहूदालाई	1
ग्रुम्‍तीके	बगैँचामा	1
ग्‍याइक्‍ब	जानुहुन्थ्यो	1
सोइश्‍शो	अधिकारीहरूसहित	1
चाक्‍तु	लालटिन	1
तोव़शी	राँको	1
लालटिन	हतियारहरूसहित	1
जाक्‍तेक्‍म	थियो	1
तुइश्‍शा	जान्‍नुहुने	1
साइक्‍ब	नासरतका	1
ग्‍याइक्‍थ	सिपाहीहरूसँगै	1
जाक्‍ब	उभिरहेको	1
गे	हटे	1
दिल्‍शा	जमिनमा	1
गोल्‍तेक्‍म	ढले	1
माल्‍तीनी	खोजिरहेका	1
पर्बम	दिनुभएकाहरूमध्‍ये	1
मसाम्‍नुङमी	गुमाइनँ	1
तरवार	थुतेर	1
वाइल	दायाँ	1
ख्रोइक्‍तु	काटिदिए	1
माल्‍कस	माल्खस	1
या	तरवारलाई	1
खोतीमी	म्यानमा	1
मिम्‍नीनी	पिउनु	1
फ्रेंताक्‍म	बाँधे	1
बाक्‍तीकेम	हन्‍नासकहाँ	1
शिउ	कैयाफाका	1
हन्‍नास	ससुरा	1
ग्‍याइक्‍बपुकीमी	वर्षका	1
हन्‍नास	प्रधान	1
माइश्‍शो	पुजारी	1
साइक्‍चा	सल्लाह	1
देंशो	कैयाफा	1
क्‍येङा	चेलाको	1
चढ़ेबमी	पुजारीसँग	1
तुइश्‍शो	चिनजान	1
लाङगामी	आँगनभित्र	1
ओव़त	पसे	1
उइ	उभिरहेका	1
चढ़ेब	पुजारीसँग	1
तुइक्‍ब	चिनजान	1
कोव़ब	ढोकाकी	1
ग्रूत	पालेसँग	1
ओंइताक्‍व	ल्याए	1
लाप्‍चो	ढोकाकी	1
कोव़ब	पालेले	1
ग्‍यू	नोकरहरू	1
वाइलपुकी	अधिकारीहरू	1
मुइश्‍शा	भुङ्‌ग्रो	1
थेरन	बनाइराखेका	1
मी	तिनीहरूसँगै	1
थेरशो	उभिरहेका	1
मुर	संसारसँग	1
नेल्‍ल	खुल्लमखुल्ला	1
यहूदी	शिक्षा	1
ग्रुम्‍तीकेमी	दिइरहेको	1
शेंताक्‍ङमी	यहूदीहरूसँगै	1
पयीनी	सोध्‍नुहुन्छ	1
नेक्‍था	उभिरहेकाहरूमध्ये	1
राप्‍शा	हाने	1
चढ़ेब	पुजारीलाई	1
हुइक्‍ताक्‍व	तेरो	1
पाइनेवे	तरिका	1
पाता	बोलेँ	1
देनो	गलत	1
राप्‍यी	हिर्काउँछौ	1
हन्‍नासमी	हन्‍नासले	1
फ्रेंशो	बाँधेकै	1
पत्रुसमी	पत्रुसचाहिँ	1
पत्रुसमी	उभिएर	1
थेरन	पार्दै	1
शेंसीब	चेलाहरूमध्येका	1
पत्रुसमी	प्रधान	1
नोफा	पुजारीका	1
क्‍योरशो	नोकरहरूमध्ये	1
क्‍योरशो	काटिदिएका	1
खिं	नोकरका	1
पत्रुस	नातेदारले	1
ताइतन	तिनीसित	1
शां	देखिनँ	1
काइयाफास	कैयाफाबाट	1
चाड	बिहान	1
भोज	सबेरै	1
रोमी	महलमा	1
मथिचा	पसेनन्	1
आगा	अशुद्ध	1
गेनीनी	ल्याउँदै	1
मबाक्‍शो	नगरेको	1
बाक्‍तीकेमी	सुम्‍पने	1
चाक्‍नीकी	थिएनौँ	1
लतीन	लैजाऊ	1
कोव़शा	यिनको	1
मगारब	दिनु	1
माल्‍नुङा	किसिमले	1
ङोंइती	सङ्केत	1
देंनी	तपाईंलाई	1
देय	मेरो	1
रागी	आफ्‍नै	1
गेतीमी	सुम्‍पेका	1
पनी	गर्‍यौ	1
पिप	हिस्सा	1
वारचपुकीमी	सेवकहरू	1
राम्‍शी	लड्ने	1
ओपा	ताकि	1
मग्‍याइक्‍यीमी	सुम्पियोस्	1
पिपन	राजा	1
थमामी	दिऊँ	1
थमामी	सत्यका	1
नेंब	सुन्छन्	1
लाङगा	यहूदीहरूकहाँ	1
मसुइक्‍नुङ	पाउँदिन	1
पास्‍सा	निस्तार-चाडमा	1
सोइक्‍नुङ	प्रचलन	1
पाम्‍तीमी	यहूदीहरूका	1
पाम्‍तीमी	राजालाई	1
देंनीनी	छोडी	1
बारब्‍बा	बारब्बाचाहिँ	1
युक्‍पाइक्‍तु	कोर्रा	1
युक्‍पाइक्‍तु	लगाए	1
पिप	शिरमा	1
फेक्‍ताक्‍म	लगाइदिए	1
फेक्‍ताक्‍म	पहिर्‍याइदिए	1
जय	जय	1
राप्‍तेक्‍म	हाने	1
ग्रुम्‍पाइक्‍नुङ	ल्याउँदै	1
ग्रुम्‍पाइक्‍नुङ	पाउँदिनँ	1
फेक्‍तीक	रङको	1
फेक्‍शा	लगाउनुभएको	1
देंन	सोरले	1
लाइश्‍शा	लैजाओ	1
सतीन	भेट्टाउँदिनँ	1
कानुन	व्यवस्था	1
बेक्‍चा	मर्नुपर्छ	1
सेल्‍सीशो	दाबी	1
सेल्‍सीशो	गर्छ	1
नेंशा	भनाइ	1
हिंत	डराए	1
लेंशा	राज्यपालको	1
ओंइशा	पसे	1
मलेत्‍त	दिनुभएन	1
मपाइनीनी	बोल्दैनौ	1
पाइब	सुम्प्यो	1
प्रोंइशा	छोड्ने	1
माल्‍तु	कोसिस	1
मननी	हुनुहुन्‍नः	1
देंबा	तुल्याउँछ	1
जोरी	विरुद्ध	1
सत्रु	बोल्छ	1
खिं	ढुङ्गाको	1
ग्रुंइताक्‍व	पेटी	1
नित्‍तीकेमी	हिब्रूमा	1
निस्‍‍साक्‍व	गब्बथा	1
पिलातस	ठाउँको	1
निस्‍‍साक्‍व	बसे	1
सातीक	तयारीको	1
भोज	करिब	1
सातीक	छैठौँ	1
नाक्‍ती	पहर	1
“	सोरमा	1
थोक्‍नुङा	टाँग्‍नुपर्ने	1
थोक्‍तीन	पुजारीहरूले	1
थोक्‍नुङा	कैसरबाहेक	1
थोक्‍तीन	तिनीहरूकहाँ	1
गेप्‍तु	सुम्पे	1
कुरपाइश्‍शा	बोकी	1
माइक्‍तीकेमी	ठाउँतिर	1
कुरपाइश्‍शा	हिब्रूमा	1
लाइक्‍तेक्‍म	भनिन्छ	1
ख्रुक्‍तेक्‍म	पारेर	1
थोक्‍शो	दुवैपट्टि	1
केप्‍शा	क्रुसमाथि	1
वोइक्‍तु	राखे	1
साइक्‍तीक	यहूदीहरूमध्ये	1
पढेम्‍तेक्‍म	पढे	1
साइक्‍तीक	टाँगिएको	1
ठाउं	ठाउँ	1
रोमी	ल्याटिन	1
ममाइ	नलेख्‍नुहोस्	1
देंत	भनेको	1
ब्रेक्‍तीन	लेख्‍नुहोस्	1
ब्रेक्‍तु	लेखेँ	1
ख्रुक्‍ने	टाँगेपछि	1
जना	बनाए	1
सिपाहीपुकीमी	सिपाहीको	1
उइक्‍थ	पर्‍यो	1
योक्‍साक्‍म	लबेदा	1
तारी	लबेदाचाहिँ	1
फेक्‍तीक	सिउनीविनाको	1
इर	पुरै	1
मफेरशो	बुनेको	1
मखाक्‍य	नच्यातौँ	1
ग्‍यारनीम	हालौँ	1
देंमुम्‍तेक्‍म	आपसमा	1
योक्‍सीनीम	लगाए	1
ग्‍यारनीम	हाले	1
क्‍लोपास	येशूकी	1
माग्‍दाला	आमाकी	1
बाक्‍ताक्‍स	क्लोपासकी	1
शेंसीब	क्रुसको	1
मेकेर	उभिरहेका	1
ममा	आफ्नी	1
माइक्‍तु	गर्नुभएका	1
माइक्‍तु	चेलालाई	1
माइक्‍तु	उभिएको	1
गेमी	तिम्री	1
वोइक्‍तु	लगे	1
तुइक्‍ताक्‍व	जान्‍नुभएको	1
तूतू	तिर्खा	1
दाक्‍ती	लाग्यो	1
गर	मद्यले	1
ग्‍युरशो	भाँडा	1
तूचा	स्पन्जलाई	1
थोव़कीमी	हिसपको	1
ख्रुम्‍शा	हाँगामा	1
थोव़कीमी	चोपेर	1
युप्‍पाइक्‍तेक्‍म	राखिदिए	1
युप्‍शा	अमिलो	1
युप्‍शा	लिनुभयो	1
थुम्‍ता	सिद्धियो	1
खुक्‍शा	झुकाउनुभयो	1
बेक्‍त	त्याग्‍नुभयो	1
साइश्‍शा	तयारीको	1
शी	शबाथको	1
मबाक्‍मल	अवधिमा	1
मबाक्‍मल	नरहोस्	1
देंतेक्‍म	हेतुले	1
पास्‍सा	शबाथ	1
साइश्‍शा	हटाउनलाई	1
सिपाहीपुकीमी	सिपाहीहरू	1
जिक्‍ताक्‍म	भाँचीदिए	1
मजिक्‍गेम	भाँचेनन्	1
कोव़खामी	कोखमा	1
भालामी	भालाले	1
तूताक्‍व	घोचे	1
तूदानु	तत्कालै	1
यित	निस्क्यो	1
ताइबमी	देखे	1
सांकछी	दिएका	1
लोव़	जान्‍दछन्	1
मजिक्‍नीम	हड्डी	1
मजिक्‍नीम	भाँचिनेछैन	1
तूशो	हेर्नेछन्	1
कोव़नीम	घोचे	1
अरीमाथीया	कुराहरूपछि	1
आ	शरीरलाई	1
ख्रुइश्‍शा	लान	1
ख्रुइश्‍शा	पाऊँ	1
ख्रुइश्‍शा	पिलातससँग	1
मेकोमी	पिलातसले	1
निकोदेमसमी	निकोदेमस	1
लित्रा	तेत्तिस	1
मूरे	किलो	1
मूरे	मूर्र	1
एलोव़	एलवाको	1
रिना	मिश्रण	1
वामी	दफनको	1
गिल्‍तेक्‍म	चलनअनुसार	1
ब्रोव़शो	मसलासहित	1
रिना	सुती	1
गिल्‍तेक्‍म	बेह्रे	1
थोक्‍तीक	झुण्ड्याइएको	1
पुक्‍खी	अहिलेसम्म	1
सेल्‍शो	गाडिएको	1
पास्‍सा	तयारीको	1
बाक्‍त	भएको	1
क्‍येङा	चिहान	1
पुक्‍खीमी	त्यसैमा	1
मसोव़थु	छँदै	1
तिल्‍शो	हटाइएको	1
तवा	देखिन	1
दोरशा	दौडिन्	1
रे	निकालेर	1
लदमे	लगेछन्	1
?	जान्दैनौँ	1
बेक्‍शो	निस्के	1
पत्रुस	पत्रुसभन्दा	1
जाक्‍दीत	आइपुगे	1
आगा	हेरे	1
ला	पडिरहेको	1
मओव़	पसेनन्	1
जाक्‍शा	तिनीपछि	1
पियामी	शिरको	1
रूमाल	कपडा	1
रूमाल	कपडाहरूसँग	1
मुक्‍शा	थिएन	1
तिल्‍शा	अलग्‍गै	1
वोइश्‍शो	पट्‌ट्याइएको	1
जाक्‍ब	आइपुग्‍ने	1
ओव़त	भित्र	1
मेकोपुकीमी	त्यसबेलासम्म	1
सेंसीचा	उठ्नुपर्छ	1
मतुइश्‍शो	बुझेनन्	1
पुक्‍खी	चिहानबाहिर	1
नेक्‍था	उभिएरहेकी	1
कोव़ङानु	हेरिन्	1
वोइक्‍तीकेमी	शिरपट्टि	1
पिया	पाउपट्टि	1
मरीयममी	तिनी	1
मतुइक्‍ता	चिनिनन्	1
मली	छ्यौ	1
फुल	बगैँचाका	1
रूमी	माली	1
दाप्‍‍शा	ठानिन्	1
हजुर	महाशय	1
एक	लानुभएको	1
लाइक्‍तीनी	बताउनुहोस्	1
वोइक्‍नी	राख्‍नुभएको	1
लाइक्‍नुङ	जानेछु	1
लेश्‍शा	आरमेइक	1
राब्‍बोनी	रब्बोनी	1
राब्‍बोनी	गुरु	1
मग्‍याइक्‍ती	नछोऊ	1
मलङ	गएको	1
लोक्‍ब	भाइहरूकहाँ	1
लशा	भनिदेऊ	1
आ	परमेश्‍वरकहाँ	1
तुइक्‍पाइक्‍तीमी	बताइन्	1
कोव़खा	कोखा	1
कोंइदानु	देखाउनुभयो	1
ग्‍येरसाक्‍म	खुसी	1
सोइक्‍ती	पठाउनुभएको	1
सोइक्‍ताक्‍नन्‍नी	पठाउँदै	1
मुइश्‍शा	सास	1
मुइश्‍शा	फुक्‍नुभयो	1
ताक्‍कीन	लेओ	1
ताइनीम	गरिन्छन्	1
मगेनीनी	राख्‍छौ	1
लीब	राखिन्छन्	1
शेंसीब	आउनुहुँदा	1
दाते	चेलामध्ये	1
थोमास	थोमाचाहिँ	1
थोमास	बताए	1
गुइमी	हातका	1
गार	काँटीहरूका	1
मतङा	डोबहरू	1
सम्‍म	नदेखेसम्म	1
कोव़खा	कोखमा	1
मसुइक्‍नुङ	गर्नेछैनँ	1
आगाम	थोमा	1
बाक्‍तीकेमी	बिचमा	1
थोमास	थोमालाई	1
लिक्‍शा	हाल	1
कोव़खा	कोखामा	1
थिवो	हाल	1
मदुमो	नहोऊ	1
दुमो	गर	1
ग्‍येरसीशो	धन्य	1
मतथु	छैनन्	1
सुइक्‍बा	गरेका	1
मब्रेक्‍शो	नलेखिएका	1
छक	यीचाहिँ	1
काना	कानाका	1
नथानेल	नथानेल	1
काथा	चेलासँगै	1
रेत्‍थ	मार्न	1
रेत्‍थ	तिमीसँगै	1
लाइनुङ	आउनेछौँ	1
लाइनीकी	डुङ्गामा	1
लाइनीकी	चढे	1
देंतेक्‍म	रातभरिमा	1
रेत्‍थ	पक्रेनन्	1
मतुइक्‍तेम	चिनेनन्	1
आलपुकी	जवान	1
ङांइ	खानेकुरा	1
आपीन	हान	1
रेत्‍नीनी	भेट्टाउनेछौ	1
आप्‍तेक्‍म	हाने	1
आपीन	माछाहरू	1
आपीन	भएकोले	1
ग्‍याइल	तान्‍न	1
आप्‍तेक्‍म	सकेनन्	1
लेंशा	बाँधे	1
फेक्‍साक्‍व	फुकालेका	1
फेक्‍साक्‍व	समुद्रमा	1
फेक्‍साक्‍व	हाम्फाले	1
गज	चेलाहरू	1
गज	डुङ्गामा	1
समुन्‍द्रमी	जमिनबाट	1
गज	मिटर	1
समुन्‍द्रमी	तानिरहेका	1
ग्रूशा	उत्रे	1
शोब्‍ले	आगोको	1
मीमी	भुङ्ग्रो	1
चोशा	रोटीसँगै	1
रेश्‍शो	भर्खरै	1
पितीन	पक्रेका	1
पितीन	माछाहरू	1
ङोइश्‍शा	गए	1
ओटा	त्रिपन्‍नवटा	1
कीशा	जमिनमा	1
मिश	धैरै	1
ङांइ	माछाहरू	1
मगाक्‍माक्‍त	च्यातिएन	1
निस्‍सीन	आओ	1
मपाम	सोध्‍ने	1
मपाम	गरेन	1
लाइश्‍शा	लिनुभयो	1
मो	मृत्युबाट	1
दुम्‍मेनु	हुनुभएपछि	1
थुम्‍शा	खाइसकेपछि	1
एको	यिनीहरूभन्दा	1
माइक्‍तु	तपाईंलाई	1
दाक्‍नन्‍नी	मेरा	1
दाक्‍नन्‍नी	थुमाहरूलाई	1
माइक्‍तु	खुवाऊ	1
पत्रुसमी	तपाईंलाई	1
दाक्‍नेवे	भेडाहरूको	1
दाक्‍नेवे	हेरचाह	1
खाइक्‍त	सोध्‍नुभएको	1
योव़मी	खुवाऊ	1
बाक्‍ङेनु	थियौ	1
खोइक्‍तीवी	लगाउँथ्यौ	1
किम्‍सीशा	चाहन्थ्यौ	1
खोइक्‍तीवी	त्यतै	1
किम्‍सीशा	जान्थ्यौ	1
दुमेनु	हुन्छौ	1
हाम्‍नेवे	पसार्नेछौ	1
दुमेनु	लगाइदिनेछ	1
दुमेनु	चाहँदैनौ	1
हाम्‍नेवे	बोकेर	1
हाम्‍नेवे	लगिन्छ	1
कोंइशा	दिन्छ	1
पुंइसीबा	सङ्केत	1
येसुमी	बताउनुभएपछि	1
फिर	भोजमा	1
शेंसीब	विश्‍वासघात	1
नाक्‍दो	सोध्‍ने	1
आस	उहाँहरूको	1
मबेक्‍ब	मर्नेछैनन्	1
पमुम्‍तेक्‍म	भाइहरूमाझ	1
पमुम्‍तेक्‍म	फैलियो	1
मबेक्‍ब	चेला	1
देंशो	मर्दैनन्	1
ममाइ	भन्‍नुभएन	1
मबेक्‍ब	गवाही	1
ब्रेक्‍ब	जान्‍दछौँ	1
मरिक्‍ब	अटाउने	1
दाक्‍शो	थियोफिलस	1
बाक्‍तीक	पुस्तकले	1
मपुंइसे	नलगिएसम्म	1
शेंदा	सिकाउन	1
ब्रेक्‍शा	थाल्नुभएका	1
तुइक्‍पाइक्‍ने	बताएको	1
शेंसीब	चुन्‍नुभएका	1
वोइक्‍मी	दिनुभएपछि	1
जशा	कष्‍टभोगपछि	1
साइक्‍चा	विश्‍वसनीय	1
पुंइसीशा	प्रमाणसहित	1
सेंपाइक्‍चा	प्रस्तुत	1
तपांइसीन	पर्नुभयो	1
शेंना	बताउनु	1
मखबा	भेटघाट	1
मखबा	गरिरहँदा	1
सहरमीन	नछोड्न	1
ख्रुम्‍ब	दिइनेछ	1
बाक्‍मानु	भेलाहुँदा	1
सेल्‍नीनी	पुनर्स्थापना	1
हिल्‍लो	यही	1
गुइमी	अधिकारद्वारा	1
बाक्‍ब	तोक्‍नुभएको	1
सेल्‍चा	ऋतुहरू	1
दाक्‍बा	जान्‍ने	1
ताइनीनी	आउनुहुन्छ	1
नेल्‍लेमी	छेउसम्मै	1
मतामे	हेरिरहँदा	1
ग्‍युक्‍शा	उठाइयो	1
तना	आँखाबाट	1
तन	छेक्यो	1
कोव़ना	उत्कटतापूर्वक	1
कोव़न	हेरिररहेका	1
फेक्‍शो	पहिरेका	1
ग्रूशा	अचानक	1
कोव़ना	हेरिरहन्छौ	1
कोव़न	आरोहण	1
बाक्‍नी	हुनुभएका	1
लाइक्‍चा	गइरहेका	1
काबु	फर्कनुहुनेछ	1
दुम्‍तीक	टाढा	1
यरूसलेम	आइपुगेपछि	1
कनानी	उग्रवादी	1
याकूब	यकूबका	1
मुरपुकी	मनको	1
ममा	प्रार्थनामा	1
मरीयम	यत्‍नपूर्वक	1
नाक्‍त	येशूकी	1
किंत	आमा	1
किंत	मरियम	1
सेल्‍ना	लगायत	1
सेल्‍न	महिलाहरू	1
पुंइन	भाइहरू	1
२०	१२०	1
मुर	भाइका	1
ग्‍याइक्‍ब	पक्राऊ	1
पिप	बोल्नुभएको	1
१२	हामीमध्ये	1
पपाइक्‍चा	सेवाकाइको	1
योव़शो	हिस्सा	1
येसु	दुष्‍ट	1
ग्‍याइक्‍ब	कर्मको	1
कोंइशा	कमाइबाट	1
ब्रोल्‍शा	टाउको	1
क्‍यी	पारेर	1
दोक्‍‍शा	खस्यो	1
कोव़ज	शरीर	1
ब्रोल्‍शा	फुट्यो	1
ब्रोल्‍शा	आन्द्रा-भुँडी	1
बेक्‍माक्‍त	निस्क्यो	1
तुइक्‍ताक्‍म	सुने	1
वोइक्‍तेक्‍म	अखेल्दमा	1
वोइक्‍तेक्‍म	रगतको	1
वोइक्‍तेक्‍म	खेत	1
दाऊदमी	भजनसंग्रहको	1
खिं	खेत	1
बाक्‍ल	बनाइयोस्	1
मतामेक्‍ल	नबसोस्	1
पशो	नेतृत्वको	1
पवल	लिओस्	1
बाक्‍तीक	हामीबाट	1
मपुंइसे	लगिएको	1
काथा	भित्र-बाहिर	1
गाक्‍ब	सधैँभरि	1
माल्‍ब	हामीसँगै	1
माल्‍ब	साक्षी	1
सेंसीशो	यूहन्‍नाको	1
मुरुम	बप्‍तिस्माको	1
‘	दिनदेखि	1
बेक्‍शा	हामीबाट	1
ताता	लगिएको	1
माल्‍ब	भित्र-बाहिर	1
माल्‍ब	सधैँभरि	1
चाप्‍चा	दिने	1
चाप्‍चा	हामीसँगै	1
बिश्‍शा	बरब्बा	1
बारसाबास	मतियास	1
राप्‍पदमे	सारे	1
आन	मानसिहरूको	1
तुइक्‍नीनी	जान्‍नु	1
तेको	जनामध्ये	1
आंइ	चुन्‍नुभएको	1
आ	अपराध	1
प्रार्थना	गएपछि	1
पामे	खाली	1
यहूदा	सेवाकाइ	1
दुम्‍ल	लिऊन्	1
ग्रामाक्‍त	चिट्ठा	1
ग्रामाक्‍त	हाले	1
मत्‍तीयस	चिट्ठा	1
तेम्‍सीशा	मतियासको	1
तेम्‍सीशा	नाममा	1
तेम्‍सीशा	पर्‍यो	1
१२	एघार	1
दुम्‍मा	प्रेरितसँगै	1
ग्रुम्‍तीकेमी	एकै	1
फो	जोडसँग	1
फो	शक्तिशाली	1
ग्रूशा	हावाको	1
थुरशा	झोक्‍का	1
बाक्‍तीक	बसिरहेको	1
प्रिंशा	पुरै	1
थुरशा	घर	1
पवा	भरियो	1
मी	जिब्राहरू	1
तांइसीशो	परे	1
सोक्‍त	भागभाग	1
जुक्‍ता	हरेकमाथि	1
सोक्‍तीमी	पवित्र	1
प्रिंशा	भरिए	1
मतुइश्‍शो	दिनुभएअनुसार	1
मतुइश्‍शो	भाषाहरूमा	1
मान	स्वर्गमुनि	1
हिंब	जातिबाट	1
नेंशा	सुनियो	1
ब्‍वाक्‍शो	बोलिरहेका	1
मेकोपुकी	बोलिरहनेहरू	1
गालील	गालीलीहरू	1
ब्‍वाक्‍स	बोलिरहेका	1
जोक्‍ग्‍मे	हरेकले	1
माइ	सुनिरहेका	1
मेदी	पार्थीहरू	1
पारथेस	मादीहरू	1
मेदी	एलामीहरू	1
एलाम	मेसोपोटामिया	1
लिबीया	कुरेनी	1
साइरेनी	नजिकका	1
एर	लिबियाका	1
क्रेट	भागहरूका	1
यहूदी	रोमका	1
दुम्‍शोपुकी	आगन्तुकहरू	1
मेकोपुकीमी	यहूदीहरू	1
“	यहूदी	1
नेल्‍लेमी	मत	1
छक	मान्‍नेहरू	1
लाक्‍चा	क्रेट	1
गेय	अरबीहरू	1
नेंतय	बताइरहेका	1
नेंतय	सुन्दैछौँ	1
बाक्‍म	जिल्ल	1
माइ	एकअर्कालाई	1
दुम्‍बा	तात्पर्य	1
दुक्‍शो	मद्यले	1
बाक्‍तेक्‍म	टन्‍न	1
सोइश्‍शोपुकी	एघार	1
नु	जनासँगै	1
यहूदी	यहूदिया	1
एकोपुकी	ठान्‍नुभएजस्तो	1
दुक्‍शो	मातेका	1
बजेशो	प्रहर	1
नुप्‍ची	अन्त्यका	1
प्रिंनुङमी	मानिसहरूमाथि	1
तमी	छोराहरू	1
तौपुकीमी	छोरीहरूले	1
ताइनीमी	वृद्ध	1
खाल्‍पापुकीमी	मानिसहरूले	1
ङोमु	सपनाहरू	1
वाइलीम	दिनहरूमा	1
कली	दासीहरूमाथि	1
ग्रूशो	मुस्लोका	1
नाक्‍त	असाधारण	1
लल	आउनअगि	1
दुम्‍शो	सूर्य	1
तांइसीब	अँध्यारोमा	1
मोदेंशो	परिणत	1
मोपतीके	हे	1
नेनीने	सुन्‍नुहोस्∶	1
कोंइपाइक्‍तु	गर्नु	1
गेय	चिन्हहरूद्वारा	1
कोंइपाइक्‍तु	थाहै	1
अरेशो	अठोट	1
गुइम	योजना	1
गेशा	पूर्वज्ञानले	1
मिम्‍शा	सुम्पिइनुभयो	1
गुइम	हातद्वारा	1
रुपीन	मारिनुभयो	1
गेपुकीमी	मृत्युका	1
गेपुकीमी	पीडाहरूबाट	1
,	छुटाएर	1
ब्रोंइशा	रहिरहन	1
‘	भनेकाछन्	1
महिंनुङ	अगाडि	1
तुइश्‍शा	नडगमगाउनु	1
महिंनुङ	पर्दैन	1
प्रभु	आनन्दित	1
पाइनुङ	मनायो	1
गेना	शरीरले	1
ब्रोंइचा	दृढतामा	1
ताइनुङ	वास	1
रां	प्राणलाई	1
राक्‍शा	पातालमा	1
मगेब	त्याग्‍नुहुनेछैन	1
राक्‍शा	तपाईंका	1
राक्‍शा	पवित्रजनलाई	1
राक्‍शा	कुहिन	1
कोंइताक्‍यी	गर्नुभयो	1
प्रभु	मुहारले	1
ग्‍येरसीशा	खुसीले	1
बाक्‍नुङ	भरिपूर्ण	1
’	बनाउनुहुनेछ	1
देंने	दृढतासाथ	1
चाप्‍नुङ	सक्छु∶	1
देंने	गाडिए	1
चाप्‍नुङ	आजको	1
दाऊद	सन्तानहरूमध्येबाटै	1
चच	सिंहसानमा	1
युइ	बसाल्नुहुने	1
गेशो	खानुभएको	1
मस्‍सीह	पुनरुथानको	1
बाक्‍तीकेम	नत	1
मराक्‍बा	पातालमा	1
मराक्‍बा	त्यागिनु	1
मराक्‍बा	नत	1
मराक्‍बा	कुहियो	1
बाक्‍शा	उठाइनुभयो	1
ताक्‍शा	पाएर	1
तनी	खन्याउनुभएको	1
तनी	सुन्‍नु	1
तुइक्‍तीने	देन्‍नु	1
ग्‍येत्‍थ	चढेनन्	1
दाऊदमी	भन्‍छन्	1
मवोदुमी	जबसम्म	1
तुइक्‍चा	निश्‍चयसाथ	1
माल्‍नीनी	जानून	1
साइक्‍पाइश्‍शो	टाँग्‍नुभयो	1
सेल्‍तु	बनाउनु	1
खाइक्‍माक्‍त	छिया-छिया	1
पक	गरौँ	1
पुंइसीनीनी	लेओ	1
प्रिंचा	वरदान	1
पुंइसीनीनी	गर्नेछौ	1
ङोन	टाढा-टाढा	1
शेंशा	वचनहरूद्वारा	1
ङोन	पुस्ताबाट	1
बाक्‍कीने	बचाओ	1
ग्रुंइचा	झन्डै	1
खोइ	प्राणहरू	1
शेंसीशा	सङ्गति	1
जशा	भाँच्‍ने	1
सोइश्‍शोपुकीमी	व्यक्तिमाथि	1
शुश	डर	1
चिन्‍ड	छायो	1
छक	प्रेरितहरूद्वारा	1
दुम्‍शा	बस्थे	1
लेयङमेनु	स्वामित्वमा	1
लेयङमेनु	बेचे	1
पाइबाक्‍मा	एकअर्कामा	1
पाइबाक्‍मा	बाँडचुँड	1
किंत	उद्देश्यसहित	1
जाइबाक्‍मा	घरघरमा	1
भोज	भाँच्थे	1
खिं	हृदयको	1
खिं	नम्रता	1
प्रभु	एकअर्कामा	1
भोज	भोजन	1
जाइबाक्‍मा	बाँडचुँड	1
मिम्‍बाक्‍मा	शुभेच्छा	1
नाक्‍त	उद्धार	1
किंत	पाइरहेकाहरूलाई	1
बारपाइक्‍मी	थप्‍नुभयो	1
पची	समयको	1
खिंमी	मन्दिरतिर	1
जरमेसे	जन्मैदेखि	1
रेन	हिँड्न	1
खोइल	नसक्‍ने	1
चाक्‍शा	गरिन्थ्यो	1
पुंइदीमील	राखिन्थ्यो	1
ओव़ब	व्यक्तिले	1
वोइक्‍बाक्‍मा	माग्‍न	1
ओव़चशो	मन्दिरमा	1
गेनीसी	उनीहरूसँग	1
गेनीसी	भिक्षा	1
पुना	मागे	1
पुंइब	तिनीतर्फ	1
कोव़शा	नजर	1
पत्रुसमी	अडाएर	1
ओंथ	हामीलाई	1
कोव़स्‍की	हेर	1
पुंइबमी	उनीहरूबाट	1
मार	चिज	1
कोव़सी	हेरे	1
पुंइब	पत्रुसले	1
ग्‍याइश्‍शा	समाए	1
कीशा	उठाए	1
दुक्‍ब	गोलिगाँठोको	1
पोक्‍शा	हड्डीमा	1
राप्‍पदा	बल	1
दिव	उफ्रँदै	1
दाव	उठे	1
एर	हिँड्नलाई	1
काथा	हिँड्दै	1
गाक्‍ब	उफ्रँदै	1
ओव़माक्‍त	प्रवेश	1
पुंइब	हिँडिरहेको	1
गाक्‍शो	गरिरहेको	1
मदुक्‍ब	मन्दिरको	1
बाक्‍ब	माग्‍नलाई	1
दोपा	बस्दै	1
ओं	आइरहेका	1
गाक्‍मे	तिनमा	1
छक	विस्मयले	1
लाक्‍मा	भरिएका	1
सोलोमन	समाइरहँदा	1
दोरशा	चकित	1
पुम्‍दमे	दलानतर्फ	1
बाक्‍त	दगुरे	1
लाक्‍तीनी	आश्‍चर्यचकित	1
आंस	हामीले	1
सक्तिम	शक्ति	1
सक्तिम	धार्मिकताले	1
फेस्‍तस	हिँड्ने	1
मिम्‍तीनी	टकले	1
सक्तिम	हेरिरहनुभएको	1
परमप्रभु	पूर्खाका	1
सेल्‍तु	पार्नुभएको	1
ग्‍याइक्‍पाइक्‍तीनी	पिलातसकहाँ	1
पिलातसमी	सुम्पनुभयो	1
थुं	निर्णय	1
प्रोंइशा	हत्यारालाई	1
सोइक्‍चा	छोडिदिन	1
पुंइतीनी	गर्नुभयो	1
ब्रोंइचा	जीवनका	1
गेब	राजकुमारको	1
सेंताक्‍व	उठाउनुभयो	1
थिशा	नाउँमाथिको	1
पाइश्‍शो	बनायो	1
तांइसीब	देख्‍नु	1
मिनु	येशूप्रति	1
मुर	तपाईंहरू	1
सापाइश्‍शा	सबैको	1
कोंइताक्‍व	स्वास्थ्य	1
सेस	प्रदान	1
ताइतीनी	गरेको	1
मतुइक्‍थु	शासकहरूलेझैँ	1
साइक्‍पाइक्‍तीनी	अज्ञानतामा	1
श्‍येत	दु∶ख	1
खाप्‍शो	बताउनुभएको	1
ख्रीस्‍त	पश्‍चाताप	1
सुतीन	फर्कनुहोस्	1
क्‍याम्‍ब	मेटिऊन्	1
क्‍याम्‍ब	उपस्थितिबाट	1
क्‍याम्‍ब	ताजा	1
क्‍याम्‍ब	बनाउने	1
रिम्‍शो	भइसक्‍नुभएका	1
सोइक्‍ब	सक्‍नुहुनेछ	1
मदुम	पुनर्स्थापना	1
स्‍वर्गम	स्वर्गले	1
ख्रीस्‍त	गर्नुपर्छ	1
परमप्रभु	देखि	1
स्‍वर्गम	बोल्नु	1
मुर	दाजुभाइहरूका	1
शेंबा	भन्‍नुहुने	1
टिने	सुन्‍नुपर्छ	1
मटीमे	नसुन्‍ने	1
मेकोपुकी	व्यक्तिलाई	1
लाइनीम	गरिनेछ	1
सामुएल	शमूएलदेखिका	1
अरु	उनीपछि	1
सामुएल	दिनहरूका	1
परमप्रभु	अगमवक्‍ताका	1
अब्राहाम	करारका	1
खिं	सन्तानद्वारा	1
नेल्‍लेमी	परिवारहरू	1
राइनीम	हुनेछन्	1
बाक्‍तीकेम	उठाउनु	1
सोइक्‍ताक्‍व	भएपछि	1
सोइक्‍ताक्‍व	तपाईंहरूमध्ये	1
सोइक्‍ताक्‍व	फर्काएर	1
गेशा	दिनलाई	1
शेंन	बोलिरहेका	1
चढ़ेबपुकी	पूजाहारीहरू	1
सेंसाक्‍व	सिकाइरहेका	1
मनुमा	गाह्रो	1
कछडीम	पक्रे	1
नाक्‍दो	बिहानसम्मका	1
ग्‍याइक्‍पाइश्‍शा	हालिदिए	1
मुल	त्यतिबेला	1
रिक्‍त	परिसकेको	1
हजार	मानिसहरूमध्ये	1
हजार	मानिसहरूको	1
कछडीम	अर्को	1
काइयाफास	हन्‍नास	1
चढ़ेब	पूजाहारीका	1
जाक्‍शो	आफन्तहरू	1
इस्राएल	जनताहरूका	1
सापांइस्‍कु	पारियो	1
मदुक्‍ब	बिरामी	1
तुइक्‍चा	प्रश्‍न	1
दाक्‍नीनी	गरिदैँछ	1
खोइल	तपाईंहरू	1
मदुक्‍ब	इस्राएलका	1
रुपीने	थाहा	1
क्‍याइक्‍पाइश्‍शा	टाँग्‍नुभएका	1
क्‍याइक्‍पाइश्‍शा	पार्नुभएका	1
नासरथ	तपाईंहरूको	1
क्‍याइक्‍पाइश्‍शा	स्वस्थ	1
साइक्‍पाइक्‍तीनी	उभिएको	1
मगारथु	घर	1
रुपीन	कुनेढुङ्गा	1
परमप्रभुमी	व्यक्तिमा	1
ब्रोंइचा	मुक्ति	1
गेशा	बचाइनका	1
पाम्‍से	महसुस	1
पाम्‍से	आशिक्षित	1
मशेंसीशो	येशूसँगै	1
बाक्‍ताक्‍स	गर्दथे	1
कछडी	पाएर	1
राप्‍शा	उभिरहेको	1
पत्रुस	प्रेरितहरूलाई	1
यूहन्‍ना	परिषद्	1
साशो	बैठक	1
सांफा	छोड्न	1
पया	एकआपसमा	1
लोव़सी	उनीहरूले	1
सापाइश्‍शा	गरौँ	1
छक	उल्लेखनीय	1
कोंइताक्‍स	आश्‍चर्यकर्मको	1
बाक्‍बपुकीमी	बस्‍ने	1
तुइक्‍नीमी	मनिसलाई	1
,	नफैलियोस्	1
सल्‍ला	चेताउनी	1
नसी	दिऔँ	1
मब्रचा	बोल्दै	1
मशेंचा	दिनू	1
टिचा	भन्दा	1
मिम्‍तीने	गर्नुहोस्	1
मदेंथु	नबोली	1
मचाप्‍नस्‍कु	रहन	1
मचाप्‍नस्‍कु	सक्दैनौँ	1
कोंइशा	पत्रुस	1
थोक्‍शा	यूहन्‍नालाई	1
छक	दण्ड	1
सेल्‍ना	भेट्टाउन	1
बाक्‍बाक्‍मा	सकेनन्	1
साशो	चंगाइको	1
लाक्‍शो	अनुभव	1
बर्स	वर्षभन्दा	1
लाक्‍मा	माथिका	1
पुंइसीशा	छोडेपछि	1
ग्रुम्‍थ	प्रधान	1
लसा	पूजाहारीहरू	1
सु	एल्डरहरूले	1
पिपी	बोल्नुभयो	1
गाइक्‍नीमी	क्रोधित	1
शोर	अर्थहीन	1
मिम्‍नीमी	कल्पना	1
पिपपुकी	मत	1
बुक्‍नीम	एकसाथ	1
पन्‍तीयस	पन्तियस	1
बुक्‍शो	अभिषेक	1
ताइतक	गर्नुभएका	1
लाक्‍शा	बाहुली	1
पने	हुनुभन्दा	1
चाप्‍तेक्‍म	भेला	1
हिंच	चेताउनीलाई	1
शेंतीक	सेवकहरूलाई	1
पुंइनीकी	दिनुहोस्	1
छक	पसार्नुहुन्छ	1
कोंइने	आश्‍चर्यहरू	1
चाप्‍कल	होऊन्	1
पने	सिध्याएपछि	1
ख्रिनु	हल्लियो	1
प्रिंचा	साहससित	1
मिम्‍बाक्‍मा	आत्माका	1
दुम्‍शा	भनेनन्	1
येसु	शक्तिसाथ	1
सेंचा	घोषणा	1
नेंपाइक्‍बाक्‍मा	गर्दैथिए	1
मबाक्‍मा	थोकको	1
जाइब	अभाव	1
मबाक्‍मा	व्यक्ति	1
रू	जग्गाहरू	1
रू	बेचेर	1
लेयशा	आएका	1
चाक्‍शा	ल्याउँथे	1
गेशा	राखिदिन्थे	1
सु	आवश्यकतापरेअनुसार	1
माल्‍मा	विश्‍वसीलाई	1
मेकोपुकीमी	वितरण	1
योक्‍बाक्‍मा	गरिन्थ्यो	1
सोइश्‍शोपुकीमी	साइप्रसबाट	1
याइनी	कुलका	1
ग्‍येत्‍थ	राखिदिएका	1
लेयशा	बेचे	1
चाक्‍शा	ल्याएर	1
सफीरामी	सफिरासँग	1
लेयङसे	टुक्रा	1
लेयङसे	बेचे	1
गेचा	राखे	1
,	यो	1
दे	कुरा	1
गारपदसे	उनकी	1
गारपदसे	पत्‍नीलाई	1
सोइश्‍शो	ल्याएर	1
चोव़दीम्‍माक्‍त	राखिदिए	1
पवी	बोल्न	1
लेयशो	मूल्यको	1
ख्रुइश्‍शा	अंश	1
वोदी	राख्‍नलाई	1
थुंम	हृदयलाई	1
वोदी	भर्‍यो	1
रू	बिक्री	1
मलेयसी	नगर्दा	1
लेयसी	बेचिसकेपछि	1
केन	नियन्‍त्रणमा	1
पसी	सोच्यौ	1
पाइतीसी	बोलेका	1
देंशो	कुराहरू	1
दिङ	हननिया	1
बेक्‍माक्‍त	लडे	1
बेक्‍शो	जवान	1
रां	अगाडि	1
बेक्‍शो	बेह्रे	1
हेररा	त्यसको	1
घन्‍टा	झण्डै	1
हनानीया	उनकी	1
हनानीया	पत्‍नी	1
बेक्‍त	नपाई	1
ओशोमीन	त्यत्ति	1
लेयतस्‍कु	मूल्यमा	1
लेयतस्‍कु	बेचेका	1
लेयसी	या	1
देनो	बताऊ	1
ओशोमीन	त्यत्तिमा	1
जोल	जाँच	1
दुम्‍बा	भयौ	1
थिम्‍थ	गाड्नेहरूका	1
जाक्‍चाम्‍तेक्‍म	पाउ	1
थिम्‍नीम	ढोकामा	1
बेक्‍माक्‍त	लानेछन्	1
ठिटापुकी	पाउमा	1
कोव़ङमेनु	लडिन्	1
तामे	भित्र	1
थिम्‍मे	गाडिदिए	1
बुक्‍‍बपुकी	मण्डलीमा	1
मुर	हातद्वारा	1
नें	दलानमा	1
सेल्‍शा	सम्मान	1
बाक्‍चा	मिलेको	1
गाक्‍चा	सामेल	1
हिंशा	साहस	1
तेम्‍सीन	असंख्य	1
लमा	थपिँदै	1
वांकुम	छाया	1
योइश्‍शा	कोहीमाथि	1
साब	परोस्	1
इप्‍पाइश्‍शा	बोकेर	1
साब	खाट	1
पाइबाक्‍मा	पलङहरूमा	1
ओंथ	सहरहरूबाट	1
चाक्‍बाक्‍मा	संख्यामा	1
सदुकी	रहनेहरू	1
गेहे	सदूकीहरूको	1
पामे	सम्प्रदाय	1
गेहे	ईर्ष्याले	1
ग्‍याइक्‍पा	प्रेरितहरूमाथि	1
ग्‍याइक्‍पा	सार्वजनिक	1
चोक्‍पदमे	थुनिदिए	1
कामी	झ्यालखानाका	1
रोक्‍शा	खोलिदिए	1
शेंदीने	बताओ	1
ओव़शा	शिक्षा	1
कोव़ङमेनु	अधिकारीहरूले	1
जेल्‍खानमी	झ्यालखानालाई	1
जाक्‍दी‍कानु	राम्ररी	1
जाक्‍दी‍कानु	बन्द	1
जाक्‍दी‍कानु	पायौँ	1
चोक्‍स	उभिरहेका	1
कोव़शोनु	खोल्दा	1
मबाक्‍म	भेट्टाएनौँ	1
चढ़ेबपुकीमी	पूजाहारीहरूले	1
दुम्‍मे	हुने	1
चोक्‍पाइश्‍शो	राख्‍नुभएका	1
खिं	हाकिमहरूसँगै	1
मपथु	हिंसाविना	1
चाक्‍ग्‍मे	फर्काएर	1
साइक्‍नीम	हान्लान्	1
कछडीम	तिनीहरूले	1
चाक्‍शा	ल्याएपछि	1
मशेंचा	नसिकाउनलाई	1
मतुइक्‍पाइक्‍चा	दियौँ	1
चहिं	शिक्षाले	1
मशेंचा	भरिसकेका	1
साइश्‍शो	ल्याउने	1
फ्रेंताक्‍क	पर्छ	1
किकी	पितापुर्खाका	1
केप्‍शा	उठाउनु	1
कांटी	जसलाई	1
शीम	रुखमा	1
साइक्‍पाइश्‍शो	झुण्ड्याएर	1
सेंताक्‍व	मार्नुभयो	1
लेप्‍पाइक्‍ब	प्रदान	1
कोंइब	राजकुमार	1
सेल्‍शा	हुनलाई	1
गे	हाततर्फ	1
निप्‍पाइक्‍तु	उचाल्नु	1
मोदेंशो	परिषद्का	1
लोव़	सदस्यहरूले	1
गाइश्‍शा	क्रुद्ध	1
मसाइक्‍थु	मार्ने	1
गमालीएल	गमलिएल	1
निसाफ	मानिसहरूद्वारा	1
पतीक	सम्मानित	1
तशा	समयको	1
ग्रुंइशा	रहनलाई	1
कछडीम	तब	1
चिक्‍तीनी	प्रस्ताव	1
होस	राम्ररी	1
साइ	समयअगि	1
थुदास	थूदास	1
सेल्‍तु	त्योसँगै	1
ब्राशा	तितरवितर	1
लोव़सी	सब	1
जाम्‍शा	छरपस्ट	1
नोले	मानिसपछि	1
हिक्‍तीक	जनगणनाको	1
माइश्‍शो	कतिपय	1
सेला	खिँच्यो	1
खोइक्‍ब	आइरहेकाहरू	1
ब्राशा	छरपस्ट	1
सोइक्‍तय	तपाईंहरूलाई	1
लोव़	मानिसहरूबाट	1
प्रोंइशा	टाढै	1
सोइक्‍तय	रहनुहोस्	1
सोइक्‍तय	छोडिदिनुहोस्	1
मदुम्‍थु	पतन	1
तेक्‍शा	पतन	1
मतेक्‍सीब	सक्‍नुहुन्‍न	1
मतेक्‍सीब	लडिरहेको	1
मतेक्‍सीब	पाउनु	1
गेपुकी	माने	1
मगाक्‍कीने	नबोल्नलाई	1
रिम्‍शो	योग्यका	1
दुम्‍ब	गनिएकामा	1
सोइश्‍शोपुकी	अनान्दित	1
दुम्‍ब	परिषद्	1
देंमा	छाडे	1
शेंन	प्रचार	1
योक्‍तीक	चेलाहरूको	1
बेक्‍शो	सङ्ख्या	1
किंत	गुणात्मक	1
पाइबपुकीमी	यहूदीहरूले	1
गन	हिब्रूहरूको	1
किंत	खाद्य	1
योक्‍तीक	वितरणमा	1
थोव़क	गरिँदै	1
नेंशा	बाह्र	1
सोइश्‍शोपुकीमी	प्रेरितले	1
नेल्‍ल	समूहलाई	1
आंइ	खुवाउने-पियाउने	1
लोक्‍बपुकी	अल्झिन	1
फेक्‍चा	गर्नु	1
योक्‍शा	उपयुक्त	1
माल्‍नय	भाइ	1
हिक्‍शो	तपाईंहरूमध्येबाट	1
योव़चा	छान्‍नुहोस्	1
हिक्‍शो	चलेका	1
जोक्‍ब	होऊन्	1
गाक्‍चा	सेवामा	1
माल्‍नय	लागिरहनेछौँ	1
योव़चा	समुदायलाई	1
बिस्‍समा	मन	1
स्‍तीफानस	स्तिफनस	1
प्रोकोरस	प्रखरस	1
निकानोर	निकनोर	1
तीमोन	तीमोन	1
परमीनास	पर्मिनास	1
एन्‍टीओक	एन्टिओखियाका	1
निकोलाउस	यहूदी-मत	1
चहिं	निकोलाउसलाई	1
बाक्‍माक्‍त	छाने	1
योव़शो	विश्‍वासीहरूले	1
तेम्‍सीन	सङ्ख्या	1
चढ़ेब	पूजाहारीहरूले	1
गेचा	भरिएर	1
कोंइशा	देखाउँदै	1
लिबेरती	दल	1
माइश्‍शो	नामक	1
अलेकजेन्‍द्रीया	कुरेनीहरू	1
एसीया	अलेक्ज्यान्ड्रियाका	1
सिलीसीया	किलिकियासाथै	1
अलेकजेन्‍द्रीया	एसियाका	1
स्‍तीफानस	स्तिफनससित	1
ब्रीशा	शक्तिमा	1
जोक्‍शो	बोलेका	1
ग्राने	केही	1
मचाप्‍तीके	मनाई	1
पोक्‍शा	लगाए	1
किकी	स्तिफनसले	1
हेंथे	ईश्‍वर-निन्दक	1
पशो	बोलेका	1
पोक्‍गमे	उक्साए	1
पोक्‍गमे	स्तिफनससित	1
पोक्‍गमे	मुकाबला	1
वोइश्‍शा	पेस	1
खिं	पवित्रस्थान	1
पाइब	छाड्दैन	1
परमप्रभु	स्थानलाई	1
प्रेप्‍ब	पार्नेछ	1
नक	सुम्पेका	1
पतीक	चलनहरूलाई	1
वोइक्‍ब	बद्लनेछ	1
देंशो	बोलेको	1
कछडीम	परिषद्‍मा	1
बाक्‍बपुकीमी	जम्मा	1
स्‍तीफानस	हरेकको	1
कोव़ङमेनु	तिनमा	1
कोव़ङमेनु	केन्द्रित	1
कुल	मोहोडा	1
कोव़स	देखियो	1
चढ़ेबमी	पूजाहारीले	1
स्‍तीफानसमी	स्तिफनसले	1
आं	पिताहरू	1
पाइनुङ	सुन्‍नुहोस्ः	1
तपांइसे	हारानमा	1
दोपा	बस्‍नुअगि	1
यावेमी	मेसोपोटामियामा	1
खिं	नातेदारहरूलाई	1
माल्‍नेवे	छाड	1
तुइक्‍पाइक्‍नन	देखाउने	1
अब्राहाम	कल्दीहरूको	1
कल्‍दी	देशबाट	1
जाक्‍दीश्‍शा	हारानमा	1
हारान	ल्याउनुभयो	1
चाक्‍गा	तपाईंहरू	1
चाक्‍गा	बस्‍नुहुन्छ	1
अब्राहाम	पैत्तृक	1
मगेशो	दिनुभएन	1
खोइल	यहाँसम्म	1
थेक्‍तीक	कि	1
थेक्‍तीक	पर्याप्‍त	1
यो	राख्‍ने	1
मगेशो	ठाउँसम्म	1
युइ	नहुँदा	1
युइ	सम्पत्तिको	1
युइ	सन्तानहरूलाई	1
लाइनीमी	भूमिमा	1
रागी	बस्‍नेथिए	1
मुर	बासिन्दाहरूले	1
वाइल	तुल्याउनेथिए	1
गेशा	थिचोमिचो	1
वोइक्‍नीम	गर्नेथिए	1
इ	“	1
इ	जातिको	1
चच	कमारा	1
गेवा	बाँध्‍नुभयो	1
मिनु	इसहाक	1
दुम्‍मा	बने	1
याकूब	कुलपतिहरूले	1
रागी	बेचिदिए	1
कोव़शो	तिनीसित	1
श्‍येत	दुःखकष्‍टबाट	1
प्रोंइबाक्‍माक्‍त	छुटाउनुभयो	1
फाराओ	फारोको	1
जाक्‍मेनु	सामने	1
फाराओम	फारोले	1
योसेफ	मिश्र	1
कनान	कनानभरि	1
दुम्‍तीके	पर्‍यो	1
जचा	सङ्कष्‍ट	1
मतामे	आइपर्‍यो	1
मतामे	पाएनन्	1
इजीप्‍तमी	मिश्रमा	1
ग्‍याप्‍चा	अन्‍न	1
तांइसीब	पाईंदोरहेछ	1
इजीप्‍त	पुर्खाहरूलाई	1
मोपा	पटकको	1
लमानु	भेटघाटमा	1
तुइक्‍पपांइसे	दाजुहरूकहाँ	1
मुर	परिवारलाई	1
बाक्‍मा	फारोकहाँ	1
तुइक्‍ता	परिचित	1
बाक्‍त	गराइयो	1
लोक्‍बपुकी	याकूब	1
जाक्‍शा	पचहत्तर	1
बाक्‍कीन	प्राणीलाई	1
ब्रथ	दाजुहरूमार्फत	1
थिम्‍मे	लगिए	1
सहरम	हमोरका	1
हमोर	छोराहरूबाट	1
थिम्‍तीके	चाँदीको	1
रू	मूल्यमा	1
तौपुकी	किनेको	1
तौपुकी	चिहानमा	1
ग्‍याप्‍शो	गाडियो	1
जाक्‍दीम्‍माक्‍त	नजिकिँदै	1
दुम्‍माक्‍त	उदय	1
योसेफ	योसेफलाई	1
मतुइक्‍ब	चिन्दैनथ्ये	1
पिपीमी	राजाले	1
मपथु	छलगरे	1
शुश	पुर्खाहरूलाई	1
थुल्‍चा	फाल्नुपर्थ्यो	1
जरमेसे	जन्म	1
ख्रुइश्‍शा	स्याहार	1
थुल्‍से	गरियो	1
प्रोन्‍से	फ्याँकियो	1
थिश्‍शा	उठाइन्	1
तौ	छोरासरह	1
बाक्‍मेनु	मोशालाई	1
जोक्‍शो	विद्यामा	1
जोक्‍ब	दिइयो	1
नेल्‍ल	कर्ममा	1
मोसा	करिब	1
दुम्‍मेनु	पुगे	1
लोक्‍ब	दाजुहरू	1
लमेनु	इस्राएलीमाथि	1
इजीप्‍त	अन्याय	1
मोसामी	रक्षा	1
इजीप्‍ती	अत्याचार	1
सदा	मारिदिए	1
आं	तिनीद्वारा	1
ब्राइनीम	बुझ्लान्	1
इस्राएली	इस्राएलीहरूकहाँ	1
निक्‍शी	जहाँ	1
जिशो	आपसमा	1
तवा	झगडा	1
आस	झगडा	1
वोबु	मिलाउन	1
जिनीसी	खोजे	1
निक्‍शी	दाजुभाइ	1
वोबु	एकअर्काको	1
जिनीसी	लड्नुहुन्छ	1
मोसा	पुर्‍याएको	1
मोसा	धकेलेर	1
साइश्‍शो	मारेझैँ	1
इजीप्‍त	भागे	1
मेकेर	मिद्यान	1
जाक्‍दीश्‍शा	परदेशी	1
थिमाक्‍त	छोराका	1
दुम्‍माक्‍त	बितेपछि	1
डांडा	पर्वतको	1
गोरशो	उजाड–स्थानमा	1
गोरशो	जलिरहेको	1
रागीमी	आगोको	1
बाक्‍मेनु	पोथ्रामा	1
ब्रशो	ज्वालालाई	1
कोव़ङानु	हेर्न	1
कोव़ङानु	जाँदा	1
हिंशा	मोशा	1
कोव़ने	हेर्ने	1
मचबा	साहस	1
प्रुइश्‍शा	फुकाल	1
थेक्‍शा	उभिएको	1
बाक्‍‍तीक	भूमि	1
शुश	मानिसहरूको	1
जाम्‍तेक्‍म	दुःखकष्‍टलाई	1
तुइक्‍ताक्‍ङ	देखेको	1
ङाक्‍शो	क्रन्दन	1
ताता	ओर्लीआएको	1
नेना	पठाउनेछु	1
खेरचा	तिनैलाई	1
तपांइसीशा	पोथ्रामा	1
तपांइसीशा	मोशाकहाँ	1
इजीप्‍त	देखा	1
सोइक्‍ता	स्वर्गदूतद्वारा	1
समुन्‍द्र	समुद्रसाथै	1
चाक्‍दीम्‍मी	उजाड–स्थानमा	1
मेकेर	चालिस	1
छक	वर्षसम्म	1
इस्राएली	मोशाले	1
कोंइदीमी	मिश्रबाट	1
दाते	दाजुभाइहरूकै	1
इस्राएलीपुकी	तिनै	1
बाक्‍मानु	समुदायसित	1
मोसा	स्वर्गदूतसँगै	1
नेंपाइक्‍मी	बोलेका	1
गेना	पुर्खाहरूसित	1
गारशो	जीवित	1
इं	जसप्रति	1
मटिथु	आज्ञाकारी	1
मनेंथु	बनेनन्	1
मोसा	पन्छाए	1
हिरदमे	फर्कने	1
सेल्‍चा	बनाउनुहोस्	1
एक	अगुवाइ	1
बाछा	बाछोको	1
जारदेमे	चढाए	1
गुइमी	आफूले	1
तूङमे	रमाए	1
गाइश्‍शा	तिनीहरूबाट	1
नां	तर्कनुभयो	1
तास्‍ला	आकाशका	1
तास्‍ला	ताराहरूको	1
दुम्‍ल	छाडिदिनुभयो	1
आ	पुस्तकहरूमा	1
पाइबमी	छः	1
गाक्‍नीनु	घराना	1
गाक्‍नीनु	पशुबलि	1
क्‍योरशा	बलिदानहरू	1
चढ़ेनी	चढायौ	1
मोलोक	मोलोखको	1
ताम्‍बु	वासस्थान	1
लाइक्‍तीनी	रेफन	1
रिफन	देवताको	1
कुरशा	पूजा	1
रागी	बेबिलोनभन्दा	1
बेबीलोन	पर	1
लाइक्‍नन्‍नी	निर्वासनमा	1
ब्रेक्‍शो	लैजानेछु	1
कुरशा	वासस्थान	1
कोंइशो	गर्नुभएमुताबिक	1
कोंइशो	देखाउनुभएको	1
मोसामी	नमुनाबमोजिम	1
सेल्‍पाइश्‍शो	बनाइएको	1
यहोसु	पालोमा	1
ताम्‍बु	पाललाई	1
कुरशा	यहोशूसँगै	1
ग्राशा	निकाली	1
मेकेन	हातमा	1
वोदमे	दिनुहुँदा	1
वोदमे	घटना	1
खिं	वासस्थान	1
’	गर्नका	1
सोलोमनमी	सोलोमनले	1
खिं	भवन	1
मुरुम	हातले	1
खिंमी	घरहरूमा	1
पाइबमी	छन्ः	1
सरीङ	मेरै	1
ए	हठी	1
मनेंथु	कानको	1
फुल्‍लु	नभएकाहरू	1
मतुइक्‍ब	आत्माको	1
मतुइक्‍ब	विरोध	1
किकी	पुर्खाले	1
मगेमे	पुर्खाले	1
मगेमे	सताएनन्	1
नेंपा	अगमवक्‍ताहरूलाई	1
गाक्‍ब	मारे	1
साइक्‍पाइक्‍ना	जनको	1
पाइक्‍न	आगमनअगि	1
साइक्‍पाइक्‍ना	परेका	1
साइक्‍पाइक्‍तीनी	विश्‍वासघाती	1
प्रोंइब	हत्यारा	1
साइक्‍पाइक्‍तीनी	बन्‍नु	1
ङा	स्थापित	1
मपचा	पाउनुभयो	1
योव़सीशो	गर्नुभएन	1
स्‍तीफानसमी	परिषद्का	1
मोदें	सदस्यहरूले	1
गोंगों	स्तिफनसको	1
ख्रुइ	क्रूद्ध	1
शेप्‍शा	बने	1
प्रेक्‍मा	किटे	1
सक्ति	आत्माले	1
तांइसीशो	एकटकले	1
कोव़ङानु	हेरे	1
मिनु	स्तिफनसले	1
रोक्‍सीशा	उघ्रेको	1
ताता	देख्दछु	1
लोव़	परिषद्का	1
मनेंचा	सदस्यहरू	1
गुइ	कान	1
पोक्‍शा	थुने	1
ग्राम्‍शा	तिनीमाथि	1
ग्‍याइक्‍तमे	जाइलागे	1
कीशा	सहरबाहिर	1
ग्रुंइशा	तिनीमाथि	1
क्रोम्‍चा	बर्साए	1
सांकछीपुकीमी	साक्षीहरूले	1
सांकछीपुकीमी	खुट्टानेर	1
प्रुइश्‍शा	बाहिरी	1
वोदमे	खोलेर	1
हुलमी	स्तिफनसमाथि	1
क्रोम्‍स	बसाईरहँदा	1
ङा	प्रभुको	1
क्रोम्‍स	पुकारा	1
ताक्‍कीन	ग्रहण	1
ताक्‍कीन	गर्नुहोस्	1
मरल	नलागोस्	1
देंशा	भनेपछि	1
बेक्‍माक्‍त	त्यागे	1
साइश्‍शो	हत्यामा	1
प्रोक्‍पदमेनु	प्रेरितहरूबाहेक	1
मेकोपुकी	विश्‍वासीहरू	1
सामरीया	सामारियाका	1
रागीमी	क्षेत्रहरूमा	1
हिंबपुकीमी	स्तिफनसलाई	1
साइश्‍शो	बेसरी	1
ङाक्‍मा	विलाप	1
थमा	मण्डलीलाई	1
सुइश्‍शो	हानि	1
क्‍याम्‍चा	पुर्‍याए	1
हिरशा	घरैपिच्छे	1
ओव़शा	जान्थे	1
ग्‍याइक्‍पाइश्‍शा	घिसारेर	1
ग्‍याइक्‍पाइश्‍शा	ल्याउँथे	1
चोक्‍पाइक्‍बाक्‍माक्‍त	हालिदिन्थे	1
ब्राशा	विश्‍वासीहरूले	1
गाक्‍बपुकीमी	चारैतिर	1
गाक्‍बाक्‍मा	बाँड्दै	1
लाक्‍चा	जनाबाट	1
खेरशा	चिच्‍च्याउँदै	1
सापाइक्‍बाक्‍माक्‍त	निस्किआए	1
खेरानु	पक्षाघाती	1
प्रोक्‍बाक्‍माक्‍त	लङ्गडाहरू	1
प्रोक्‍बाक्‍माक्‍त	निको	1
सापाइक्‍चा	बडो	1
का	जादुगरी	1
रागी	प्रभावशाली	1
कोंइशा	छक्‍क	1
सुंइ‍सीशो	पार्ने	1
सहर	सबैभन्दा	1
ठेयब	सानादेखि	1
सेल्‍शा	ठुलासम्मका	1
सहर	सामरीहरूले	1
तशो	भन्थे	1
सिमोनमी	जादुगरीद्वारा	1
सिमोन	पार्दै	1
शुशेमी	त्यसमाथि	1
दुम्‍शा	गर्‍यो	1
बाक्‍त	लियो	1
फिलीप	फिलिपसँगै	1
गाक्‍बा	लागिरह्‍यो	1
छक	उदेकका	1
लाक्‍बाक्‍माक्‍त	परे	1
दुम्‍तेक्‍म	गरे	1
यरूसलेममी	यरूशलेमका	1
सामरीया	उनीहरूकहाँ	1
“	आएपछि	1
सामरीया	बेलासम्म	1
मगेशो	उनीहरूमध्ये	1
ब्‍वाक्‍कुम	उनीहरूको	1
आस	उनीहरूमाथि	1
गेशो	पाईंदोरहेछ	1
गेनुङ	लाग्यो	1
मुरपुकीम	पाउन	1
तामेक्‍ल	सकोस्	1
नुन	तैँसित	1
थाप्‍शा	वरदानलाई	1
ग्‍याप्‍चा	रूपैयाँ-पैसाले	1
तांइसीब	सकिँदोरहेछ	1
मिम्‍ताक्‍‍वी	ठानिस्	1
मचाप्‍नेवे	हिस्सा	1
थुं	दुष्‍टताको	1
प्रोंइशा	प्रभुलाई	1
लेत्‍तो	चढा	1
परमप्रभुमी	कतै	1
गेबा	गरिदिनुहुन्छ	1
चोशा	देख्दछु	1
पापमी	तिक्ताको	1
चोशा	विष	1
तुइक्‍ताक्‍ङ	छस्	1
सेउ	आइनपरोस्	1
नेंपाइक्‍ने	दिई	1
थुम्‍शा	बोलेपछि	1
लेस्‍सानु	फर्के	1
यरूसलेम	दक्षिणतिर	1
लतीक	यरूशलेमदेखि	1
लां	गाजासम्म	1
लतीक	पर्दछ	1
एथीयोपीया	इथियोपियाका	1
लना	नपुंसक	1
लना	इथियोपिया	1
लना	देशकी	1
लन	रानी	1
लना	कन्दाकीका	1
लन	पदाधिकारी	1
एथीयोपीया	सारा	1
अधिकार	सम्पत्तिको	1
तशो	कोषाध्यक्ष	1
यरूसलेममी	आराधनाको	1
चढ़ेने	यरूशलेम	1
लेश्‍शो	आएका	1
बग्‍गीम	फर्कंदै	1
पढेन	पुस्तक	1
पढेन	पढिरहेका	1
फिलीप	रथको	1
दोरशा	साथ	1
जाक्‍दीम्‍माक्‍त	लाग	1
जाक्‍दीश्‍शा	फिलिप	1
यसैयामी	दौडेर	1
ब्रेक्‍शो	अगमवक्‍ताबाट	1
पढेशो	पढेको	1
रुप्‍‍नी	फिलिपले	1
पढेशो	पढिरहनुभएको	1
रुप्‍‍नी	बुझ्‍नुहुन्छ	1
मशेंथु	नबुझाएसम्म	1
ङोइक्‍पाइश्‍शा	तिनीसँगै	1
निप्‍पाइश्‍शा	बस्‍न	1
मुरुम	पढेको	1
पढेना	धर्मशास्‍त्रको	1
पढेन	खण्ड	1
भेडा	काटिने	1
क्‍योरपाइक्‍थ	थुमाजस्तै	1
लाइक्‍तेक्‍म	लगियो	1
प्रेक्‍ग‍मेनु	कत्रनेको	1
ब्‍वालेइ	मुख	1
पा	खोल्दैन	1
ठीक	विनम्रतामा	1
सेल्‍तेक्‍म	खोसियो	1
लीबा	पुस्ताको	1
खिं	जीवन	1
मुर	पृथ्वीबाट	1
सुइ	हरण	1
देंमे	बताइदिनुस्	1
पाइबमी	छन्—	1
रुप्‍पदा	बताउन	1
रुप्‍पदा	यशैयाको	1
रुप्‍पदा	खण्डबाट	1
पुंइसीनुङ	केले	1
दुम्‍बा	रोक्छ	1
फिलीपमी	इथियोपियालीले	1
ख्रुम्‍शा	रथ	1
फिलीपमी	फिलिप	1
सुइक्‍तीनी	भएको	1
ब्‍वाक्‍कुम	इथियोपियालीले	1
तिक्‍शा	रोक्‍न	1
ब्‍वाक्‍कुम	आज्ञा	1
तोइश्‍शा	फिलिप	1
कुसानु	आएपछि	1
मतवा	देखेनन्	1
थाम्‍पा	रमाउँदै	1
ग्रूदीम्‍माक्‍त	अश्दोदमा	1
ग्रूदीम्‍माक्‍त	परे	1
गाक्‍शा	नपुगुञ्‍जेलसम्म	1
गाउं	सहरहरूमा	1
जाक्‍दीम्‍माक्‍त	सुनाए	1
थमा	प्रभुका	1
खेदा	हत्याको	1
श्‍येत	धम्की	1
देंना	प्रधान	1
गाक्‍बाक्‍माक्‍त	पूजाहारीकहाँ	1
चढ़ेब	मार्गका	1
लां	या	1
ग्‍याइश्‍शा	जोसुकैलाई	1
ग्रुम्‍शा	पाऊँ	1
सहर	सभाघरहको	1
जाक्‍दीत्‍चावानु	नजिकै	1
ग्रूशा	अकस्मात्	1
फो	चम्क्यो	1
गोल्‍माक्‍त	ढले	1
पयी	गर्दैछौ	1
नेंशा	शाऊलले	1
पशो	गर्दैछौ	1
माल्‍नेवे	भनी	1
सावल	शाऊलसँगै	1
गाक्‍बपुकीमी	मानिसहरूले	1
मतथु	आवाजचाहिँ	1
ग्‍याम	देखेनन्	1
ग्‍याम	अवाक्	1
वाम	उभिरहे	1
सावल	भुइँबाट	1
पाक्‍शा	खोल्दा	1
मिक्‍च	देखेनन्	1
दमस्‍कसमी	दमस्कस	1
चाक्‍दीत्‍मे	पुर्‍याए	1
तूचा	खाए	1
प्रोना	पिए	1
देंनी	यहीँ	1
ग्‍येत्‍थ	सोझो	1
टारसस	टार्ससका	1
मालो	खोजी	1
पाइब	गर्दैछन्	1
तपाइक्‍चा	पाउन	1
कोंइतीकेमी	दर्शनमा	1
हनानीयामी	हननियाले	1
शोव़	तपाईंका	1
नेंता	पुर्‍याएका	1
ग्‍याइश्‍शा	लिने	1
अर्को	अन्यजातिहरू	1
आन	सन्तानहरूको	1
तुइक्‍पाइक्‍चा	छानिएका	1
थुम्‍ता	पात्र	1
जचा	भोग्‍नुपर्नेछ	1
तुइक्‍पाइक्‍नुङ	देखाउनेछु	1
चाक्‍शा	राख्दै	1
तशो	देखा	1
तशो	पर्नुहुने	1
येसुम	येशूले	1
सावल	शाऊलका	1
मारम	आँखाबाट	1
फारशो	पाप्राजस्ता	1
दोक्‍शा	खसे	1
जशा	खाएपछि	1
बोल	तिनमा	1
तेम्‍सीशा	ताकत	1
येसु	लिनेहरूलाई	1
ङा	बाँधेर	1
चढ़ेब	पूजाहारीहरूकहाँ	1
सावलमी	प्रचारको	1
बारपाइक्‍ना	बने	1
दमस्‍कसम	दमस्कसमा	1
लेन्‍ने	अकमक्‍क	1
मचाप्‍मे	पारिदिए	1
शेंना	बितेपछि	1
माल्‍मे	षड्यन्‍त्र	1
बाक्‍त	रचे	1
माल्‍तीमी	षड्यन्‍त्र	1
ग्रूतीक	मार्ने	1
नाक्‍त	उद्देश्यले	1
यहूदीपुकीमी	दिनरात	1
ओव़तीक	ढोकाहरूमा	1
ग्रूतीक	चेवा	1
बाप्‍बाक्‍मा	बस्थे	1
डोकोमी	पर्खालबाट	1
तोइक्‍पा	हालेर	1
प्रोक्‍पदमे	खसालिदिए	1
जाक्‍दीम्‍माक्‍त	आएपछि	1
बाक्‍चा	मिल्न	1
मसुइक्‍थु	नपत्याएर	1
मब्रामे	तिनीदेखि	1
ग्रुम्‍पदा	चेलाहरूकहाँ	1
मिनु	दमस्कसको	1
गाक्‍मेनु	शाऊलले	1
रुप्‍पाइक्‍मी	उनीहरूलाई	1
सावल	भित्र-बाहिर	1
गाक्‍माक्‍त	बोले	1
ग्रीक	ग्रिक-यहूदीहरूसित	1
लोव़	वादविवाद	1
माल्‍मे	खोजिरहे	1
चोव़दी‍शा	ल्याए	1
सामरीया	सामरियाभरिका	1
सुइक्‍बपुकी	मण्डलीमा	1
खेदा	शान्ति	1
मपुंइसीथु	छायो	1
तामे	मजबुत	1
शेंना	पुरै	1
गाक्‍शा	इलाकामा	1
लिडडा	क्रममा	1
जाक्‍दीम्‍माक्‍त	नगरमा	1
सापाइक्‍ब	पार्नुहुन्छ	1
वोतो	मिलाऊ	1
बोक्‍माक्‍त	उठे	1
शारोन	शारोनमा	1
लोव़मी	डोरकास	1
किश्‍श	नाउँकी	1
का	चेली	1
तबीता	स्‍त्री	1
सुइ	कृपापूर्ण	1
सुइ	कार्यले	1
पाइबाक्‍माक्‍त	भरिएकी	1
शुश	गरिबहरूको	1
पाइबाक्‍माक्‍त	गर्थिन्	1
तबीता	दिनमा	1
पा	परिन्	1
जाक्‍शो	योप्पाबाट	1
लिडडा	सुनेकाले	1
मुर	अनुरोध	1
रीब	विलम्ब	1
जाक्‍शा	नगरीकन	1
ब्रथ	हामीकहाँ	1
सोइक्‍तमे	आइदिनुहोस्	1
जाक्‍मेनु	आइपुगेपछि	1
तारी	कोठामा	1
तला	पत्रुसको	1
तारी	बसेका	1
पत्रुस	डोरकास	1
तबीतामी	छँदा	1
ओदेंशो	बनाएका	1
वापुकी	पोशाकहरू	1
कोंइदमे	देखाउँदै	1
आन	कोठाबाट	1
तबीता	मृतकपट्टि	1
कोव़ङानु	खोलिन्	1
तवा	देखेपछि	1
बाक्‍त	बसिन्	1
पोक्‍गा	उठाए	1
लाङगा	विश्‍वासीहरू	1
योव़शो	विधवाहरूलाई	1
ब्रेश्‍शा	डाके	1
तबीता	उपस्थितिमा	1
सेंपाइश्‍शो	प्रस्तुत	1
नेन्‍मे	योप्पाभरि	1
खिंमी	चर्मकारसँग	1
इटाली	इटालिया	1
इटाली	नामक	1
पल्‍टन	पल्टनका	1
कप्‍तानमी	यहूदीहरूलाई	1
पाइबाक्‍माक्‍त	रूपैयाँ-पैसा	1
बाक्‍बाक्‍माक्‍त	चढाइरहन्थे	1
प्रार्थना	बजेतिर	1
पची	आफूतिर	1
देंनी	हजुर	1
प्रभु	भन्‍नुहोस्	1
देंमेनु	स्वर्तदूतले	1
शिशी	गरिबहरूलाई	1
टिशो	दान	1
इ	सम्झनायोग्य	1
शिशी	बलिको	1
यावेमी	उपस्थितिमा	1
तुइश्‍शो	पुगेका	1
बाक्‍शो	चिनिने	1
पत्रुस	नामक	1
सिमोन	चर्मकारसित	1
मोदेंशो	आफूसित	1
पा	गएपछि	1
ब्रेत्‍ता	कर्नेलियसले	1
पाइब	घरका	1
मान	पुज्‍ने	1
टीब	सिपाहीलाई	1
बाक्‍माक्‍त	बोलाए	1
सां	कर्नेलियसले	1
माल्‍शा	बताएर	1
आ	बाह्र	1
योप्‍पा	बजेको	1
लमा	शहरको	1
जाक्‍दीम्‍मानु	आइपुग्दा	1
तारी	कौसीमा	1
ङोंइ‍से	उक्ले	1
ङोइश्‍शा	भोकाए	1
शोव़लु	लाग्यो	1
क्‍येन	खानेकुरा	1
क्‍येना	पकाइरहँदा	1
बाक्‍मा	तिनीले	1
रोक्‍सीशा	खुलेको	1
हाम्‍सीशा	पृथ्वीतिर	1
क्‍युक्‍सीशो	खसिरहेको	1
हाम्‍सीशा	चारै	1
क्‍युक्‍सीशो	कुनामा	1
यिशो	बाँधिएको	1
बाक्‍मा	चराचुरुङ्गीहरू	1
साइश्‍शा	मारेर	1
दिचा	कुराहरू	1
मब्‍वशो	खाएको	1
नङ	छैनँ	1
लेंशा	आयोः	1
यावे	जेलाई	1
सरीङ	आकासतिर	1
लशो	लगियो	1
पत्रुसमी	देखेको	1
मिम्‍ना	दर्शनको	1
मिम्‍न	अर्थ	1
लाक्‍शा	परिरहँदा	1
एको	कर्नेलियसले	1
मिम्‍न	पठाइएका	1
मिम्‍ना	ढोकाको	1
जाक्‍दीश्‍शा	खोज्दै	1
कोव़शा	आइपुगेका	1
बाक्‍म	सोचिरहेकै	1
जाक्‍तेक्‍मे	गर्दैछन्	1
तोइश्‍शा	उठ	1
लावो	जानदेखि	1
सोइश्‍शो	पठाएको	1
फ्रु	मानिसहरूकहाँ	1
तोइश्‍शा	ओर्ले	1
माल्‍शो	खोजिरहनुभएको	1
कली	तपाईंहरू	1
माल्‍यीनी	आउनुभएको	1
रिम्‍शो	जातिको	1
मुर	प्रसिद्ध	1
योप्‍पा	उहाँको	1
सहरमी	घरमा	1
सिमोन	ल्याऊ	1
पत्रुस	आई	1
तूचा	बस्‍न	1
गेमे	निमन्‍त्रणा	1
मिनु	भोलिपल्‍ट	1
सिजरिया	तिनीहरूसँगै	1
योप्‍पा	योप्पाका	1
लमा	तिनीसँगै	1
सिजरियामी	कैसरिया	1
वारच	नातेदारहरूसाथै	1
ब्रेश्‍शा	घनिष्‍ठ	1
पत्रुस	मित्रहरूलाई	1
कोव़शा	बोलाएका	1
ओव़चवानु	पसेपछि	1
गुप्‍शा	सम्मान	1
कोरनेलीयस	उठाएर	1
पिया	उठ्नुहोस्	1
पना	बातचित	1
पन	गरिरहँदा	1
आंइ	यहूदीले	1
खिं	भेटघाट	1
परमप्रभु	अपवित्र	1
ममिम्‍चा	देखाउनुभएको	1
ब्रेत्‍तीनीनु	बोलाइँदा	1
गिरिक‍कै	गनगन	1
ब्रेत्‍तीनी	बोलाउनुभएको	1
गाबेर	चार	1
गाबेर	दिनअगि	1
जील्‍माक्‍श	सेतो	1
फेक्‍सीशो	लगाएका	1
फो	जना	1
राप्‍शो	खडा	1
ताता	भए	1
शिशी	गरीबहरूलाई	1
गेशो	दानको	1
ब्रथ	डाकेर	1
आ	चर्मकारको	1
बिश्‍शा	बोलाउन	1
गिरिक‍कै	पठाएँ	1
नु	गनगन	1
बाक्‍ब	आइदिनुभयो	1
खुम्‍सीशा	उपस्थितिमा	1
उइक्‍थ	खोलेर	1
उइक्‍थ	भनेः	1
मतिल्‍थु	जान्दछु	1
मकोव़थु	जातिमा	1
हिंशा	धार्मिक	1
ब्राइब	व्यक्ति	1
रुप्‍ता	स्वीकारयोग्य	1
इस्राएल	इस्राएलीहरूलाई	1
ग्‍येरपाइक्‍ब	पठाउनुभएको	1
नेंपाइक्‍तु	तपाईंहरूलाई	1
नेंपाइक्‍तु	थाहै	1
ख्रीस्‍तमी	बप्‍तिस्मापश्‍चात्	1
गोशा	सारा	1
गाक्‍त	थाहै	1
यावेमी	घटनाहरू	1
प्रोंइतीमी	पीडितहरूलाई	1
हना	पार्दै	1
यहूदीया	यहूदीहरूको	1
सहरमी	दुवैमा	1
।	हौँ	1
केप्‍शा	यही	1
साइक्चा	झुण्ड्याएर	1
पुंइसाक्‍व	मारे	1
परमप्रभुमी	बिउँताउनुभयो	1
मताम	पहिले	1
गोपुकीमी	छान्‍नुभएका	1
ताइतक	साक्षीहरूकहाँ	1
रे	बौरी	1
जाइतक	खायौँ	1
तूतक	पियौँ	1
ब्रोंइशा	जिउँदा	1
बेक्‍शो	मरेकाहरूको	1
सेल्‍तु	चुन्‍नुभएको	1
पुंइसीनीम	पाओस्	1
शेंना	बताइरहँदा	1
पत्रुस	पत्रुससँगै	1
सोक्‍तीमी	अन्यजातिहरूले	1
तुइक्‍तमे	जवाफ	1
ब्‍वाक्‍कुम	पानीको	1
देंने	रोक्‍न	1
ख्रुम्‍शा	लिनू	1
ग्रुंइपदा	भन्‍ने	1
ग्रुंइपदा	आज्ञा	1
यरूसलेममी	यहूदीयामा	1
चिनु	समूहका	1
सुइक्‍बपुकीमी	तिनकोको	1
पत्रुस	आलोचना	1
मख्रोइश्‍शोपुकी	मानसिहरूसँग	1
जवी	खानुभयो	1
पोक्‍ब	विस्तृत	1
खुप्‍शा	वर्णन	1
रुप्‍पाइक्‍चा	भनेः	1
पन	गरिरहेको	1
कोंइताक्‍यी	देखेँ	1
हाम्‍सीशा	ठूलो	1
क्‍युक्‍सीशो	तन्‍ना	1
खप	तलतिर	1
यिशो	झरिएको	1
मब्‍वचा	पृथ्वीको	1
मब्‍वचा	जनावरहरू	1
खोते	आकासमा	1
खोते	उड्ने	1
’	मलाईं	1
नमी	मुखमा	1
मब्‍वशो	परेकै	1
देंती	छैनन्	1
सरीङ	उत्तर	1
लत	उठाइ	1
ब्रथ	बसको	1
बाक्‍शो	उभिरहेका	1
ममिम्‍थु	मलाईं	1
लावो	जानु	1
नमी	विभेद	1
लती	दिनुभयो	1
ओव़तक	गयौँ	1
ओव़शा	उभिरहेको	1
कोरनेलीयसमी	देखेका	1
ब्रथ	फर्काएर	1
शेंब	बताउने	1
ब्रोंइशा	बचाइनेछौ	1
खुम्‍सीशा	तिनिहरूसँग	1
शेंदुनु	थालेँ	1
पिंचा	सुरुमा	1
पुंइसाक्‍म	हामीमाथि	1
ति	सम्झेँ	1
ख्रीस्‍त	ख्रीष्‍टमाथि	1
पुंइसाक्‍य	दिनुभयो	1
पत्रुसम	तिनीहरूले	1
पोक्‍शो	प्रतिकृया	1
साम्‍शा	जनाएनन्	1
इं	गैर-यहूदीहरूलाई	1
खेदा	मृत्युसँगै	1
प्रोक्‍शा	कष्‍ट	1
प्रोक्‍शा	भोगिरहेका	1
फोनीसीया	यरूशलेमबाट	1
फोनीसीया	छरपस्ट	1
फोनीसीया	फोनेसिया	1
एन्‍टीओक	एन्टिओखियासम्म	1
लोव़	नबताई	1
साइरेनी	कुरेनीबाटका	1
जाक्‍दीश्‍शो	ग्रिकहरूसँग	1
ग्रीस	बोले	1
गेवा	हात	1
हिरदमे	प्रभुतिर	1
एन्‍टीओक	बारेको	1
सहरमी	खबर	1
सुइक्‍बपुकीमी	मण्डलीको	1
नेन्‍मे	कानमा	1
रुप्‍थ	एन्टिओखियासम्म	1
यावेमी	वरदानलाई	1
मप्रोंइचा	रहिरहन	1
परमप्रभु	बारनाबास	1
ब्रीशा	भरिएका	1
सुइक्‍बाक्‍माक्‍त	परिपक्‍व	1
माल्‍थ	खोज्‍नका	1
टारसस	टार्ससतिर	1
थिश्‍शा	भेटाए	1
बर्स	वर्षभरी	1
सहरमीन	पहिलोपल्ट	1
ख्रीस्‍तीयन	ख्रीष्‍टियान	1
जचा	आउन	1
लोव़	आत्माले	1
पिप	क्लाउडियसका	1
सासनम	दिनहरूमा	1
अन्‍काल	सक्‍ने	1
सोइक्‍तमे	एल्डरहरूकहाँ	1
खेदा	हाल्न	1
ग्‍याइश्‍शा	समूहका	1
क्‍योरपा	मारे	1
हेरोदमी	यहूदीहरूलाई	1
यहूदीपुकी	पारेको	1
ग्‍येरसीनीम	देखेपछि	1
राप्‍पाइक्‍चा	पक्रेपछि	1
चोक्‍शा	हाले	1
४	सुरक्षा	1
जना	सैनिक	1
पालो	दललाई	1
पालो	खटाए	1
पास्‍सा	निस्तार	1
चाड	चाडपछि	1
वोइक्‍पदा	मनिसहरूका	1
वोइक्‍पदा	ल्याउने	1
चोक्‍सीशा	हालिए	1
कोव़ङीने	समूहले	1
सोइक्‍तीने	यत्‍नपूर्वक	1
राप्‍पाइक्‍चा	खोजेको	1
देंशो	अघिल्लो	1
पाइश्‍शा	सिपाहीका	1
सिपाही	बिचमा	1
दातेम	बाँधिएर	1
इप्‍पाइश्‍शो	सुतिरहेका	1
लाप्‍चो	ढोकाको	1
खाल	पहरेदारहरूले	1
पाइबपुकी	झ्यालखानाको	1
बाक्‍मा	दिइरहेका	1
स्‍वर्ग	प्रभुका	1
तांइसे	चम्क्यो	1
बोक्‍को	कोखामा	1
चुशा	हिर्काएर	1
पोक्‍गा	तिनलाई	1
छुल	छिटो	1
गुइमी	हातहरूबाट	1
बुइश्‍शा	झरे	1
किप्‍शुर	कपडाहरू	1
मुंइ‍सो	लगाऊ	1
किप्‍शा	वस्‍त्रहरू	1
रुक्‍शा	लगाऊ	1
खोइश्‍शा	पछयाए	1
पत्रुसमी	स्वर्गदूतले	1
एको	काम	1
कोंइतीक	वास्तविक	1
तना	पत्रुसलाई	1
कोठा	दर्शन	1
ग्रूङा	देखिरहेको	1
लाक्‍शा	पार	1
लाक्‍शा	सकेपछि	1
फलाम	डोर्‍याउने	1
ठेयब	फलामे	1
रोक्‍से	खोलियो	1
गाक्‍सा	तलतिरको	1
ब्रङ	पत्रुस	1
तुइक्‍ता	होशमा	1
प्रोंइथ	कुराबाट	1
प्रोंइयी	छुटकारा	1
यूहन्‍ना	उपनाउँ	1
ममा	यूहन्‍नाकी	1
जाक्‍शा	उनले	1
पदा	ढकढक्याए	1
रोदा	रोधा	1
कोव़थ	एकजना	1
लाङगा	केटी	1
ख्रोकोल	खोल्न	1
नेंशा	चिनिन्	1
पत्रुस	आनन्दले	1
जाक्‍माक्‍त	भरिएर	1
मरोक्‍थु	खोल्नै	1
फ्रा	भुलिन्	1
लेश्‍शा	कुद्दै	1
फ्रा	आइन्	1
कका	ढोकानिर	1
माइक्‍मी	सुनाइन्	1
निप्‍स	बहुलाएकी	1
मसुदमे	जिद्दी	1
ख्रोकोल	ढकढक्याइरहे	1
कोव़ङमेनु	खोले	1
ओव़शा	तिनीहरूलाई	1
नेनीन	रहन	1
हिक्‍शा	इसारा	1
जेल्‍खान	कैदबाट	1
प्रोंइशा	ल्याउनुभयो	1
नेंपतीन	बताइदेओ	1
नेंपतीन	छाडे	1
है	ठाउँतिर	1
जेल्‍खानमी	उज्यालो	1
वाइ	सिपाहीहरूको	1
खाल	कम्ति	1
पाइबपुकीमी	उत्तेजना	1
बाक्‍त	भएन	1
मथिदमे	हेरोदले	1
थिन्‍ने	भेटाउन	1
मचाप्‍शो	नसकेपछि	1
पिपमी	पहरेदारहरूलाई	1
हिक्‍सी	मृत्युदण्डको	1
सिजरिया	कैसरियामा	1
याक्‍सीशा	झरे	1
याक्‍सीशा	त्यहीँ	1
टायर	सीदोन	1
सीदोन	टुरोसका	1
चुरमाक्‍त	रिसाएका	1
जाक्‍मा	सँगै	1
बाक्‍य	सहयोग	1
सेउ	राजाका	1
पदमे	सहायक	1
पदमे	बलस्तसलाई	1
हेरोद	बिन्ती	1
हना	देशले	1
मचाक्‍थु	खाद्यान्‍न	1
मजाक्‍दीम्‍माक्‍त	गर्दथ्यो	1
पिप	तोकिएको	1
रकारी	राजकीय	1
फेक्‍शा	पहिरिएर	1
नेंपाइक्‍मी	भाषण	1
ममाइ	अवाज	1
मपथु	नदिएका	1
आंमान	प्रभुका	1
पपदा	प्रहार	1
हेरोद	किरा	1
लुस्‍पु	परेर	1
दुम्‍मा	गुणात्मक	1
चोव़ने	मिसन	1
एन्‍टीओक	आफूसँगै	1
लेस्‍सानु	जसको	1
एन्‍टीओक	एन्टिओखियाको	1
क्‍येर	नाइजर	1
सिमियोन	भनिन्‍थ्यो	1
क्‍येर	लुसियस	1
मानाएन	मनेन	1
लुसीयस	पालनपोषण	1
हेरोद	हेरोदसँगै	1
लुसीयस	हुर्किएका	1
मानाएन	)	1
सोइक्‍तीने	बोलाएको	1
मिनु	सभाले	1
माइजा	मानिसहरूमाथि	1
बाक्‍शा	हातहरू	1
सोक्‍तीमी	शाऊल	1
सोइक्‍तीके	बारनाबासले	1
एन्‍टीओक	माने	1
जाक्‍दीस्‍सा	सिलुसियामा	1
टापु	टापुतिर	1
सलामीस	सलामिस	1
एन्‍टीओक	सहायताका	1
मर्कूसमी	मर्कूस	1
पस	उनीहरूसँगै	1
साइप्रस	पुरै	1
हिरशा	पार	1
बार-येसु	पाफोस	1
चटक	पुगेपछि	1
जाक्‍दीम्‍मा	अगमवक्‍तालाई	1
।	जसको	1
ग्रुम्‍मे	बार	1
सेरगीयस-पावल	त्यहाँको	1
खिंमी	सर्गियस	1
बाक्‍बाक्‍माक्‍त	पौलससँग	1
जोक्‍ब	विद्वान	1
नेंनुङ	सुन्‍न	1
चटक	इलुमास	1
कोंइब	ले	1
बार-येसु	विरोध	1
ग्रीक	अनुवाद	1
बारनाबास	सर्गियस	1
सुइक्‍चशो	पौलसलाई	1
मसुतीन	फर्काउन	1
हुकुम	प्रयास	1
देंनीमी	भनिन्छ	1
ङा	लाएर	1
तौ	शत्रु	1
दाक्‍नेवे	तैले	1
थुं	बाटोलाई	1
?	बड्ग्याउन	1
बाक्‍ते	छोड्दैनस्	1
प्रभुमी	छोड्छस्	1
दुम्‍शा	हेर्	1
मताइनेवे	हात	1
हुइक्‍ता	तँमाथि	1
मताइनेवे	हुनेछस्	1
मताइनेवे	घाम	1
मताइनेवे	छैनस्	1
देंम	बाक्लो	1
चोटीन	तुवाँलो	1
चटक	अन्धकारले	1
कोंइब	एलुमासलाई	1
मिक्‍च	ढाक्यो	1
लां	डोर्‍याइदिऊन्	1
कोंइब	यताउति	1
माल्‍दा	गर्न	1
लाक्‍माक्‍त	शिक्षाबारे	1
पाफोस	पाफोसबाट	1
सहरमी	पानीजहाजमा	1
समुन्‍द्र	पाम्फिलियाको	1
लेम्‍माक्‍त	फर्के	1
पेरगा	साथीहरू	1
पेरगा	पर्गाबाट	1
सहरमी	पिसिदियाको	1
जाक्‍दीस्‍सा	एन्टीओखियामा	1
ग्रुम्‍तीक	सभा	1
मोसा	व्यवस्था	1
पढेपा	पढिसकेपछि	1
नेंपाइक्‍ने	सभाघरका	1
बारनाबास	अगुवाहरूले	1
शेंशा	तपाईंहरूसँग	1
शेंदीसे	भन्‍नुहोस्	1
नेनीन	इसारा	1
नेनीन	सुन्‍नुहोस्	1
योव़शा	चुनेर	1
इजीप्‍त	मिश्रदेशमा	1
बाक्‍मानु	रहँदा	1
बोशा	बढाउनुभयो	1
जात	उचालिएको	1
दुम्‍पाइक्‍मी	बाहुलीद्वारा	1
गोरशो	झण्डै	1
मटिम्‍तेक्‍म	उजाड	1
पाइक्‍मी	सहनुभयो	1
कनान	कनानमा	1
साइश्‍शा	नास	1
पिपी	भूमि	1
गेवा	उत्तराधिकारका	1
४	हुन	1
सहे	चारसय	1
वोदा	अवधिमा	1
सामुएल	समयसम्म	1
अधिकार	न्यायकर्ताहरू	1
पालामी	मानिसहरूले	1
पुन्‍मे	माग	1
बेन्‍यामीन	बेन्यामिन	1
कीश	किशका	1
कली	चालिस	1
सेला	वर्षसम्मको	1
तिल्‍शा	राजाबाट	1
दाऊद	हटाउनुभएपछि	1
पिप	दाऊदलाई	1
येस्‍से	यिशैका	1
मिम्‍ब	हृदयअनुसारका	1
गारब	पाएँ	1
प्रोंइब	यिनै	1
का	मानिसका	1
सोइक्‍नुङ	सन्तानहरूबाट	1
सोइक्‍नुङ	गर्नुभएअनुसार	1
रे	ल्याउनुभएको	1
शेंचा	आउनुभन्दा	1
ग्रुंइब	थाल्यो	1
शेंदानु	यूहन्‍नाले	1
में	विचार	1
जाक्‍चशो	सुन	1
जुत्ता	मपछि	1
प्रुइक्‍चा	एकजना	1
बाप्‍शा	आउँदैहुनुहुन्छ	1
जुत्ता	खुट्टाको	1
प्रुइक्‍चा	तुना	1
आ	वंशका	1
बाक्‍तीनी	तपाईंहरूमध्ये	1
ब्रोंइतीक	मुक्तिबारेको	1
नेंपाइक्‍ब	हामीहरूलाई	1
नेंपाइक्‍ब	पठाइएको	1
बाक्‍बपुकी	बस्‍नेहरू	1
प्रोंइब	वास्तमै	1
मरुबेम	चिनेनन्	1
नाक्‍त	पढिने	1
रुप्‍‍ने	अगमवक्‍ताहरूको	1
रुप्‍‍ने	आवजलाई	1
मचबेम	बुझे	1
गेम्‍तेक्‍म	दण्डको	1
नेल्‍ल	भविष्यवाणीलाई	1
मचाप्‍तेक्‍म	दण्डका	1
ग्रुंइने	नभेट्टाए	1
पुंइसीब	माग	1
दुम्‍पाइक्‍तेक्‍म	गरे	1
साइश्‍शा	रुखबाट	1
फ्रुप्‍शा	ओराले	1
थिम्‍तेक्‍म	राखे	1
यरूसलेम	यरूशलेमसम्म	1
तपांइसाक्‍व	देखापर्नु	1
ब्रोंइशो	मानिसहरूका	1
मिक्‍चीमी	उहाँका	1
शेंनीकी	ल्याएकाछौँ	1
ब्रेक्‍पाइश्‍शो	मृत्युबाट	1
ब्रेक्‍पाइश्‍शो	पार्नुहुँदा	1
ब्रेक्‍पाइश्‍शो	सन्तानहरूका	1
ब्रेक्‍पाइश्‍शो	पुरागरिदिनुभयो	1
भजन	दोस्रो	1
संग्रह	भजनमा	1
कामी	छः	1
मराक्‍चा	नकुहोस्	1
सेंसीशो	तथ्यबारे	1
पर्बम	बोल्नुभएको	1
मगेनीनी	भजन	1
तौ	जनलाई	1
राक्‍चा	कुहिन	1
संग्रह	दिनुहुनेछैन	1
आंम	उनको	1
पर्बम	पुस्तामा	1
सासन	सेवा	1
बेक्‍शा	मृत्य	1
किकी	पितापुर्खाहरूसँगै	1
पुंइसीशा	राखियो	1
राक्‍शा	शरीर	1
ल‍माक्‍त	कुहियो	1
रे	उहाँलको	1
सेंताक्‍व	कुहिएन	1
येसुमी	मानिसद्वारा	1
क्‍याम्‍शा	क्षमाको	1
क्‍याम्‍चा	थोकहरूबाट	1
पुंइसीनीम	ठहरिइन्छ	1
पाप	मोशाको	1
मपथु	ठहराउन	1
बाक्‍शो	थिएन	1
पाइबमी	आइनपरोस्	1
ए	घृणा	1
लाक्‍चा	पर	1
लने	भइजाओ	1
इन	तिमीहरूलाईं	1
गाक्‍चाम्‍सेनु	बारनाबास	1
नेंबपुकीमी	अर्को	1
नाक्‍ती	बोलिदिनुहोस्	1
गाक्‍सानु	सभाघरको	1
गाक्‍सानु	सभा	1
गाक्‍सानु	अन्त्य	1
धर्म	मत	1
मानेब	मान्‍ने	1
शुशेमी	भक्तहरू	1
मेरे	रहिरहन	1
देल्‍मा	भेलाभएको	1
चोव़मे	डाहले	1
शेंदानु	बिरुद्धमा	1
जिचा	अपमान	1
नेंपाइक्‍चा	बोल्नु	1
मनेंनीनी	तपाईंहरूबाट	1
नोफा	धकेलिएको	1
मताइनीनी	गर्नदेखि	1
जाम्‍शा	अयोग्य	1
लाइनीकी	तुल्याउनुभएको	1
शेंथ	तर्फ	1
गाक्‍नस्‍कु	फर्केनेछौँ	1
सोइक्‍ताक्‍ङ	राखेकोछु	1
रुप्‍पाइक्‍चा	छेउसम्म	1
दुम्‍शा	मुक्ति	1
रुप्‍पाइक्‍चा	ल्याउनु	1
योव़शोपुकीमी	नियुक्त	1
ख्रीस्‍त	गरिएका	1
ख्रीस्‍त	क्षेत्रभरि	1
मानेब	भक्त	1
सहर	साथ-साथै	1
सरकार	सहरका	1
आस	दण्डित	1
रे	सिमाना	1
बाक्‍त	कटाए	1
फुरकु	बारनाबासले	1
ताइश्‍शा	टकटक्याए	1
प्रिंचा	भरपुर	1
आइकोनीयम	आइकोनियममा	1
सहरमी	आइसकेपछि	1
ग्रीक	ग्रिकहरू	1
शुशेमी	दुवैका	1
रागी	मनहरूलाई	1
पोक्‍शा	खल्बल्याइदिए	1
हिरपा	दाजुभाइहरूको	1
पचा	तितो	1
गोव़मे	बनाइदिए	1
पावल	अनुग्रहको	1
पावल	सन्देशको	1
बारनाबास	प्रमाण	1
बारनाबास	दिनुभएकाले	1
शेंना	शक्तिमा	1
शेंन	सहासपूर्वक	1
बाक्‍सा	बोल्दै	1
शेंदसेनु	बारनाबासका	1
प्रभुमी	हातहरूद्वारा	1
ङा	अधिकांश	1
यहूदीपुकी	यहूदीहरूका	1
हुकुम	गौरयहूदीहरू	1
गारशा	दुवैले	1
आप्‍शा	बारनाबासलाई	1
मसाइक्‍थु	दुर्व्यवहार	1
पावल	थाहापाएपछि	1
लाइकाओनीया	लुकोनिया	1
लाइकाओनीया	वरिपरिका	1
लसा	भागेर	1
गाक्‍सा	गरिरहे	1
सहरमी	एकजना	1
जरमेसे	बसिरहेको	1
मदुक्‍ब	शक्तिहीन्	1
गाक्‍ने	गर्भमै	1
जरमेसे	लङ्गडो	1
गाक्‍ने	कहिलै	1
मचाप्‍ब	हिँडेको	1
थाम्‍पा	सुन्यो	1
दाइश्‍शा	एकटक	1
नेंशो	हेरे	1
साबाक्‍ती	मानिसमा	1
दे	हुनसक्‍ने	1
दे	देखे	1
राप्‍शा	उफ्रियो	1
मिनु	भिडले	1
लाइकाओनीया	स्वर	1
देल्‍शोपुकीमी	उच्‍चालेर	1
लाइकाओनीया	लुकोनियाको	1
देवता	देवहरू	1
काथा	ओर्ली	1
बाक्‍सा	आएछन्	1
जिउस	जिउस	1
हना	प्रमुख	1
वोदमे	वक्ता	1
ओव़तीक	जिउसका	1
नेक्‍था	पूजाहारी	1
थान	मन्दिर	1
सेल्‍शो	बाहिरपट्टि	1
चढ़ेबमी	भिडले	1
चढे़चा	ढोकामा	1
फू	फूलका	1
चाक्‍पाइक्‍मी	मालाहरू	1
चाक्‍पाइक्‍मी	चढाउन	1
बारनाबास	प्रेरित	1
दोरशा	कराउँदै	1
जाक्‍दीस्‍सा	भीडतिर	1
पचानी	तपाईंहरूले	1
पचानी	गरिरहनु	1
देवता	तपाईंहरूजस्तै	1
मनस्‍कु	भावना	1
नस्‍कु	मानव	1
कका	जाति	1
नस्‍कु	अर्थविहीन्	1
हिरदीने	परमेश्‍वरतिर	1
तुइक्‍तीने	बनाउनु	1
साइ	विगतका	1
दला	मार्गमा	1
दाक्‍स	हिँड्न	1
गेशो	अनुमति	1
दला	गवाहीबिना	1
दाक्‍स	छोड्नु	1
रेउ	स्वर्गबाट	1
यिपा	वर्षा	1
यिपा	फलदायी	1
वापा	ऋतुहरू	1
बाक्‍चा	तपाईंहरूका	1
गेशो	भर्नुभएको	1
देवता	वचनहरूले	1
जारशा	भिडलाई	1
ममाल्‍ब	गर्नबाट	1
देंसानु	बढो	1
हेरर	मुस्किलले	1
हेररा	रोके	1
आइकोनीयम	आइकोनियमबाट	1
जाक्‍मा	भिडहरूलाई	1
क्रोम्‍पदमे	हाने	1
बेक्‍त	मरेछ	1
लाइश्‍शा	घिसार्दै	1
राम्‍मानु	उभिरहँदा	1
लेम्‍माक्‍त	पसे	1
बारनाबास	बारनाबाससँग	1
डेरबे	डर्बीतिर	1
मुरुमी	चेलाहरू	1
सुदमे	बनाएपछि	1
लशा	तिनीहरू	1
पिसीदीया	एन्टिओखियामा	1
एन्‍टीओकमी	फर्किए	1
दुम्‍त	बनाउँदै	1
मप्रोनीन	रहिरहनका	1
खोइल	उत्साहित	1
थेक्‍शा	दिने	1
बाक्‍कीने	लागिरहे	1
जचा	सातवटहरूबाट	1
ओव़चा	पस्‍नुपर्छ	1
शेंब	समूहमा	1
वोइक्‍ना	नियुक्त	1
गाक्‍शा	पिसिदिया	1
शेंशा	बोलेपछि	1
अत्‍तलीया	अटालियातिर	1
जाक्‍दीस्‍सा	झरे	1
शेंथ	चढेर	1
योव़शो	एन्टिओखियातिर	1
जिम्‍मा	अनुग्रहमा	1
गेशा	गरिएका	1
जाक्‍शा	एन्टिओखियामा	1
जाक्‍शा	आइपुगेपछि	1
थमा	सभा	1
आं	गर्नुभएका	1
ब्रोंइतीक	ढोका	1
सुइक्‍पा	खोलिदिनुभयो	1
ब्रोंइतीक	सोबारे	1
एन्‍टीओकमी	भाइहरूलाई	1
जाक्‍मा	सिकाए	1
साइ	जबसम्म	1
देंशो	विधिअनुसार	1
चिनु	गर्नुहुन्‍न	1
मपाइतीनी	तबसम्म	1
ब्रोंइचा	बाँच्‍न	1
मताइनीनी	सक्‍नुहुन्‍न	1
ग्‍याल्‍माक्‍त	विवाद	1
पावल	प्रश्‍नलाई	1
सोइश्‍शोपुकी	प्रेरित	1
ग्रुम्‍तीके	एल्डरहरूकहाँ	1
पथ	भाइहरूले	1
सोइक्‍तमे	निर्णय	1
पुंइसीशोपुकी	मण्डलीद्वारा	1
एन्‍टीओक	पठाइए	1
फोनीसीया	फोनिसिया	1
नेंबपुकी	दाजुभाइहरूमा	1
ग्‍येरसमा	आनन्द	1
खाल्‍पा	एल्डरहरूद्वारा	1
मान	गरियो	1
बाक्‍मा	दलबाट	1
लोव़सी	विचार	1
पमुमानु	छलफलपछि	1
गोवानु	अगाडि	1
अर्को	तपाईंहरूको	1
मुर	छनौट	1
शेंशा	थाहै	1
योव़ती	गैरयहूदीहरूले	1
सुइक्‍पाइक्‍थ	गरून्	1
तुइक्‍ब	जान्‍नुहुने	1
गेप्‍तु	दिनुहुन्छ	1
तशा	गर्नुभएर	1
सुइक्‍तीकेमी	भेदभाव	1
बाक्‍नीकी	गर्नुभएन	1
लाइ	हामीहरूले	1
मेको	नसकेको	1
कुरने	जुवा	1
लाक्‍शा	चेलाहरूको	1
कुरपाइक्‍चा	घाँटीमा	1
दुम्‍बा	राख्‍नैपर्छ	1
सुइक्‍तय	गर्दछौँ	1
सुइक्‍तय	बचाइनेछौँ	1
दुम्‍तेक्‍म	बचाइए	1
पालो	बारनाबासद्वारा	1
पपदा	विवरण	1
पपदा	सुनिरहँदा	1
तुइक्‍पदसे	चुपचाप	1
बाक्‍त	रह्‍यो	1
थुम्‍से	छोडेपछि	1
योव़शा	तिनीहरूबाटै	1
सेल्‍तु	लिनलाई	1
सेल्‍तु	कृपादृष्‍टिकासाथ	1
तुइक्‍पाइक्‍तु	बताएका	1
अर्को	यससँग	1
दाऊदमी	दाऊदको	1
सेल्‍पाइश्‍शो	ढलेको	1
ब्रेश्‍शो	पाल	1
नेल्‍ल	भग्‍नावशेषहरूलाई	1
नक	उठाउनेछु	1
सेल्‍शा	फेरी	1
वोइक्‍नुङ	पुनर्स्थापित	1
मुरपुकीमी	लगायत	1
तुइश्‍शा	नाउँद्वारा	1
दुम्‍मल	प्रभुलाई	1
पाइक्‍नुङ	खोज्‍न	1
’	गर्नुहुने	1
मिम्‍चा	परमेश्‍वरतिर	1
माल्‍नय	फर्कने	1
मगेचा	दिनुहुँदैन	1
मजचा	लेख्छौँ	1
तेल्‍लेम	मूर्तिहरूको	1
मपचा	अशुद्धताबाट	1
मब्‍वचा	रगतबाट	1
परमप्रभुमी	सहरमा	1
ब्रेक्‍पाइश्‍शो	व्यवस्थाका	1
तुइक्‍नीम	सबाथमा	1
नाइक्‍तीक	पुस्तौंदेखि	1
तुइक्‍नीम	पढ्दै	1
तुइक्‍नीम	आएका	1
याकूब	मण्डलीका	1
बिस्‍समा	अगुवाहरू	1
बाक्‍त	यहूदा	1
ब्रेक्‍शा	बरसाबास	1
चिठी	सिलासलाई	1
चोव़थ	छानेर	1
सोइक्‍चा	पठाउने	1
सल्‍ला	प्रेरितहरू	1
बिस्‍समा	एल्डरहरू	1
बिस्‍समा	मण्डलीसहितलाई	1
चिठीम	लेखे	1
सिलीसीया	किलिकियामा	1
नेंतक	नगरेका	1
क्‍याल्‍तेक्‍म	दु	1
क्‍याल्‍तेक्‍म	खित	1
नेंतक	खालका	1
सोइश्‍शो	शिक्षाहरू	1
कुरब	छानेर	1
।	लाग्यो	1
महिंब	जोखिममा	1
बाक्‍नीसी	पारेका	1
तुइक्‍पाइक्‍नीसी	पठाएका	1
तुइक्‍नीनी	बताउनेछन्	1
रुप्‍पाइक्‍चा	बढि	1
चहिं	नबोकाउन	1
शेंनीकी	लाग्यो	1
चढ़ेशो	चढाइएका	1
मजचा	बलिदानका	1
मब्‍वचा	कुराहरू	1
मब्‍वचा	रहनुहोस्	1
मचुइक्‍थु	कुराहरूबाट	1
श्‍ये	अलग	1
टीतीनी	राख्‍नुभयो	1
दुम्‍नीनी	भलो	1
यरूसलेम	बिदा	1
ब्रेश्‍शा	तिनीहरूलेभिडलाई	1
चिठी	पारेपछि	1
पढेशा	उत्साहको	1
निक्‍शीमी	भएकोले	1
लोव़	वचनहरूद्वारा	1
यरूसलेम	भाइहरूको	1
लेत्‍ची	पठाउनेहरूकहाँ	1
लेत्‍ची	शान्तिसाथ	1
लेम्‍माक्‍त	पठाइयो	1
उइ	टिप्पणी	1
बाक्‍नुङ	:	1
चहिं	सबैभन्दा	1
एक	उत्तम	1
उइ	प्राचीन	1
सिलास	पाण्डुलिपिहरूले	1
सिलास	३४	1
चहिं	पदलाई	1
एक	छोडेका	1
एक	प्रेरित	1
उइ	१५	1
सिलास	४०	1
बाक्‍नुङ	सिमोनलाई	1
एन्‍टीओकम	अरु	1
बाक्‍शा	धेरैकासाथ	1
बाक्‍शा	बसे	1
पाइक्‍न	जहाँउनी	1
काबु	दिनपछि	1
ते	जाऔँ	1
मेक	सहरका	1
थमा	भाइहरूलाई	1
सुइक्‍बपुकी	भेटौँ	1
कोव़थ	कस्ता	1
”	छन	1
कोव़थ	हेरौँ	1
लाइश्‍शा	लैजान	1
लस	चाहन्थे	1
मलाइक्‍चा	मर्कूसलाई	1
बाक्‍मानु	पाम्फिलियामा	1
पाम्‍फीलीया	छुट्टिएर	1
बाक्‍‍माक्‍त	गएनन्	1
मगारथु	असहमति	1
जिशा	एकअर्काबाट	1
ब्रासा	छुट्टिए	1
ङोइश्‍शा	साइप्रसतिर	1
साइप्रस	समुद्रयात्रा	1
योव़ङा	छाने	1
सुइक्‍बपुकीमी	भाइहरूद्वारा	1
सिलास	अनुग्रहमा	1
कोव़ङल	सुम्पिएपछि	1
सोइक्‍तमे	बिदा	1
मेकेर	मण्डलीहरूलाई	1
बारपदसे	बलियो	1
मिनु	पावल	1
ग्रुम्‍से	चेला	1
तिमोथी	एउटी	1
जात	स्‍त्रीका	1
आफ	बाबुचाहिँ	1
आइकोनीयम	आइकोनियमका	1
तिमोथी	तिमोथीका	1
देंबाक्‍मा	भन्थे	1
तिल्‍शा	तिमोथीलाई	1
ख्रोइक्‍पदा	लान	1
ख्रोइक्‍पदा	इलाकाहरूमा	1
गाउं	सहरहरूको	1
गाक्‍शा	गर्दैजाँदा	1
सोइश्‍शोपुकी	प्रेरितहरूले	1
खाल्‍पा	लेखेर	1
नेंपा	मण्डलीहरू	1
बारपदमे	बलियो	1
तेम्‍सीशा	प्रतिदिन	1
तेम्‍सीशा	संख्यामा	1
दुम्‍मा	गइरहे	1
एसीयामी	मनाही	1
रागी	क्षेत्रहरू	1
माइसीया	माइसियाको	1
बिथीनीया	बिथिनिया	1
मगेमी	रोक्‍नुभयो	1
माइसीया	माइसियाहुँदै	1
ब्रुप्‍शा	जाँदा	1
जाक्‍दीम्‍मा	झरे	1
ङा	एकजना	1
,	गर्नुहोस्	1
सासाक्‍क	देखेपछि	1
शेंथ	बोलाउनुभएको	1
नेल्‍लेमी	निष्कर्ष	1
रुप्‍तक	निकालेर	1
सोइक्‍ता	बाटोतर्फ	1
रुप्‍तक	लाग्यौँ	1
त्रोआस	त्रोआसबाट	1
सामोथ्रेस	सोझै	1
टापु	सामोथ्रेकको	1
सहरमी	नियापोलिस	1
फिलिप्‍पी	रोमी	1
मासीडोनीया	उपनिवेशको	1
फिलिप्‍पी	जिल्लाको	1
सहरमी	फिलिप्पी	1
।	जुनचाहिँ	1
रे	ढोकाबाट	1
लाइतक	पुग्यौँ	1
बुक्‍तीक	ठाउँ	1
जाक्‍दीत्‍तक	ठान्यौँ	1
जाक्‍दीक्‍कानु	बस्यौँ	1
थित्‍तक	स्‍त्रीहरूसँग	1
थित्‍तक	गर्‍यौँ	1
नेंब	थिआटिरा	1
पसल	बसोबास	1
दाइक्‍ब	लिडिया	1
थिआटीरा	वैजनी	1
लिडीया	व्यापारी	1
ठेयब	गर्थिन्	1
बाक्‍बाक्‍माक्‍त	सुनिन्	1
थम	ध्यानपूर्वक	1
नेंतु	सुनून्	1
गेप्‍तु	खोलिदिनुभयो	1
ग्रुंइचा	परिवार	1
ब्‍वाक्‍कुम	सबैजनालाई	1
लिडीयामी	दिएपछि	1
लिडीयामी	गरिन्	1
प्रभु	प्रभुप्रति	1
मिम्‍ताक्‍यीनी	ठान्‍नुहुन्छ	1
जाक्‍कीन	बस्‍नुहोस्	1
माइक्‍तीकी	मनाइन्	1
पथ	स्थानतर्फ	1
खोला	जाँदै	1
काबु	जोखना	1
वाइलीम	हेर्ने	1
मोपा	जोखना	1
होव़प	हेरेर	1
गेबाक्‍माक्‍त	कमाइदिन्थी	1
ग्रुम्‍शा	पावल	1
खोइश्‍शा	लागी	1
गाक्‍ब	मुक्तिको	1
मोदेंशा	गरिरही	1
काबु	झिजो	1
नोले	पछाडितिर	1
थिशा	तँलाई	1
,	आज्ञा	1
खेरतु	गयो	1
होव़पपुकीमी	स्‍त्रीका	1
क्‍येट	मालिकहरूले	1
का	कमाइको	1
मतामे	आशा	1
चुरशा	गुम्‍नेभयो	1
दिंम	बजारमा	1
चाक्‍शा	अधिकारीहरूका	1
राप्‍पाइक्‍तेक्‍म	लगे	1
“	सिलासलाई	1
एको	न्यायाधीशहरूकहाँ	1
नसी	ल्याएर	1
जाक्‍शा	समस्या	1
ऐन	यिनीहरूले	1
कानुनम	कानुन	1
दूली	शिक्षाहरू	1
शेंशा	सिकाइरहेका	1
रोमी	रोमीहरूका	1
कानुनम	ग्रहण	1
पपाइक्‍चा	योग्यका	1
एर	मानिसहरूको	1
पाम्‍तेक्‍म	खनिए	1
प्रुइश्‍शा	च्यातिदिए	1
फेक्‍शो	लहुराले	1
कोक्‍केम	हिर्काउने	1
तुप्‍पाइक्‍तेक्‍म	आदेश	1
तुप्‍शा	पिटेपछि	1
जेल्‍खानमी	सिलासलाई	1
चोक्‍चा	हालिदिए	1
जेल्‍खान	उनीहरूमाथि	1
चोक्‍पाइश्‍शा	निगरानी	1
वोतो	राख्‍न	1
लाइश्‍शा	थुने	1
ठेंङरो	खुट्टाहरू	1
थोक्‍शा	ठिँगुरामा	1
वोइक्‍पदा	हालेर	1
वोइक्‍पदा	बाँधे	1
सिलासमी	सिलास	1
सिलासमी	परमेश्‍वरसँग	1
सेल्‍से	गाउँदै	1
जेल्‍खानमी	कैदीहरूले	1
नेन्‍मे	सुनिरहेका	1
मिनु	अचानक	1
कुशा	गयो	1
जग	जगहरू	1
हिम्‍पदा	हल्लिए	1
ख्रिनुमी	तुरन्तै	1
हिम्‍दानु	झ्यालखानाका	1
जेल्‍खानमी	खोलिए	1
ठेंङरो	खोलिए	1
दुम्‍मेनु	ब्युँझिए	1
ग्री‍चोक	ढोकाहरू	1
छुल	खुल्ला	1
प्रोक्‍शा	कैदीहरू	1
पङा	भागिसके	1
ग्रि	निकालेर	1
शोइश्‍शा	मार्नै	1
क्‍योरसीचशो	चर्को	1
तशा	सोरले	1
तशा	कराएर	1
मपावो	आफूलाई	1
मपावो	नगर्नुहोस्	1
मप्रोक्‍क	सबैजना	1
बाक्‍तक	यहीँ	1
दाशा	हाकिमले	1
दाशा	बाल्न	1
गेयीनी	लगाए	1
चोक्‍शो	दौडेर	1
बाक्‍तीके	डराउँदै	1
बाम्‍माक्‍त	लम्पसार	1
बाम्‍माक्‍त	परे	1
क्‍याम्‍सीबा	पाउनका	1
क्‍याम्‍सीबा	गर्नुपर्छ	1
सुतो	गर्नुहोस्	1
सुतो	पाउनुहुने	1
खिं	घर-परिवारका	1
तुइक्‍पदसे	सुनाए	1
सुइश्‍शा	रातको	1
सिलास	हाकिमले	1
तुप्‍शो	निकालेर	1
गार	लगे	1
चिक्‍तमे	घाउचोटहरू	1
चिक्‍तमे	सफा	1
थुल्‍मे	खुवाए	1
दुम्‍तय	घराना	1
थाम्‍पा	निकै	1
ग्‍येरसमा	रमाए	1
पाइबपुकीमी	झ्यालखानाका	1
जेल्‍खानमी	सन्देश	1
न‍सी	छाडिदेओ	1
मुरुमी	हाकिमले	1
नसी	छाडिदिनू	1
सोइक्‍ताक्‍मे	दिएका	1
गेने	तपाईंहरू	1
मचाप्‍नीम	आउनुहोस्	1
लसे	जानुहोस्	1
नस्‍कु	नागरिक	1
मरुप्‍थु	सार्वजनिक	1
मग्रुंइथु	स्थलमा	1
तुप्‍तीस्‍कीमी	पिटेका	1
चोक्‍तीस्‍कीमी	हालेका	1
सुइ	सुटुक्‍क	1
मगारब	खोज्दैछन्	1
लसीन	छुटाएर	1
ग्रुंइदीस्‍कीमील	लैजाउन्	1
सिपहीपुकी	सिपाहीहरूले	1
चोक्‍पाइक्‍ब	न्यायाधीशहरूलाई	1
निक्‍शी	सिलास	1
नेंशा	पाएपछि	1
हिंमा	न्यायाधीशहरू	1
जेल्‍खानमी	न्यायाधीशहरू	1
जाक्‍मा	बिन्ति	1
चोक्‍पाइश्‍शो	निकाले	1
लिडीया	सिलास	1
लिडीया	झ्यालखानाबाट	1
लिडीया	लिडियाको	1
वारचपुकीमी	सिलासले	1
बारपाइश्‍शा	प्रोत्साहन	1
वोइश्‍शा	सहरबाट	1
अम्‍फी-पोलीस	अम्फिपोलिस	1
आपोल्‍लोनीया	अपोल्लोनिया	1
हिरशा	सहरहरू	1
थिस्‍सलोनीकी	थेसलोनिके	1
यहूदी	आदतअनुसार	1
मोपा	तिनवटा	1
थिस्‍सलोनीकी	विश्राम	1
ओव़शा	दिनसम्म	1
शेंबाक्‍माक्‍त	त्यहाँका	1
शेंचा	धर्मशास्‍त्रबाट	1
यो	तर्क	1
प्रोंइब	खोल्दै	1
सेंसीचा	हुनु	1
सेंसीचा	व्याख्या	1
पाप	यिनै	1
यहूदी	तपाईंहरूका	1
गारमा	साथै	1
ग्रीकपुकी	ग्रीकहरू	1
चोव़मी	ईर्ष्याले	1
हेंथे	बजारका	1
गाक्‍ब	चोकबाट	1
पपदमे	बनाएर	1
पपदमे	मच्‍चाए	1
यासोन	यासोनको	1
दाप्‍शा	आक्रमण	1
मथित्‍थु	भेटाएनन्	1
कीशा	सहरका	1
चाक्‍दीत्‍मे	अधिकारीहरूकहाँ	1
ङा	उलटपुलट	1
दूली	मानिसहरू	1
ग्‍याल्‍पाइश्‍शा	आइपुगेका	1
मेकोपुकीमी	यासोनले	1
इं	मानिसहरूले	1
ममानेचा	विपरित	1
ममानेचा	भन्छन्	1
कका	एकजना	1
अरु	सहरका	1
थुं	हाकिमहरू	1
ग्‍याल्‍मा	आत्तिए	1
वारच	भाइहरूबाट	1
आन	जरिवानाको	1
थाप्‍पाइश्‍शा	लिइसकेपछि	1
बेरोइया	थेसलोनिकेमा	1
यहूदीपुकीमी	मानिसहरूभन्दा	1
थिस्‍सलोनीकी	यहाँका	1
शेंशो	सिकाइएका	1
तन्‍न	होइनन्	1
नोफा	दैनिक	1
दाइश्‍शा	धर्मशास्‍त्रबाट	1
पावल	जाँच्दै	1
सिलास	खुल्ला	1
सुदमे	प्रभावशाली	1
चलेशो	लगायत	1
शेंबाक्‍माक्‍त	गर्दैछन्	1
पपाइश्‍शा	उक्साए	1
पावल	खलबल	1
पचा	मच्‍चाउन	1
चोव़दीबपुकीमी	डोर्‍याइरहेका	1
चोव़दीमा	सहरसम्म	1
लेत्‍चामेनु	पावललाई	1
लेत्‍चामेनु	फर्कंदा	1
रीब	छिट्टो	1
सोइक्‍चा	उनीकहाँ	1
नसी	आउनू	1
सहरम	सिलास	1
रिम्‍शा	पर्खंदै	1
मूर्ति	मूर्ती	1
तेइ	मूर्तीले	1
मनुमाक्‍त	उनीभित्र	1
मनुमाक्‍त	वेचैन	1
अर्को	गर्नेहरूसँग	1
किंत	बजारमा	1
सहरमी	भेटिने	1
ग्रुमानु	कतिजना	1
इपीक्‍युरीपुकी	एपिक्युरी	1
स्‍तोइकीपुकी	स्तोइकी	1
नु	दार्शनिकहरूसँग	1
फश	बकबकेले	1
शेंबाक्‍त	खोज्दैछ	1
देवता	अरूहरूले	1
शेंबाक्‍त	विदेशी	1
सेंसीशा	देवताहरूको	1
ग्‍येरपाइक्‍ब	प्रचारक	1
शेंबाक्‍त	देखिन्छ	1
चाक्‍दीत्‍मे	अरिओपागसमा	1
देल्‍शा	बताइरहनुभएको	1
बाक्‍तीकेमी	शिक्षाको	1
पथ	जान्‍न	1
चाक्‍दीत्‍मे	सक्छौँ	1
मतुइक्‍नीकी	अनौठा	1
शेंदीने	कानमा	1
रुप्‍पतीने	ल्याउँदै	1
एथेन्‍स	एथेन्सबासीहरू	1
एथेन्‍स	परदेशीहरूले	1
पचा	बताउने	1
माल्‍शा	बिताउँदैनथे	1
अरीयोपागसमी	अरिओपागसको	1
एथेन्‍स	एथेन्सबासी	1
ताता	धार्मिक	1
पूजा	किनिक	1
कोव़न	हिँड्दै	1
गाक्‍ङानु	पुज्‍ने	1
मुशा	वस्तुहरू	1
वोइश्‍शो	वेदी	1
मूर्ति	जसमा	1
कामी	ʻअज्ञात	1
मतुइश्‍शो	ईश्‍वरका	1
देवता	निम्तिʼ	1
मतुइक्‍थु	नजानिकन	1
मानेशो	पुज्‍नुहुन्छ	1
जाक्‍ती	बताउँछु	1
परमप्रभुमी	बनाउनुभयो	1
थान	हातहरूले	1
मन्‍दीरमी	मन्दिरहरूमा	1
कका	परेजस्तै	1
नेल्‍ल	गरिनुपर्छ	1
सेल्‍तीमी	बनाउनुभयो	1
ब्रोंइचा	ऋतुहरू	1
परमप्रभुमी	क्षेत्रका	1
पने	सिमानाहरू	1
थुम्‍शो	निर्धारण	1
माल्‍शा	खोजून्	1
थिश्‍शा	सायद	1
रागीमी	खोजेर	1
वोइक्‍तीमी	पाउनेछन्	1
मुर	हामीमध्ये	1
ङोन	कसैबाट	1
ब्रोंइनय	जिउँछौँ	1
ब्रोंइनय	हिँडडुल	1
ब्रोंइनय	उहाँमै	1
ब्रोंइनय	अस्तित्व	1
ब्रोंइनय	कविहरूले	1
ब्रोंइनय	ʻकिनकि	1
तमी	कला	1
गुइमी	विचारअनुसार	1
फुल्‍लु	ढुङ्गाबाट	1
गुइमी	खोपेर	1
मूर्ति	चीज	1
मिम्‍चा	ठान्‍नु	1
मतुइक्‍थु	पहिलेको	1
मो	अज्ञानताको	1
दोस	समयलाई	1
मगेब	दिनुभएन	1
मुर	ठाउँका	1
ब्रेप्‍ब	गर्नुहुन्छ	1
नेल्‍ल	चुन्‍नु	1
पची	मानिसद्वारा	1
सेंताक्‍व	पार्नुभएर	1
पावलमी	प्रमाण	1
सेंचा	एथेन्सका	1
पुंइसाक्‍व	मृत्त	1
निक्‍शीमी	कसै-कसैले	1
निक्‍शीमी	पावललाई	1
नेंनीकी	सुन्‍नेछौँ	1
निक्‍शीमी	अरियोपागसका	1
गारमा	डायनोसियस	1
डियोनीसीयस	दामारिस	1
अरीयोपागस	स्‍त्री	1
कोरिन्‍थ	इटालीबाट	1
अक्‍वीला	अकिला	1
पाइश्‍शो	पोन्टस	1
निक्‍शी	क्लाउडियसले	1
सहरमी	छाड्न	1
रोम	दिएका	1
ग्रुंइशा	पावल	1
ताम्‍बु	पेसा	1
सेल्‍ब	मिल्दथ्यो	1
सांफा	पाल	1
गारशा	बनाउँथे	1
रुप्‍पदुमी	समुदायका	1
पाइनुङ	आत्माले	1
रुपीन	यहूदीहरूलाई	1
दे	बताउन	1
गाक्‍बाक्‍माक्‍त	लगाउनु	1
मसुइक्‍थु	पावलको	1
शुक्‍शी	विरोध	1
फुरकु	टकटक्याउँदै	1
बेक्‍शा	तिमीहरूकै	1
जाम्‍शा	शिरमाथि	1
लाइतीनी	परोस्	1
मताइनीनी	निर्दोष	1
गाक्‍नुङ	जानेछु	1
शेंचा	छाडेर	1
गोवा	तीतस	1
नें	युस्तसको	1
गोवा	गर्दथे	1
नेक्‍थान	पर्दथ्यो	1
शेंस	बोल	1
शेंस	चुप	1
बाक्‍को	नलाग	1
सम्‍म	बसे	1
कोरिन्‍थ	बिचमा	1
आकाया	गालियो	1
ग्‍याइश्‍शा	उठे	1
हुकुम	फैसला	1
सेल्‍चा	लगाउँछ	1
लेत्‍चा	बोल्नै	1
खुइ	अपराधको	1
साइश्‍शो	विषय	1
पङ	तर्कपूर्ण	1
पङ	हुने	1
बाक्‍त	भएकाले	1
मदाक्‍नुङ	मिलाऊ	1
गारीने	विषयहरूमा	1
गारीने	चाहन्‍नँ	1
मेको	गालियोले	1
सोइक्‍ता	आसन	1
सोस्‍थेनेस	सोस्थेनसलाई	1
मपवा	वास्तै	1
कोरिन्‍थ	बसेपछि	1
लची	छोडे	1
जाक्‍ती	अकिला	1
लची	प्रिस्किलालाई	1
सिरीया	सिरियातिर	1
लमाक्‍त	बढे	1
अक्‍वीला	बन्दरगाह	1
प्रिस्‍कीला	छोड्नुभन्दा	1
सिरीया	किंक्रियामा	1
प्रेक्‍गा	खौरे	1
प्रेक्‍गा	नाजरी	1
प्रेक्‍गा	भाकल	1
पावल	उनीचाहिँ	1
यहूदीपुकी	यहूदीहरूसँग	1
यहूदीपुकीमी	पावललाई	1
मचाप्‍नुङ	अनुरोध	1
सोइक्‍ताक्‍यी	लिँदै	1
लेश्‍शा	भएमा	1
जाक्‍शा	तपाईंहरूकहाँ	1
शेंनन्‍नी	फर्किआउनेछु	1
ङोंइसे	एफिससतर्फ	1
सिजरियामी	कैसरियामा	1
ग्‍येत्थ	जहाजबाट	1
सिजरियामी	उत्रेपछि	1
सिजरियामी	उक्लेर	1
थमा	त्यहाँको	1
एन्‍टीओकमी	एन्टिओखियातर्फ	1
जाक्‍दीम्‍माक्‍त	झरे	1
एन्‍टीओकमी	बिताएपछि	1
हिरशा	क्षेत्रका	1
अलेकजेन्‍द्रीया	जन्मका	1
जरमेशो	एलेक्जेन्ड्रियाका	1
पढेशा	धर्मशास्‍त्रीय	1
रुप्‍पाइक्‍ने	बोल्नमा	1
चाप्‍ब	दक्ष	1
प्रभु	अपोलोस	1
जोक्‍शो	व्यक्ति	1
मिनु	जोशिलो	1
शेंबाक्‍माक्‍त	बोल्थे	1
ग्रुंइचा	सिकाउँथे	1
तुइश्‍शो	ज्ञान	1
एफिससमी	अपोलोसले	1
शेंचा	बडो	1
मेको	साहसका	1
आपोल्‍लोस	प्रिस्किलाले	1
खिं	उनको	1
रुप्‍पदसे	ठिकसँग	1
देंमा	प्रोत्साहन	1
रागीमी	चेलाहरूले	1
ग्रुम्‍शा	अनुग्रहद्वारा	1
बारपाइक्‍मी	मद्दत	1
मसुइक्‍ब	धर्मशास्‍त्रद्वारा	1
शेंशा	अपोलोको	1
शेंदा	सीप	1
मचाप्‍मे	नाजवाफ	1
कोरिन्‍थ	माथिल्लो	1
जाक्‍दीम्‍माक्‍त	भूभागको	1
कोरिन्‍थ	बाटोहुँदै	1
कोरिन्‍थ	एफिसस	1
जाक्‍दीम्‍माक्‍त	आइपुगे	1
चहिं	कतिपय	1
एफिससमी	भेटे	1
प्रिंचा	पायौ	1
मनेंशो	अहिलेसम्म	1
ब्‍वाक्‍कुम	केमा	1
ग्रुंइचा	बप्‍तिस्मामा	1
सुतीने	बप्‍तिस्माचाहिँ	1
आ	तिनीभन्दा	1
जाक्‍ब	आउनुहुनेमाथि	1
सुतीने	येशूमाथि	1
मतुइश्‍शो	अन्यभाषाहरूमा	1
सेल्‍मे	अगमवाणी	1
दुम्‍शोपुकी	जम्मा	1
खिंमी	साहससाथ	1
बाक्‍माक्‍त	बिताए	1
ओव़ङीन	बहस	1
सुइश्‍शा	दिलाए	1
लोव़	यहूदीहरूले	1
नेंबपुकीमी	पारे	1
मसुइक्‍थु	अनाज्ञाकारी	1
नक	ख्रीष्‍टको	1
खिंमी	भिडहरूका	1
शेंसीचा	छोडे	1
दाक्‍ब	विश्‍वासहरूलाई	1
इस्‍कुलमी	टुरान्‍नसको	1
नेंचा	प्रवचन	1
खुप्‍शा	कक्षमा	1
बर्स	प्रक्रिया	1
शेंना	चल्यो	1
फेक्‍शो	रुमाल	1
रूमाल	छुवाएर	1
थीपदमेनु	छुवाइदिँदा	1
थीपदमेनु	शरीरबाट	1
साबाक्‍मा	निस्केर	1
वोल	इलाकामा	1
खेरशा	अनुकुल	1
खेरचा	झारफुक	1
आन	लागेकाहरूलाई	1
खेरचा	गर्थे	1
ग्रूङो	निक्ली	1
ग्रूङो	तँलाई	1
पाइबाक्‍मा	गर्छु	1
७	गर्नेमा	1
स्‍केवा	स्केवाका	1
माइश्‍शो	सातजना	1
वोलमी	दुष्‍ट	1
वोलमी	दियो	1
गेपुकी	तँचाहिँ	1
ननी	होस्	1
थिशो	आत्मा	1
खोल्‍शा	तिनीहरूमाथि	1
तुप्‍स	झम्ट्यो	1
खाक्‍शा	लछारपछार	1
शिश्रा	पिट्यो	1
प्रोक्‍मा	घरबाट	1
प्रोक्‍मा	नाङ्गै	1
प्रोक्‍मा	घाइते	1
प्रोक्‍मा	भागे	1
नेन्‍मे	विश्‍वासीहरूलाई	1
नेंमी	उनीहरूमा	1
हेंथे	भय	1
मब्‍वाक्‍चा	उत्त्पन्‍न	1
मन्‍तर	टुनामुना	1
मन्‍तर	जनाले	1
मन्‍तर	पुस्तकहरू	1
तन्‍तर	ल्याई	1
चोव़मे	जलाए	1
किताब	सबैको	1
किताब	मूल्याङ्कन	1
थाप्‍शो	बराबर	1
काबु	अफ्नो	1
निक्‍बु	सेवा-कार्य	1
रोम	पवित्र	1
मजाक्‍दीत्‍थु	आत्माको	1
मजाक्‍दीत्‍थु	अगुवाइमा	1
जाक्‍दीत्‍नुङ	यरूशलेमतर्फ	1
जाक्‍दीत्‍नुङ	पुगेपछि	1
मजाक्‍दीत्‍थु	जानै	1
मप्रोंइनुङ	पर्छ	1
पशा	चेलाहरू	1
इरास्‍तस	एरास्तसलाई	1
इरास्‍तस	सहयोग	1
आं	पावल	1
एसीया	आफैँचाहिँ	1
उइ	एसियामै	1
एफिससमी	त्यसैबेला	1
राम्‍शी	खैलाबैला	1
पोक्‍चा	मच्‍चियो	1
मारदे	डायनाको	1
चेम्‍ब	बनाउने	1
चेम्‍ब	सिल्पकार	1
आरतेमीस	डेमेत्रियसले	1
लेयशा	कारीगरहरूलाई	1
चेम्‍‍बाक्‍माक्‍त	जुटाइदिन्थे	1
चेम्‍शा	व्यापारबाट	1
तुइक्‍नय	कमाइरहेका	1
हिरने	देख्दै	1
हिरने	नभएर	1
हिरने	ठाउँहरूमा	1
पूजा	फर्काएको	1
इं	ईश्‍वरहरू	1
मिक्‍चीम	होइनन्	1
ताइतय	भनिरहेछ	1
सेउ	व्यापारमा	1
प्रोंइचाम्‍तेक्‍मे	नोक्सानी	1
नेल्‍लेमी	हाम्री	1
एसीयामी	देवी	1
प्रोंइचाम्‍तेक्‍मे	डायनाको	1
प्रोंइचाम्‍तेक्‍मे	मन्दिर	1
एसीयामी	तिनीप्रति	1
मान	आस्था	1
नमी	एसिया	1
मान	संसारबाटै	1
मलीब	हराउनेछ	1
मिनु	सुनेपछि	1
एफिसस	रिसाएर	1
रेय‍के	अलमलमा	1
दुम्‍माक्‍त	परे	1
दोरशा	पावलसँग	1
अरीस्‍तारकस	अरिस्तार्खसलाई	1
दिंममी	रङ्गशालाभित्र	1
चाक्‍ग्‍मे	दौडे	1
देल्‍तीकेमी	भिडमा	1
मगेमे	रोके	1
एसीया	साथै	1
सरकार	स्थानीय	1
एसीया	पावलका	1
मदुम्‍ब	मित्र	1
है	भिडमा	1
नेंपाइक्‍थ	नआउन	1
अर्कोमी	अरूले	1
रेयके	भिडका	1
पामे	अलमलमा	1
मतुइक्‍तमे	समेत	1
पोक्‍शो	एलेक्जेन्डरलाई	1
अलेकजन्‍डर	भिडको	1
हुल	पंक्तिमा	1
गुइ	हातद्वारा	1
सिक्‍सी	इशारा	1
नेनीने	भिडलाई	1
रुप्‍पाइक्‍नन्‍नी	बुझाउन	1
एको	अलेक्जेन्डर	1
आरतेमीस	पाए	1
आरतेमीस	घण्टासम्म	1
नोले	नगर-सचिवले	1
नाइक्‍पाइक्‍मी	गराएर	1
एफिसीपुकी	एफिससका	1
एफिसस	एफिसीहरूको	1
देवी	डायनाको	1
मूर्ति	मूर्तिको	1
मान	रक्षक	1
ममिम्‍नीमी	कसलाई	1
मानेशा	सकिँदैन	1
सेल्‍नीमी	रहनुपर्छ	1
पनी	हतारमा	1
आरतेमीस	न	1
मपाम्‍स	लुटेका	1
मक्‍याम्‍देस	हाम्री	1
देवी	देवीको	1
देमेत्रीयस	डेमेत्रियस	1
वारचपुकीमी	कारीगरहरूसँग	1
मुददा	अदालतहरू	1
उजुर	न्यायाधीशहरू	1
ग्रुंइचा	उजुरी	1
माल्‍शो	दिऊन्	1
मचाप्‍तु	नियमित	1
गेनीकी	लिइने	1
पाइतय	खैलाबैलाको	1
दुम्‍नय	खतरा	1
रेयके	बिनाकारणको	1
देंने	व्याख्या	1
थुम्‍शा	सभालाई	1
सोइक्‍तीमी	विसर्जन	1
नाइक्‍तमे	सकिएपछि	1
मेक	भएर	1
लमाक्‍त	जानका	1
मासीडोनीया	हिँडे	1
मासीडोनीयामी	क्षेत्रहरू	1
हिरन	जाँदा	1
जाक्‍दीम्‍माक्‍त	ग्रीसतर्फ	1
रागीमी	त्यहाँ	1
जहाज	जहाजद्वारा	1
गे	लाग्‍ने	1
लाइनुङ	तरखर	1
ग्‍याइक्‍चा	षडयन्‍त्र	1
बाप्‍शो	रचे	1
काथा	एसियासम्म	1
बेरोइया	बेरिया	1
पुरोस	पुरोसका	1
सोपाटेर	सोपात्रोस	1
सहर	विश्‍वासीहरूबाट	1
सेकुन्‍दस	सिकन्दस	1
डेरबे	डर्बीका	1
तिखीकस	तुखिकस	1
त्रोफीमस	त्रोमिफसले	1
जची	चाडपछि	1
फिलिप्‍पी	फिलिप्पीबाट	1
ङोइश्‍शा	हिँड्यौँ	1
आइतबार	हप्‍ताको	1
जथ	भाँच्‍नलाई	1
खुम्‍साक्‍क	थियौँ	1
आइतबार	विश्‍वासीहरूसँग	1
लचा	हिँड्ने	1
माल्‍ब	योजना	1
नाक्‍दो	गरेकाले	1
उइक्‍थ	मध्यरातसम्मै	1
पाप्‍तु	बोलिरहे	1
युतीकस	युटिकस	1
झेलमी	झ्यालमा	1
युतीकस	गहिरोमा	1
मुकु	निद्रमा	1
पाप्‍तु	पर्यो	1
तला	अझै	1
तला	बोल्दै	1
रे	जाँदा	1
दोक्‍त	निद्रामा	1
तार	तल्लाबाट	1
दोक्‍त	झर्यो	1
बेक्‍ने	त्यसलाईलाई	1
थित्‍तेक्‍म	उठाए	1
बाप्‍शा	त्यसतिनीमाथि	1
मुप्‍शा	परे	1
एर	अँगालोमा	1
मबेक्‍शो	चिन्तित	1
महिनीन	नहुनुहोस्	1
दाप्‍ची	त्यसपछि	1
कुशा	माथिल्लो	1
प्रभु	तल्लामा	1
जने	भाँचे	1
लची	झिसमिसे	1
जाक्‍मेनु	उज्यालो	1
जाक्‍मेनु	हुदाँसम्म	1
गो	कुराकानी	1
लची	हिँडे	1
ठिटा	ठिटालाई	1
सेस	जीवितै	1
तशा	ल्याए	1
ग्‍येरसाक्‍क	पाए	1
पावलमी	पावलभन्दा	1
अस्‍सोस	आस्सोसतिर	1
लने	लाग्यौँ	1
देंशा	योजना	1
ङोइक्‍पाइश्‍शा	गर्‍यौँ	1
अस्‍सोसमी	जमिनको	1
जाक्‍दीत्‍तक	योजना	1
अस्‍सोस	आस्सोसमा	1
ग्रुम्‍शा	भेटेपछि	1
ङोइश्‍शा	लियौँ	1
मितीलेनेमी	मिटिलेने	1
दीसा	त्यहाँबाट	1
नित्‍थ	खियोस	1
सामोसमी	टापुको	1
सामोसमी	सामुन्‍ने	1
सांबु	सामोस	1
मिलेटस	टापुमा	1
मिलेटस	मिलेटस	1
मानेचा	भएसम्म	1
जाक्‍दीत्‍चा	पुग्‍नलाई	1
माल्‍ब	हतार	1
एफिससमी	नबिताइकन	1
मग्‍योल्‍चा	एफिसस	1
एसीयामी	यात्रा	1
गाक्‍तक	निर्णय	1
मिलेटसमी	मिलेटसबाट	1
मिलेटसमी	पठाए	1
जाक्‍मानु	आएपछि	1
नेल्‍ल	तपाईंहरू	1
ङोंइती	आफैँ	1
जाक्‍ङा	टेकेको	1
शेंदन्‍नी	तपाईंहरूसँग	1
तुइक्‍नीनी	बिताएँ	1
खेदा	षड्यन्‍त्रहरूका	1
गाक्‍ङानु	नम्रतामा	1
वाइल	आँशु	1
मलेत्‍थु	कष्‍टहरूमा	1
गाक्‍ती	गरिरहेँ	1
दुम्‍ल	भलाइको	1
ग्रुम्‍शा	गर्नदेखि	1
दुम्‍ल	रोकिनँ	1
तुइक्‍पाइक्‍तन्‍नी	सार्वजनिक	1
दुम्‍ल	थाहै	1
गाक्‍शा	थाहै	1
रागी	परमेश्‍वरतिर	1
‘	फर्कन	1
सुइक्‍य	गर्नुपर्ने	1
शेंना	चेताउनी	1
गाक्‍ती	दिइरहेँ	1
टिशा	बाध्य	1
जाक्‍दीश्‍शा	जाँदैछु	1
बाक्‍‍नुङ	के-कस्तो	1
दे	मलाई	1
पाइबमी	दिनुहुन्छ	1
यरूसलेम	सहरमा	1
जाक्‍दीश्‍शा	साङ्‍लाहरू	1
जेल्‍खानमी	कष्‍टहरूले	1
पुंइसीनेवे	पर्खिरहेका	1
ममिम्‍नुङ	मूल्यको	1
पपाइश्‍शो	ठान्दिनँ	1
तुइक्‍पाइक्‍‍नुङ	बन्‍नको	1
एको	निम्ति	1
गिंम	दौड	1
येसुमी	येशूबाट	1
तुइक्‍पाइक्‍‍नुङ	सेवा-कार्य	1
थुम्‍तन्‍नी	गरेँ	1
तुइक्‍नुङ	देख्‍नुहुनेछैन	1
मारेइ	रगतदेखि	1
मख्रुइक्‍थु	गर्नेदेखि	1
शेंताक्‍न्‍‍नी	रोकिनँ	1
इन	तपाईंहरू	1
गोठला	होसियार	1
दुमीन	हुनुहोस्	1
थमा	देखरेख	1
सेल्‍तु	तुल्याउनु	1
गोठला	किन्‍नुभएका	1
गाक्‍ङा	यहाँबाट	1
नोले	गएपछि	1
फरमी	खतरनाक	1
बी	ब्वाँसाहरू	1
क्‍यारश	तपाईंहरूका	1
प्रोंइशा	बिचमा	1
खेदा	बगाललाई	1
पचा	बाँकी	1
पुंइसीनीनी	राख्‍ने	1
पुंइसीनीनी	छैनन्	1
शेंशा	तपाईंहरूमध्येबाटै	1
ग्‍येत्‍थ	आफ्नोपछि	1
क्‍याल्‍पाइश्‍शा	तान्‍नका	1
ङाक्‍थ्री	आँशु	1
गोमी	तपाईंहरू	1
मप्रेंदीने	परिनँ	1
गेशा	सुम्पिन्छु	1
तुइक्‍नुङ	सक्षम	1
जाता	हातहरूले	1
थुल्‍तामी	आवश्यकताहरू	1
कोंइताक्‍न्‍न	कमजोरहरूको	1
पाइक्‍चा	गर्नुपर्छ	1
कोंइताक्‍न्‍न	येशूका	1
कोंइताक्‍न्‍न	वचनहरूको	1
नमी	गर्नुपर्छ	1
कोंइताक्‍न्‍न	दिएको	1
पाइक्‍चा	ʻलिनुभन्दा	1
कोंइताक्‍न्‍न	आशिष्‌को	1
थुम्‍शा	बोलिसकेपछि	1
मेकोपुकी	जनासँग	1
पावलमी	रोए	1
मेरे	अँगालो	1
मग्रुम्‍नय	हाले	1
ङाक्‍तेक्‍म	चुम्बन	1
मतांइसीब	देख्‍ने	1
पुक्‍पु	हुनाले	1
चोव़तेक्‍म	दु	1
चोव़तेक्‍म	:	1
चोव़तेक्‍म	खित	1
पावल	उनीहरूबाट	1
नेल्‍ले	छुट्टिएर	1
कोस	सिधै	1
टापुमी	कोस	1
टापुमी	सहरतिर	1
रोदोस	रोडस	1
पतारा	पटारा	1
तोइश्‍शा	फोनिकेतिर	1
तोइश्‍शा	भेट्यौँ	1
तांइसीतीक	नजिक	1
साइप्रस	आइपुग्दा	1
लशा	बायाँतर्फ	1
तोंइ‍साक्‍क	उत्र्यौँ	1
जहाजमी	जहाजले	1
कुर‍शो	ल्याएको	1
कुर‍शो	मालसमान	1
भारी	झार्नु	1
शोल्‍चा	पर्थ्यो	1
माल्‍शा	भेट्टाएपछि	1
मलावो	पाइला	1
मलावो	राख्‍नुहुँदैन	1
साता	हामीले	1
नोले	बितायौँ	1
खोइक्‍नीकी	यात्रालाई	1
खोइक्‍नीकी	निरन्तरता	1
खोइक्‍नीकी	दियौँ	1
देंकानु	सहरबाहिर	1
देंकानु	नआईपुगेसम्म	1
चोव़थ	बाटोमा	1
ब्राशा	गर्‍यौँ	1
ब्राशा	अर्कासँग	1
ङोंइ‍साक्‍का	अगाडि	1
मेकोपुकी	बढ्यौँ	1
टायर	टुरोसबाटको	1
तोलेमाइस	जलयात्रा	1
जाक्‍दीश्‍शा	सिध्‍याएका	1
लशा	थियौँ	1
तोलेमाइस	टोलेमाइसमा	1
ग्रुम्‍थ	उनीहरूसँगै	1
काथा	दिन	1
तोंइ‍साक्‍क	भयौँ	1
फिलीप	फिलिपको	1
ग्‍येरपाइक्‍ब	गयौँ	1
बाक्‍तक	मध्येका	1
योव़शो	उनीसँगै	1
फिलीप	बस्यौँ	1
मोपा	केही	1
फिलीप	बस्दा	1
किप्‍शुरम	पेटी	1
किप्‍शुरम	पेटीले	1
फ्रेंसीशा	बाँधे	1
एको	यसो	1
किप्‍शुर	भन्‍नुहुन्छ	1
किप्‍ब	ʻयरूशलेमका	1
ओं	पटुकाको	1
फ्रेंनीमी	बाँध्‍नेछन्	1
जिम्‍मा	सुम्पिदिनेछन्ʼ	1
नेंशा	सुन्यौँ	1
मलावो	नजान	1
माइक्‍तक	गर्‍यौँ	1
चहिं	जवाफ	1
खाइक्‍पाइक्‍नीनी	जानदेखि	1
खाइक्‍पाइक्‍नीनी	निरुत्साही	1
खाइक्‍पाइक्‍नीनी	रोएर	1
?	रोक्‍ने	1
मप्रोंइनुङ	नगर्नुहोस्	1
फ्रेंसीचा	बाँधिन	1
मप्रोंइबाक्‍माक्‍त	नगरेपछि	1
मप्रोंइबाक्‍माक्‍त	छाड्यौँ	1
लो	भन्यौँ	1
नोले	झोलाहरू	1
लाइतक	लियौँ	1
यरूसलेममी	हामीसँगै	1
टापु	टापुबाट	1
मनासोन	मनासोन	1
मनासोन	नामका	1
कली	चेलालाई	1
बाक्‍माक्‍त	बस्यौँ	1
जाक्‍दीक्‍कानु	आइपुग्यौँ	1
सुइक्‍बपुकीमी	दाजुभाइहरूले	1
ग्‍येरशा	खुसीसाथ	1
आंइ	हामीसँगै	1
याकूब	याकूबकहाँ	1
ग्रुम्‍पाइक्‍तु	अगुवाहरू	1
पमुशा	गरे	1
पमुशा	आफ्‍नो	1
पमुशा	सेवा-कार्यद्वारा	1
रुप्‍पाइक्‍तीमी	प्रतिवेदन	1
रुप्‍पाइक्‍तीमी	दिए	1
हजार	यहूदीले	1
माल्‍ब	गर्नमा	1
देंनीमी	दृढ	1
मोसामी	मोशालाई	1
अरेशो	त्याग्‍न	1
प्रोनीने	सिकाउनुहुन्छ	1
आल	बच्‍चाहरूको	1
नेंशो	पुराना	1
बाक्‍नीमी	रीतिरिवाज	1
मख्रोतीन	नमान्‍नू	1
मख्रोतीन	भन्‍नुहुन्छ	1
पावल	अवश्‍य	1
तुइक्‍नीम	सुन्‍नेछन्	1
जाम्‍ब	गर्नुहोस्	1
खाप्‍चा	चार	1
लावो	लैजानुहोस्	1
चोव़खो	उनीहरूसँगै	1
नेल्‍लेमी	शुद्धिकरण	1
कसम	खर्च	1
जशो	तिरिदिनुहोस्	1
प्रेक्‍सीने	खौरिऊन्	1
मचाप्‍नीमी	जानून्	1
नेल्‍ल	मनसायले	1
पशो	जिउनुहुँदोरहेछ	1
तुइक्‍नीमी	जानून्	1
शेंचा	अन्यजातिहरूको	1
‘	आफैँलाई	1
मजचा	चढाएका	1
मजचा	कुराहरू	1
मचुइक्‍थु	निमोठेर	1
मब्‍वचा	रहनुपर्छ	1
तेल्‍लेम	लेख्यौँ	1
थुम्‍तक	दियौँ	1
४	हरेकको	1
चढ़ेचा	नचढाएसम्म	1
ओव़शा	अवधि	1
चिक्‍तानु	लाग्दा	1
ग्‍याइक्‍तमे	उत्तेजित	1
चिक्‍तानु	उनीमाथि	1
ग्‍याइश्‍शा	चिच्‍च्‍याउँदै	1
मरिम्‍शो	विरुद्धका	1
हिरशा	जताततै	1
पर्बम	सिकाउने	1
शेंबाक्‍त	यिनै	1
शुक्‍शी	ग्रिकहरूलाई	1
सेल्‍‍शो	तुल्याएका	1
एफिसस	एफिससका	1
ब्रीमाक्‍त	उत्तेजित	1
रेयके	पावललाई	1
पामे	समाते	1
ग्रु	थुनिए	1
चिक्‍तमेनु	कोसिस	1
चिक्‍तमेनु	गरिरहँदा	1
चिक्‍तमेनु	यरूशलेम	1
यरूसलेमम	खलबलिएको	1
रोमी	सुरक्षाकर्मीहरूका	1
लडाइ	कप्‍तानकहाँ	1
सिपाही	सिपाहीहरू	1
जाक्‍दीम्‍माक्‍त	कप्‍तानहरू	1
दोरशा	भिडतिर	1
मेकोपुकी	प्रमुख	1
जाक्‍शो	कप्‍तान	1
जाक्‍शो	सिपाहीहरूलाई	1
प्रोन्‍मे	कुट्न	1
ग्‍याइक्‍पाइश्‍शा	समाते	1
लिक्‍तीने	सिक्रीले	1
लिक्‍पाइश्‍शा	बाँध्‍न	1
रुप्‍ने	अरूहरू	1
रुप्‍ने	चिच्‍च्याए	1
बाक्‍तीकेम	हल्लाले	1
बाक्‍तीकेम	भन्‍न	1
लाइक्‍चा	सकेनन्	1
लाइक्‍चा	पावललाई	1
लदमे	किल्लामा	1
बाक्‍तीकेम	ल्याउनलाई	1
लदमे	सिँढीमा	1
कुरशा	हिंसाले	1
तला	सेनाहरूद्वारा	1
तारी	लगिए	1
कोक्‍के	पछि-पछि	1
शेशा	लाग्यो	1
लमा	चिच्‍च्याइ	1
मसाइक्‍थु	अलग	1
मप्रोंइनीकी	बस	1
तारी	किल्लाभित्र	1
ओंइदमेनु	लाग्दा	1
पाइब	कप्‍तानलाई	1
कों	भनूँ	1
देंमेनु	सोधे	1
ब्‍वाक्‍स	बोल्छौ	1
इजीप्‍त	मिश्री	1
गोरशो	विद्रोहको	1
कोंइब	नेतृत्व	1
खुइ	आतङ्ककारीलाई	1
दा	उजाड-स्थानतिर	1
मनवे	लग्यौ	1
सहरमी	सहरको	1
टारसस	महत्त्वपूर्ण	1
तुइक्‍नीमी	नागरिक	1
माइ	कि	1
पचा	सिँढीमाथि	1
गेनन	मानिसहरूतिर	1
गेनन	हल्लाए	1
पावल	गहन	1
तला	मौनता	1
तला	छायो	1
गुइ	हिब्रूमा	1
आफ	बुबाहरू	1
आफ	बचाउको	1
सिक्‍सी	बताउनेछु	1
मेकोपुकी	सुनेपछि	1
टारसस	टार्ससमा	1
यरूसलेममी	यही	1
शेंब	गमलिएलको	1
इं	शिक्षा	1
यरूसलेममी	व्यक्ति	1
शेंताक्‍यी	नियमहरूअनुसार	1
शेंताक्‍यी	दिइएको	1
इन	यहाँहरूजस्तै	1
मान	जोसिलो	1
गेतामी	सताएँ	1
खेदा	दुवैलाई	1
ग्‍याइक्‍पाइश्‍शा	बाँधेँ	1
चोक्‍पाइक्‍तामी	सुम्पिदिएँ	1
बाक्ब	भाइहरूका	1
तुइक्‍नीमी	धर्म-गुरुहरूबाट	1
गेतीमी	सक्‍नुहुन्छ	1
लती	मार्गकाहरूलाई	1
लती	बाँधेर	1
दमस्‍कस	यरूशलेममा	1
लती	ल्याउनुपर्थ्यो	1
दमस्‍कस	दमस्कसको	1
सहर	नजिकै	1
जेव	पुग्दा	1
१२	मध्यान्हतिर	1
जेव	विशाल	1
थम	चम्किन	1
दुम्‍त	लाग्यो	1
दिङ	लडेँ	1
गोल्‍ती	सुनेँ	1
गोल्‍ती	ʻए	1
दिङ	ए	1
गोल्‍ती	सताउँदै	1
नेंता	सताउँदै	1
गाक्‍बपुकीमी	भएकाहरूले	1
ताम्‍तेक्‍मे	बोल्नुहुनेको	1
मनेनेम	सुनेनन्	1
छुल	ʻउठ	1
छेङछेङम	ज्योतिको	1
मिक्‍च	चमकले	1
दुम्‍ती	सकिनँ	1
ग्‍याइश्‍शा	डोर्‍याइएर	1
टिशा	भक्तिपूर्ण	1
बाक्‍माक्‍त	जिएका	1
नेल्‍लेमी	सम्मान	1
पाइब	हननिया	1
दें‍मा	भेटेँ	1
जाक्‍त	उभिए	1
ग्रुम्‍थ	ʻभाइ	1
ग्रुम्‍थ	शाऊल	1
जाक्‍त	दृष्‍टि	1
देंमेनु	त्यत्तिखेरै	1
इं	ʻहाम्रा	1
किकी	पितापुर्खाहरूका	1
तुइक्‍पाइक्‍ते	जान्‍नको	1
तशा	देख्‍न	1
नेंतीवी	निस्केको	1
नेंतीवी	छान्‍नुभएको	1
तुइक्‍पाइक्‍नेवे	बन्‍नेछौ	1
कोव़शा	पर्खिंदै	1
पुंइसो	लेऊ	1
गेयीनी	पुकारेर	1
पुंइसो	पखाल	1
लेत्‍ती	फर्केपछि	1
प्रभुमी	अर्धचेत	1
कोंइदीनु	अवस्थामा	1
कोंइदीनु	पुगेँ	1
प्रभुमी	देखेँ	1
प्रोनो	ʻछिटो	1
प्रोनो	छोड	1
बाक्‍बपुकीमी	मेरोबारे	1
मनेंनीम	गर्नेछैनन्	1
‘	ʻहे	1
जेल्‍खानमी	तपाईंमा	1
खिं	पसेर	1
चोक्‍पाइक्‍तामी	पिटेँ	1
तुप्‍पाइक्‍तामी	जेलमा	1
तुइक्‍नीमी	हालेँ	1
क्रोम्‍शा	रगत	1
सदमेनु	बगाइँदा	1
माइक्‍तामी	नजिकै	1
माइक्‍तामी	उभिएर	1
क्रोम्‍शा	सहमत	1
साइक्‍ब	हुदै	1
खाल	कुरिरहेको	1
लावो	ʻगइहाल	1
सोइक्‍नन	पठाउनेछुʼ	1
देंमे	यतिबेलासम्म	1
मगेथु	चिच्‍च्याए	1
मसाइक्‍थु	पृथ्वीबाट	1
ओं	हटाइदेओ	1
ब्रोंइचा	बाँच्‍नु	1
बोक्‍शा	कराउँदै	1
फ्रशा	फाल्दै	1
राम्‍शी	हावामा	1
राम्‍शी	धुलो	1
पोक्‍शा	उडाउँदै	1
आगा	किल्लाभित्र	1
ओंइपदा	ल्याउन	1
युक्‍शा	लगाउँदै	1
बोक्‍मा	चिच्‍च्याइरहेका	1
युक्‍चा	डोरीले	1
कोर्रामी	बाँधे	1
मग्रुंइथु	नठहराइएको	1
युक्‍चा	लगाउनु	1
सिपाही	सेनापतिकहाँ	1
युक्‍चा	लाग्दै	1
थमान	भन	1
क्‍येट	धनराशी	1
थाप्‍शा	नागरिकता	1
रोमी	पाएको	1
दुम्‍शो	भएरै	1
कोर्रामी	पावललाई	1
हेत्‍त	गइरहेका	1
तुइक्‍तमे	पाएपछि	1
नागरिक	बाँधेका	1
बाक्‍म	अभियोगको	1
माला	चाहे	1
दीसा	दलबललाई	1
नाक्‍ती	एकत्रित	1
कछडी	पूजाहारीहरूसाथै	1
मुर	महासभाका	1
मुर	हुनलाई	1
खुम्‍सीशो	उनीहरूका	1
राप्‍शा	महासभाका	1
मयाक्‍थु	सिधा	1
तुइश्‍शो	विवेकमा	1
जोक्‍शो	जिएको	1
चढ़ेबमी	पूजाहारी	1
हनानीया	हननियाले	1
माइश्‍शो	नजिकमा	1
चढ़ेबमी	उभिरहेकाहरूलाई	1
रोप्‍तीने	हिर्काउन	1
कली	तपाईं	1
बुलु	चुन	1
गारोमी	पोतेको	1
गारोमी	पर्खाललाई	1
बुबु	प्रहार	1
नवे	गर्नुहुनेछ	1
नवे	बसिरहनुभएको	1
तुप्‍चा	हिर्काउने	1
देंते	दिनुहुन्छ	1
बाक्‍बपुकीमी	नजिकमा	1
पावल	उभिरहेकाहरूले	1
चढ़ेब	पूजाहारीको	1
दुम्‍बा	गर्छस्	1
अधिकार	ʻतिमीले	1
कली	शासकहरूबारे	1
मपचा	बोल्नुहुदैन	1
दे	‘	1
कछडीम	परिषद्को	1
सदुकी	सदूकीहरू	1
बाक्‍नीम	रहेछन्	1
तुइश्‍शा	परिषद्‍मा	1
ब्रोंइचा	आशा	1
तांइसीब	भएकै	1
कोप्‍ताक्‍यीमी	गरिँदै	1
देंमेनु	सदूकी	1
सदुकी	सभा	1
सदुकीपुकीमी	सदूकीहरूले	1
बेक्‍शो	पुनरुथान	1
सोक्‍त	आत्माहरू	1
मबाक्‍ब	छैनन्	1
बाक्‍ब	अस्तित्वमा	1
फरिसी	कतिपय	1
ङा	फरिसीहरूमध्येका	1
निक्‍शीमी	तर्क	1
मिम्‍नीकी	भेट्टाउँदैनौँ	1
बारन	उठ्यो	1
लशा	पावललाई	1
तुम्‍मुचा	टुक्रा-टुक्रा	1
लशा	पार्लान्	1
तुम्‍मुचा	मुख्य	1
गोव़मे	कप्‍तान	1
साइक्‍नीमी	परिषद्का	1
साइक्‍नीमी	सदस्यहरूका	1
कोर	बिचबाट	1
साइक्‍नीमी	जबरजस्ती	1
ब्रेश्‍शा	किल्लामा	1
ग्रुंइशा	सेनाहरूलाई	1
दोपा	नडराऊ	1
शेंदीमी	दिएका	1
दुम्‍नेवे	दिनुपर्छ	1
पावल	मतो	1
मजय	आफैँमाथि	1
मतूय	श्राप	1
मजय	गरेः	1
मजय	खानेछन्	1
सल्‍ला	पिउनेछन्	1
कसम	षड्‍यन्‍त्र	1
जना	जनाभन्दा	1
चढ़ेब	पूजाहारीहरू	1
ग्रुम्‍थ	अगुवाहरूकहाँ	1
मतका	नखाने	1
मजाइनीकी	नपिउने	1
लडाइ	परिषद्ले	1
मुर	कप्‍तानलाई	1
एकेर	ल्याउनलाई	1
सोइक्‍तीन	भनोस्	1
एर	हामीचाहिँ	1
ग्रुंइशा	आउनुअगावै	1
उइ	मार्न	1
साइक्‍नीकी	हुन्छौँ	1
भानीजमी	मार्न	1
नेंना	पर्खिरहेका	1
भानीजमी	भान्जाले	1
बाक्‍तीके	किल्लाभित्र	1
माल्‍शा	त्यो	1
ग्रुम्‍शा	बताइदियो	1
कप्‍तान	सेनाहरूमध्ये	1
लडाइ	केटालाई	1
ग्रुम्‍पतीने	लगिदिनुहोस्	1
कप्‍तानमी	उनले	1
लडाइ	केटोलाई	1
सुइ	गोप्य	1
भानीजमी	जवान	1
भानीजमी	ठिकसँग	1
गारशा	भोलि	1
माल्‍ताक्‍व	ल्याउनका	1
बाप्‍शा	नसुम्पनुहोस्	1
४०	चालिसभन्दा	1
जने	पर्खेर	1
थुम्‍तेक्‍म	बसिरहेका	1
गेना	नमारेसम्म	1
सोइक्‍बा	नखाने	1
सोइक्‍बा	नपिउने	1
योव़की	भाकल	1
मशेंदो	नभन्‍नू	1
चोक्‍सीशो	कैसरियासम्म	1
पावल	जानको	1
सिपाही	सिपाही	1
शारा	घोडचढी	1
भाला	भालाधारी	1
सिजरिया	सिपाही	1
माल्‍ताक्‍व	पार	1
बजे	पहरमा	1
वोतीसे	हिडँनुपर्नेछ	1
सुइमी	चढ्न	1
पाइक्‍ने	जनावरहरू	1
मचाप्‍मेक्‍ल	उपलब्ध	1
फेलीक्‍स	फेलिक्सकहाँ	1
चाक्‍दीत्‍तीसे	पुर्‍याउनलाई	1
फेलीक्‍स	क्लाउडियस	1
हजुर	लुसियसबाट	1
नमस्‍ते	माननीय	1
हजुर	राज्यपाल	1
नेनीने	फेलिक्सलाई	1
ग्‍याइश्‍शा	पक्रिएका	1
हेरर	यिनलाई	1
हेररा	मार्नै	1
सिपाही	सैन्‍यदलसहित	1
बाक्‍मे	लगाएका	1
?	रहेछन्	1
पथ	जान्‍नको	1
कछडमी	परिषद्‌मा	1
लाइक्‍पाइक्‍ता	ल्याएँ	1
हिक्‍सी	पाएँ	1
पुंइसीचा	दिनुपर्ने	1
चोक्‍चा	हाल्नुपर्ने	1
मपशो	कसुर	1
रुप्‍ता	देखिनँ	1
गारशो	जानकारी	1
गारशो	गराइयो	1
सोइक्‍ताक्‍ङ	षड्‌यन्‍त्र	1
माइक्‍नुङमी	समक्ष	1
ब्रेक्‍ता	पठाइदिएको	1
लने	जे-जे	1
माइक्‍नुङमी	तपाईंकै	1
बाक्‍तीक	राख्‍नू	1
माइक्‍नुङमी	दिएको	1
ब्रेक्‍ता	बिदा	1
कप्‍तान	आज्ञाअनुसार	1
मिनु	सोही	1
एन्‍तीपात्रीसमी	एन्टिपाट्रिस	1
खोइलीमी	धेरैजसो	1
ङोइक्‍बपुकीमी	सिपाहीहरूले	1
सिजरिया	घोडचढीहरूसँग	1
शारा	उनीहरूचाहिँ	1
ङोइक्‍बपुकीमी	सैन्य	1
पावल	किल्लामा	1
चाक्‍दीश्‍शा	घोडचढीहरू	1
चाक्‍दीश्‍शा	कैसरिया	1
चाक्‍दीश्‍शा	हस्तान्तरण	1
गेमे	बुझाए	1
नवे	प्रान्तबाट	1
सिलीसीया	किलिकियाबाट	1
गेबपुकी	लगाउने	1
जाक्‍मल	आएपछि	1
मुददा	सुन्‍नेछु	1
दरवारमी	पावललाई	1
दरवारमी	दरबारमा	1
तेरतुल्‍लस	तर्तुलस	1
सिजरियामी	कुशलवक्ता	1
हुकुम	शासककहाँ	1
हुकुम	शासकका	1
राप्‍पदमेनु	उभिए	1
तेरतुल्‍लस	ततुर्लसले	1
फेलीक्‍स	लगाउन	1
सरकार	थाल्यो	1
माननीय	तपाईंको	1
ताइतक	मिलेको	1
ताइतक	दूरदृष्‍टिले	1
कोंइताक्‍नी	ल्याउँछ	1
पशो	अतिउच्‍च	1
मारेइ	फेलिक्स	1
रिम्‍शो	धन्यवादका	1
बाक्‍ब	साथ	1
मक्‍योल्‍चा	अल्झाउँदिनँ	1
मिम्‍नुङ	छोटकरीमा	1
मिम्‍नुङ	दया	1
तन्‍न	सुनिदिनलाई	1
थम	दु	1
राप्‍पा	ख	1
इन	संसारभरिका	1
राप्‍पा	विद्रोह	1
वोइश्‍शो	लगाउने	1
रिम्‍शो	व्यक्तिको	1
पपाइक्‍बाक्‍त	ऊ	1
नासरथ	नाजरी	1
नासरथ	सम्प्रदायको	1
पचशो	प्रयास	1
मगेक	पक्र्यौँ	1
लिसीयस	सैनिक	1
लडाइ	अधिकृत	1
सिपाहीपुकी	आइपुगे	1
हिंम	बलजफ्ति	1
लाइक्‍तु	लगे	1
हुकुम	बारे	1
फेलीक्‍स	पावललाई	1
चाप्‍नीनी	पाउनुहुनेछ	1
निसाफ	एकैसाथ	1
हुकुम	बोल्नका	1
गेवा	इशारा	1
हुकुम	बुझ्छु	1
लेत्‍नुङ	बयान	1
एसीया	गएको	1
नाक्‍त	दिनभन्दा	1
यरूसलेममी	तिनीहरूले	1
खिंमी	भेट्टाए	1
पोक्‍चा	गरिनँ	1
मपपदुमी	उक्साइनँ	1
गेतीमी	लगाएका	1
मचबेम	सक्दैनन्	1
मेकोपुकीमी	कि	1
हजुर	पन्थ	1
रुप्‍पाइक्‍नन्‍नी	मार्गअनुसार	1
दूली	पुर्खाहरूका	1
लोव़	कुराप्रति	1
लोव़	पुस्तकहरूप्रति	1
रिम्‍शो	कुराहरूद्वारा	1
पाइनुङ	विनादोषको	1
कली	पैसाको	1
जाक्‍ती	उपहारहरू	1
चढ़ेङानु	एसियाका	1
चढ़ेङानु	शुद्धिकरणको	1
मेकोपुकीमी	समारोहमा	1
ततीमी	भेट्टाए	1
मेना	भिडभाड	1
नङ	होहल्ला	1
एसीया	तपाईंको	1
बाक्‍तेक्‍म	हुनुपर्दथ्यो	1
नमी	भन्‍नुपर्दथ्यो	1
यरूसलेममी	नत्र	1
जाक्‍शोपुकी	परिषदअगि	1
बाक्‍शो	खडा	1
ग्रुंइदमे	भेट्टाए	1
नमी	भन्‍नुपर्छ	1
गेतीमी	यतिमात्र	1
तुइक्‍नुङ	कराएको	1
बेक्‍शो	ʻमृतकहरूको	1
सेंसीनीम	बारेको	1
’	तपाईंद्वारा	1
सुइक्‍नुङ	गरिदैँछ	1
शुश	जानकार	1
हुकुम	उनले	1
पाइबमी	यहूदीहरूलाई	1
तुइश्‍शो	पर्खन	1
लिसीयस	यरूशलेमबाट	1
पाइब	लुसियस	1
कोव़शा	मुद्दाको	1
ख्रोइश्‍शा	फैसला	1
सिपाहीपुकीमी	सदासयताको	1
गेचा	व्यवहार	1
जाक्‍तेक्‍म	साथीहरूबाट	1
ग्रुम्‍चा	भेटघाट	1
गेचा	नरोक्‍नू	1
वोइक्‍पदा	आदेश	1
आ	फेलिक्स	1
पपदसे	श्रीमती	1
पपदसे	द्रुसिल्लासँग	1
तमी	थिईन्	1
चाक्‍पाइश्‍शा	उनबाट	1
कली	येशूप्रतिको	1
अरेचा	संयमता	1
परमप्रभुमी	आउँदै	1
पाइब	बारे	1
शेंदानु	बहस	1
मोक्‍ल	अहिलेलाई	1
दीसा	समय	1
पय	मिल्छ	1
दीसा	बोलाउनेछु	1
फेलीक्‍समी	समयमा	1
सुइक्‍बा	दिन्छन्	1
लेंशा	पावललाई	1
ब्रेप्‍बाक्‍माक्‍त	प्रायः	1
ब्रेप्‍बाक्‍माक्‍त	बोलाउँथे	1
ब्रेप्‍बाक्‍माक्‍त	गर्दथे	1
ङा	वर्ष	1
जाक्‍माक्‍त	बित्यो	1
हुकुम	फेलिक्सपछि	1
पोरसीयस	पर्सिअस	1
पोरसीयस	बने	1
मख्रोइक्‍थु	छोडिराखे	1
हुकुम	प्रान्तमा	1
सांबु	तीन	1
ग्‍येत्‍थ	यरूशलेमस	1
लमाक्‍त	पुगे	1
बाक्‍मेनु	पूजाहारी	1
चढ़ेबपुकी	विशिष्‍ट	1
ग्रुम्‍थ	फेस्तसकहाँ	1
पामे	अभियोगहरू	1
मुददा	सहायताको	1
कोव़चा	फेस्तससँग	1
सोइश्‍शा	बोलाउन्	1
बाप्‍शा	मर्न	1
सिजरियामी	कैसरियाको	1
पिती	कैदी	1
पिती	फर्कनु	1
सिजरियामी	सक्‍नेहरू	1
मुददा	हामीसँगै	1
कोव़नुङ	जानुपर्छ	1
मुरुमी	मनिसमा	1
चाम्‍सीब	लगाउनुपर्छ	1
१०	दश	1
बाक्‍शा	बसेपछि	1
यि‍माक्‍त	फेस्तस	1
कछडी	न्यायको	1
वोइश्‍शा	बसे	1
चाक्‍पाइश्‍शा	ल्याइयोस्	1
तन्‍न	साबित	1
कोंइने	गम्भीर	1
मचाप्‍मे	अभियोगहरू	1
दूली	नामको	1
मपङ	विरुद्ध	1
परमप्रभु	नत	1
मपङ	विरुद्धमा	1
यहूदी	यहूदीको	1
दाक्‍ता	उनले	1
गेनन	मद्वारा	1
पाइबपुकीमी	आसनको	1
माल्‍नीम	गरिनुपर्छ	1
मपङ	यहूदीलाई	1
दू्ली	गल्ती	1
साइक्‍चा	योग्य	1
जाइनुङ	मर्नलाई	1
यो	इन्कार	1
महिंनुङ	गर्दिनँ	1
गेबपुकीमी	आरोपहरू	1
गेबपुकीमी	केही	1
मचाप्‍तेक्‍म	छैनन्	1
पुंइसीनुङा	सुम्पन	1
पिपी	गुहार्छु	1
सिजर	कैसरसँग	1
पिप	गुहार	1
देंते	माग्यौ	1
सोइक्‍तीमी	जानेछौ	1
अग्रीप्‍पा	अग्रिपा	1
हुकुम	कैसरियामा	1
सिजरिया	कामकाजी	1
जाक्‍सा	भेटघाट	1
बाक्‍सानु	बसेपछि	1
फेस्‍तसमी	मुद्दाहरू	1
चोक्‍शा	अघि	1
एक	“	1
मख्रोइक्‍थु	कैदीको	1
चोक्‍शा	छोडेका	1
तुइक्‍पाइक्‍तीमी	मकहाँ	1
तुइक्‍पाइक्‍तीमी	आरोपहरू	1
गेबपुकी	कृपाको	1
मग्रुम्‍पाइक्‍थु	सुम्पने	1
कानुनम	प्रचलन	1
मग्रुम्‍पाइक्‍थु	लगाइएको	1
मग्रुंइथु	लगाउनेहरूको	1
सजाइ	सामना	1
गेचा	आरोपहरूको	1
जाक्‍मा	पर्खिनँ	1
ग्रुम्‍पदुमीनु	बसेँ	1
मुरुमी	जब	1
साइश्‍शो	अभियोक्ताहरू	1
,	उठे	1
गेमेनु	लगाए	1
तन्‍न	ऊसको	1
गेमेनु	लागाएको	1
मबा	आभियोगहरू	1
दोस	लागेन	1
पर्बम	सम्बन्धी	1
कका	मरेको	1
पर्बम	दावी	1
पङ	अनुसन्धान	1
पङ	परेँ	1
कोव़चा	गरिनको	1
‘	सम्राटको	1
अगस्‍टस	फैसलाको	1
कोव़चा	राखिनलाई	1
गेने	गरेपछि	1
चोक्‍शा	नपठाएसम्म	1
वोइय्‍‍यीनी	राख्‍नलाई	1
अग्रीप्‍पामी	अग्रिप्पाले	1
सरकार	फेस्तसले	1
दीसान	भोलि	1
राप्‍पाइक्‍नुङ	सुन्‍नुहुनेछ	1
सरकारी	समारोहसँग	1
दरवारमी	भवनभित्र	1
देल्‍मा	सैनिक	1
बेरनीस	अधिकृतहरू	1
दरवारमी	विशिष्‍ट	1
देल्‍मा	व्यक्तिहरूसँग	1
चाक्‍पाइश्‍शा	दिएपछि	1
देल्‍शो	हुनुभएका	1
कोव़ङीने	देख्‍नु	1
वोदमेनु	कैयौँ	1
एको	छलफल	1
कोव़ङीने	रहनु	1
मो	पाएँ	1
पुंइसीब	लायकको	1
मतङ	गल्ती	1
रोमी	सम्राटकहाँ	1
अगस्‍टस	गरेकाले	1
सिजर	सम्राटलाई	1
हजुर	ल्याएको	1
अग्रीप्‍पा	विशेषगरी	1
चाप्‍नुङ	अग्रिप्पाकहाँ	1
नेल्‍लेमी	मुद्दाको	1
सिजर	लेख्‍ने	1
फ्रेंशो	कैदीलाई	1
दोस	पठाउनु	1
दोक्‍सीब	विरुद्धको	1
दोस	आरोपहरू	1
का	उल्लेख	1
सिजर	नगर्नु	1
दोक्‍सीब	अनुपयुक्त	1
दोक्‍सीब	जस्तो	1
मिम्‍ताक्‍ङ	लाग्छ	1
देनो	सक्छौ	1
पोक्‍शा	पसारे	1
गेवा	बचाउ	1
गेतीमी	दोषहरूको	1
हजुर	मुद्दालाई	1
अग्रीप्‍पा	आगाडि	1
,	पाउँदा	1
ग्‍येरसाक्‍यी	आफै	1
तङानु	खुसी	1
ग्‍येरसाक्‍यी	महसुस	1
पतीके	खास	1
मगारचा	तपाईं	1
गारचा	रीतिरिवाजहरू	1
मगारचा	प्रश्‍नहरूबारे	1
तुइश्‍शो	ज्ञाता	1
हजुरमी	धैर्यपूर्वक	1
नेंशा	सुनिदिनुहोस्	1
नेल्‍लेमी	जान्दछन्	1
तुइश्‍शो	जवानीदेखि	1
बाक्‍नीमी	जिएँ	1
फरिसी	सुरुबाट	1
फरिसी	जान्दथे	1
बाक्‍ती	जिएको	1
तुइक्‍नीमी	गर्नुपर्दछ	1
दुम्‍ने	धर्मको	1
चाप्‍नीम	सम्प्रदाय	1
बाक्‍माक्‍त	उभिन्छु	1
दुम्‍ती	राख्दछु	1
खाप्‍ब	यसैकारणले	1
यहूदी	उत्कटतासाथ	1
नाक्‍दो	परमेश्‍वररको	1
नाक्‍त	सेवा	1
खोदेंशो	पुग्‍ने	1
नङ	राख्छौँ	1
अग्रीप्‍पा	त्यही	1
अग्रीप्‍पा	आशाको	1
सरकार	लगाउँछन्	1
यावेमी	मृतकहरूलाई	1
लशो	बनाउने	1
हजुरपुकी	अपत्यारिलो	1
मचाप्‍नीनी	विचार	1
नासरथ	नासरीको	1
क्‍याम्‍चा	गर्नुपर्छ	1
नङ	गरेँ	1
आन	सन्तहरूलाई	1
चोक्‍पाइक्‍तामी	थुनेँ	1
क्‍याम्‍तीक	मूख्य	1
चोक्‍पाइक्‍तामी	पाएँ	1
सदमेनु	मारिए	1
सदमेनु	मत	1
देंती	जाहेर	1
कीशा	बारम्बार	1
चाक्‍शा	सजाय	1
तुप्‍शा	दिएँ	1
सेल्‍पाइश्‍शा	बनाउन	1
देंपाइक्‍तामी	गरेँ	1
साइक्‍पाइक्‍नुङमी	रिसाएँ	1
गाक्‍ती	विदेशका	1
यरूसलेममी	सहरहरूमा	1
गेतामी	खेदाएँ	1
मोपा	यसो	1
,	क्रममा	1
चढ़ेब	पूजाहारीहरूबाट	1
लाइतक	गएँ	1
सरकार	बाटोमा	1
हजुर	मध्यदिनमा	1
उइक्‍थ	सूर्यभन्दा	1
गाक्‍कानु	चम्किलो	1
एर	दुवैका	1
कोंइताक्‍व	चम्कियो	1
दाङ	लड्यौँ	1
आंमा	सुइरोमा	1
श्‍येत	लात	1
गेयी	हान्‍नु	1
तपांइसीन	उठ	1
तपांइसीन	पाउमा	1
तपांइसीन	सेवक	1
नेंशो	देखाउने	1
नेंशो	बन्‍नको	1
नेंशो	नियुक्त	1
नेंशो	उद्देश्यले	1
नेंशो	तिमीकहाँ	1
तपांइसीन	देखा	1
ताइनेवे	परेँ	1
नेंपा	मानिसहरूबाट	1
गाक्‍ङेनु	जसकहाँ	1
प्रोंइनुङ	पठाइरहेको	1
अधिकारमी	आँखा	1
बाक्‍शोपुकी	खोल्न	1
अधिकारमी	अन्धकारबाट	1
बाक्‍शोपुकी	फर्काउन	1
बाक्‍शोपुकी	शक्तिबाट	1
दुम्‍मल	फर्काउनको	1
कली	ममाथिको	1
दुम्‍शा	गरेकाहरूलाई	1
दुम्‍मल	उत्तराधिकार	1
अग्रीप्‍पा	स्वर्गीय	1
अग्रीप्‍पा	दर्शनको	1
टीब	अवाज्ञा	1
दुम्‍ती	गरिनँ	1
गाक्‍ती	दमस्कसमा	1
हिरदीने	भएकाहरूकहाँ	1
गाक्‍ती	यरूशलेममा	1
मोपा	यहूदियाको	1
गाक्‍ङानु	देशभरि	1
गाक्‍ङानु	रहनेहरू	1
गाक्‍ङानु	गैरयहूदीहरूकहाँ	1
ग्‍याइश्‍शा	पक्राउ	1
माल्‍तीमी	प्रयास	1
फाल्‍तीक	अहिलेसम्म	1
गारब	कुराहरूभन्दा	1
रुपीन	दिन्‍नँ	1
सेंसाक्‍व	दु	1
पुंइसीबपुकीमी	ख	1
पुंइसीबपुकीमी	भोग्‍नुपर्छ	1
पुंइसीबपुकीमी	हुनेहरूमा	1
मोपा	यहूदीहरूसाथै	1
पावलमी	जन	1
लदानु	बचाउलाई	1
ख्रोइश्‍शा	सोरमा	1
शेंसीशा	विद्याले	1
जोक्‍ब	बनाएको	1
पावलमी	पवालले	1
माननीय	सम्माननीय	1
बौला	साहसकासाथ	1
तुइश्‍शो	गम्भीर	1
सरकारमी	राजाले	1
रुप्‍शो	खुलेर	1
बाक्‍माक्‍त	बोल्छु	1
पर्बम	यीमध्ये	1
तुइश्‍शो	लुकेका	1
मनमी	गुपचुपमा	1
अग्रीप्‍पा	अगमवक्‍ताहरूमा	1
सुइक्‍नुङ	जान्दछु	1
अग्रीप्‍पामी	पवाललाई	1
ख्रीस्‍त	फकाएर	1
दुम्‍ती	बनाउन	1
,	या	1
यो	होस्	1
खोदेंशो	सुन्‍ने	1
दु‍मीन	झ्यालखानाका	1
सरकार	साङ्लाहरूबाहेक	1
पुंइ‍नुङ	गर्छु	1
बेरनीस	बरनिकी	1
छुल	बसिरहेकाहरू	1
चोक्‍चा	सभा	1
साइक्‍चा	भवनबाट	1
पुंइसीचा	बाहिरिँदा	1
देंमुशा	अर्कामा	1
गाक्‍मा	कुराकानी	1
देंमुशा	लायक	1
गाक्‍मा	छैनन्	1
कोव़चा	अपील	1
मपुंइशो	नगरेको	1
प्रोंइशा	छाड्न	1
सिजर	इटालीको	1
बाक्‍तीके	गर्नुपर्छ	1
जाक्‍माक्‍त	निर्णय	1
अगस्‍टस	कैदीहरूलाई	1
युलीयस	अगस्टसको	1
नें	फौजको	1
गुइमी	युलियसको	1
सिजरिया	एड्रामिटेनोसबाट	1
ङोइश्‍शा	चढ्यौँ	1
लाइतक	लाग्दै	1
नु	समुद्रतिर	1
लत	गयौँ	1
थिस्‍सलोनीकी	थेसेलोनिकेका	1
पावल	हामीसँगै	1
सीदोन	जहाजबाट	1
जाक्‍दीत्‍तक	उत्रियौँ	1
युलीयसमी	युलियसले	1
जाक्‍दीक्‍कानु	दयापूर्ण	1
पावल	गरे	1
ग्रुम्‍थ	साथीहरूकहाँ	1
पा	ताकि	1
जाक्‍शा	समुद्रतिर	1
साइप्रस	बतासबाट	1
जाक्‍दीत्‍तक	टापु	1
साइप्रस	बतास	1
नेक्‍नेक्‍था	दिशाबाट	1
जाक्‍दीत्‍तक	चलेको	1
पाम्‍फीलीया	पामफिलियाको	1
रागी	नजिकैबाट	1
लिसीया	लुकिया	1
मिरा	माइरा	1
अलेकजेन्‍द्रीया	इटाली	1
लाइब	गइरहेको	1
जहाज	अलेक्जेन्ड्रियाको	1
थिश्‍शा	भेट्टाए	1
ङोइक्‍पाइक्‍तीकी	चढाइदिए	1
ओंखां	बिस्तारै	1
क्‍नीदोस	कष्‍टसाथ	1
क्‍नीदोस	अन्तमा	1
रागी	क्‍निडस	1
क्‍नीदोस	बतासले	1
क्‍नीदोस	त्यताबाट	1
ओंखां	बढ्न	1
क्‍नीदोस	दिएन	1
साल्‍मोने	सल्मोनको	1
नेक्‍नेक्‍था	आड	1
क्रेट	लासिया	1
जाक्‍दीत्‍तक	सहरको	1
नाइक्‍तीके	ठाउँसम्म	1
दारशो	नपुगेसम्म	1
नाइक्‍तीक	कष्‍टसाथ	1
नें	गर्‍यौँ	1
गिवारमी	यहूदी	1
क्रेटमी	उपवासको	1
क्रेटमी	खतरनाक	1
योल्‍ब	सामानहरू	1
मताइनय	चोटपटक	1
जाम्‍ब	लाग्‍नेछ	1
मलचा	देख्छु	1
मसुइक्‍थु	भन्दा	1
होव़प	चालक	1
चलेब	बढ्ता	1
मेकोपुकीमी	जाडो	1
मेकोपुकीमी	समयमा	1
हिउंदमी	बन्दरगाहमा	1
एकेर	बिताउन	1
मदुम्‍ब	सजिलो	1
फोनीक‍स	चालकहरूमध्ये	1
फोनीकसमी	भएपनि	1
फोनीकसमी	फोनिक्स	1
जाक्‍दीन्‍ने	पुगेर	1
चाप्‍नय	जाडो	1
फोनीकसमी	बिताउनको	1
चाप्‍नय	सल्लाह	1
मेकेरेन	फोनिक्स	1
लाइतक	उत्तर-पूर्व	1
पच्‍छिममी	दक्षिण-पूर्वपट्टि	1
पच्‍छिममी	फर्केको	1
चलेसीब	मन्द	1
इचीची	बहन	1
चलेसीब	सोचे	1
दक्‍खिन	लङ्गर	1
वोइश्‍शा	खसाले	1
नेक्‍था	किनार	1
लाइतक	यात्रा	1
लाइतक	गरे	1
में	समयपछि	1
चोटीन	डरलाग्दो	1
टापु	उत्तर-पूर्वी	1
फश	नामक	1
सुम्‍तु	तुफान	1
फश	चल्यो	1
पूर्ब	टापुभरि	1
पूर्ब	बज्रन	1
मोपा	जहाजले	1
सुम्‍कीनु	आँधीको	1
सुम्‍कीनु	सामना	1
सुम्‍कीनु	नसकेपछि	1
लतीक	हार	1
मचबेम	मान्यौँ	1
योल्‍दल	लैजान्थ्यो	1
चलेचा	त्यतै	1
प्रोंइतेक्‍म	गयौँ	1
कौदा	क्लौडा	1
टापुमी	बडो	1
फश	कष्‍टका	1
डोंगा	पानी	1
डोंगा	डुङ्गालाई	1
फ्रेंशा	जोगाउन	1
बोल्‍यो	सक्षम	1
सेल्‍तेक्‍म	भयौँ	1
सिरतीस	उचाले	1
ओंखां	त्यसका	1
मओव़दील	भागलाई	1
ओंखां	बाँध्‍नको	1
जहाज	सिरटिसको	1
बाक्‍तीकेमी	धापमा	1
मओव़दील	फस्छौँ	1
कीब	डराएका	1
फश	आँधीद्वारा	1
गिवार	धकेलियौँ	1
सोपी	राखिएका	1
जहाजमी	समानहरू	1
भारी	फाल्न	1
फश	नियन्‍त्रण	1
गिवार	सामान	1
मारेइ	पुन	1
मतांइसे	फाले	1
गोपुकीम	दिनसम्म	1
मतांइसीबाक्‍त	सूर्य	1
मतांइसीबाक्‍त	ताराहरू	1
बेक्‍सीबाक्‍त	हाम्रामाझ	1
देंतक	चम्किएनन्	1
बेक्‍सीबाक्‍त	आँधी	1
देंतक	हामीमाथि	1
गोपुकीम	बज्रिरह्‍य	1
मतांइसीबाक्‍त	ो	1
ब्रोंइचा	बच्‍न	1
मतांइसीबाक्‍त	सक्छौँ	1
बेक्‍सीबाक्‍त	त्यागेका	1
देंतक	थियौँ	1
गो	खानाविना	1
मजथु	बिताइसकेका	1
चलेब	चालकहरूका	1
टिचा	चोट	1
गेपुकीमी	नभोग्‍नलाई	1
टिशो	मानेर	1
जहाजमी	क्रेटबाट	1
ममाल्‍द	नगरेको	1
मोदेंशो	म	1
हना	तपाईंहरूका	1
मबेक्‍नय	क्षति	1
बाक्‍कीने	जहाजको	1
मबेक्‍नय	मात्रै	1
बाक्‍कीने	क्षति	1
दोपा	गएको	1
तुइक्‍ताक्‍ङ	रात	1
राप्‍चा	उभिनु	1
मबेक्‍नेवे	कृपामा	1
नु	जहाजमा	1
गेप्‍तु	दिनु	1
मप्रोंइथु	हुनुहोस्	1
खाप्‍ब	परमेश्‍वरलाई	1
खाप्‍ब	गर्दछु	1
ख्रा	पुगेर	1
दिक्‍ब	क्षतिग्रस्त	1
तुइक्‍नुङ	हुनुपर्नेछ	1
नाक्‍त	रात	1
अद्रीया	यताउता	1
अद्रीया	एड्रियाटिक	1
लाक्‍शा	थियौँ	1
तेक	जमिन	1
कका	पुगिरहेका	1
तांइसीशो	विचार	1
ताम्‍तेक्‍म	गरे	1
२०	नापे	1
पुक्‍तीके	लगभग	1
ख्रुम्‍शा	छत्तिस	1
पुक्‍गमेनु	मिटर	1
इच्‍ची	समय	1
पुक्‍गमेनु	नाप	1
२०	सत्ताइस	1
ओरग्‍या	मिटर	1
सेरथे	चट्टानहरूमा	1
थोक्‍सीशा	ठोकिएर	1
जहाज	दुर्घटनामा	1
थोक्‍सीशा	पर्छौं	1
जहाज	तिनीहरू	1
बिग्रेसीब	डराए	1
तिक्‍शा	पछाडि	1
तिक्‍तीके	पट्टिबाट	1
ओटा	लंगर	1
तोक्‍शा	खसालेर	1
सोव़बा	होस्	1
रिम्‍शा	प्रार्थना	1
तिक्‍तीके	त्यो	1
प्रोक्‍चा	त्याग्‍नको	1
तोक्‍शा	झारे	1
तिक्‍तीके	अगाडिको	1
तोक्‍खु	भागबाट	1
तोक्‍शा	खसाल्छौँ	1
पचशो	सिपाहीहरू	1
प्रोक्‍शा	जहाजमा	1
गाक्‍तेक्‍म	बसेनन्	1
ग्रुम्‍शा	रहन	1
बेक्‍नय	सक्‍नुहुने	1
ख्रोइश्‍शा	डोरी	1
तोक्‍शा	काटिदिए	1
प्रोक्‍चा	पानीमा	1
प्रोक्‍चा	बगेर	1
मइप्‍शो	नखाई	1
मइप्‍शो	पर्खिएको	1
मइप्‍शो	खानु	1
महिनीन	खानुहोस्	1
सुइ	बाँच्‍नको	1
के	तपाईंहरूको	1
चां	टाउकोको	1
महेम्‍ब	रौँ	1
गुइमी	भनिसकेपछि	1
प्रभु	सबैको	1
जिक्‍शा	सामु	1
योक्‍तु	खान	1
जाइतक	खाए	1
२७६	276	1
रूथ्री	पर्याप्‍त	1
कुर	समुद्रमा	1
ताइक्‍ताक्‍म	फ्याँकेर	1
कुर	हलुका	1
ताइक्‍ताक्‍म	बनाए	1
तांइसीशो	जमिनलाई	1
रागी	चिन्‍न	1
बाक्‍मे	सकेनन्	1
मतुइक्‍तक	समुद्रबाट	1
बाल्‍वा	किनारा	1
सोव़मेनु	खाडी	1
सोव़मेनु	सक्छन्	1
बाल्‍वा	सक्दैनन्	1
मतुइक्‍तक	छलफल	1
ख्रोइश्‍शा	काटेर	1
ब्‍वाक्‍कुमी	समुद्रमा	1
प्रोंइतेक्‍म	छोडिदिए	1
गाक्‍पा	पतवारको	1
जहाज	खोलि	1
कली	दिए	1
बाल्‍वा	बतासतिर	1
गाक्‍पा	पालहरू	1
बाल्‍वा	फर्काए	1
बाल्‍वा	किनारतिर	1
लाइक्‍तेक्‍म	बढे	1
पामेनु	दुईओटा	1
बाल्‍वामी	पानीको	1
बाल्‍वामी	प्रवाह	1
ओव़दीश्‍शा	मिलेको	1
बाल्‍वामी	जमिनमा	1
ग्रुक्‍साक्‍व	भासियो	1
मीलु	जहाजको	1
मीलु	अगाडिको	1
चहिं	अड्‌कियो	1
ब्‍वाक्‍कुम	जहाज	1
आप्‍शा	हलचल	1
जिक्‍त	सकेन	1
चोक्‍सीशा	कैदीहरू	1
प्रोक्‍नीमी	पौडेर	1
कोर	नाभागून्	1
सुइ	सिपाहीको	1
मगेव	कप्‍तानले	1
ग्‍यारस	पावललाई	1
ग्‍यारशा	बचाउने	1
ग्रूङीन	गरे	1
मगेव	योजनालाई	1
ग्‍यारस	रोके	1
दोम्‍ली	पौडी	1
ग्रूङीन	खेल्न	1
ग्रूङीन	आउँछ	1
दोम्‍ली	जहाजबाट	1
ग्‍यारस	हाम	1
जोक्‍ब	फालेर	1
ग्‍यारशा	उत्रून्	1
ग्रूङीन	जाऊन्	1
फलेक	तख्ताहरूमा	1
चहिं	केही	1
ग्‍याइश्‍शा	सामानहरूमा	1
ग्रूतक	आइपुग्यौँ	1
माल्‍टा	ल्याइएको	1
पाइश्‍शो	माल्टा	1
तुइक्‍ताक्‍क	जान्यौँ	1
आंइ	सामान्य	1
तशा	खालको	1
ग्‍यू	देखाएनन्	1
थम	आगो	1
ग्‍यू	बालेर	1
यित	जनालाई	1
एर	बिटा	1
थेरना	दाउरा	1
होशा	हाले	1
कोक्‍‍तु	बेरियो	1
टापुमी	त्यहाँको	1
बुस्‍सुम	प्राणी	1
गिल्‍शो	झुण्डीरहेको	1
फश	समुद्रबाट	1
हेररा	उम्केको	1
ब्रोंइशा	इन्साफले	1
कोक्‍शा	जिउन	1
बेक्‍ब	दिएन	1
थुर	प्राणीलाई	1
हुम्‍ताक्‍व	झट्कारी	1
मदुम	हानी	1
मदुम	भोगेनन्	1
कोव़स	हनहनी	1
कोव़स	ज्‍वरो	1
कोव़स	हेरिरहेका	1
बुस्‍सुमी	मर्छन्	1
मिम्‍शो	ठानेका	1
कोव़स	लामो	1
कोव़स	समयसम्म	1
बाक्‍मानु	हेरिसकेपछि	1
मदुम	असामान्य	1
साइक्‍ब	विचारलाई	1
हिरशा	परिवर्तन	1
कका	ईश्‍वर	1
पुब्‍लीयस	स्थानमा	1
जाक्‍दीत्‍तीके	पब्लियस	1
पुब्‍लीयस	गरेको	1
खिं	दयाका	1
बास	बन्दोबस्त	1
तूचा	गरिदिए	1
बा‍स	पब्लियसका	1
ख्‍युर	ज्‍वरो	1
जरो	आऊँले	1
पशो	परेका	1
सापाइक्‍तु	पारे	1
सापाइश्‍शो	घटना	1
तशा	भइसके	1
सापांइसाक्‍म	पारिए	1
टापु	सम्मानका	1
गाक्‍चकानु	जहाजको	1
लाम्‍जी	यात्राको	1
लाम्‍जी	तयारी	1
कुम्‍ज	हामीलाई	1
कुरपा	परेका	1
अलेकजेन्‍द्रीया	तिन	1
जाक्‍शो	महिना	1
पोल्‍लुक्‍स	टापुमा	1
माल्‍टामी	अलेक्जेन्ड्रियाको	1
गे	सुरू	1
बाक्‍बाक्‍माक्‍त	यसै	1
माल्‍टामी	टापुमा	1
हिउंद	जुम्ल्याहा	1
लाक्‍शा	दाजुभाइको	1
लाइतक	तस्विर	1
सिराकुसमी	साइराक्युस	1
सिराकुसमी	शहरमा	1
सिराकुसमी	पुगिसकेपछि	1
हेरशा	रेगीयमको	1
रेगीयम	शहरमा	1
दीसा	दिनपछि	1
पशोमी	चल्यो	1
पुटेओलीमी	पटेओली	1
नाक्‍त	शहरमा	1
ग्रुम्‍कानु	भेट्टायौँ	1
सम्‍म	रहनको	1
ग्रुम्‍कानु	निमन्‍त्रणा	1
लाइतक	आइपुग्यौँ	1
ते	हामीलाई	1
गुम्‍थ	भेट्न	1
जाक्‍चाम्‍तेक्‍म	आप्पियासको	1
सां-पाटी	बजार	1
अप्‍पीयस	तिन	1
बजारमी	भट्टीसम्म	1
सुइक्‍ब	दाजुभाइहरूलाई	1
सेल्‍तु	उत्साहित	1
जाक्‍दीश्‍शो	रोममा	1
ते	सिपाहीको	1
ते	रेखदेखमा	1
दाक्‍ता	एक्लै	1
वोइक्‍तेक्‍म	दिइयो	1
मुर	एकसाथ	1
आं	तिनीहरूसँगसँगै	1
।	आइपुगे	1
यरूसलेममी	यद्यपि	1
यरूसलेममी	पितापुर्खाको	1
लोक्‍बपुकीमी	रितीरिवाजको	1
नेनीन	कैदीको	1
रोमी	यरूशलेमबाट	1
सरकार	रोमीहरूको	1
गेतीमी	सुम्पिएको	1
हिक्‍सी	गरिसकेपछि	1
देंतेक्‍म	चाहे	1
साइक्‍चा	मृत्युदण्डको	1
मचबेम	थिएन	1
लोक्‍बपुकीमी	विरुद्धमा	1
प्रोंइचा	बोले	1
बाक्‍मानु	भएँ	1
मगेनुङमी	लगाइरहेको	1
रुप्‍पाइक्‍थ	अपिलको	1
रुप्‍पाइक्‍थ	बोलाएको	1
दोस	इस्राएल	1
सुइश्‍शो	दृढ	1
पुंइसाक्‍ङ	बाँधिएको	1
यहूदीया	यहूदाबाट	1
लोव़	प्रतिवेदन	1
दुम्‍त	पन्थको	1
तुइक्‍चा	तपाईंबाट	1
ग्रुम्‍चा	बोलिन्छ	1
लोव़सी	हामीहरूले	1
नकी	जन्दछौँ	1
पावल	तोकिदिए	1
बाक्‍तीकेमी	बासस्थानमा	1
नाक्‍दो	विषयलाई	1
एको	राज्यको	1
शेंशा	बिहानदेखि	1
राज्‍य	बेलुकासम्म	1
सुइक्‍तेक्‍म	विश्‍वस्त	1
मसुइक्‍ब	अर्कामा	1
ब्रातेक्‍म	भएनन्	1
ब्रातेक्‍म	बोलिसकेपछि	1
किकी	पितापुर्खाहरूसँग	1
लावो	जा	1
आन	भन्	1
नेंनीन	सुन्‍नेछौ	1
कोव़चा	देखेर	1
कोव़नीन	देख्‍नेछौ	1
कोव़नीन	सजग	1
मताइनीनी	हुनेछैनौ	1
ग्‍याम्‍शो	सुस्त	1
थांइशो	मुश्किलसाथ	1
क्रिप्‍शो	सजग	1
नोफाम	सुन्‍ने	1
रुबेम	बुझ्‍ने	1
नेंनेम	फर्कने	1
टीनीम	जान्‍नुपर्ने	1
यावेमी	मुक्‍तिलाई	1
नेंपाइक्‍ब	पठाईएको	1
पावलमी	टिपोट	1
लाम्‍तेक्‍म	प्रेरित	1
देंतेक्‍म	२८	1
लाम्‍तेक्‍म	२९-	1
लाम्‍तेक्‍म	प्राचिन	1
का	पाण्डुलिपिहरूले	1
यहूदी	२९	1
पवानु	भनिसके	1
लाम्‍तेक्‍म	ठूलो	1
लाम्‍तेक्‍म	वाद-विवाद	1
”	बिदा	1
थाप्‍शा	भाडामा	1
बाक्‍मेनु	लिएको	1
मदेंबाक्‍मा	राज्यको	1
मदेंबाक्‍मा	साहसका	1
मदुम्‍ब	प्रभु	1
मदेंबाक्‍मा	शिक्षा	1
मदेंबाक्‍मा	दिइरहेका	1
बाक्‍माक्‍त	रोकेन	1
आ	बोलाइएका	1
तुइक्‍पाइक्‍चा	कामको	1
थरमी	वंशबाट	1
सेंताक्‍व	पुनरुत्‍थान	1
सक्तिम	हुनुभएर	1
यावेमी	पवित्रताको	1
तुइक्‍पाइक्‍चा	गरिनुभएका	1
तुइक्‍पाइक्‍चा	जातिमाझ	1
रागी	विश्‍वासको	1
मुर	आज्ञाकारिताको	1
योव़ती	प्रेरितको	1
इन	जातिहरूमध्ये	1
योव़तु	बोलाइएका	1
सहरम	सबैका	1
बाक्‍बपुकी	जाति	1
ख्रीस्‍तम	ख्रीष्‍टको	1
गेपुकीमी	निम्ति	1
रोम	चढाउँछु	1
तुइक्‍नीम	संसारभरि	1
पान	कत्तिको	1
पान	लिइरहन्छु	1
पुंइन	पुत्रको	1
पुंइन	सुसमाचारमा	1
बाक्‍नुङ	मेरो	1
पुंइना	आत्माले	1
पुंइन	जोसका	1
दाक्‍तीकेमी	इच्छाद्वारा	1
रीब	आउन	1
ग्रुम्‍पाइय्‍यीनी	सफल	1
पुंइन	अनुरोध	1
सुइक्‍तीक	भेट्ने	1
सेलु	बनाउनको	1
सुइक्‍तीक	आत्मिक	1
दाक्‍ती	सकूँ	1
सुइश्‍शोमी	एक-अर्काका	1
इं	पारस्परिक	1
बारपदल	हुने	1
रोम	तिमीहरूकहाँ	1
सम्‍म	इच्छा	1
सम्‍म	अनभिज्ञ	1
पिने	होऊ	1
गाक्‍ती	रोकिएको	1
गेपुकी	गैरयहूदीहरूका	1
।	झैँ	1
मसुइक्‍बमी	माझमा	1
बारल	पाउनको	1
मिम्‍नुङ	चाहेको	1
मजोक्‍ब	विदेशीहरू	1
जोक्‍ब	बुद्धिमान्‌हरू	1
मजोक्‍ब	मूर्खहरू	1
शेंचान	दुवैप्रति	1
माल्‍नुङ	ऋणी	1
रोमम	हकमा	1
रोमम	रोममा	1
मुने	सुसमाचारको	1
मुने	शर्माउँदिनँ	1
दुम्‍पाइक्‍बा	विश्‍वासबाट	1
दे	जस्तो	1
ठीक	धर्मीहरू	1
ब्रोंइब	जिउनेछन्	1
मदाक्‍थु	भक्‍तिहीनता	1
तशा	अधार्मिक्‍ता	1
कोंइताक्‍व	स्वर्गबाट	1
यावेम	भक्‍तिहीनताद्वारा	1
गाइश्‍शो	सत्यतालाई	1
कोंइताक्‍व	रोकेको	1
तुइक्‍ने	परमेश्‍वरबारे	1
तुइक्‍ने	अज्ञात	1
चाप्‍नीमी	दृश्‍य	1
मतांइसीशो	उत्‍पत्तिदेखि	1
सरीङ	अदृश्य	1
नु	पक्षहरू	1
रागीमी	दृश्‍य	1
सेल्‍शो	सृजिएका	1
मार	थोकहरूद्वारा	1
तुंइसीब	बुझिएका	1
मेकोपुकीम	पक्षहरू	1
मेकोपुकीम	अनन्त	1
मतुइक्‍तक	शक्‍ति	1
माफ	ईश्‍वरीय	1
पुंइने	स्वभावहरू	1
तुइश्‍शा	चिनेर	1
मसेलेम	नदिएकाले	1
मिम्‍तीकेमी	आ-आफ्नै	1
दूली	विचारमा	1
मरुप्‍ब	अचेत	1
थुं	हृदयहरू	1
मरुप्‍ब	अँध्यारो	1
दुम्‍त	बनाइए	1
मजोक्‍थु	बुद्धिमान्‌	1
गो	दाबी	1
चिक्‍ब	चराचुरुङ्गी	1
जन्‍तु	चार	1
ग्रेशा	खुट्टे	1
गाक्‍ब	जनावरहरू	1
आन	जन्तुहरूको	1
मूर्ति	प्रतिमासँग	1
फाइक्‍तेक्‍म	साटे	1
थुंमी	शरीरको	1
प्रोंइतु	अनादर	1
ग्रांग्रा	कामबासनामा	1
दिचा	छाडिदिनुभयो	1
जोल	झुटसँग	1
सेल्‍तेक्‍म	साट्ने	1
सेल्‍तेक्‍म	गरिनुपर्ने	1
सेल्‍ब	गर्नुको	1
परमप्रभु	थोकहरूको	1
मिम्‍शो	लाजमर्दो	1
पपाइक्‍चा	अभिलाषाहरूमा	1
प्रोंइतु	छाडिदिनुभयो	1
मीशेमी	स्‍त्रीहरूले	1
मीशेमी	प्राकृतिक	1
मीशेमी	स्वभावलाई	1
यो	प्रकृति	1
मगारचा	विरुद्धको	1
गेय	कार्यहरूसँग	1
पाम्‍तेक्‍म	साटे	1
मीश	स्‍त्रीहरूसँगको	1
ब्‍वांइ‍सीचा	कार्यलाई	1
वोंइश	एक-अर्काप्रतिको	1
ब्‍वांइ‍साक्‍म	कामुकताले	1
ब्‍वांइ‍साक्‍म	जले	1
मोदेंशो	पुरुषहरूसँग	1
मरिम्‍शो	अश्‍लील	1
सजाइ	भ्रष्‍टताअनुसारको	1
ताम्‍तेक्‍म	पुरुषहरू	1
थुंमी	सजगतामा	1
ममाल्‍ब	हुनुभएकोमा	1
मिम्‍ताक्‍म	नभएका	1
गेशा	भ्रष्‍ट	1
प्रोंइतु	छोडिदिनुभयो	1
थुं	अधार्मिकता	1
पापम	लालच	1
पापम	द्वेषले	1
जिम्‍तेक्‍मे	कलह	1
ख्रुइश्‍शा	विचारले	1
कली	कुरौटे	1
मदाक्‍थु	गर्नेहरू	1
शुश	हिंस्रक	1
बोरतेक्‍मे	अहङ्कारी	1
ला	थोकहरूका	1
मिम्‍ताक्‍मे	आविष्कारकहरू	1
आफ	आमाबुबाप्रति	1
दुम्‍तेक्‍मे	तिनीहरूमा	1
दुम्‍तेक्‍मे	समझ	1
मपामे	अविश्‍वासयोग्य	1
सुइ	स्वाभाविक	1
मदाक्‍तमे	प्रेमविनाका	1
मपामे	कृपारहित	1
निसाफ	मृत्युका	1
मरिम्‍शो	नियमलाई	1
पन	जान्दछन्	1
दुम्‍त	गर्नेहरूसँग	1
गेचा	जेको	1
दाक्‍बपुकी	लगाउँछौ	1
दाक्‍बपुकी	त्यसैमा	1
तुइक्‍तीन	ठहराइन्छौ	1
गेबपुकी	गर्नेले	1
पाइब	गर्नेहरूमाथि	1
सजाइ	सत्यताअनुसार	1
ब्रोंइचा	इन्साफबाट	1
ताइनीकी	उम्कनेछौ	1
दाक्‍तीके	कृपाको	1
दाक्‍तीके	प्रशस्तता	1
फाल्‍तीके	ढिलाइ	1
रिम्‍तीके	धैर्यलाई	1
मिम्‍नीनी	ठन्छौ	1
लेत्‍नीमी	पश्‍चात्तापमा	1
लेत्‍नीमी	डोर्‍याउनलाई	1
मलेत्‍तीके	अपश्‍चात्तापी	1
तेम्‍नीनी	दिन	1
ताइनीनी	थुपारिरहेका	1
दोदेंशो	कर्महरूको	1
पामे	नापअनुसार	1
मोदेंशो	दिनुहुनेछः	1
सुमी	अटुट	1
माल्‍शा	सुकर्म	1
बाक्‍नीमी	इज्‍जत	1
ब्रोंइचा	अमरत्वको	1
ताइनीम	दिनुहुनेछ	1
मिम्‍बपुकी	भलाइ	1
लोव़	अवज्ञा	1
मटीबपुकी	अधार्मिकताप्रति	1
जोल	हुनेहरूमाथि	1
चुरशो	भयङ्कर	1
चुरशो	रिस	1
पाइबपुकी	मानव	1
हिंशा	प्राणमाथि	1
बाक्‍शा	सङ्कट	1
जाइनीम	ल्याउनुहुनेछ	1
यहूदी	यहूदीमाथि	1
पाइबपुकी	काम	1
राज्‍य	गर्नेहरूमाथि	1
जाक्‍शा	प्रशंसा	1
नाइश्‍शा	त्‍यसपछि	1
मतुइश्‍शोमीन	व्यवस्थाविना	1
मतुइक्‍थु	व्यवस्थाप्रति	1
प‍चा	गरिनेछन्	1
मदुम्‍नीम	ठहरिनेहरू	1
दुम्‍नीम	ठहरिनेछन्	1
दुम्‍बा	स्वभावद्वारा	1
लोव़	चाहेका	1
कोंइनीम	देखाउँछ	1
पशो	विचारले	1
मरिम्‍शो	प्रतिरक्षा	1
निसाफ	लागु	1
ग्‍येरपाइक्‍तीक	सुसमाचारअनुसार	1
पतीकेमी	गोप्य	1
ठेयब	व्यवस्थामाथि	1
जात	भर	1
नकी	भन्छौ	1
मिम्‍नीनी	रमाउँछौ	1
अरेशो	फरक	1
शेंसीशो	जाँच	1
मताइब	अन्धाहरूका	1
कोंइब	अगुवा	1
बत्ती	ज्योति	1
हेंथे	मूर्खलाई	1
मशेंसीशो	शिशुहरूका	1
शेंशो	सिकाउँछौ	1
आंम	आफैलाई	1
मशेंसीनीनी	सिकाउँदैनौ	1
शेंनीनी	सिकाउँछौ	1
मीश	नगर्नू	1
मलाइक्‍चा	भन्‍छौ	1
मन्‍दीर	मन्‍दिरहरू	1
लाइक्‍नीनी	लुट्छौ	1
मटितीकेमी	रमाउँछौ	1
मटितीकेमी	व्‍यवस्‍था	1
मोदेंशो	जसो	1
शुक्‍शी	अनादर	1
ख्रोइक्‍तीक	वास्‍तवमा	1
चिनु	खतनाले	1
दुम्‍ब	दिन्‍छ	1
मटीतीनी	भङ्‌ग	1
दुम्‍नीनी	हुन्‍छ	1
ख्रोइक्‍तीक	बेखतने	1
पतीक	माग	1
मेको	त्‍यसको	1
ख्रोइश्‍शो	ठानिनेछैन	1
चिनु	नभएकाले	1
आंमा	दोषी	1
ठीक	ठहराउँदैन	1
निसाफ	लिखित	1
दुम्‍ची	धर्मशास्‍त्र	1
निसाफ	भएकाले	1
तुइश्‍शा	अक्षरमा	1
सोक्‍तीम	आत्‍माद्वारा	1
मसेल्‍नीम	यस्‍तो	1
मसेल्‍नीम	मानिसबाट	1
देंब	आउँछ	1
यहूदीपुकीमी	यहूदीलाई	1
ताइनीमी	फाइदा	1
दुम्‍बाक्‍ङा	फाइदा	1
अरु	हरतरहले	1
ङोंइती	सर्वप्रथम	1
तुइक्‍पाइक्‍चा	यहूदीलाई	1
कली	सुम्पिएको	1
निक्‍शीमी	यहूदीहरू	1
अरेशो	विनाविश्‍वासका	1
मटीमे	भन्दैमा	1
मो	अविश्‍वासले	1
लोव़	विश्‍वासयोग्यतालाई	1
जोल	अमान्य	1
मदुम्‍ब	तुल्याउँछ	1
देंशो	यस्तो	1
मजाक्‍दीप्‍ब	नहोस्	1
गेना	ठहरिए	1
दुम्‍ब	भेट्टाइनुभएको	1
बाक्‍ब	देखाइयोस्	1
पतीक	आउनुहुँदा	1
पतीक	विजय	1
ठीक	हुनसक्‍नुभएको	1
मरिम्‍शो	अधार्मिकताले	1
देंशा	धार्मिकतालाई	1
कोंइताक्‍य	देखाउँछ	1
देंनय	भन्‍न	1
देंनय	सक्छौ	1
सजाइ	ठहरिनुहुन्‍न	1
गेशो	,	1
बाक्‍बा	ठहरिनुहुन्छ	1
मोदेंशो	तर्कअनुसार	1
मिम्‍नीम	बोलिरहेको	1
पशोमी	झुटद्वारा	1
तपाइश्‍शा	प्रशस्त	1
सेल्‍ता	प्रदान	1
पापी	पापीको	1
सुइक्‍चा	न्याय	1
पुंइसीनुङा	गरिन्छ	1
मुरपुकीमी	नभनौँ	1
मशेंदुमी	आरोप	1
मशेंदुमी	लगाइन्छ	1
पापमी	केहीले	1
पापमी	दुष्‍ट	1
पापमी	गरौँ	1
सेल्‍तेक्‍म	आओस्	1
मशेंदुमी	तिनीहरूमाथिको	1
जात	सफाइ	1
मनय	त्यसो	1
पापी	लगाइसकेका	1
बाक्नय	छौँ	1
तुइक्‍ब	बुझ्ने	1
ममाल्‍ब	खोज्‍ने	1
हेंथे	अनुपयोगी	1
ब्रेक्‍शो	अहँ	1
ग्रांग्रा	घाँटी	1
दिचा	चिहान	1
शुक्‍शी	जिब्राले	1
कशो	तिक्‍तताले	1
ममिम्‍थु	खुट्टा	1
मुर	बगाउनमा	1
साइक्‍नीम	द्रूत	1
खतम	मार्गहरूमा	1
बाक्‍चा	मार्ग	1
मतुइक्‍नीम	जानेका	1
“	आँखाको	1
मटिम्‍तेक्‍म	बस्‍नेहरू	1
सिक्‍सी	कै	1
दुम्‍तेक्‍म	बन्द	1
दुम्‍तेक्‍म	भन्‍नाका	1
पापी	परमेश्‍वरप्रति	1
दुम्‍तेक्‍म	जवाफदेही	1
मदुम्‍नीम	नठहरिने	1
तुइक्‍नय	आउँछ	1
जाक्‍शो	धर्मीकता	1
यहूदी	भेदभाव	1
छेङछेङम	महिमासम्म	1
मचाप्‍नीम	चुकेका	1
येसु	भएको	1
सुदमे	छुटकाराद्वारा	1
दुम्‍पाइक्‍ब	ठहराइन्छन्	1
पापी	रगतमा	1
रिम्‍शा	प्रायश्‍चित्तको	1
मगेवा	अर्पण	1
आन	धैर्यमा	1
जचा	विगतका	1
क्‍याम्‍ताक्‍व	बेवास्ता	1
क्‍याम्‍ताक्‍व	गर्नुभएकोले	1
जपाइश्‍शा	प्रमाणको	1
बेक्‍चा	अर्पण	1
मोपा	वर्तमान	1
निसाफ	प्रदर्शन	1
ग्‍याम्‍शा	आफैँलाई	1
दुम्‍तीनी	सक्‍नुभएको	1
देंब	येशूमाथिको	1
ग्‍याम्‍शा	कुनैलाई	1
ग्‍याम्‍शा	ठहराउनुहुन्छ	1
नेल्‍ल	घमण्ड	1
यावेमी	कहाँ	1
दुम्‍ती	हटाइएको	1
देंने	केको	1
मचाप्‍नीम	आधारमा	1
सुइक्‍तीके	आधारमा	1
गोपुकीम	निचोडमा	1
गोपुकीम	आउँछौँ	1
शेंनीकी	कामहरूविना	1
सेल्‍ब	ठहरिन्छ	1
चिनु	नभएकाहरूलाई	1
लोव़	कायम	1
रुब्‍य	राख्‍छौँ	1
अब्राहाममी	भनौँ	1
ममाइ	अब्राहामले	1
गेय	अब्राहाम	1
पशा	कामद्वारा	1
दुम्‍शो	ठहरिएका	1
ताइनीम	ज्यालालाई	1
गाल्‍च	गनिँदैन	1
गेशो	पाउनुपर्ने	1
ममाइ	गनिन्छ	1
ङोंइती	सट्टा	1
मटीब	अधर्मीलाई	1
पाइब	ठहराउनुहुनेमा	1
बाक्‍ब	गनिन्‍छ	1
मपथु	कामविना	1
दुम्‍शा	गान्‍नुभएको	1
मटितीके	धन्य	1
मटितीके	अधर्महरू	1
ग्‍येरसीशो	ढाकिएका	1
क्‍याम्‍चा	लेखा	1
मगेब	राख्‍नुहुन्‍न	1
ख्रोइक्‍तीक	भएकाहरूका	1
ख्रोइश्‍शो	भनिएको	1
चिनु	नगरिएकाहरूका	1
अब्राहाममी	भन्छौँ	1
सुइक्‍तु	अब्राहामको	1
ख्रोइक्‍तीक	गनियो	1
दुम्‍पाइक्‍तु	बेखतनामा	1
चिनु	चिन्ह	1
दुम्‍पाइक्‍चा	बेखतनाको	1
ख्रोइक्‍तीक	पाइसकेका	1
मारदे	चिन्हको	1
हना	परिणामचाहिँ	1
ङोंइतीन	बेखतनामै	1
ख्रोइक्‍तीक	मतलब	1
आफ	धार्मिकता	1
दुम्‍त	गनिनेछ	1
अब्राहामम	अर्थ	1
मख्रोइक्‍थु	अब्राहाम	1
ख्रोइक्‍तीके	खतनाबाट	1
ख्रोइक्‍ब	आएकाहरूका	1
अब्राहामम	अब्राहामको	1
मख्रोइक्‍थु	कदम	1
गाक्‍ब	पछ्याउनेहरूका	1
टितीके	सन्तानहरूलाई	1
टितीके	उत्तराधिकार	1
सुइश्‍शो	धार्मिकताद्वारा	1
अरेशो	व्यवस्थाकाहरू	1
टीब	उत्तराधिकारीहरू	1
सुइक्‍तीके	बनाइयो	1
थोक्‍शो	प्रतिज्ञालाई	1
जाम्‍शा	गरियो	1
गाइक्‍तीक	क्रोध	1
पोक्‍ब	ल्याउँछ	1
मतुंइ‍स	अनाज्ञाकारिता	1
ताइनीम	सकोस्	1
टीबपुकीम	परिणामस्वरूप	1
टीबपुकीम	सन्तानहरूका	1
शिशी	निश्‍चित	1
अब्राहामम	सन्तानहरूले	1
खोदेंशो	केवल	1
अब्राहामम	व्यवस्था	1
अब्राहामम	जान्‍नेहरूलाई	1
अब्राहाम	अब्राहामको	1
दुम्‍नीम	समेट्छन्	1
सेल्‍तन	बनाएको	1
बेक्‍शो	मरेकालाई	1
मबाक्‍शो	नभएका	1
मबाक्‍शो	थोकहरूलाई	1
सेल्‍ब	सक्‍नुहुन्छ	1
सेल्‍तन	परिस्थितिहरूका	1
सेल्‍तन	बाबजुद	1
बाक्‍माक्‍त	अब्राहामले	1
सेल्‍तन	तेरा	1
सेल्‍तन	भनिएअनुसार	1
सेल्‍तन	बने	1
आल	अब्राहामले	1
मथिथु	बुझे	1
सहे	करिब	1
दुम्‍शा	पुगेका	1
आल	साराको	1
मथिथु	कोख	1
बर्स	पैदा	1
दाल्‍गीर	प्रतिज्ञाका	1
दाल्‍गीर	अब्राहाम	1
दाल्‍गीर	अविश्‍वासमा	1
मपथु	रोकिएनन्	1
बारन	बनाइयो	1
परमप्रभु	उनले	1
खाप्‍‍ने	त्यो	1
थमा	उहाँ	1
खाप्‍‍ने	हुनुहुन्थ्यो	1
तुइश्‍शो	विश्‍वस्त	1
लोव़	केवल	1
ब्रेक्‍शो	गनिएको	1
सु	जसको	1
सेंपाइक्‍ब	गनिनेछ	1
सेंपाइक्‍ब	पार्नुहुनेमा	1
दुम्‍पाइक्‍ब	गर्छौं	1
क्‍याम्‍चा	अपराधका	1
पुंइसाक्‍व	सुम्पिएको	1
दुम्‍पाइक्‍चा	ठहराउन	1
पुंइसाक्‍व	पारिएको	1
दुम्‍पाइक्‍चा	ठहरिने	1
दुशा	शान्‍तिमा	1
येसु	उहाँप्रतिको	1
आ	खडा	1
ताइनीकी	दृढता	1
ताइनीकी	हुनेछौँ	1
ग्‍येरशा	दृढतामा	1
बाक्‍तय	रमाउँछौँ	1
मारदे	जान्दछौँ	1
जशोमी	कष्‍टले	1
फाल्‍तीक	सहनशीलता	1
सक्ति	उत्‍पन्‍न	1
फाल्‍बपुकी	सहनशीलताले	1
तुइक्‍ताक्‍य	गराउँछ	1
पाइश्‍शोपुकी	सहमतिले	1
दुम्‍नीम	गराउँछ	1
आस	भरोसाले	1
बोल्‍यो	निराश	1
सेल्‍ब	पार्दैन	1
पतीकेमी	आत्‍माद्वारा	1
मोइश्‍शो	खन्‍याइएको	1
मटीब	अधर्मीको	1
पर्बम	समयमा	1
बेक्‍चा	मुस्‍किलले	1
बेक्‍बा	मर्नेछ	1
सुइ	सायद	1
बेक्‍ने	कोहीले	1
चाप्‍बा	मर्ने	1
कों	साहस	1
?	गर्थ्यो	1
गेप्‍तु	मर्नुभयो	1
पतीकेमी	रगतद्वारा	1
गाइश्‍शो	ठहराइएका	1
तुइक्‍ताक्‍य	बचाइनेछौँ	1
बेक्‍शोमीन	मृत्‍युद्वारा	1
बाक्‍यानु	गराइयो	1
बेक्‍शोमीन	जीवनद्वारा	1
सेल्‍तु	बचाइनेछौँ	1
प्रोंइतीके	मिलाप	1
मुर	मानिसद्वारा	1
बेक्‍ब	संसारमा	1
दुम्‍मा	पाप	1
बेक्‍ब	पापद्वारा	1
दुम्‍मा	मृत्‍यु	1
पामे	मानिसमा	1
मोपतीके	संसारमा	1
मग्रूशो	लेखा	1
आदम	मृत्‍युले	1
पाला	आदमदेखि	1
पाला	मोशासम्‍म	1
आदम	आदमले	1
बेक्‍न	अनाज्ञाकारिताको	1
मपामे	नगर्नेमाथि	1
,	राज्‍य	1
बेक्‍न	आउनु	1
बेक्‍न	पर्थ्यो	1
आदम	तरै	1
आदम	सित्तैँको	1
पशो	अधर्म	1
मटितीकेम	अधर्मले	1
सेल्‍तीमी	मरे	1
यावे	अनुग्रहले	1
शिशी	धेरैका	1
गेशो	वरदान	1
आदम	जनाले	1
आदम	पाप	1
खोदेंशो	परिणामजस्तो	1
मारदे	एकातिर	1
आदम	‍मानिसको	1
पशोमी	अपराधले	1
खतम	न्‍याय	1
शिशीमी	वरदान	1
मुर	अपराधपछि	1
ठीक	धर्मीकरणको	1
दुम्‍पाइक्‍तु	परिणाममा	1
आदम	अपराधद्वारा	1
पशोमी	जनाद्वारा	1
बेक्‍तीकेम	मृत्‍युले	1
सेल्‍तीकेमी	वरदानको	1
सेल्‍तीकेमी	प्रशस्तता	1
ब्रोंइचा	जीवनद्वारा	1
पतीके	अपराधद्वारा	1
जाम्‍शा	भागीदार	1
पतीकेम	कामद्वारा	1
क्‍याम्‍शा	धर्मीकरण	1
पतीके	अनाज्ञाकारिताद्वारा	1
दुम्मा	बनाइयो	1
सेल्‍तीमी	बनाइनेछ	1
तुइक्‍न	अपराध	1
लाम्‍तेक्‍म	बढोस्	1
पापमी	पापले	1
बेक्‍पाइक्‍ब	मृत्युद्वारा	1
सेल्‍मी	राज्‍य	1
नेल्‍ल	अनुग्रहले	1
ब्रोंइशा	धार्मिकताद्वारा	1
ख्रीस्‍तम	राज्‍य	1
पस	गरिरहने	1
मुरपुकीम	पापप्रति	1
बाक्‍ने	मर्‍यौँ	1
चाप्‍नीमी	जिउने	1
ख्रीस्‍त	जतिलाई	1
बेक्‍तीकेमी	मृत्युमा	1
थिम्‍शो	बप्‍तिस्माद्वारा	1
दुम्‍तय	गाडियौँ	1
सक्तिमी	महिमाद्वारा	1
सेंपाइश्‍शो	पारिनुभयो	1
सेंसीशा	नवीनतामा	1
गाक्‍तय	हिँड्न	1
दुम्‍या	स्वरूपमा	1
सेंसीशो	पुनरुत्थानमा	1
साइक्‍तीके	जन्दछौँ	1
पापम	मनुष्यत्वलाई	1
मबाक्‍नय	शरीरलाई	1
जाम्‍त	नाश	1
मबाक्‍नय	नपरोस्	1
ब्रोंइशो	घोषित	1
बाक्‍नीम	गरिन्छ	1
सुइक्‍नय	गर्छौं	1
बेक्‍तय	जिउनेछौँ	1
मबेक्‍चा	मृत	1
ब्रोंइत	हुनुहुन्‍न	1
मबेक्‍ब	राज्य	1
क्‍याम्‍चा	मर्नुभयो	1
मुल	उहाँ	1
मिम्‍तीन	ठान्‍नुपर्छ	1
पापम	अभिलाषालाई	1
हुकुम	मान्‍न	1
मगेने	परोस्	1
मपपतीन	अधार्मिकताका	1
शोव़	साधनहरूको	1
मपपतीन	नदेओ	1
जिम्‍मा	जिइरहेको	1
गेंसीशा	मृतकको	1
गेंसीशा	शरीरका	1
गेंसीशा	अङ्गहरूलाई	1
जिम्‍मा	धार्मिक	1
गेंसीशा	साधनको	1
पापमी	आफूमाथि	1
मचाप्‍ब	नदेओ	1
मसेल्‍थु	छैनौँ	1
वाइली	दिन्छौ	1
दुम्‍या	त्यसप्रति	1
वाइली	पापका	1
वाइली	नोकरहरू	1
दुम्‍शा	आज्ञाकारिताका	1
दुम्‍नीनी	सेवकहरू	1
शेंशो	ढाँचालाई	1
दाक्‍शा	हृदयदेखि	1
टीतीनी	गर्‍यौ	1
रुप्‍पाइक्‍चा	कमजोरीको	1
चिनु	बोल्‍ने	1
लेंशा	मानिसझैँ	1
शेंनन्‍नी	बोल्छु	1
दिशो	दुष्‍टका	1
अरेशो	नोकरहरूको	1
मटिनी	दियौ	1
इन	शुद्धिकरणको	1
दुमीन	देओ	1
वाइली	दासहरू	1
पतीक	धार्मिकताबाट	1
पाइनीनी	हुनुपर्ने	1
पाइनीनी	थोकहरूका	1
पाइनीनी	कस्ता-कस्ता	1
पाइनीनी	फलहरू	1
पुंइसीशा	गराइएको	1
ताइनीनी	शुद्धिकरणको	1
शिशी	वरदानचाहिँ	1
शेंचा	जान्‍नेहरूसित	1
दाक्‍ती	व्‍यवस्थाले	1
टिचा	नियन्‍त्रण	1
मबेक्‍म	जीवित	1
कानुनमी	व्यवस्थाद्वारा	1
आस	बाँधिएकी	1
मबेक्‍म	व्यवस्थाबाट	1
आस	मुक्त	1
लत	बसी	1
ख्रोइक्‍ब	भनिनेछ	1
मपुंइसीब	हुन्छे	1
खोइक्‍तु	बसी	1
वोंइश	व्यभिचारिणी	1
बेक्‍ने	हुँदिन	1
बेक्‍शोमी	शरीरद्वारा	1
रुपीन	मरेका	1
काथा	फलाउन	1
पशो	अर्कैसँग	1
पुंइसीशो	पारिनुभएकासँग	1
पाइनय	सक्यौ	1
बाक्‍यानु	थियौँ	1
दिशोमी	फलाउन	1
ब्रीशा	अङ्गहरूमा	1
पाइतय	स्वभावहरू	1
गाल्‍च	सक्रिय	1
बेक्‍तीक	गराइए	1
मरिम्‍शो	कुराले	1
पतीक	बाँधेको	1
येसु	विधानमा	1
नक	नयाँपनमा	1
पाइनय	सकौँ	1
दें‍य	भनौँ	1
ममिम्‍चा	नहोस्	1
मपढेङा	नभएको	1
तशा	लोभ	1
मवलो	नगर्	1
मब्रेक्‍शो	नभनेसम्म	1
ब्रीशो	पायो	1
वाल्‍पाइक्‍ती	अभिलाषा	1
वाल्‍पाइक्‍ती	ल्यायो	1
मग्रू	मरेतुल्य	1
बोक्‍त	पापले	1
बोक्‍त	पुनः	1
बोक्‍त	जीवन	1
थुंमी	पायो	1
बोक्‍त	मरेँ	1
अरेशो	ल्याउनुपर्ने	1
लोव़मीन	मृत्युमा	1
बेक्‍ब	परिणत	1
बेक्‍ब	पुग्यो	1
टिने	छोप्यो	1
मचाप्‍तीके	छल	1
पापम	गर्‍यो	1
ख्रुम्‍शा	नियमहरूद्वारा	1
साइक्‍ती	मार्‍यो	1
साइय्‍यी	बन्यो	1
तुंइसीब	त्यसद्वारा	1
शुश	ल्याइयो	1
तुइक्‍नय	शारीरिक	1
बाक्‍ती	बेचिएको	1
मरुप्‍नुङ	बुझ्दिनँ	1
मदाक्‍शो	जेलाई	1
सुइक्‍नुङ	हुन्छु	1
मबा	जान्दछु	1
रुप्‍ता	बास	1
पपदाक्‍ती	इच्छा	1
मचबु	सक्दिनँ	1
हना	चाहेको	1
गो	गरिरहने	1
दाक्‍ती	सिद्धान्त	1
हना	भेट्टाउँछु	1
दुम्‍त	पाउँछु	1
थुंमी	मनुष्यत्वसँगै	1
अरेतीक	सिद्धान्त	1
बाक्‍ब	देख्छु	1
मेको	यसले	1
अरेतीक	सिद्धान्तसँग	1
जीब	लड्छ	1
अरेतीकेमी	सिद्धान्तद्वारा	1
पपाइक्‍ब	कैदी	1
पपाइक्‍ब	बनाउँछ	1
खाइश्‍शा	दुःखि	1
प्रोंइबा	देला	1
सोक्‍तीम	मनले	1
ब्रीशो	सेवा	1
वाइली	सिद्धान्तको	1
अरेशो	सिद्धान्तले	1
अरेशो	सिद्धान्तबाट	1
प्रोंइतु	बनाएको	1
मचाप्‍नीम	असमर्थ	1
पापी	शरीरद्वारा	1
बुद	कमजोर	1
मेको	पापमय	1
आ	शरीरमा	1
पतीक	मापदण्ड	1
काप्‍चा	सकोस्	1
पशोमी	आत्माअनुसार	1
ताइतय	चल्न	1
ताइतय	सकौँ	1
मुरुम	शरीरको	1
सोक्‍तीम	आत्माअनुसार	1
जाम्‍शा	मृत्यु	1
जोरी	शत्रुता	1
टिने	बस्‍न	1
मचाप्‍ब	समर्थ	1
मिम्‍ब	बास	1
दुम्‍नीनी	गर्नुहुन्छ	1
मबाक्‍त	हुनुहुन्‍न	1
मनम	होइन	1
बेक्‍ब	मृत	1
पतीकेमी	आत्मा	1
सेंशा	पार्नुहुनेका	1
सेंदा	मरणशील	1
ममाल्‍नीनी	जिउन	1
मिम्‍शो	शरीरप्रति	1
ममाल्‍नीनी	ऋणी	1
पाइतीनी	जिउँछौ	1
जाम्‍शा	मर्न	1
लाइनीनी	लागेका	1
लाइनीनी	छौ	1
दाक्‍स	कामहरूलाई	1
साइक्‍तीनी	मार्छौ	1
खुल्‍चा	डोर्‍याइएका	1
वाइल	दासत्वको	1
दुम्‍‍तीके	धर्मपुत्रको	1
तमी	जसद्वारा	1
ब्रेत्‍नय	पुकार्छौं	1
इं	स्वयम्‌ले	1
दुम्‍शा	हौँ	1
जाइनय	साझे-उत्तराधिकारीहरू	1
तांइसेनु	कष्‍ट	1
तांइसेनु	भोग्यौँ	1
अङस	महिमित	1
ताइनय	सक्छौँ	1
नेंमी	समयका	1
छेङछेङमी	महिमासँग	1
मिम्‍नीनी	ठान्छु	1
सेल्‍शो	सृष्‍टिको	1
तमी	पुत्रहरूको	1
कोव़चा	प्रकटीकरणको	1
दाक्‍नीम	प्रतीक्षामा	1
नेल्‍ल	सृष्‍टिलाई	1
बेक्‍शा	व्यर्थताको	1
बेक्‍शा	राख्‍नुहुनेको	1
दे	दृढ	1
तमी	स्वयम्‌लाई	1
आन	विनाशको	1
बेक्‍शा	दासत्वबाट	1
रे	मुक्‍त	1
राक्‍चा	गरिनेछ	1
प्रोनानु	सन्तानहरूका	1
छेङछेङमी	महिमाको	1
प्रोनानु	स्वतन्‍त्रतामा	1
दुम्‍ब	ल्याइनेछ	1
क्‍येम्‍स	जन्दछौँ	1
मारेइमी	एकसाथ	1
हिंमा	क्रन्दन	1
रीब	प्रसव	1
पुंइन	वेदनामा	1
हिंमा	धर्मपुत्र	1
क्‍येम्‍स	ग्रहणको	1
बेक्‍चा	उद्धारको	1
पुंइन	प्रतीक्षामा	1
आस	आफैँभित्र	1
आस	भरोसाद्वारा	1
बाक्‍नय	बचाइएको	1
आस	दृढतासाथ	1
मदुम	नदेखिएका	1
रिम्‍ब	प्रतीक्षा	1
मतुइश्‍शो	कमजोरीमा	1
मतुइक्‍ताक्‍क	जान्दैनौँ	1
,	आत्माले	1
हिंमा	व्यक्त	1
क्‍येम्‍स	नसकिने	1
पुंइब	मध्यस्थता	1
परमप्रभु	हृदयको	1
यावेमी	इच्छाअनुसार	1
पुंइब	अन्तरबिन्‍ती	1
दाक्‍बपुकीमी	उद्देश्यअनुसार	1
दोदेंशो	बोलाइएकाहरूका	1
दाक्‍बपुकीमी	थोकमा	1
ग्‍येरसाक्‍म	संस्करणमा	1
ङोंइती	पहिलेदेखि	1
आं	भाइहरूमध्ये	1
खोदेंशो	ज्येष्‍ठ	1
तौ	समान	1
जरमेशो	नियुक्‍ति	1
दुम्‍मल	नियुक्‍ति	1
ब्रेत्‍ताक्‍व	बोलाउनु	1
ब्रेश्‍शो	बोलाउनुभयो	1
सेल्‍‍तु	ठहर्‍याउनुभयो	1
दुम्‍शो	ठर्‍याउनुभयो	1
बेक्‍चा	महिमित	1
चाप्‍नीमी	भनौँ	1
सुइमी	पक्षमा	1
मारेइ	हनुहुन्छ	1
क्‍याम्‍चा	राख्‍नुभएन	1
क्‍याम्‍चा	तर्फबाट	1
गेवानु	सुम्पिदिनुभयो	1
माल्‍या	सितैँमा	1
मगेबा	दिनुहुन्‍न	1
चाप्‍बा	ल्याउने	1
दुम्‍पाइक्‍तु	तुल्याउनुहुने	1
मपुंइबा	मर्नुहुने	1
?	त्यसभन्दा	1
सेंसीशा	आदरको	1
सेंसीशा	रहेर	1
आन	शासन	1
ग्‍युरा	मध्यस्थता	1
तशो	गरिरहनुहुने	1
दाक्‍तीके	प्रेमबाट	1
चाप्‍बा	सक्‍नेछ	1
मचाप्‍नीम	सङ्कष्‍टले	1
हिंतीकेमी	दुःखले	1
मततीकेमी	सतावटले	1
मततीकेमी	भोकले	1
मततीकेमी	नग्‍नताले	1
लडाइमी	खतराले	1
मचाप्‍नीम	तरवारले	1
नें	लाभको	1
साइक्‍चा	दिनभरि	1
बाक्‍नीकी	मारिन्छौँ	1
चिक्‍शो	मारिने	1
भेडा	भेडाहरूझैँ	1
दुम्‍तक	ठानियो	1
गेनायो	गर्नुहुनेद्वारा	1
मप्रोंइब	विजेताहरूभन्दा	1
दुम्‍तीकेमी	जीवनले	1
इर	न	1
ङामी	उचाइले	1
रागीम	गहिराइले	1
दाक्‍शो	प्रेमबाट	1
फ्राने	अलग	1
मचाप्‍नीम	सक्छ	1
सोक्‍तमी	ढाँट्‌दिनँ	1
सोक्‍तमी	मसँगै	1
दो	असाध्य	1
पङ	कष्‍ट	1
पङ	अटुट	1
खुरसाक्‍यी	पीडा	1
खिं	गर्थें	1
रशा	जातिका	1
रशा	होऊँ	1
पुंइसीचा	गरिऊँ	1
इस्राएली	इस्राएलीहरू	1
छेङछेङम	धर्मपुत्र	1
कबल	करारहरू	1
तुइक्‍पाइश्‍शो	उपहार	1
पशो	उनीहरूकै	1
तुइश्‍शो	आउनुभएका	1
पिपी	तिनीहरूकै	1
पय	भइरहोस्	1
मलीब	चुकेकोजस्तो	1
हना	साँचो	1
युइ	सन्तानहरू	1
लील	भनिनेछन्	1
अब्राहाम	शरीरबाट	1
खिंम	जन्मेका	1
जरमेशा	सन्तानहरू	1
मपुंइसम	होइनन्	1
बाक्‍नीम	गनिन्छन्	1
बर्स	यही	1
सारामी	आउनेछु	1
सारामी	सारालाई	1
थिवानु	रिबेका	1
जौंले	भएपछि–	1
जरमेचा	जन्मेका	1
योव़शो	कर्महरूका	1
योव़शो	बोलाउनुहुनेको	1
योव़ङा	चुनाउअनुसार	1
।	ठहरियोस्	1
ममाइ	भनियो	1
दाग्‍युमी	जेठोले	1
लोक्‍ब	कान्छोको	1
दाक्‍ताक्‍ङ	गरेँ	1
मदाक्‍तु	गरेँ	1
मपवा	अधार्मिकता	1
दाक्‍ङा	चाहन्छु	1
दाक्‍ताक्‍व	गर्नेको	1
पाइ‍ब	दौडनेको	1
पाइ‍ब	देखाउनुहुने	1
फाराओ	फारोलाई	1
यावेमी	यही	1
फाराओ	उद्देश्यको	1
तशा	प्रदर्शन	1
वोइक्‍ता	गरियोस्	1
मटिपाइक्‍चा	इच्छा	1
मटिपाइक्‍ब	बनाउनुहुन्छ	1
पाप्‍तु	भन्‍नेछौ	1
दुम्‍बा	भेट्टाउनुहुन्छ	1
दोस	जवाफहरू	1
सेल्‍चा	थोकले	1
सेल्‍ब	दिनेलाई	1
ओपा	यस्तो	1
सेल्‍यी	बनाएको	1
खप	कुमालेसित	1
के	माटोको	1
ग्‍योंब	डल्लोबाट	1
तोक्‍तीके	दैनिक	1
मचाप्‍बा	अधिकार	1
फाल्‍शो	भाँडाहरूलाई	1
फाल्‍शो	धैर्यसाथ	1
फाल्‍शो	सहिरहने	1
दुम्‍पाइक्‍ब	गरिरहनुभएको	1
कोंइचा	पहिलेबाट	1
योव़तीमी	पार्नुभएको	1
पशा	भाँडाहरूमाथि	1
रागी	बोलाउनुभएकाहरूका	1
मतुइक्‍ब	होशेको	1
होसेमी	पुस्तकमा	1
रागीमी	भनियो	1
मबाक्‍म	होइनौ	1
पुंइसीनीम	भनिनेछन्	1
ङा	सन्तानहरूको	1
मुरपुकी	सङ्ख्या	1
बाल्‍वा	बालुवाजत्ति	1
यो	बचाइएकाहरू	1
तौ	छोड्नुभएको	1
मयोव़शो	थिएन	1
गोमोररा	गमोराजस्ता	1
”	थियौँ	1
दुम्‍चा	पछ्याइरहेका	1
जाक्‍त	धार्मिकता	1
इस्राएलीपुकीमी	इस्राएलीहरू	1
मचबेम	आइपुगेनन्	1
मचबेम	पाएनन्	1
ममालेम	खोजेनन्	1
दुम्‍चा	कर्मद्वारा	1
फुल्‍लुमी	खाए	1
सियोनम	जस्‍तो	1
वोइक्‍नुङ	चोट	1
पपाइक्‍ब	राख्‍दै	1
खतम	लज्‍जित	1
मसुइक्‍ब	हृदयको	1
पुंइना	उद्धारको	1
माल्‍नीम	जोस	1
रुप्‍तीक	ज्ञानअनुसार	1
मरुबेम	जान्दैनन्	1
दुम्‍चा	स्थापित	1
माल्‍तेक्‍म	खोज्छन्	1
दुम्‍तीक	धार्मिकताप्रति	1
मपामे	भएनन्	1
खाप्‍‍ने	समाप्‍ति	1
दुम्‍तीके	लेख्‍छन्	1
टीबपुकी	धार्मिकता	1
टीबपुकी	धार्मिकताद्वारा	1
ब्रोंइनीम	जिउनेछ	1
लाइबा	उक्लने	1
येसु	अर्थात्	1
कुइक्‍थ	पातालसम्म	1
कुइक्‍थ	ओर्लने	1
हना	अर्थात्	1
कुइक्‍थ	मरेकाहरूबाट	1
शेंनीकी	हृदयमा	1
ताइनीनी	बचाइनेछौ	1
देंबा	हृदयले	1
ब्रोंइचा	उद्धारको	1
मदोक्‍नीम	पारिनेछैन	1
अर्को	ग्रिकहरूबिच	1
कांइचीक	भिन्‍नता	1
देंब	पुकार्ने	1
रिम्‍शो	प्रशस्त	1
प्रोंइयीनी	बचाइनेछन्	1
प्रोंइयीनी	जसमाथि	1
प्रोंइयीनी	छैनन्	1
पुंइने	कसरी	1
चाप्‍नीमी	पुकार्ने	1
मनेंशो	सुनेका	1
सुइक्‍ने	छैनन्	1
चाप्‍नीमी	उहाँमाथि	1
मबाक्‍त	प्रचारकविना	1
चाप्‍नीमी	सक्छन्	1
सोइश्‍शो	तिनीहरू	1
मनम	पठाईंदैनन्	1
लाइनीमी	गर्छन्	1
गाक्‍ब	खुसीको	1
मसुदेम	सुनेनन्	1
सुइक्‍ने	सुनाइबाट	1
तुइक्‍पाइक्‍चा	सुनाइ	1
मनेन्‍मे	सुनेनन्	1
ब्रशो	पृथ्वीभरि	1
ब्रशो	अन्त्यसम्म	1
ब्रशो	पुगेका	1
मरुप्‍मे	अतिरिक्‍त	1
मरुप्‍मे	इस्राएलले	1
ङा	जानेन	1
यहूदी	भन्छन्	1
सुइक्‍चा	नभएको	1
सुइक्‍चा	समूहद्वारा	1
गेनुङमी	तुल्याउँछु	1
गेपुकीमी	समझविनाको	1
अरु	जातिद्वारा	1
एको	साहसी	1
ममाल्‍ब	खोजेनन्	1
थित्‍तीमी	भेट्टाए	1
ममिम्‍ब	गरेनन्	1
तुइक्‍पाइक्‍तामी	परेँ	1
दिंस	दिनभरि	1
दिंस	अनाज्ञाकारी	1
दिंस	हठी	1
बाक्‍नुङ	जातितिर	1
सुइक्‍तीमी	फैलाएँ	1
प्रोंइमी	गर्नुभयो	1
बेन्‍यामीन	बेन्यामीन	1
योव़शो	पहिचान	1
मप्रोंइमी	गर्नुभएन	1
एलीयामी	एलियाको	1
साइक्‍तेक्‍म	मारेका	1
चढ़ेतीक	वेदीहरूलाई	1
प्रेश्‍शा	भत्काएका	1
लीती	छोडिएको	1
एलीया	जवाफले	1
बाल	बाल	1
देवता	देवतासामु	1
मथेक्‍नीम	नटेकेका	1
योव़तामी	साँचेर	1
मुल	त्यसो	1
पा	छनोटको	1
योव़शो	वर्तमान	1
मली	हुने	1
इस्राएलम	इस्राएलले	1
माल्‍शा	खोजिरहेको	1
मथित्‍थु	पाएन	1
दुम्‍तेक्‍म	चुनिएकाहरूले	1
नेल्‍ल	रहेकाहरूलाई	1
दुम्‍तेक्‍म	बनाइयो	1
यसैयामी	लेखिएको	1
मरुप्‍ब	बोधो	1
आन	भोजनको	1
लेत्‍तीक	टेबल	1
ग्‍याइली	पासो	1
दुम्‍ल	बाधा	1
बेक्‍तीक	प्रतिशोध	1
क्‍येक्‍क	बनोस्	1
मताइब	अँध्यारो	1
दुम्‍मल	नदेखून्	1
वाइलीम	ढाड	1
वाइल	कुप्रो	1
गेनायो	पतन	1
मबोक्‍चा	हुनका	1
राम्‍समा	ठक्‍कर	1
राम्‍समा	खाएका	1
राम्‍समा	कहिले	1
मेकोपुकीम	असफलताद्वारा	1
पामेक्‍ल	तुल्याउनको	1
अर्को	गैरयहूदीहरूकहाँ	1
राम्‍सीतीके	असफलता	1
नेल्‍लेम	नोक्सानी	1
चिनु	पूर्णता	1
चिनु	झनै	1
दुम	होला	1
अर्को	गैरयहूदीहरूसँग	1
शेंथ	प्रेरित	1
पुंइसाक्‍यी	हुन्छु	1
पुंइसाक्‍यी	सेवा-कार्यमा	1
लाक्‍ती	गर्व	1
लाक्‍ती	गर्छु	1
जात	आफ्नैहरूलाई	1
आस	केहीलाई	1
बाक्‍ती	बचाउनेछौँ	1
ङा	मिलाप	1
सेंसीशो	पारिनुबाहेक	1
निशो	अगौटे	1
फस	फलहरूलाई	1
शोब्‍ले	बचाएर	1
दुम्‍त	राखिन्छ	1
नेल्‍ल	मुछेको	1
निशो	पिठोको	1
फस	ढिक्‍कालाई	1
रिम्‍शो	बचाएर	1
बाक्‍त	राखिन्छ	1
दुम्‍नीम	गरिन्छ	1
रवामी	जैतूनको	1
ग्रुंइशो	बाँधिएका	1
क्‍येप्‍चा	थियौ	1
पुंइसाक्‍नी	उर्बर	1
क्‍येप्‍चा	भयौ	1
दुम्‍तक	भएकोमा	1
राशीमी	गर्व	1
मतिक्‍ब	थाम्‍ने	1
तिक्‍ब	जराले	1
तुइक्‍तीने	थाम्छ	1
गेपुकीमी	भन्‍नेछौ	1
क्‍योरशा	कलमी	1
दुम्‍तय	बाँधियोस्	1
ताइक्‍ताक्‍व	काटिए	1
मलेत्‍थु	नठान	1
ताइक्‍ताक्‍व	छोड्नुभएन	1
मताइक्‍बा	छोड्नुहुनेछैन	1
पाइबा	कामहरू	1
रुपीन	कठोरतालाई	1
साइ	एकातिर	1
मटीब	यहूदीहरूमाथि	1
ख्रोइश्‍शा	कठोरता	1
ताइक्‍ताक्‍व	आइपर्‍यो	1
मटिथु	अर्कोतिर	1
सुइक्‍चा	भलाइमा	1
प्रोंइतीनी	लागिरह्‍यौ	1
मप्रोंइब	काटिनेछौ	1
सुइक्‍तेक्‍म	लागिरहँदैनन्	1
केप्‍शो	कलमी	1
ब्‍वाकी	स्वभावैले	1
रवा	जैतूनबाट	1
ब्‍वाकी	काटियौ	1
राशी	स्वभाव	1
केप्‍चा	जैतूनमा	1
बोइक्‍चा	बाँधियौ	1
शेंशो	रहस्यबारे	1
रुप्‍तीनी	रहो	1
मलेत्‍नीनी	आफ्‍नै	1
मलेत्‍नीनी	विचारमा	1
मलेत्‍नीनी	नहोऊ	1
पुंइसीशो	रहस्यचाहिँ	1
पर्बम	आंशिक	1
सेल्‍तीमी	पार्ने	1
सियोनमी	सियोनबाट	1
ग्रूब	आउनुहुनेछ	1
मरिम्‍शो	अधर्महरू	1
प्रोंइब	हटाइदिनुहुनेछ	1
खाप्‍नुङ	यही	1
क्‍याम्‍नुङ	उठाई	1
खाप्‍नुङ	लानेछु	1
रे	सम्बन्धमा	1
यावेमी	चुनाउअनुसार	1
दाक्‍ब	प्रियहरू	1
योव़तीक	बोलावट	1
मजाम्‍ब	हुन्छन्	1
थमा	अनाज्ञाकारी	1
गेप्‍तु	अनाज्ञाकारिताले	1
यावेमी	देखाइएको	1
मेको	दयाद्वारा	1
खाल	अनाज्ञाकारिताभित्र	1
वोइक्‍तीमी	सक्‍नुभएको	1
तुइक्‍ब	ओहो	1
सक्ति	बुद्धि	1
पाइश्‍शो	गहन	1
निसाफ	न्यायहरू	1
पशो	अगम्य	1
सुइमी	मार्गहरू	1
रुम्‍ने	खोज्‍न	1
मचाप्‍नीम	नसकिने	1
चाप्‍नीमी	जानेको	1
अर्ती	सल्लाहकार	1
गेने	को	1
चाप्‍बा	फर्काइयोस्	1
हना	उहाँबाट	1
इन	भाइहरू	1
सेल्‍तु	बिन्‍ती	1
चढ़ेतीक	जिउँदो	1
गेंसीन	अर्पण	1
मटीब	ढाँचाअनुसार	1
मपने	नचल	1
इन	मनलाई	1
फाइक्‍चा	बनाई	1
गेन	परिवर्तित	1
तुइक्‍नीनी	गर	1
शिशी	अनुग्रहअनुसार	1
दातेमी	तिमीहरूमध्‍ये	1
मसेल्‍सीन	ठान्‍नुपर्ने	1
मसेल्‍सीन	सोभन्दा	1
मसेल्‍सीन	नठानोस्	1
सुइक्‍तीक	नापबमोजिम	1
गेवा	बुद्धिमानी	1
ब्रेम्‍शो	ढङ्गले	1
बाक्‍कीन	सोच्नुपर्छ	1
नेल्‍ल	अङ्गहरूको	1
बाक्‍नय	ख्रीष्‍टमा	1
ख्रीस्‍तम	एक-अर्काका	1
पय	वरदानहरू	1
सुइश्‍शा	परिमाणअनुसार	1
नेंपतो	गरोस्	1
शेंब	कसैसँग	1
सेल्‍चा	सिकाउने	1
दुमो	सिकाओस्	1
सेल्‍सीचा	उदारतासाथ	1
मगेवो	गरोस्	1
पवीनु	प्रसन्‍न	1
ग्‍येरशा	भएर	1
ङोन	घृणा	1
पने	लागिरहो	1
लोक्‍बपुकीमी	दाजुभाइहरूबिच	1
दाक्‍मुशो	सम्बन्धमा	1
दाक्‍मुशो	एक-अर्काप्रति	1
दाक्‍मुशो	स्‍नेही	1
बाक्‍कीन	बन	1
मपुंइसीथु	सम्बन्धमा	1
,	एक-अर्कालाई	1
अल्‍सी	लगनशीलताको	1
पने	नहिच्‌किचाओ	1
थुंम	सन्बन्धमा	1
मी	उत्सुक	1
आस	भविष्यप्रतिको	1
बाक्‍कीन	मनाओ	1
माल्‍शो	खाँचाहरूमा	1
वारच	बाँड-चुँड	1
बास	सत्कारको	1
गेशा	उपायहरूको	1
थुलीन	खोजी	1
सराप	सताउनेहरूलाई	1
मपने	नदेओ	1
ग्‍येरसीशोपुकी	गर्नेहरूसँग	1
ङाक्‍शोपुकी	रुनेहरूसँग	1
थुं	अर्काप्रति	1
जोक्‍ब	अभिमानी	1
तुइक्‍ब	तरिकाले	1
नङ	नसोच	1
महिक्‍सीशो	नम्रहरूलाई	1
जोक्‍ब	विचारमा	1
ममिम्‍सीने	नहोओ	1
मरिम्‍शो	सट्टा	1
मार	नजरमा	1
चाप्‍बी	सम्भव	1
जिचा	हकमा	1
मतोने	भएसम्म	1
मलेत्‍तीन	नलेओ	1
पवल	क्रोधमा	1
सिक्‍सी	छोडिदेओ	1
मोइश्‍शो	भुङ्ग्रो	1
मुने	खन्याउनेछौ	1
लाक्‍चा	खराबीबाट	1
मगेव	पराजित	1
रिम्‍शोमी	खराबीलाई	1
मरिम्‍शो	भलाइले	1
ग्रापतो	जित	1
सरकार	अख्तियारको	1
हुकुम	अधीनतामा	1
माल्‍नय	रहोस्	1
सरकार	अधिकारबाहेक	1
मारदे	अधिकारीहरू	1
वोइश्‍शो	गरिएका	1
सरकार	उक्‍त	1
सजाइ	आफैँमाथि	1
हुकुम	शासकहरूको	1
देंनीम	मानिन्छ	1
मरिम्‍शो	अधिकारीप्रति	1
पाइबपुकी	निर्भय	1
हिंनीम	गर्छौ	1
वोइक्‍तु	सेवक	1
सरकार	विनाकारण	1
क्‍येङा	तरवार	1
हिनीन	भिर्दैनन्	1
सरकारमी	गर्नेमाथि	1
अधिकार	लिने	1
सरकारमी	यसकारण	1
सरकारमी	क्रोधको	1
पय	विवेकको	1
फ्रेंशा	आज्ञा	1
बाक्‍य	गर्नुपर्छ	1
तुइश्‍शा	तसर्थ	1
थाप्‍नीनी	तिर्छौ	1
पपाइक्‍तु	यिनै	1
यावेमी	हेरचाह	1
सरकार	सेवकहरू	1
भन्‍सार	पर्नेलाई	1
थाप्‍तीने	तिर	1
भन्‍सार	तिर्नुपर्नेलाई	1
भन्‍सार	दिनुपर्नेलाई	1
हिक्‍चा	देऊ	1
पुंइसीशो	मान्‍नुपर्नेको	1
हिक्‍कीने	मान	1
मारेइम	गर्नुबाहेक	1
बाक्‍कीन	नहोऊ	1
दाक्‍ताक्‍नी	छिमेकीलाई	1
खाप्‍नीनी	गरेको	1
खुइ	नचोर	1
मवाल्‍चा	लालच	1
मपचा	आज्ञाहरू	1
खाप्‍सीब	वाक्यमा	1
नाता	सारांशमा	1
मवाल्‍चा	सकिन्छ	1
रिम्‍शो	जान्दछौ	1
बोक्‍शो	निन्द्राबाट	1
बोक्‍शो	ब्युँझने	1
बोक्‍शो	अघि	1
दुम्‍य	भइसकेको	1
सोक्‍शा	नजिकै	1
छेङछेङम	आइपुगेको	1
ताइश्‍शा	त्यागौँ	1
या	धारण	1
पिम्‍‍सीन	गरौँ	1
नाक्‍ती	उद्दण्ड	1
छेङछेङ	उत्सवहरू	1
दुम्‍शो	मतवालीपनमा	1
गेय	तवरले	1
पय	हिडौँ	1
ग्रांग्रा	अनियन्त्रित	1
खेचा	नहिँडौँ	1
रुश	ईर्ष्यामा	1
बाक्‍नीम	हिँडौँ	1
बोल्‍यो	बहसहरूको	1
निक्‍शी	नगरीकनै	1
ग्रुम्‍तीकेमी	हुनेलाई	1
खाइ	सागसब्जी	1
ब्‍वाइब	खान्छ	1
ब्‍वाइबमी	खानेले	1
मब्‍वाइब	नखानेलाई	1
मसेलीन	नगरोस्	1
मब्‍वाइबमी	नखानेले	1
ब्‍वाइब	खानेको	1
मपाइब	नगरोस्	1
आन	अरूको	1
पाइ‍ब	नोकरको	1
बाक्‍ने	हौ	1
निसाफ	पतन	1
दुम्‍ने	गराइनेछ	1
कांइचीक	अर्कोभन्दा	1
कांइचीक	मूल्यको	1
मिम्‍नीम	मान्छ	1
का	समान	1
मिम्‍नीम	लिन्छ	1
तन्‍न	हेरक	1
तुइक्‍चा	आ-आफ्नै	1
माल्‍नीम	विश्‍वस्त	1
मिम्‍तमेनु	गर्छ	1
ब्‍वाइनीम	दिन्छ	1
श्‍ये	खाँदैन	1
मिम्‍शा	खानबाट	1
मब्‍वाइनीम	रोक्‍छ	1
मब्रोंइनय	जिउँदैनौँ	1
मबेक्‍नय	मर्दैनौँ	1
ब्रोंइतय	प्रभुकै	1
ब्रोंइय	जिउँछौँ	1
ब्रोंइय	मर्छौं	1
बेक्‍य	मर्छौं	1
ब्रोंइतय	जिऔँ	1
ब्रोंइतय	मरौँ	1
हना	उद्देश्यको	1
ब्रोंइशो	जीवितहरू	1
बाक्‍ब	सक्‍नुभएको	1
सेल्‍चा	ठान्छौ	1
नित्‍तीक	न्याय	1
खुप्‍शा	हुनेछौँ	1
थेक्‍नीम	टेक्‍नेछ	1
नेल्‍लेमी	जिब्रोले	1
बाक्‍या	स्वयम्‌लाई	1
माल्‍नय	दिनुपर्नेछ	1
आंम	एक-अर्काको	1
मनाक्‍मुय	नगरौँ	1
मनाक्‍मुय	अठोट	1
मनाक्‍मुय	गरौँ	1
मनाक्‍मुय	कि	1
खाइक्‍पाइक्‍चा	लाग्‍ने	1
मपमुय	पासो	1
मपमुय	राख्‍नेछैनौँ	1
शेंसाक्‍ङ	अशुद्ध	1
मिम्‍बा	ठान्छ	1
ब्‍वशा	खानाले	1
खाइक्‍पाइक्‍नेवे	पुग्छ	1
मदाक्‍तीके	प्रेममा	1
कोंइनेवे	चलिरहेका	1
बेक्‍शो	मर्नुभयो	1
बेक्‍शो	खानाले	1
मसेलो	नपार	1
दाक्‍नीनी	कार्यहरूले	1
दिचा	गिल्ला	1
मगेने	नतुल्याओस्	1
तूचा	पिउनेबारे	1
पशा	धार्मिकता	1
ग्‍येरशा	आनन्दबारे	1
बारपाइक्‍मुशा	पाछि	1
बाक्‍य	लागौँ	1
मक्‍याम्‍दीने	नष्‍ट	1
होस	थोक	1
होस	शुद्ध	1
इन	ठेस	1
ब्‍वचामी	लगाउँछ	1
मब्‍वथु	नखानु	1
शांबु	मद्यपान	1
मतूथु	नगर्नु	1
मखाइक्‍पाइक्‍थु	पुर्‍याउने	1
बाक्‍चा	नगर्नु	1
सुइक्‍तीके	विश्‍वासहरू	1
सुइक्‍तीके	आफू	1
थोव़क	मञ्‍जुर	1
दाल्‍गीर	दोषी	1
मपाइतीनी	नतुल्याउने	1
दाल्‍गीर	शङ्का	1
जाइब	खान्छ	1
मपाइब	नभएको	1
सुइक्‍चामी	दुर्बलहरूका	1
बोल्‍यो	कमजोरीलाई	1
दुम्‍शोपुकीमी	सहनुपर्छ	1
पय	पार्नु	1
बारपाइक्‍ब	गर्नको	1
माल्‍नय	पारोस्	1
मपव	पार्नुभएन	1
तार	पर्‍यो	1
इं	हाम्रै	1
बारपा	उत्साहद्वारा	1
फाल्‍तीक	धैर्य	1
बारपाइक्‍ब	उत्साहका	1
गेवल	येशूअनुसार	1
दुशा	एक-अर्कासँग	1
दुम्‍नीनी	दिऊन्	1
ब्रमुने	प्ररमेश्‍वरको	1
ब्रमुने	प्रशंसाको	1
ब्रमुने	ख्रीष्‍टले	1
ब्रमुने	गर्नुभए	1
खाप्‍चा	तर्फबाट	1
यहूदी	खतनाको	1
कोंइचा	पुर्खाहरूलाई	1
दुम्‍त	प्रतिज्ञाहरूलाई	1
शिशी	दयाको	1
सेल्‍मेक्‍ल	सक्‍नुभएको	1
तुइक्‍पा	प्रशंसा	1
तुइक्‍पा	स्तुति	1
योव़शो	उहाँका	1
ग्‍येरसीन	मनाओ	1
चिनु	फेरि	1
येस्‍से	यिशैको	1
बङस	जरा	1
ग्रूशा	गैरयहूदीहरूमाथि	1
गेब	भरोसाका	1
ग्‍येरपा	गर्नको	1
ग्‍येरपा	आनन्द	1
नाइक्‍पा	भरून्	1
नाइक्‍पा	शक्‍तिद्वारा	1
सुइक्‍तीकेमी	भरोसामा	1
बाक्‍कीन	होऊन्	1
दातेमी	भलाइले	1
दातेमी	ज्ञानले	1
दाक्‍मुशा	भरिएका	1
शेंमुने	एक-अर्कालाई	1
चाप्‍ब	अर्ती	1
चिठीमी	दिलाउनको	1
दुम्‍ती	वरदानचाहिँ	1
दुम्‍ती	गैरयहूदीहरूकहाँ	1
दुम्‍ती	पठाइनलाई	1
पाइनुङ	बन्‍नुपर्छ	1
पतीकेमी	अर्पण	1
चढे़तीक	भेटी	1
ख्रीस्‍तमी	गैरयहूदीहरूका	1
ख्रीस्‍तमी	आज्ञाकारिताको	1
पपाइश्‍शो	मद्वारा	1
पपाइश्‍शो	कुराबाहेक	1
पर्बम	साहस	1
पाइनुङ	गर्नेछैनँ	1
बाक्‍ती	कामद्वारा	1
गेशो	चमत्कारहरूको	1
इल्‍लीरीकुम	वरिपरिको	1
गाउं	क्षेत्रदेखि	1
गाउंमी	इल्लुरिकनसम्म	1
मलङ	इच्छा	1
मनेंशो	चिनिएका	1
शेंनुङमी	ठाउँहरूमा	1
शेंनुङमी	बसालेको	1
देंशा	जगमाथि	1
गाक्‍ती	नगरौँ	1
तुइक्‍पाइक्‍चा	जसकहाँ	1
मपुंइसीशोपुकीमी	आएन	1
मनेंशोपुकीमी	बुझ्‍नेछन्	1
मतङ	रोकिएको	1
एकेर	क्षेत्रहरूमा	1
ग्रुम्‍तीक	चाह	1
स्‍पेन	भेट्ने	1
नाइक्‍चा	मनाएपछि	1
तङल	तिमीहरूद्वारा	1
स्‍पेन	यात्रामा	1
चोव़दीनीनी	पठाइने	1
आकाया	यरूशलेमका	1
यरूसलेमम	विश्‍वासीहरूमध्ये	1
सुइक्‍बपुकीमी	गरिबहरूलाई	1
मतामे	योगदान	1
यरूसलेमम	अखैयाको	1
लाइनुङ	शुभेच्छा	1
कली	शुभेच्छा	1
सुइक्‍बपुकीमी	वास्तवमै	1
मोपतीके	गैरयहूदीहरू	1
दुम्‍तीके	सहभागी	1
चोव़थ	भौतिक	1
सोइक्‍ताक्‍यीमी	थोकहरूमा	1
सोइक्‍ताक्‍यीमी	ऋणी	1
स्‍पेन	आधिकारिक	1
जाक्‍ङानु	आउँछु	1
आसीकम	पूर्णतामा‌	1
दाक्‍मुपाइक्‍तु	प्रेमद्वारा	1
दाक्‍मुपाइक्‍तु	परमेश्‍वरसित	1
दाक्‍मुपाइक्‍तु	प्रार्थनामा	1
दाक्‍मुपाइक्‍तु	मसँग	1
दाक्‍मुपाइक्‍तु	सङ्घर्ष	1
प्रोनीन	जोगिन	1
पचा	ग्रहणयोग्य	1
नेंमी	आनन्दसित	1
ग्‍येरपाइक्‍मुशा	तिमीहरूसँगै	1
ग्‍येरपाइक्‍मुशा	विश्राम	1
बाक्‍ल	रहून्	1
केन्क्रेया	किंक्रियामा	1
ग्रुम्‍तीक	मण्डलीकी	1
खिंमी	सेविका	1
फिबी	हाम्री	1
दिदी	फिबीको	1
ब्रेक्‍शो	समक्ष	1
दिदीमी	ताकि	1
पाइक्‍ती	विश्‍वसीहरूलाई	1
पाइक्‍ती	सुहाउँदो	1
फिबी	खाँचो	1
दिदी	पर्छ	1
मान	सहायता	1
माल्‍दा	धेरैको	1
पतीने	भएकी	1
पाम्‍ताक्‍से	प्रिस्का	1
आस	अकिलासलाई	1
देनीन	गर	1
पुंइसाक्‍स	पारेका	1
मतीने	दिन्छन्	1
एपेनेतस	इपेनितसलाई	1
एपेनेतस	ख्रीष्‍टमा	1
अन्‍ड्रोनीकस	एन्ड्रोनिकस	1
नसी	युनियस	1
नेंमी	आफन्तहरू	1
जेल्‍खानम	सङ्गी	1
जेल्‍खानम	कैदीहरूलाई	1
सुइक्‍ताक्‍से	भनिदेओ	1
दुम्‍ताक्‍से	विशिष्‍ट	1
शुश	मभन्दा	1
अमप्‍लीआतस	एम्प्लीआतसलाई	1
बाक्‍को	भन	1
गोपुकी	उर्बानस	1
स्‍ताकीस	स्ताखुसलाई	1
अपेल्‍लेस	अपेल्लेसलाई	1
अरीस्‍तोबलस	अरिस्तोबुलसका	1
जात	आफन्त	1
जात	हेरोदियनलाई	1
सुइक्‍ब	नर्किससका	1
ने	भनिदेओ	1
त्रिफेना	त्रुफेना	1
त्रिफोसा	त्रोफोसालाई	1
दिदी	परसीसलाई	1
प्रभुम	प्रभुमा	1
रुफुस	रूफस	1
असीनक्रीतस	असिंक्रितस	1
फ्‍लेगन	फ्लेगन	1
पत्रोबास	पत्रोबास	1
हेरमेस	हर्मास	1
मेकोपुकी	उनीहरूसित	1
फिलोलोगस	फिलोलोगस	1
युलीया	युलिया	1
नेरीयस	नेरियस	1
नेरीयस	तिनकी	1
ओलीम्‍पास	ओलिम्पास	1
येसु	आपसमा	1
एक	ख्रीष्‍टका	1
नेल्‍लेमी	मण्डलीहरूले	1
कोइ	बाधा	1
मुल	सिकेका	1
दुशा	शिक्षाभन्दा	1
फ्राचा	गइरहेका	1
होस	तिनीहरूदेखि	1
मिलो	चिप्ला	1
नेंब	चापलुसीले	1
होस	निर्दोषहरूको	1
पा	हृदयलाई	1
बाक्‍कीन	छल्छ	1
शेंतीक	आज्ञाकारिताको	1
ननी	उदाहरण	1
तुइक्‍ताक्‍मे	पुग्छ	1
शेंताक्‍न्‍नी	मनाउँछु	1
जोल	त्यसमा	1
देंनुङ	निर्दोष	1
खोइल	पैतालामुनि	1
वोइक्‍ब	कुच्‍च्याउनुहुनेछ	1
यहूदी	मेरा	1
यहूदी	आफन्त	1
लुसीयस	लुकियस	1
सोसीपाटर	सोसिपात्रोसले	1
तेरतीयस	तर्तियसले	1
गायस	मण्डलीलाई	1
देल्‍ब	राखेका	1
इरास्‍तस	सहरका	1
इरास्‍तस	कोषाध्यक्ष	1
क्‍वारटसमी	क्‍वार्टसले	1
इं	नोटः	1
गेपुकी	प्रतिलिपीहरूले	1
बाक्‍ल	हटाएका	1
शिशी	रोमी	1
बाक्‍ल	१६∶२०	1
बाक्‍ल	पद	1
बाक्‍ल	२४	1
आमेन	प्रभु	1
आमेन	अनुग्रह	1
आमेन	सबैसित	1
बोल्‍यो	सन्देशअनुसार	1
साइ	अगाडिदेखि	1
तुइक्‍पाइश्‍शो	प्रकाशअनुसार	1
दाक्शो	आज्ञाकारिताको	1
दाक्शो	आज्ञाअनुसार	1
दाक्शो	अगमवाणीका	1
दाक्शो	धर्मशास्‍त्रहरूद्वारा	1
दाक्शो	जनाइएको	1
सोस्‍थेनेस	सोस्थेनसबाट	1
पुंइसाक्‍नी	जनहरू	1
पुंइसीनीनी	बोलाइएकाहरूलाई	1
खुम्‍सीनीमी	लिनेहरू	1
पुंइसीनीम	लेखिरहेका	1
तुइक्‍तीक	बोली	1
रुप्‍पाइक्‍ब	धनी	1
ताइतीनी	अभाव	1
ठीक	निर्दोष	1
मप्रोंइथु	अन्तिमसम्म	1
रिम्‍शा	सुदृढ	1
गेब	राख्‍नुहुनेछ	1
खाप्‍ब	सङ्गतिमा	1
खाप्‍ब	बोलाउनुभयो	1
गेनन्‍नी	फाटो	1
दुम्‍शा	उद्देश्यका	1
मप्रोनीन	एकजुट	1
मप्रोनीन	होओ	1
बाक्‍नीम	गुटबन्दी	1
ख्‍लोए	क्लोएका	1
तुइक्‍पाइक्‍तीमी	बताएका	1
जिशो	भनाइको	1
जिशो	अर्थ	1
केफास	केफासको	1
देंतीनी	भन्छौ	1
बाक्‍नीमी	बाँडिनुभएको	1
केप्‍शा	टाँगिए	1
गायस	गायसबाहेक	1
मग्रुंइदुमी	दिइनँ	1
वा	सक्दैन	1
ब्‍वाक्‍कुम	परिवारलाई	1
ग्रुंइताक्‍ङमी	दिएँ	1
लाक्‍शा	बढी	1
ग्रुंइदुमी	दिएको	1
मग्रुंइदुमी	सम्झना	1
बेक्‍शो	क्रुस	1
सक्ति	शक्‍तिहीन	1
क्‍याम्‍सीशा	नबनाइयोस्	1
चुइश्‍शो	वचनहरूद्वारा	1
पाता	पठाउनुभएन	1
नेंशा	मरिरहेकाहरूका	1
यावे	बचाइरहनुभएका	1
क्‍याम्‍शा	बुद्धिमान्‌हरूको	1
तुइश्‍शो	चतुरहरूको	1
साम्‍शा	समझलाई	1
साम्‍शा	बेकम्मा	1
गेनुङमी	तुल्याउनेछु	1
पढेस	शिक्षित	1
मुलाक्‍त	तर्क	1
फश	ज्ञानलाई	1
लोव़	मूर्खतामा	1
मसेला	परिणत	1
मतुइक्‍पांइसे	चिनेन	1
यावेम	ज्ञानले	1
मूर्ख	चिन्‍न	1
नेंपाइक्‍ब	नसकेको	1
ब्रोंइचा	प्रचारको	1
गेब	मूर्खताद्वारा	1
पाप	लाग्यो	1
दाक्‍नीम	माग्छन्	1
क्‍याम्‍चा	हामीचाहिँ	1
साइक्‍चा	क्रुसमा	1
पुंइसाक्‍व	मर्नुभएका	1
नेंपाइक्‍कानु	ग्रिकहरूका	1
पाइक्‍ब	मूर्खता	1
ग्रीकपुकीमी	ग्रिक	1
ग्रीकपुकीमी	बोलाउनुभएको	1
सक्ति	दुर्बलता	1
योव़ङा	बोलावटलाई	1
पढेशो	स्तरको	1
जोक्‍शो	मापमा	1
तुइश्‍शो	बुद्धिमान्	1
?	थिएनौ	1
मननी	थिएनौ	1
ठेयब	तिमीहरूमध्ये	1
मबाक्‍नी	जन्म	1
मिम्‍तीन	थिएन	1
जोक्‍ब	बुद्धिमान्‌हरूलाई	1
मजोक्‍ब	संसारका	1
अधिकार	संसारमा	1
कली	बलियालाई	1
अधिकार	दुर्बल	1
आन	ठहरिएको	1
योव़तु	छान्‍नुभयो	1
मुने	ठहरिऊन्	1
पाप्‍तु	छान्‍नुभयो	1
दुम्‍ने	नगरोस्	1
मचाप्‍नीम	गर्नुभयो	1
नेंमी	आउनुभएका	1
ब्रोंइचा	बुद्धि	1
प्रोंइतीके	बन्‍नुभयो	1
सेल्‍य	गरोस्	1
आ	सत्यताहरूको	1
बाक्‍ङानु	कुशल	1
तुइक्‍तीक	वक्‍ता	1
चुइश्‍शो	साथमा	1
मशेंदन्‍नी	आइनँ	1
केप्‍शा	टाँगिनुभएका	1
थोक्‍शा	नजान्‍ने	1
शेंदन्‍नीनु	कमजोरी	1
शेंताक्‍न्‍नी	तिमीहरूसित	1
तुइक्‍तीक	आकर्षक	1
मपङ	थिएनन्	1
शेंताक्‍न्‍नी	प्रदर्शनमा	1
जोक्‍तीक	बुद्धिमा	1
तुइक्‍तीक	परिपक्‍वहरूका	1
जोक्‍तीक	बुद्धिका	1
सासन	युगका	1
पाइब	शासकहरूको	1
तुइक्‍तीक	बितेर	1
जोक्‍तीक	लुकाइएका	1
तुइक्‍तीक	सत्यतामा	1
ख्रुइश्‍शा	अगिबाटै	1
ङा	युगका	1
मुरपुकीमी	ज्ञानलाई	1
मरुबेम	जानेनन्	1
रुप्‍तेक्‍म	बुझेका	1
मनेंशो	नसुनेका	1
मुर	मनले	1
थुंमी	विचारै	1
गेम्‍तीमी	पार्नुभएको	1
थुंमी	आत्माबाहेक	1
तुइक्‍नीमी	विचारहरू	1
लाक्‍शा	आत्माबाहेक	1
तुइक्‍ब	बुझ्दैन	1
बाक्‍नय	छैनौँ	1
गेशो	सित्तैँमा	1
जोक्‍तीक	नसक्‍ने	1
लोव़म	वचनहरूमा	1
मशेंनीकी	बोल्छौँ	1
शेंनीकी	सिकाउनुहुन्छ	1
ब्री‍शो	वचनहरूलाई	1
ब्री‍शो	बुद्धिले	1
शेंशा	प्रकाश	1
रुप्‍पाइक्‍नीकी	पार्नुहुन्छ	1
थमा	आत्माका	1
थमा	अनात्मिक	1
मुरुम	गर्दैन	1
मताइनीम	मूर्खता	1
मूर्ख	जाँच्‍न	1
गेय	सकिन्छ	1
नाक्‍ब	ऊचाहिँ	1
सुइ	अरूद्वारा	1
मबाक्‍नीम	जाँचिदैन	1
ब्रेक्‍शो	किनाकि	1
नाक्‍ने	जान्दछ	1
शेंने	अर्ती	1
ब्रीशो	मानिसहरूसित	1
मचबु	सकिनँ	1
सुइक्‍तीकेमी	बालकहरूसित	1
बाक्‍नीनी	बोलेँ	1
मगेथु	खुवाएँ	1
तुंइना	खानको	1
तुंइन	थिएनौ	1
जीनीनी	डाह	1
जीनीनी	सांसारिक	1
रुश	तवरले	1
पाइनीनी	जिइरहेका	1
मदुम्‍नी	मापदण्डअनुसार	1
आपोल्‍लोस	अपोल्लोसलाई	1
खोदेंशो	तरिकाले	1
मदुम्‍नी	हुँदैनौ	1
योव़शो	कामहरूअनुसार	1
नस्‍कु	माध्यमद्वारा	1
ख्रुम्‍ता	रोपेँ	1
आपोल्‍लोसमी	अपोल्लोसले	1
लुक्‍ताक्‍व	हाले	1
कोल्‍पाइक्‍तु	बढाउनुभयो	1
बारपाइक्‍ब	बढाउनुहुन्छ	1
कांइचीक	एकै	1
पका	परिश्रमअनुसार	1
रू	सहकर्मी	1
रूमी	बगैँचा	1
सेल्‍ब	भवनहरू	1
सेल्‍ती	अनुग्रहअनुसार	1
रिम्‍शो	कारिगरको	1
दारशो	क्षमतालाई	1
दोशा	बसालेँ	1
बोल्‍यो	अर्कोले	1
अरुमी	सावधान	1
पामेक्‍ल	रहनुपर्छ	1
मबाक्‍ब	बसालिएको	1
वोइक्‍ने	बसाल्न	1
जग	जगमाथि	1
नल	परालको	1
ख्रीस्‍तम	काम	1
सेल्‍तेक्‍म	उज्यालोले	1
हुम्‍शा	हरेकको	1
बाक्‍मे	गुणस्तरलाई	1
हुम्‍शा	जाँचिनेछ	1
लीत	रहिरह्‍यो	1
मीम	जलेर	1
ताइब	भोग्‍नुपर्नेछ	1
इनाम	आफैँचाहिँ	1
मतथु	आगोबाट	1
मपाइश्‍शो	फुत्केझैँ	1
मतुइक्‍नीनी	गर्नुहुन्छ	1
सेल्‍बा	गर्छ	1
मपांइसेक्‍ल	नदेओस्	1
जोक्‍ब	युगमा	1
मिम्‍साक्‍व	सम्झन्छ	1
जोक्‍ब	सम्झोस्	1
तुइक्‍बपुकी	ज्ञानी	1
जोक्‍तीक	तिनीहरूकै	1
गेयमी	चलाखीमा	1
ग्‍याइक्‍पांइसीनीम	पक्रनुहुन्छ	1
लेंशा	धर्मशास्‍त्रमा	1
जोक्‍ब	ज्ञानीहरूको	1
मिम्‍शो	तर्क	1
लाइब	व्‍यर्थ	1
मलेम्‍मल	नगर	1
तन्‍न	तिमीहरूचाहिँ	1
ख्रीस्‍त	ख्रीष्‍टचाहिँ	1
तुइक्‍पाइक्‍चा	भण्डारे	1
नकी	ठान्‍नुपर्छ	1
शेंबपुकी	भण्डारेहरू	1
माल्‍नीम	आवश्‍यक	1
निसाफ	अदालतबाट	1
पतीकेम	जाँचिनु	1
नाक्‍शो	सानो	1
मनाक्‍सीनुङ	जाँच	1
मपङ	अभियोग	1
मतुइक्‍थु	अर्थ	1
पङा	निर्दोष	1
कों	होइन	1
मनाक्‍तीन	न्याय	1
नेल्‍ल	कुराहरूलाई	1
तुइक्‍पाइक्‍ब	ल्याउनुहुनेछ	1
छिङछिङम	उद्देश्‍यहरू	1
तांइसीनीम	गर्नुहुनेछ	1
देंब	पाउनेछ	1
टिने	अपोल्‍लोसले	1
चाप्‍नीनी	सिद्धान्तहरू	1
पाइतक	नजाऊ	1
नेल्‍ल	बुझ्न	1
पाइतक	सकौला	1
गो	एउटाको	1
शेंशो	पक्षमा	1
शेंसीब	लागेर	1
अरुमी	अर्काको	1
आपोल्‍लोस	नलाग	1
सेल्‍नी	मानिसहरूका	1
दुम्‍नी	देख्छ	1
शिशी	सितैँमा	1
कका	होइनौ	1
यावे	सितैँमा	1
गेशोमी	नपाएको	1
लेत्‍चा	झैँ	1
लेत्‍चा	गर्छौ	1
माल्‍शो	चाहने	1
ताइतीनी	पाइसकेका	1
क्‍येट	अगिबाटै	1
शेंब	हामीविना	1
दुम	शासन	1
वोइक्‍तु	मारिनेको	1
आइक्‍च	लहरमा	1
सेल्‍शा	प्रदर्शनमा	1
स्‍वर्ग	तमाशा	1
यो	घडीमा	1
तूचा	भोकाएका	1
फेक्‍सीशा	तिर्खाएका	1
बाक्‍तीक	कपडाहरू	1
खिं	फाटिएका	1
यो	;	1
फेक्‍सीशा	नराम्ररी	1
फेक्‍सीशा	कुटिएका	1
मबाक्‍ब	घरवारविहीन	1
गेतक	दिन्छौँ	1
फाल्‍शा	सहन्छौँ	1
गाइश्‍शा	निन्‍दा	1
गारपाइक्‍नीकी	दयापूर्वक	1
गारपाइक्‍नीकी	बोल्‍छौँ	1
थोव़क	इन्‍कार	1
थोव़क	कुराहरूजस्‍ता	1
दुम्‍तक	ठानिन्छ	1
तमी	बालकहरूको	1
अरेचा	गर्नको	1
अर्ती	दस	1
गेब	हजार	1
माइ	अभिभावक	1
शेंदु	सिकाएबमोजिम	1
शेंदल	गराउनेछन्	1
मजाक्‍ब	आउँदिनँ	1
गेती	भयो	1
बाक्‍म	हेर्नेछु	1
लेम्‍शो	आऊँ	1
दाक्‍शो	छडी	1
शेंदन्‍नी	नम्रताको	1
शेंदन्‍नी	आत्मामा	1
कामी	व्यभिचार	1
पात्‍के	खालको	1
दातेमी	अन्यजातिहरूमा	1
मबाक्‍ब	स्वीकार्य	1
मुर	तिमीहरूमध्ये	1
आफ	आफ्‍नै	1
आ	बुबाकी	1
वोंइसाक्‍व	सुतिरहेको	1
मखाइक्‍नीनी	गर्नुपर्ने	1
तिल्‍चा	माझबाट	1
माल्‍नीनी	हटाइनुपर्दछ	1
दातेम	अनुपस्थित	1
काथा	त्यहीँ	1
नेंमी	अगिबाटै	1
थुम्‍ता	गरिसकेको	1
ग्रुम्‍शो	साथ	1
गे	;	1
हना	मानिसलाई	1
माल्‍नीनी	सुम्‍पेको	1
ब्रोंइचा	आत्माचाहिँ	1
तवल	बाँचोस्	1
इम्‍चीली	थोरै	1
ओख्‍तीमी	रोटीलाई	1
फस	खमिरी	1
ङाम्‍शा	बनाउँछ	1
ताइक्‍तीने	आफैलाई	1
मसुप्‍शो	मुछेको	1
फस	खमिर	1
दुम्‍शा	अर्थात्	1
पाइश्‍शो	आचरणसाथ	1
प्रोंइशा	इमानदार	1
मसुप्‍शो	रोटीका	1
मानेय	मनाऔँ	1
ब्रेक्‍शो	पत्रमा	1
चिठीमी	यौनसम्बन्धी	1
बाक्‍चा	घुलमिल	1
मदुम्‍ब	नहुनु	1
ब्रेक्‍ताक्‍न्‍नी	लेखेँ	1
शिं‍म	ठगाहाहरू	1
खुइ	मूर्तिपूजकहरूसँग	1
रोइश्‍शा	बिल्कुलै	1
मशेंदन्‍नी	रहनको	1
दा	संसारबाट	1
मदुम्‍ब	जानुपर्ने	1
आ	भाइ	1
दुम्‍ती	ठान्‍ने	1
शुक्‍शी	गालीगलौज	1
दुक्‍शा	ठगाहासँग	1
पा	सङ्गत	1
दुम्‍तेक्‍म	लेखिरहेछु	1
जचा	खानसमेत	1
मदुम्‍ब	नखाओ	1
पाइनुङा	संलग्‍न	1
पाइनुङा	हुनु	1
गेपुकीमीन	मण्डलीभित्र	1
नाक्‍शा	हुनेहरूको	1
बाक्‍शो	माझबाट	1
सोइक्‍तीने	हटाओ	1
कोप्‍शा	झगडा	1
गेनीनी	अगाडि	1
कोप्‍शा	नगएर	1
कोप्‍शा	न्यायाधीशको	1
मुददा	जाने	1
कोप्‍शा	आँट	1
सुइक्‍बपुकीमी	विश्‍वासीहरूले	1
गारपाइक्‍ने	मिलाउन	1
पाइब	स्वर्गदूतहरूको	1
पाइनीकी	गर्नेछौँ	1
लोव़	थाहा	1
पतीक	जीवनका	1
बाक्‍बा	मामलाहरूलाई	1
दातेमी	दैनिक	1
जीब	जीवनसित	1
खे‍ब	मुद्धाहरू	1
मसुइक्‍ब	राख्छौ	1
गेनीनी	प्रतिष्‍ठा	1
मोदेंशो	दाजुभाइका	1
निसाफ	झगडाहरू	1
पाइब	मिलाउन	1
लोक्‍बमी	यस्‍तो	1
लोक्‍ब	विश्‍वासीको	1
मुददा	अदालत	1
कोप्‍शा	जान्‍छ	1
मसुइक्‍ब	न्‍यायाधीशको	1
चाक्‍दीश्‍शो	मुद्धा	1
लाक्‍ती	राख्‍दछ	1
जिशो	अन्याय	1
मलाक्‍नुङ	नसहनु	1
लाइक्‍तेक्‍म	आफैँलाई	1
बाक्‍ने	ठगिन	1
मचाप्‍नीनी	नदिनु	1
आंमा	अरूको	1
लोक्‍ब	अन्याय	1
पाइनीनी	ठगेका	1
रोइक्‍नीनी	दाजुभाइहरू	1
मपाइबपुकी	अधर्मीहरूले	1
मताइनीम	पाउदैनन्	1
तेल्‍लेम	यौन-सम्बन्धहरू	1
पूजा	व्यभिचारीहरू	1
लाइक्‍नीमी	पुरुषगामीहरू	1
ब्‍वांइ‍सीनीमी	समलिङ्गीहरू	1
खुइ	चोरहरू	1
राकसीमी	मतवालाहरू	1
रोइश्‍शा	ठगहरू	1
ओव़चा	उत्तराधिकारी	1
बाक्‍मा	थियौ	1
चिक्‍शो	परिएका	1
सेल्‍चा	ठहराइएका	1
चाप्‍ता	न्यायसङ्गत	1
मदुम्‍नुङ	हुन्‍नँ	1
पचा	सम्बन्धको	1
तन्‍न	यसको	1
सेल्‍शो	जुटाउनुहुन्छ	1
लाइश्‍शा	छुटाएर	1
सेल्‍चा	जोडौँ	1
ब्‍वांइ‍सीशोनु	जोडिने	1
दुम्‍नीस	हुन्‍छन्	1
दुम्‍यानु	जोडिने	1
दुम्‍नीस	हुन्छ	1
पनीनु	शरीरदेखि	1
पनीनु	अनैतिकताको	1
पाइनीनी	गर्नेले	1
पाइनीनी	उसको	1
रांमी	तिमीहरूभित्र	1
वोइक्‍तु	रहनुहुन्छ	1
रां	भन्‍ने	1
ग्‍याप्‍शो	मोल	1
ग्‍याप्‍शो	तिरेर	1
बाक्‍नीनी	किनिएका	1
सेलीने	देओ	1
मपचा	भन्‍नुपर्दा	1
मथिथु	नछुनु	1
हेंथे	कामहरूका	1
मगाक्‍मल	अनेक	1
देंशा	परीक्षाहरूको	1
ग्‍युंबे	पतिले	1
दाक्‍मुशा	वैवाहिक	1
टिमुशा	हक	1
टिमुशा	देओस्	1
बाक्‍सल	पत्‍नीले	1
वोंइश	;	1
अधिकारम	पतिको	1
वोंइश	पारस्परिक	1
गार‍शा	सहमतिमा	1
पन	वञ्‍चित	1
बाक्‍स	नगर	1
दुम्‍ब	लागिरहन	1
ङा	फेरि	1
ब्राशा	एकसाथ	1
बास	हुनुपर्दछ	1
तेल्‍लेम	आत्मसंयमको	1
ब्राशा	अभावको	1
तेल्‍लेम	परीक्षामा	1
पपाइक्‍ने	नसकोस्	1
मदेंनुङ	आज्ञाको	1
बिस्‍साक्‍नी	अनुमतिको	1
नेल्‍ले	मजस्तै	1
खोदेंशो	इच्छा	1
यावेमी	आ-आफ्नो	1
मपथु	प्रकारको	1
ग्‍युंबे	अर्कै	1
ग्‍युंबे	प्रकारको	1
कान	मजस्तै	1
कान	अविवाहित	1
बाक्‍तेक्‍म	रहन्छन्	1
बाक्‍ने	राख्‍न	1
मचाप्‍नीमी	सक्दैनन्	1
पांइसमल	गरून्	1
मीश	कामुकतामा	1
माल्‍शा	जल्नुभन्दा	1
ग्‍युंबे	विवाहितका	1
मिम्‍पाइक्‍नुङमी	दिन्छु	1
।	दिनुहुन्छः	1
मदुम्‍ब	पतिबाट	1
दाक्‍ब	हुन्छिन	1
नुन	नगरी	1
नुन	कि	1
बाक्‍सल	गर्नुपर्दछ	1
वोंइश	अनी	1
मप्रोनल	विच्‍छेद	1
मप्रोनल	गर्नुहुदैन	1
आं	भन्‍नुहुन्छ	1
तन्‍न	बस्‍नलाई	1
दाक्‍ब	छिन्	1
मप्रोनल	नगरोस्	1
मप्रोनल	नगरुन्	1
ताइब	ठहरिन्छे	1
सुइक्‍तीकेमी	छोरीहरू	1
आसीक	अपवित्र	1
ब्राशा	साथी	1
दाक्‍ताक्‍म	छुट्टिन्छ	1
गेमेक्‍ल	देऊ	1
बाक्‍चान	अवस्थामा	1
देंशो	बहिनी	1
बाक्‍चान	प्रतिज्ञामा	1
मबाक्‍ब	बाँधिनेछैन	1
तचा	बस्‍न	1
दाक्‍ब	बोलाउनुभएको	1
चाप्‍नुङ	सक्छ्यौ	1
चाप्‍नुङ	सक्छौ	1
वोदा	खटाएबमोजिम	1
यावेमी	बोलाएबमोजिम	1
ब्रेत्‍ता	जिओस्	1
ग्रुम्‍तीक	मण्डलीहरूका	1
शेंतीक	नियम	1
बल	हुनुअगि	1
चिनु	भएको	1
बल	नभएको	1
मपने	नदेखाओस्	1
ख्रोंइ‍सीचा	निम्‍ति	1
बाक्‍तीनी	नगर्ने	1
तन्‍न	प्रमुख	1
ब्रेत्‍ता	बोलाउनुहुँदा	1
दोदेंशो	बोलावटमा	1
मेना	बोलाउनुहुँदा	1
वस्‍ता	फिक्री	1
पुंइसाक्‍नी	सक्छौ	1
ग्‍येरशा	फाइदा	1
लने	उठाओ	1
बाक्‍तीनी	बोलाउनुभएको	1
ना	बोलाउँदा	1
थाप्‍शा	दाम	1
प्रोंइचा	तिरी	1
पुंइसीशो	किनिएका	1
दोपा	बोलावट	1
योव़शा	अवस्थामा	1
ब्रेश्‍शा	थियौँ	1
मोपान	त्यही	1
नु	अवस्थमा	1
बाक्‍कीन	रहौँ	1
मपथु	नगरेकाहरूको	1
कली	प्रभुबाट	1
मअरेव	आज्ञा	1
दुम्‍ती	ठहरिएको	1
मिम्‍शो	राय	1
जचाइतय	सङ्कष्‍टको	1
मोदेंशोन	जस्तो	1
बाक्‍तय	बस्‍नु	1
बाक्‍शो	वैवाहिक	1
प्रोंइशा	बाँधिएका	1
ममालीन	नखोज	1
मपाइश्‍शो	खोजी	1
पनीनु	गर्‍यौ	1
आलम	केटीले	1
मपाइब	हुँदिन	1
पशोपुकीमी	गर्नेहरूले	1
पशोपुकीमी	जीवन	1
जाइनीम	क्रममा	1
मेकोपुकीम	दुःखकष्‍ट	1
मजामेक्‍ल	भोग्‍नेछन्	1
मजामेक्‍ल	तीबाट	1
गेतन्‍नी	बचाउन	1
रे	उप्रान्त	1
मबाक्‍शो	नभएजस्तो	1
बाक्‍कीन	जिऊन्	1
ग्‍येरशा	रुनेहरू	1
मग्‍येरसीशो	नरोएको	1
बाक्‍कीन	बसून्	1
ग्‍याप्‍शा	बसून	1
वोइक्‍बपुकीमी	किनमेल	1
मवोइश्‍शो	नभएझैँ	1
मिम्‍तमेक्‍ल	गरून्	1
मुरपुकीम	संसारसित	1
पाइनी‍म	यससँग	1
मारदे	किनकी	1
लचा	प्रणालीको	1
सुर्ता	निस्फिक्री	1
मिम्‍नीम	चिन्ता	1
?	पार्ने	1
बाक्नीनी	मनको	1
आलपुकीमी	कन्याले	1
नेल्‍ले	हुन	1
कली	कुराहरूका	1
मिम्‍‍नीम	फिक्री	1
मुरपुकीम	पार्न	1
बाक्‍नीम	गर्दछे	1
कली	भलाइका	1
दुम्‍ल	भन्‍दछु	1
तन्‍न	प्रतिबन्ध	1
चापीन	बाधाबिना	1
चापीन	चित्तका	1
चापीन	भक्तिका	1
बाक्‍ने	लागिरहन	1
चापीन	सक	1
पुंइने	विचार	1
मीश	मगनी	1
प्रोंइचा	राम्रो	1
मिम्‍ब	ठान्छ	1
दाक्‍ब	बितिसकेको	1
ग्‍युंबे	चाहेबमोजिम	1
मिम्‍ब	पक्‍का	1
चलेब	करकापमा	1
वोइक्‍नुङ	कन्यालाई	1
मपाइ‍नुङ	राख्‍ने	1
वोइक्‍नुङ	गरिसकेको	1
पाइ‍बा	गर्दछ	1
पाइ‍बा	नगर्ने	1
बाक्‍न	बाँचुञ्‍जेलसम्म	1
अर्को	बाँधिएकी	1
मताइनीम	हुन्छिन्	1
चाप्‍नीम	चाहन्छिन्	1
ग्‍युंबे	हुन्छिन्	1
मुर	विचारमा	1
मिम्‍नुङ	बस्छिन्	1
ग्‍युंबे	प्रसन्‍न	1
मपथु	रहन्छिन्	1
तांइसीब	आत्मा	1
नकी	मूर्तिलाई	1
नकी	बलिदानको	1
तुइश्‍शोमी	खानेकुराको	1
तुइश्‍शोमी	ज्ञानले	1
लेप्‍पाइक्‍ब	ल्याउँदछ	1
दाक्‍मुशा	प्रेमले	1
बाक्‍शोमी	उन्‍नति	1
देंबमी	जान्‍नुपर्ने	1
मतुइश्‍शो	जानेको	1
दाक्‍नीमी	गर्छ	1
तुइश्‍शो	चिनिएको	1
श्‍ये	खानेकुराको	1
मनम	मूर्ति	1
देवी	प्रभुहरू	1
देवता	भएजस्तै	1
बाक्‍नीम	मात्रका	1
प्रभु	होलान्	1
पतीकेम	जसबाट	1
ताइनीकी	जिउँछौ	1
ताइनीकी	अस्तित्वमा	1
मरुबेम	ज्ञान	1
मरुबेम	सबैमा	1
रे	मूर्तिपूजा	1
मिम्‍शो	खानेकुरा	1
मिम्‍शो	मूर्तिलाई	1
मचबेम	खान्छन्	1
ब्‍वशा	खानेकुराले	1
मारेइ	स्वीकारयोग्य	1
जशोमी	खाँदैमा	1
मजशोमी	नखाँदैमा	1
आइक्‍च	खराब	1
पांइसीने	होओ	1
निक्‍शीमी	स्वतन्‍त्रता	1
तशा	ठेसको	1
क्‍याल्‍तेक्‍म	नबनोस्	1
मन्‍दीरम	मन्दिरमा	1
ब्‍वशो	खाइरहेको	1
ब्‍वशो	देख्यो	1
मुरुमी	विवेकले	1
मब्‍वाइबा	आँट	1
मब्‍वाइबा	नदेला	1
जोक्‍तीके	मूर्तिहरूको	1
तुइक्‍तीकेमी	वास्तविक	1
तुइक्‍तीकेमी	प्रकृतिको	1
मजोक्‍ब	समझको	1
पपाइक्‍नीनी	नष्‍ट	1
क्‍याल्‍पाइक्‍तीनी	विवेकलाई	1
क्‍याल्‍पाइक्‍तीनी	पुर्‍याउँछौ	1
हना	खाएको	1
ब्‍वशो	खाना	1
थुं	ठेसको	1
तुइक्‍ताक्‍ङ	बन्छ	1
मब्‍वाइनुङ	खानेछैनँ	1
श्‍ये	भाइको	1
ब्‍वचा	पतनको	1
प्रोंइता	नबनूँ	1
ङा	होइनँ	1
पङा	हातका	1
मदुम्‍नी	सिप	1
छाप	प्रमाण	1
शेंशो	जाँच्न	1
पर्बम	खोज्नेहरूलाई	1
मिम्‍तीन	होः	1
मचाप्‍नीनी	अधिकार	1
केफास	प्रेरितहरू	1
नेल्‍लेमी	केफासले	1
बुद	विश्‍वासी	1
गाक्‍चा	हिँड्ने	1
मताइनीकी	अधिकार	1
जाइनीम	अथवा	1
माल्‍नस्‍कु	पर्छ	1
लडाइ	खर्चमा	1
पाइब	सिपाहीको	1
बाक्‍नीमी	सेवा	1
थीबपुकीमी	लगाएर	1
मीमेनु	खाँदैन	1
गोठलापुकीमी	कसले	1
गोठलापुकीमी	गाईवस्तु	1
लाप्‍शा	पालेर	1
चिम्‍शा	पिउँदैन	1
मुरुम	अधिकारको	1
देंशो	आधारमा	1
नु	गर	1
मगारबा	भन्दैन	1
मपाइक्‍चा	व्यवस्थामा	1
पपाइश्‍शोनु	दाइँ	1
दांइ	मोहोला	1
फुङला	नलगाओ	1
ब्‍यफ	गोरुहरूको	1
इं	हामीहरूका	1
रुपीन	बोलिरहनुभएको	1
ब्‍यफ	खेत	1
वाक्‍बपुकीमी	जोत्‍नेले	1
मीमेनु	आशा	1
मीमेनु	राखेर	1
मीमेनु	जोत्‍नुपर्छ	1
इच्‍का	बाली	1
अन्‍न	चुट्नेले	1
ताइनुङ	बाली	1
चेरब	भित्र्याउने	1
चेरब	आशले	1
तुप्‍ब	चुट्नुपर्छ	1
शें‍दकानु	छर्‍यौँ	1
अरु	अरूहरूले	1
शेंबपुकीमी	हकको	1
ताम्‍तेक्‍म	दाबी	1
क्‍येङा	बढता	1
मताइनीकी	हक	1
लोव़	हकको	1
मपाइनीकी	गरेनौँ	1
लोव़	बाधा	1
मदुम्‍ल	नबनौँ	1
मपाइनीकी	सह्‍यौँ	1
मेक	मन्दिरबाट	1
जाइनीम	पाउँछन्	1
ब्‍वाइनीम	चढाइएको	1
ब्‍वाइनीम	हिस्सा	1
ब्‍वाइनीम	पाउँछ	1
शेंबपुकी	त्यसैबाट	1
शेंशा	जीविका	1
तचा	चलाओस्	1
माल्‍नीम	परमप्रभुले	1
मपुनु	हकहरूको	1
माल्‍नीनी	गरियोस्	1
मदेंनुङ	लेख्दिनँ	1
शोंप	कुरादेखि	1
मलाइक्‍चा	वञ्‍चित	1
दे	गर्छ	1
बोरनुङ	मर्न	1
बाक्‍ती	गरिनँ	1
वा	पाउँछु	1
गाक्‍को	जिम्मेवारी	1
पुंइसीतीके	मसँग	1
गाक्‍ती	बाँकी	1
तचा	गर्छु	1
शेंनुङ	सित्तैँमा	1
शेंनुङ	गरूँ	1
ग्‍येरपाइक्‍ब	सुसमाचरमा	1
ताक्‍चा	हकको	1
मदाक्‍नुङ	नगरूँ	1
गाक्‍ती	भएँ	1
यहूदी	यहूदीजस्तै	1
मनङ	नभए	1
मनङ	गरेँ	1
शें‍दुनु	नभएर	1
बोल	कमजोरहरूलाई	1
बोल	कमजोरहरूको	1
का	उपायहरूद्वारा	1
दुम्‍मल	बचाउन	1
दुम्‍ती	बनेको	1
रुप्‍शो	आशिष्‍हरूमा	1
तशा	हुन	1
इनाम	दौडमा	1
दोरबपुकी	दौडिन्छन्	1
जाक्‍दीत्‍नुङ	जनाले	1
ताइब	पाउँछ	1
दोरीने	दौड	1
दोरबपुकीमी	खेलाडी	1
चलेस	तालिमहरूमा	1
जोक्‍नीम	आत्मसंयमी	1
इनाम	पाउनको	1
ताइनय	पाऔँ	1
ममाल्‍नया	दौडन्छौँ	1
हेंथे	बिनाउदेश्य	1
मुडकी	हावामा	1
मआप्‍नुङ	दौडन्‍नँ	1
हेंथे	राख्छु	1
वाइल	दासजस्‍तै	1
सेल्‍नुङ	बनाउँछु	1
मोदेंशो	अयोग्य	1
शेंताक्‍ङमी	नबनूँ	1
पिपी	पुर्खाहरू	1
गोस्‍स	बादलमुनि	1
शोक्‍सीशा	बिचबाट	1
शोक्‍सीशा	भएर	1
यावेम	आत्मिक	1
गेशो	उस्तै	1
फुल्‍लु	आत्मिक	1
ब्‍वाक्‍कु	चट्टानबाट	1
तशा	जनासित	1
गाइक्‍ता	हुनुभएन	1
गोरशो	लासहरू	1
प्रोना	उजाड-स्थानभरि	1
मदुमीन	नगरौँ	1
होस	उदाहरणहरू	1
निस्‍साक्‍म	बसे	1
सिल	खेल्नलाई	1
बोक्‍तेक्‍म	उठे	1
आन	धेरैले	1
ङा	हामीले	1
निक्‍शीमी	यौन	1
कामीन	तिनीहरूमध्‍ये	1
२३	तेइस	1
मो	गर्नुहुँदैन	1
बुस्‍स	सर्पहरूद्वारा	1
निक्‍शीम	जसोले	1
निक्‍शीम	गनगन	1
खतम	मृत्युको	1
खतम	दूतद्वारा	1
पोक्‍गा	भएका	1
गोपुकीमी	उदाहरणको	1
रुब्‍यल	तिनीहरूमाथि	1
चिक्‍शो	लेखिएका	1
चिक्‍शो	हुन्–	1
जाम्‍शा	निम्ति	1
लचा	जसमा	1
बाक्‍म‍ल	सोच्छ	1
बाक्‍म‍ल	रहोस्	1
चाप्‍नीम	नलडोस्	1
मुल	मानव-जातिमा	1
सम्‍म	परीक्षाभन्दा	1
फाल्‍ने	फरक	1
नाक्‍‍चा	परेका	1
मपुंइसीनी	छैनौँ	1
फाल्‍ने	शक्‍तिभन्दा	1
मचाप्‍चा	बाहिरको	1
थाम्‍चा	पर्न	1
मगेब	दिनुहुन्‍न	1
चाप्‍तीक	परीक्षाको	1
चाप्‍तीक	उम्किने	1
सक्ति	उपाय	1
मूर्ति	मूर्तिपूजाबाट	1
प्रोनीन	अलग	1
रुप्‍ब	समझदार	1
लोव़	बोलेजस्तै	1
जिक्‍शा	भाँच्ने	1
मोपतीके	टुक्रा	1
जाइनय	खान्छौँ	1
चढ़ेबपुकीमी	इस्राएलका	1
मारेइ	हेरः	1
क्‍योरशा	वेदीमा	1
जाइनीम	खानेहरू	1
दुम्‍नीम	होइनन्	1
मूर्तिपुकी	मूर्तिमा	1
अर्को	अन्यजाति	1
चढ़ेशो	मूर्तिपूजकहरूको	1
वोल	भूतहरूसँग	1
भोज	टेबुलमा	1
चढ़ेशा	टेबुल	1
जने	दुवैमा	1
पपाइक्‍चा	बनाउने	1
नया	बलिया	1
मबारपाइक्‍नीम	गर्दैनन्	1
मिम्‍चा	नखोजोस्	1
अरु	छिमेकीको	1
दुम्‍ल	खोजोस्	1
श्‍ये	बजारमा	1
श्‍ये	बेचिन्छ	1
ग्‍याप्‍थ	विवेकका	1
मपने	नगरी	1
कों	सक्छौ	1
मसुइक्‍बपुकीमी	नगर्ने	1
ब्रेम्‍मानु	दिन्छ	1
मपथु	विवेकको	1
जने	नसोधी	1
जाइबपुकीमी	मूर्तिपूजामा	1
तुइक्‍पाइक्‍तेक्‍म	भन्यो	1
दे	जानकारी	1
ग्‍येरसीशो	विवेकको	1
तुइक्‍नीम	होइनँ	1
मिनु	अरू	1
ब्‍वशो	भनेको	1
ब्‍वचा	विवेकलाई	1
अधिकार	स्वतन्‍त्रताको	1
माल्‍नीमी	दिने	1
ब्‍वशो	कृतज्ञतासाथ	1
सुइमी	खानामा	1
मलाक्‍मल	हुन्छु	1
मारेइ	दिएको	1
मिम्‍नुङ	निन्दित	1
जाइतीनी	खान्छौ	1
तूतीनी	पिउँछौ	1
यावे	महिमाको	1
ग्रीक	ग्रिकहरूको	1
ममिम्‍सीथु	खोज्दिनँ	1
दुम्‍ल	खोज्छु	1
थमा	उद्धार	1
सुइश्‍शा	पाऊन्	1
बाक्‍ती	गर्दछु	1
तुइक्‍ताक्‍ङ	सम्झन्छौ	1
पाइतीनी	राख्छौ	1
वोंइश	परमेश्‍वरचाहिँ	1
मुरपुकीमी	शिर	1
पियामी	ढाकेर	1
मसुम्‍सीचा	प्रर्थना	1
सुम्‍साक्‍नी	अगमवाणी	1
सुम्‍साक्‍नी	बोल्छ	1
सुम्‍सीचा	नढाकी	1
माल्‍नीम	गर्छे	1
मसुम्‍सीशो	अगमवाणी	1
बाक्‍तेक्‍म	बोल्छे	1
वोंइश	शिरको	1
सेल्‍शो	गर्छे	1
मसुम्‍सीथु	यसो	1
प्रेक्‍शो	खौरेको	1
देंबम	स्‍त्रीले	1
मसुम्‍नुङ	ढाक्दिन	1
चां	छोटो	1
तुइक्‍नय	काटोस्	1
मोपतीके	कपाल	1
मीश	काट्नु	1
सुम्‍समल	शर्मको	1
सुम्‍समल	ढाकोस्	1
सुम्‍चा	नढाकोस्	1
मीश	स्‍त्रीचाहिँ	1
पिया	स्वर्गदूतहरूका	1
माल्‍नीम	खातिर	1
पिया	शिरमा	1
कोव़शो	लगाउनुपर्छ	1
माल्‍ब	हुन्‍न	1
रां	आउँछे	1
मसुम्‍थु	गरः	1
मसुम्‍थु	नढाकी	1
दुम्‍बा	उपयुक्त	1
थुल्‍चा	पाल्नु	1
मुने	शर्मको	1
आंमा	प्रकृतिले	1
मतुइक्‍नीनी	सिकाउँदैन	1
थुल्‍शो	हुनु	1
मान	गौरवको	1
ततीक	कुरो	1
सुम्‍चा	प्रकृतिले	1
चां	सिकाउँदैन	1
जिचा	बहस	1
पोक्‍ब	चाहन्छ	1
शेंनीकी	प्रथा	1
मोदेंशो	परमेश्‍वरको	1
शेंनीकी	मण्डलीसँग	1
शेंशो	निर्देशनहरू	1
लोव़म	दिँदा	1
मचाप्‍नुङ	गर्दिनँ	1
ग्रुम्‍नीनु	असलको	1
ग्रुम्‍नीनु	खराबको	1
दुम्‍ब	हुन्छौ	1
मबाक्‍नीनी	फाटो	1
नेंता	सुन्छु	1
मबाक्‍नीनी	हदसम्म	1
ओंथ	स्वीकृत	1
मरुप्‍बपुकी	व्यक्‍तिहरू	1
दिल्‍नीम	चिनिनको	1
मरुप्‍बपुकी	गुटबन्दी	1
जाइनीनी	खाएको	1
भोज	प्रभु-भोज	1
आंम	खान्छौ	1
चाक्‍शो	अरूले	1
आंम	खानुअगि	1
जाइनीनी	खान्छ	1
शोव़लु	भोकै	1
दुक्‍शा	मातेको	1
तूचा	पिउनको	1
खिं	नभएकाहरूलाई	1
मिम्‍नीनी	ठान्छौ	1
मुने	भनूँ	1
देंनुङा	गरूँ	1
मदेंनुङ	प्रशंसा	1
शेंदा	पाएँ	1
शेंताक्‍ङ	सुम्पिदिएँ	1
मेको	कि	1
शे‍शा	ख्रीष्‍टले	1
शे‍शा	लिनुभयो	1
मिम्‍चा	सम्झनाको	1
जने	खाइसक्‍नुभएपछि	1
तूङीन	गर	1
जाइनीनी	खान्छौ	1
सम्‍म	प्रभुको	1
भोज	अयोग्य	1
मेकोमी	ऊ	1
तन्‍न	व्यक्‍तिले	1
नाक्‍तीन	जाँचोस्	1
जन	खाओस्	1
कचौरा	कचौरबाट	1
तूङीन	पिओस्	1
बाक्‍ब	नाराखीकन	1
तूशा	खान्छ	1
प्रभु	कचौराबाट	1
ममिम्‍नीमी	पिउँछ	1
सजाइ	खाएको	1
ममिम्‍नीमी	पिएको	1
ममिम्‍नीमी	आफूमाथि	1
पुंइसीनीम	ल्याउँछ	1
पशो	बिमारी	1
बाक्‍नीनी	मरिसकेका	1
मपुंइसीनय	पर्नेछैनौँ	1
बाक्‍ब	जाँचिन्छौँ	1
काथा	अनुशासित	1
जाम्‍शा	संसारसँगै	1
मलाइनीकी	दोषी	1
मलाइनीकी	ठहरिनेछैनौँ	1
खुम्‍सीनीनु	भेला	1
खुम्‍सीनीनु	हुन्छौ	1
जने	पर्ख	1
फाल्‍ने	घरैमा	1
मचाप्‍बपुकीमी	खाओस्	1
दुम्‍नीनी	पर्नेछैनौ	1
जाक्‍ची	लेखेका	1
थोव़क	विषयहरूको	1
नोले	आएपछि	1
जाक्‍ची	निर्देशनहरू	1
शेंनुङ	दिनेछु	1
मजोक्‍थु	अनभिज्ञ	1
शेंनन्‍नी	चाहन्‍नँ	1
मचाप्‍ब	नसक्‍ने	1
मचाप्‍ब	मूर्तितिर	1
हिरशो	बहकाइएका	1
मचाम्‍सीब	भन्दैन	1
चाम्‍सीब	सक्दैन	1
सोक्‍त	वरदानहरू	1
पपाइश्‍शो	सेवाका	1
गेयपुकी	किसिमका	1
गेयपुकी	हरेकको	1
गेयपुकी	जीवनमा	1
गेयपुकी	तुल्याउनुहुने	1
आन	भलाइको	1
पपाइश्‍शो	देखिने	1
पपाइश्‍शो	दिइएको	1
पपाइक्‍ब	वरदान	1
पतीके	आत्माद्वारा	1
सापाइक्‍तीक	आत्माद्वारा	1
तुइक्‍तीक	छुट्‌ट्याउने	1
पतीक	खोल्ने	1
नेल्‍ले	सबैमा	1
सोक्‍तीमी	इच्छाबमोजिम	1
गेचा	व्यक्‍तिगत	1
दाक्‍बा	वरदानहरू	1
मोपान	अङ्गहरू	1
रां	अङ्ग	1
वाइल	बप्‍तिस्मा	1
दुम्‍तय	पिउन	1
अरु	अङ्गहरूले	1
मार	बनेको	1
नोफामी	कानले	1
मिक्‍ची	शरीरको	1
मिक्‍ची	आँखा	1
ला	हुँदो	1
नाम्‍चा	सुँघ्‍ने	1
दाक्‍स	शरीरको	1
नु	यसका	1
गारपाइश्‍शा	मिलाएर	1
वोइक्‍तु	राख्‍नुभयो	1
दुम्‍बा	हुन्थ्‍यो	1
पियामी	न	1
खोइली	टाउकोले	1
कली	खुट्टालाई	1
मिम्‍सीशोपुकी	ठानिएका	1
माल्‍शो	अत्यावश्यक	1
पाइक्‍नय	कम	1
मदारशो	आदरका	1
मिम्‍सीशो	ठान्‍ने	1
पाइक्‍नय	गर्दछौँ	1
मदारशो	देखाउन	1
मिम्‍सीशो	नमिल्ने	1
आन	अङ्गहरूलाई	1
दारपाइक्‍नय	भद्रतासाथ	1
दारपाइक्‍नय	राख्छौँ	1
दारपाइक्‍चा	मिल्ने	1
दारपाइक्‍चा	इज्जत	1
दारपाइक्‍चा	गरिरहनु	1
दारपाइक्‍चा	अगिबाट	1
ममाल्‍नय	इज्‍जत	1
पपाइश्‍शो	जोड्नुभएको	1
मिम्‍शो	पाएकाहरूलाई	1
मब्रामल	विभाजन	1
बाक्‍मल	स्‍नेहसाथ	1
कोव़मुमल	वास्ता	1
जाप्‍तु	पाउँदा	1
जाप्‍तु	अङ्गहरूले	1
जाइनीम	भोग्छन्	1
काम	अङ्गको	1
गारशा	अङ्गहरू	1
ग्‍येरसीनीम	आनन्दित	1
मिक्‍ची	व्यक्‍तिगत	1
गुइ	अङ्ग	1
नोले	पार्ने	1
सापाइक्‍बपुकी	व्यक्‍तिहरू	1
वारच	मदत	1
नोले	प्रशासन	1
कोव़बपुकी	चलाउनेहरू	1
सोक्‍त	भाषाका	1
पाइबपुकी	पाएकाहरूलाई	1
वोइक्‍तीमी	नियुक्‍त	1
सापाइक्‍ब	निको	1
सापाइक्‍ब	पार्ने	1
सापाइक्‍ब	वरदान	1
पाइनीमी	बोल्छन्	1
शेंनीमी	खोल्छन्	1
सोक्‍तीमी	ठुला	1
कोंइनन्‍नी	देखाउनेछु	1
हेंथे	हल्ला	1
ताप्‍शो	मच्‍चाउने	1
किङगो	घण्टा	1
रेयके	झ्याइँ-झ्याइँ	1
बुप्‍केल	झ्याली	1
दुम्‍नुङ	हुन्छु	1
रुप्‍‍तीक	रहस्यहरू	1
जोक्‍तीक	पहाडहरू	1
तुइक्‍तीक	हटाउन	1
याक्‍पाइक्‍तीक	सम्मको	1
आं	मानौँ	1
गेशा	खुवाउनको	1
आंम	दिन्छु	1
ग्रोइश्‍शा	जलाउन	1
फाल्‍ने	सहनशील	1
पने	डाह	1
गेहे	अहङ्कारी	1
मुने	रुखो	1
दाक्‍तीकेमी	यसले	1
ठीक	स्वार्थ	1
मदेंब	खोज्दैन	1
दाक्‍तीकेमी	सजिलै	1
रीब	रिसाउँदैन	1
मकुरब	खराबीको	1
मकुरब	हिसाब	1
मकुरब	राख्छ	1
मरिम्‍शो	अधार्मिकतामा	1
तशा	सत्यतामा	1
ग्‍येरसीब	रमाउँछ	1
सुम्‍ब	सहन्छ	1
आस	आत्मविश्‍वासी	1
फाल्‍ने	स्थिर	1
चाप्‍ब	रहन्छ	1
दाक्‍तीक	प्रेमको	1
दाक्‍तीक	कहिलै	1
पतीक	अगमवाणीहरू	1
लाइब	जानेछन्	1
नुप्‍ब	बन्द	1
नुप्‍शा	बितेर	1
आंइ	थोरै	1
जोक्‍तीक	जान्दछौँ	1
मबाक्‍ब	बोल्छौँ	1
मरुप्‍शो	अपूर्ण	1
मलीब	बितेर	1
ब्‍वाक्‍ती	बोलेँ	1
ब्‍वाक्‍ती	सोचेँ	1
ब्‍वाक्‍स	बालकले	1
ब्‍वाक्‍ती	जस्‍तै	1
आलम	तर्कहरू	1
कोल्‍शा	वयस्क	1
दुम्‍शा	भएँ	1
,	बालकका	1
आलम	चालहरू	1
खोदेंशो	छोडी	1
ब्राब्रा	ऐनामा	1
पा	अप्रत्यक्ष	1
ताइतय	देख्छौँ	1
रिम्‍शो	आमने-सामने	1
ताइनय	देख्‍नेछौँ	1
बुद	थोरै	1
रुप्‍नुङ	जान्‍नेछु	1
तुइक्‍नुङ	जानिएको	1
यावेमी	तिनवटा	1
नेल्‍ल	रहन्छन्	1
दे	भविष्‍‍यको	1
सांफामी	सबैमा	1
दाक्‍तीक	सर्वोत्तमचाहिँ	1
यावे	लागिरहो	1
पपाइश्‍शो	वरदानहरूका	1
पतीक	बोल्ने	1
आन	बोलेर	1
सापाइक्‍ब	गर्दछ	1
बारपाइक्‍ब	गर्दछ	1
शेंब	नखोलेसम्म	1
पाइब	बोल्नेभन्दा	1
मरुप्‍चा	पुर्‍याउँछु	1
शेंतीक	मा	1
पाता	तबसम्म	1
दुम्‍ब	पुर्‍याउँदिनँ	1
ताप्‍तीके	मुरली	1
तार	वीणाजस्ता	1
ताप्‍तीके	निर्जीव	1
ताप्‍मेनु	साधनहरूले	1
ताप्‍तीके	खालका	1
ताप्‍मेनु	आवाजहरू	1
ताप्‍तेक्‍म	निकाल्दैनन्	1
ताप्‍तेक्‍म	साधन	1
ताप्‍शो	बजाइएको	1
लडाइ	तुरहीलाई	1
ताप्‍बमी	नचिनिने	1
ताप्‍बमी	बजाउने	1
लाइनीमी	लडाइँको	1
मरुप्‍चा	जान्‍ने	1
सोक्‍त	नबुझिने	1
लोव़	तरिकाले	1
पनीनु	बोल्यौ	1
रुप्‍नीमी	बुझ्ने	1
प‍शो	बोलिरहन्छौ	1
फशेम	बुझ्‍नेछैन	1
बाक्‍नीमी	शङ्का	1
बाक्‍नीमी	बिनाका	1
मचाप्‍ता	भाषाको	1
रुप्‍ने	बुझिनँ	1
दुम्‍नुङ	व्यक्‍तिको	1
पपाइश्‍शो	प्रकटीकरणको	1
पचा	उत्सुक	1
दाक्‍ताक्‍नी	भएझैँ	1
बोल्‍यो	कार्यमा	1
पुनल	खोल्न	1
पुनल	गरोस्	1
पङानु	प्राथना	1
पङानु	गर्छ	1
थुंमी	दिमागचाहिँ	1
मरुप्‍नुङ	निष्फल	1
देंने	दिँदा	1
चाप्‍बा	बाहिरकाहरूले	1
देंतीनी	बुझेनन्	1
लोव़	प्रशस्‍त	1
मबारपाइश्‍शो	गर्दैन	1
बाक्‍नीनी	धन्‍यवाद	1
हजार	हजारवटा	1
रुप्‍चा	बोल्नुको	1
रुप्‍चा	समझमा	1
ओटा	शब्द	1
लाक्‍ती	चाहन्छु	1
आलमी	आफ्नो	1
मिम्‍शो	सोचाइमा	1
ममिम्‍तीने	नबन	1
मिम्तीकेमी	सोचाइमा	1
मिम्‍तीन	बन	1
अरेशा	व्‍यवस्थामा	1
मतुइश्‍शो	अनौठो	1
मतुइश्‍शो	भाषामा	1
पतीकेमी	मानिसहरूद्वारा	1
रागी	विदेशीहरूका	1
मतुइश्‍शो	ओठद्वारा	1
पाइक्‍नुङ	बोल्नेछु	1
मनेंनीम	सुन्‍नेछैनन्	1
मसुइक्‍ब	नगर्नेहरूको	1
मसुइक्‍ब	अगमवाणीचाहिँ	1
सुइक्‍ब	चिह्न	1
पन	बोल्दा	1
मतुइश्‍शो	बाहिरकाहरू	1
ओव़शा	नगर्नेहरू	1
परमप्रभु	जनाले	1
अरु	बाहिरको	1
पशो	बोध	1
फ्रुक्‍ब	कुराहरूद्वारा	1
फ्रुक्‍ब	जाँचिनेछ	1
ख्रुइश्‍शो	परिणामस्वरूप	1
यावे	परी	1
तुइक्‍ब	घोषणा	1
कामी	हुन्छौ	1
बारपाइक्‍चा	वृद्धिको	1
पामेनु	बोल्छ	1
सांमी	पालैपालो	1
शेंचा	खोलोस्	1
माल्‍नीम	बसोस्	1
सांमी	अगमवक्‍ता	1
नेंबपुकीमी	अरूले	1
गारबा	ध्यानसँग	1
माल्‍नीमी	सुनून्	1
मेकेर	त्‍यो	1
कामी	बसिरहेको	1
तुइक्‍ताक्‍व	अन्‍तर्दृष्‍टि	1
बाक्‍ल	लागोस्	1
शेंसीने	उत्साहित	1
चाप्‍नीनी	बनून्	1
सोक्‍त	अगमवक्‍ताकै	1
गुइम	नियन्‍त्रणमा	1
खल	अन्योलका	1
बल	शान्तिका	1
।	भएजस्तै	1
लोव़सी	मण्डलीहरूमा	1
ब्‍वाक्‍चा	बोल्नका	1
मताइनीम	अनुमति	1
लोव़	व्यवस्थाले	1
मेकोपुकीम	भनेअनुसार	1
टिचा	समर्पित	1
मरुप्‍तेक्‍म	सिक्‍ने	1
मरुप्‍तेक्‍म	चाहना	1
वोंइश	पतिहरूलाई	1
पामेक्‍ल	सोधून्	1
मपामेक्‍ल	शर्मको	1
मुने	कुरो	1
मिम्‍ब	सम्झन्छ	1
तुइक्‍तमेक्‍ल	गर्नुपर्छ	1
मसुतीन	नगरियोस्	1
बोल	दृढ	1
पाइब	बोल्नदेखि	1
खुम्‍सीशा	कामहरू	1
बाक्‍नीनु	उचित	1
नेल्‍ल	व्यवस्थित	1
रिम्‍शो	गर	1
मिम्‍पाइक्‍नुङ	स्मरण	1
एको	गराउँछु	1
मिम्‍पाइक्‍नुङ	पायौ	1
सुइक्‍तीनी	रहन्छौ	1
सुइक्‍ना	वचनमा	1
दुम्‍‍तीनी	रह्‍यौ	1
दोपा	सुसमाचारद्वारा	1
शेंदन्‍नी	बचाइन्छौ	1
ख्रीस्‍त	पाएँ	1
शेंताक्‍न्‍नी	महत्त्वका	1
लोव़मी	सुम्पिदिएः	1
थिम्‍चा	गाडिनुभयो	1
कालेमी	एकसाथ	1
५	पाँचसय	1
सहे	भाइहरूकहाँ	1
का	तीमध्ये	1
मुल	कतिचाहिँ	1
यो	मरिसकेका	1
महिना	असमयमा	1
आल	बालककहाँ	1
देंचा	कहलाइन	1
मबाक्‍ब	थिएन	1
परमप्रभु	गर्नुहुने	1
पपाइश्‍शो	अनुग्रहले	1
दाते	कतिपयले	1
चाप्‍नीमी	सक्छौ	1
मसेंसीशो	पारिनुभएन	1
मसेंसीशो	पारिनुभएको	1
गोमी	नपारीकन	1
दुम्‍बाक्‍त	दिएको	1
दुम्‍बाक्‍त	गवाह	1
बाक्‍तक	हुन्छौँ	1
मसेंसीनीम	पारिँदैनन्	1
मसेंस	पारिनुभएन	1
मक्‍याम्‍सीथु	पापमा	1
सुइश्‍‍शा	मर्नेहरू	1
सुइश्‍शो	भविष्यको	1
बाक्‍तक	निश्‍चयता	1
शिशी	दयनीय	1
नकी	हुन्छौँ	1
दातेमी	उठ्नेमा	1
सेंसीब	फल	1
सेंसीब	हुनुभएको	1
आदम	आदममा	1
बेक्‍ब	मृत्यु	1
दुम्‍तेक्‍म	परिनेछन्	1
थमा	क्रमअनुसार	1
सुइक्‍बपुकी	हुनेछः	1
सेंसाक्‍व	पहिलो	1
नुप्‍ची	ख्रीष्‍टले	1
नुप्‍ची	राज्यलाई	1
नुप्‍ची	पिताको	1
ना	हातमा	1
जाक्‍ब	सुम्पिदिनुहुनेछ	1
अधिकार	अख्तियार	1
खतम	सामर्थ्यलाई	1
राज्‍य	उन्मूलन	1
खोइलीम	खुट्टामुनि	1
मदिम्‍दा	नपारुञ्‍जेलसम्म	1
पचा	गर्नुहुनेछ	1
क्‍येङा	गर्नुपर्ने	1
खोइलीम	पाउमुनि	1
वोइक्‍तु	ल्याउनुहुनेछ	1
रुम्‍सीब	भन्‍नाले	1
दिम्‍सीशा	राख्‍नेचाहिँ	1
मबा	पर्नुहुन्‍न	1
बाक्‍त	राखिन्छन्	1
गुइम	राखिदिनेको	1
बाक्‍ब	आउनुहुनेछ	1
आन	सर्वोच्‍च	1
का	ठहरिन	1
ला	सक्‍नुभएको	1
मुर	मरेकाहरूको	1
ग्रुंइपांइसीचा	लिनेहरूले	1
मसेंसीनीम	नपारिने	1
फाल्‍शा	हरपल	1
गाक्‍नुङा	खतरामा	1
लोक्‍बपुकी	प्रतिदिन	1
दुम्‍तीनी	मर्दछु	1
बोरपाइक्‍नुङ	गर्दछु	1
दुम्‍नुङ	प्रभुमा	1
एफिसस	मरेकाहरू	1
सहरम	भई	1
शेंना	उठ्दैनन्	1
मुरपुकीमी	ज्यानलाई	1
जोइ	जोखिममा	1
वां	पारेर	1
जोइ	जनावरसँग	1
पतीमी	लडाइँले	1
मुरपुकीमी	मानवीय	1
जोइ	दृष्‍टिबाट	1
पतीमी	लाभ	1
जय	खाऔँ	1
तू्‍य	पिऔँ	1
बेक्‍नय	मरिहाल्छौँ	1
सुइमी	भर्ममा	1
बाक्‍बम	सङ्गतले	1
बाक्‍बम	चरित्रलाई	1
मसुतीन	बिगार्छ	1
दूली	धोका	1
मिम्‍चा	नखाओ	1
प्रोनीन	धार्मिकतामा	1
प्रोनीन	जिओ	1
मपने	नरहो	1
दाते	कतिलाई	1
मतुइक्‍ब	ज्ञानै	1
मुने	लज्जित	1
दोक्‍चा	पार्न	1
कामी	भन्‍नेछ	1
सेंसीनीमी	पारिन्छन्	1
मूर्खपुकी	अन्जान	1
शोक्‍नीनु	रोप्छौ	1
वांचेर	नमरेसम्म	1
कोच्‍वा	उम्रन	1
मदाप्‍ब	थाल्नेछैन	1
शोक्‍शो	रोप्छौ	1
वाशो	पछि	1
योव़शो	चाहेअनुसारको	1
वांचेरमी	बिउलाई	1
कोच्‍वा	दिनुहुनेछ	1
का	उस्तै	1
मबाक्‍नीम	हुँदैनन्	1
ङांइ	माछाहरूको	1
आइक्‍च	भन्दा	1
शोक्‍शो	रोपिएको	1
सेंसीशो	उठाइएको	1
शोक्‍शो	अनादरमा	1
मचाप्‍ब	महिमामा	1
दुम्‍शो	उठाइन्‍छ	1
सेंसीशो	कमजोरीमा	1
पाइश्‍शो	उठाइनेछ	1
शोक्‍शो	रोपिन्छ	1
सेंसीशो	उठाइन्छ	1
परमप्रभु	आएकोचाहिँ	1
ङा	भूमिको	1
सेल्‍शो	बनिएकाहरू	1
स्‍वर्ग	स्वर्गकाहरू	1
बाक्‍नया	धारण	1
खोदेंशो	रूपलाई	1
दुम्‍नय	धारण	1
ओव़ने	हकदार	1
जाम्‍शा	विनाशी	1
लीब	अविनाशिको	1
रां	हकदार	1
बेक्‍शा	गोप्य	1
लाइनय	बताउँछुः	1
बाक्‍नय	मर्नेछैनौँ	1
ना	क्षणमा	1
दुम्‍ब	निमेषमा	1
ताप्‍ची	परिवर्तन	1
नेंसीब	हुनेछौँ	1
बेक्‍शो	तुरही	1
मुर	बज्‍नेछ	1
मबेक्‍चा	अविनाशी	1
लाइब	विनाशीले	1
मजाम्‍चा	अविनाशी	1
मबेक्‍चा	विनाशी	1
मबेक्‍चा	अविनाशीलाई	1
मबेक्‍चा	मरणशील	1
दुम्‍ब	आउनेछः	1
ग्रात	विजयमा	1
ग्रात	निलिएको	1
ग्रातीक	विजय	1
हिंपाइक्‍तीक	खिल	1
हिंपाइक्‍ब	खिल	1
पशोमी	विजय	1
दल्‍गीर	अटल	1
मोशीन	व्यस्त	1
मलाइब	रहो	1
मोशीन	हुँदैन	1
पोक्‍चा	भेटीको	1
गलातीया	गलातीका	1
इन	दिएअनुसार	1
शेंनन्‍नी	गर्नू	1
हेंशा	दक्षताअनुसार	1
चाप्‍नुङ	जम्मा	1
मबा	उठाउन	1
जाक्‍ची	आइपुग्छु	1
चिठी	हातमा	1
चिठी	लेखेर	1
योव़शो	भेटीलाई	1
सोइक्‍नुङ	पठाइदिनेछु	1
माल्‍ताक्‍यी	निम्ति	1
लाइनीमी	जानेछन्	1
रागी	गरिसकेपछि	1
जाक्‍नुङ	जानेछु	1
महिना	सायद	1
बाक्‍नुङा	बस्‍नेछु	1
मलाक्‍गा	बिताउनेछु	1
जाक्‍ती	छोटो	1
ताइनुङ	भेट्न	1
ताइनुङ	चाहन्‍नँ	1
शुश	अनुमति	1
शुश	समय	1
एफिसस	पेन्तिकोससम्म	1
बाक्‍नुङ	बस्‍नेछु	1
शेंचा	फराकिलो	1
नेंपाइक्‍चा	ढोका	1
ताइनुङमी	खोलिएको	1
मदाक्‍बपुकी	विरोधीहरू	1
रिम्‍शो	बिनाडर	1
पतीने	बस्‍न	1
महिक्‍शो	अवहेलना	1
सोइक्‍तीने	आउन	1
लोक्‍ब	भाइहरूसँगै	1
रिम्‍शा	आशा	1
रिम्‍शा	गरिरहेको	1
कोरिन्‍थी	भाइहरूका	1
ग्रुम्‍थ	भेटघाटमा	1
लावो	जानको	1
पीब	आउनेछन्	1
पोक्‍च	सतर्क	1
सुइश्‍शा	दृढ	1
बाक्‍कीने	मानिसजस्तै	1
बाक्‍कीने	सामर्थी	1
लोक्‍बपुकी	स्तिफनासको	1
स्‍तीफानस	सेवाको	1
मेकोपुकीमी	भाइहरू	1
गाक्‍नीम	गर्दछु	1
स्‍तीफानस	स्तिफनास	1
फोरटुनातस	फोर्टुनाटस	1
अकाइकस	अखाइकसको	1
एक	आगमनमा	1
ग्रुम्‍शो	अनुपस्थितिलाई	1
नाइक्‍ताक्‍ङ	गरिदिए	1
बारपदमे	ताजा	1
तुइक्‍ताक्‍ङ	पारिदिएका	1
मान	कदर	1
एसीयाम	एसियामा	1
प्रिस्‍कीला	प्रिस्काले	1
ग्रुम्‍ब	मण्डलीले	1
प्रभु	अर्कालाई	1
मदाक्‍बपुकी	गर्दैन	1
कोव़ङल	रहोस्	1
रागीम	प्रान्तमा	1
बारपाइक्‍ब	सान्त्वनाका	1
जकानु	दुःख	1
जकानु	दिनुहुन्छ	1
जकानु	परेकाहरूलाई	1
नाइक्‍पाइश्‍शा	दिन	1
नाइक्‍पाइश्‍शा	सक्छौँ	1
नांइ‍सीशा	सान्त्वनाद्वारा	1
नाइक्‍पाइश्‍शा	दिन्छौँ	1
नाइक्‍पाइक्‍चा	प्रशस्त	1
जशोमी	भोग्यौँ	1
गो	यदि	1
नाइक्‍पाइक्‍चा	पायौँ	1
पुंइसीशोमी	सान्त्वनाको	1
पुंइसाक्‍नी	हो	1
नाइक्‍पाइक्‍चा	प्रभावकारी	1
जाइनीनी	दृढ	1
आंइ	दुःखमा	1
पुंइसीनीनी	हुन्छौ	1
रागीमी	भोगेका	1
बाक्‍कानु	दुःखको	1
जाइतक	अजान	1
,	रहो	1
जाइतक	चाहन्‍नौँ	1
पर्बम	सहन	1
मख्रुइक्‍थु	मिचिएका	1
मख्रुइक्‍थु	साह्रो	1
जशो	बाँच्ने	1
दुम्‍शो	मारेका	1
दुम्‍तक	हामीमाथि	1
दुम्‍तक	आफैँमा	1
मोपतीके	परमेश्‍वरमाथि	1
दुम्‍शो	जोखिमबाट	1
प्रोंइतीकी	बचाउनुहुनेछ	1
कली	फेरि	1
प्रोंइब	छुटाउनुहुनेछ	1
तुइक्‍नीकी	राखेका	1
पुंइना	गर्नुहुनेछ	1
प्रोनीन	मदत	1
प्रोंइशो	अनुग्रही	1
तशा	कृपाको	1
तुइक्‍नीकी	दिनेछन्	1
बोरपा	अन्तस्करणको	1
बाक्‍नीकी	गवाहीमा	1
कुल	प्रेरणा	1
इन	इमानदारीमा	1
कुल	जसअनुसार	1
थुं	संसारमा	1
कोंइताक्‍क	चलेका	1
जोक्‍तीक	सांसारिक	1
शिशीम	अनुग्रहमा	1
नेल्‍ल	पढ्न	1
पढेचा	गरी	1
ब्रेक्‍नीकी	लेख्दैनौँ	1
रुप्‍तीनी	बुझ्नेछौ	1
बोरपाइक्‍ने	मात्रमा	1
चाप्‍नीनी	बुझ्यौ	1
चाप्‍नीनी	बन्‍नेछौँ	1
चाप्‍नीकी	बन्‍नेछौ	1
तुइक्‍ताक्‍ङ	निर्धक्‍क	1
शुश	दुईवटा	1
ग्‍येरसीशा	भेटको	1
बाक्‍कीन	लाभ	1
जाक्‍चा	चाहन्थेँ	1
लङानु	जाँदा	1
ग्रुम्‍नुङ	भेटघाट	1
मासीडोनीया	योजना	1
लङानु	बनाउँदै	1
लेङङानु	यात्रापछि	1
बाक्‍तीके	भेट्न	1
जाक्‍नुङ	चाहन्थेँ	1
चोक्‍नीनी	बाटो	1
आस	पठाएको	1
पङा	सोच्दै	1
पङा	हिच्किचाएँ	1
काइले	मापनअनुसार	1
ना	योजनाहरू	1
दुम्‍बा	बनाएँ	1
काइले	एकै	1
देंन	भनेँ	1
थमान	एकैसाथ	1
तुइक्‍चा	होइन	1
दुम्‍सीन	भन्दैनौँ	1
नेंपाइक्‍तक	गर्‍यौँ	1
ख्रीस्‍त	सदा	1
कली	महिमालाई	1
सेल्‍नीकी	भनेका	1
काथा	दरिला	1
वोइश्‍शा	पार्नुहुन्छ	1
दुम्‍पाइक्‍तु	नियुक्ति	1
सोक्‍त	छाप	1
वोइक्‍तु	लगाउनुभयो	1
बैना	दिने	1
वोइश्‍शा	पुकारेँ	1
मजाक्‍ङ	आइनँ	1
मपाइ‍नीकी	हुनुपर्छ	1
मपाइ‍नीकी	नियन्‍त्रण	1
मपाइ‍नीकी	प्रयास	1
बाक्‍ब	रहन्छौ	1
मपीनुङ	दुःखपूर्ण	1
कोरिन्‍थ	नआउने	1
मुरपुकीमी	व्यक्‍तिहरूद्वारा	1
ग्‍येरपाइक्‍चा	आनन्द	1
माल्‍नीमी	पाउनुपर्ने	1
मखाइक्‍ल	नहोऊँ	1
ब्रेक्‍तुनु	कष्‍ट	1
हुइश्‍शा	पीडा	1
दुम्‍नीमी	आँशुका	1
कों	साथमा	1
दुम्‍नीमी	लेखेँ	1
ङाक्‍थ्री	चाहन्‍न	1
मोदेंशो	गहिराइ	1
दुम्‍त	पाओ	1
मिम्‍तीन	चाहन्थेँ	1
खाइक्‍पदा	दिएको	1
वारच	केही	1
खाइक्‍पदा	हदसम्म	1
खाइक्‍पदा	कडा	1
खाइक्‍पदा	नभन्‍ने	1
खाइक्‍पाइक्‍तु	तुल्याएको	1
मिम्‍शा	बहुमतद्वारा	1
ठीक	पर्याप्‍त	1
मेरे	सजायको	1
कांइचीक	दुःखबाट	1
बाक्‍शा	हरेस	1
बाक्‍शा	नखाओस्	1
पुंइनुङ	सार्वजनिक	1
टीनीनी	छौ	1
कली	लेखेँ	1
गेनी	दियौ	1
गेता	दिनेछु	1
गेङानु	दिएको	1
मतवल	छक्याउने	1
मिम्‍शो	योजनाहरूको	1
तुइक्‍नय	अजान	1
जाक्‍ङानु	आएँ	1
गेती	खोलिदिनुभएको	1
मग्रुम्‍थु	मिलेन	1
मनाइक्‍स	भेटिनँ	1
लती	फर्कें	1
नेंमी	विजयमा	1
ग्राना	अगुवाइ	1
शेंन	हामीद्वारा	1
हिरशा	सबैतिर	1
गाक्‍कानु	ज्ञानको	1
तुइक्‍नीमी	छर्नुहुन्छ	1
ब्रोंइशा	पाएकाहरू	1
नाम्‍सीशो	सुबास्‍ना	1
लाइब	भइरहेका	1
बेक्‍चा	मृत्युदेखि	1
ङा	मृत्युसम्मको	1
आन	बचाइएकाहरूको	1
ब्रोंइचा	जीवनदेखि	1
ङा	जीवनसम्मको	1
बाक्‍नीकी	हो	1
जिम्‍मा	कुराहरूका	1
ब्रने	को	1
परमप्रभु	नाफाको	1
ग्‍याप्‍ब	बेच्‍ने	1
लेयब	मानिसहरूजस्ता	1
मलेयनीकी	होइनौँ	1
नेंमी	अभिप्रायले	1
शेंनीकी	बोल्दछौँ	1
सेल्‍सीनीकी	लागिरहेका	1
कुरशा	समक्ष	1
शेंना	सिफारिस	1
गाक्‍चा	पत्रको	1
माल्‍नीकी	जरुरी	1
नेल्‍लेमी	सिफारिस	1
तुइक्‍ने	पढेका	1
चाप्‍नीम	जानेका	1
मसीमी	हामीद्वारा	1
ब्रेक्‍शो	वितरण	1
ममाइ	गरिएका	1
मसीमी	देखाउँछौ	1
मुशा	मसीले	1
मुशा	आत्माबाट	1
ब्रोंइचा	ढुङ्गाको	1
नेंमी	येशूद्वारा	1
सुइक्‍नीकी	आत्मविश्‍वास	1
शेंदकानु	आइरहेको	1
तुइक्‍तीक	योग्य	1
मकोंइनीकी	छैनौँ	1
शेंतीके	योग्यता	1
कबल	करारका	1
ब्रेक्‍शा	करार	1
ब्रेक्‍शा	अक्षरबाट	1
सोक्‍तीमी	आत्माबाट	1
ब्रेक्‍शोमी	अक्षरले	1
साइक्‍ब	मार्दछ	1
फुल्‍लुमी	अक्षर	1
फुल्‍लुमी	महिमासँग	1
मुशा	इस्राएलीहरूको	1
मुशा	इस्राएलीहरूले	1
थम	हेर्न	1
कोव़ने	अनुहारको	1
मचाबेम	महिमाको	1
ग्‍युम्‍ना	मन्द	1
ग्‍युम्‍न	हुँदै	1
लत	थियो	1
बेक्‍तीक	निन्दापूर्ण	1
कबल	सेवाको	1
लत	माथ	1
लाइब	जानेको	1
लीशो	सधैँको	1
छेङछेङ	झन्	1
महिंब	साहसी	1
मोसामी	हराउँदै	1
खोदेंशो	अन्त्य	1
ग्‍युम्‍ना	इस्राएलीहरूले	1
ग्‍युम्‍ना	देख्‍न	1
ग्‍युम्‍न	नसकून्	1
कुल	अनुहारमा	1
वामी	घुम्टो	1
गिल्‍से	मोशाजस्ता	1
दुम्‍मा	पारिएका	1
मरुप्‍ब	करार	1
बाक्‍नीम	पढ्दा	1
नेंपदमेनु	दिनसम्म	1
खोदेंब	रहिरहन्छ	1
ख्रीस्‍तमी	खोलिएको	1
सेल्‍ने	खोलिन्छ	1
नेन्‍मेनु	पढिन्छ	1
गिल्‍सीशो	घुम्टो	1
आ	व्यक्‍ति	1
हिरबा	फर्किन्छ	1
वा	हटाइन्छ	1
वा	हटाइएको	1
हुक्‍शा	अनुहारले	1
पुंइसाक्‍य	हेर्छौं	1
फाइक्‍ब	महिमादेखि	1
छेङछेङम	महिमामा	1
फाइक्‍ब	उक्लँदै	1
फाइक्‍ब	बद्‌लिँदै	1
दुम्‍तक	सेवा-कार्य	1
मदुम्‍नीकी	हुँदैनौँ	1
दोक्‍तीक	लाजमर्दा	1
ख्रुइश्‍शा	मार्गहरू	1
मरिम्‍शो	धूर्ततामा	1
पा	जिउँदैनौँ	1
फाइक्‍चा	गलत	1
फाइक्‍चा	तरिकाले	1
बाक्‍नीकी	चलाउँदैनौँ	1
तन्‍न	सत्यता	1
तुइक्‍पाइक्‍तीकेमी	प्रत्येकको	1
तुइक्‍पाइक्‍तीकेमी	विवेकप्रति	1
ब्रचा	सिफारिस	1
वाम	घुम्टोले	1
गिल्‍सीशो	ढाकिएको	1
गिल्सीशो	ढाकिएको	1
सैतानमी	देवले	1
कली	अविश्‍वासी	1
मिक्‍च	मनहरू	1
मरुप्‍ब	तुल्याइदिएको	1
आ	महिमाको	1
कोंइतीके	स्वरूप	1
दुम्‍तक	रहेर	1
दुम्‍ल	चम्कनेछ	1
ब्रपाइश्‍शो	उपस्थितिमा	1
ब्रपाइश्‍शो	चम्कनुभएको	1
कोंइचा	पार्नको	1
छेङछेङ	धन	1
मदुम्‍क	सबैतिरबाट	1
मचाप्‍ब	कष्‍टित	1
मदुम्‍क	छैनौँ	1
खेदा	सताइएका	1
कोव़ब	त्यागिएका	1
बाक्‍ब	छैनौँ	1
खोल्‍चा	हिर्काइएका	1
मनुप्‍क	छैनौँ	1
खोदेंशो	देखियोस्	1
सेंचा	मृत्युलाई	1
दुम्‍नीकी	बोकिहिँड्छौँ	1
बेक्‍चा	मानवीय	1
रांमी	शरीरहरूमा	1
सक्ति	परोस्	1
ङा	सुम्पिइँदै	1
ताइतीनी	जीवनले	1
नेंपाइक्‍नुङमी	बोलेँ	1
सुइक्‍तीक	उस्तै	1
सेंबमी	पुनः	1
गेब	ल्याउनुहुनेछ	1
मुरुम	मानिसहरूमा	1
नेंतेक्‍म	फैलिएको	1
गाक्‍नीकी	हुँदैनौँ	1
लशो	प्रतिदिन	1
बाक्‍ब	भइरहेका	1
इच्‍का	क्षणिक	1
नोले	हलुका	1
मेकोमी	कष्‍टले	1
मरुप्‍चा	नापलाई	1
मरुप्‍चा	माथ	1
मरुप्‍चा	वजनदार	1
गेब	पारिरहेको	1
जाम्‍शा	क्षणिक	1
चहिं	अनन्तसम्म	1
लीनीम	रहन्छन्	1
जाम्‍शा	गरेको	1
जाम्‍शा	पार्थिव	1
नक	भवन	1
स्‍वर्ग	अनन्तसम्म	1
एकेर	बासस्थानको	1
बाक्‍शा	पोशाक	1
रोंका	पहिरिने	1
पाइनीकी	आशामा	1
रोंका	पीडाले	1
दाक्‍नीकी	आर्तनाद	1
माइत	पहिरिएपछि	1
शिश्रा	नाङ्गा	1
मदुम्‍नीकी	हुनेछैनौँ	1
सुर्ता	बोझले	1
पना	भरिएर	1
पन	आर्तनाद	1
शिश्रा	निर्वस्‍त्र	1
ममाइ	चाहँदैनौँ	1
ब्रोंइशा	समावेश	1
जाम्‍शा	वस्‍त्र	1
रां	पहिरन	1
दुम्‍ल	चाहन्छौँ	1
बैना	आत्मा	1
बाक्‍नय	रहो	1
रांमी	जानी	1
बाक्‍यानु	घरमा	1
सुइक्‍तीकेमी	हिँड्छौँ	1
ततीकेमी	देखिने	1
मगाक्‍नीकी	आधारमा	1
पाइश्‍शो	विश्‍वस्‍त	1
प्रभु	प्रभुसँग	1
दाक्‍नीकी	रुचाउँछौँ	1
रांम	घरमा	1
मबाक्‍शा	रहे	1
दाक्‍नीकी	पार्नु	1
ताइनीकी	कार्यको	1
ताइनीकी	पाओस्	1
तुइक्‍तीके	जानेर	1
शेंनीकी	मनाउँछौँ	1
यो	आशा	1
पाइनीकी	विवेकमा	1
तन्‍न	ठान	1
बोरशा	मनाउन	1
सेल्‍सीबपुकीमी	खोजिरहेका	1
ममिम्‍नीम	रूपको	1
ममिम्‍नीम	धाक	1
देंशो	लगाउनेहरूलाई	1
दुमीने	सक	1
शुश	बाध्य	1
मिम्‍नीकी	पार्छ	1
बेक्‍त	मर्नुभएको	1
बेक्‍चा	मरेका	1
ब्रोंइशोपुकी	बाँच्नेहरू	1
मब्रोंइमल	नबाँचून्	1
ब्रोंइमल	जिउनुपर्छ	1
साइश्‍‍शा	मर्नुभयो	1
मकोव़नीकी	दृष्‍टिकोणअनुसार	1
कोव़तक	मूल्याङ्कन	1
कोव़तक	गर्दैनौँ	1
ममिम्‍नीकी	कदापि	1
ममिम्‍नीकी	हेर्दैनौँ	1
कली	पापका	1
गारपाइक्‍तु	नलिएर	1
नु	आफूसित	1
गारपाइक्‍तु	ल्याउँदै	1
प्रेंशा	सन्देशको	1
कली	सुम्पनुहुँदै	1
आंइ	हामीद्वारा	1
ब्रेप्‍ब	गरिरहनुभए	1
पर्बम	दूतको	1
गारब	मिलापमा	1
दुमीने	आओ	1
पापी	बलि	1
सेल्‍तु	लगाउनुभयो	1
मतुइश्‍शो	गर्नुभएन	1
त‍शा	सँगसँगै	1
मप्रेंदीन	अनुग्रहलाई	1
देंनीकी	नलेओ	1
पची	उपयुक्त	1
शिशी	मुक्‍तिको	1
मक्‍याल्‍नीकी	लाग्‍ने	1
मपाइनीकी	राख्दैनौँ	1
मक्‍याल्‍नीकी	सेवामा	1
मक्‍याल्‍नीकी	बेइमानी	1
मक्‍याल्‍नीकी	चाहन्‍नौँ	1
खेदा	धैर्य	1
पतीकेमी	धारणमा	1
जतीकेमी	विपत्तिमा	1
हिंतीकेमी	कठिनाइमा	1
तुप्‍चा	पिटाइमा	1
हुल	हुलदङ्गामा	1
दशा	परिश्रममा	1
इप्‍चा	अनिदा	1
मतथु	रातमा	1
इप्‍चा	भोकमा	1
कोंइनीकी	शुद्धतामा	1
जोक्‍शो	ज्ञानमा	1
मचबु	धैर्यमा	1
दाक्‍नीकी	सेवकहरू	1
कोंइनीकी	हौँ	1
निम्‍फा	हातमा	1
बाक्‍नीकी	हतियार	1
आंइ	अपमान	1
दिम्‍तेक्‍म	निन्दा	1
मारेइ	प्रशंसामा	1
मसुइक्‍नीकी	गर्दछौँ	1
जोल	आरोप	1
देंतेक्‍म	लगाइन्छ	1
शेंनीकी	छौँ	1
मतुइक्‍नीमी	नचिनिएका	1
मतुइक्‍नीमी	व्यक्‍तिहरूले	1
,	झैँ	1
तुइश्‍शो	चिनिएका	1
बेक्‍चा	मरे	1
चिक्‍शो	काम	1
तशो	कार्यहरूको	1
मपुंसीशो	जस्तै	1
मपुंसीशो	पाए	1
सुर्ता	अफसोसी	1
ग्‍येरसीशो	रमाइरहेका	1
सेल्‍नीकी	बनाउँछौँ	1
मथीब	नभए	1
मारेइमी	थोकहरू	1
गाप्‍शो	पाएका	1
इन	विश्‍वासीहरू	1
कोरिन्‍थी	साँचा	1
शेंचा	बताएका	1
शुश	हृदयहरू	1
दाक्‍नीकी	खुला	1
थुंम	भावनाद्वारा	1
आल	बालकहरूसँग	1
हिरदीन	खुला	1
नेनीन	अविश्‍वासीहरूसँगै	1
मगेने	ननारिओ	1
पतीके	व्यवस्थाविहीनहरूसित	1
छिङछिङ	अन्धकारसित	1
गारनीसी	सङ्गति	1
नु	झुटा	1
बेलीआर	बोल्नेहरूसित	1
मारम	अविश्‍वासीहरूसँग	1
गारनीसी	सहभागिता	1
मूर्ति	मूर्तिहरूबिच	1
गाक्‍नुङ	हिँड्नेछु	1
दिशो	चिजहरूलाई	1
मथिने	नछोओ	1
ब्राइनुङ	अपनाउनेछु	1
दाक्‍शोपुकी	प्रियहरू	1
मरिम्‍शो	आँफैलाई	1
बाक्‍नय	पारौँ	1
ला	भयमा	1
हिंशा	पवित्रतालाई	1
सेल्‍नय	पछ्याऔँ	1
हिरदीन	बनाओ	1
मसेल्‍क	पुर्‍याएका	1
मताक्‍क	लिएका	1
मदेंक	ठहर्‍याउन	1
दाक्‍नीकी	होइनँ	1
माल्‍तय	अघि	1
माल्‍तय	भनिसकेको	1
बेक्‍य	हृदयमा	1
ब्रोंइचा	मर्न	1
ताइतय	बाँच्नको	1
लत	भरिएको	1
ग्‍येरस	आनन्दले	1
ग्‍येरस	भरिएको	1
गाक्‍कानु	शरीरले	1
जाइतक	पाएन	1
गडङ	बाहिरका	1
मडङ	सङ्घर्षहरू	1
खेदा	भित्रका	1
पा	भयहरूबाट	1
शुश	हरतरहले	1
हिंचा	सताइएका	1
यावेमी	निरुत्साहितहरू	1
आइक्‍च	लाई	1
बारपाइक्‍ब	परमेश्‍वरले	1
जाक्‍शा	आगमनबाट	1
तीतस	आगमनले	1
दुम्‍तक	दिनुभएन	1
कोरिन्‍थीपुकीमी	सान्त्वनाबाट	1
शुश	गहिरो	1
कोंइताय्‍यीमी	चिन्ताको	1
देंत	बताए	1
चिठीमी	पत्रले	1
खाइक्‍पाइक्‍तन्‍नी	तुल्याएको	1
तुइक्‍ताक्‍ङ	पछुताउँदिनँ	1
मखाइक्‍ब	पत्रले	1
मखाइक्‍ब	बनाएको	1
मखाइक्‍ब	देख्दा	1
मखाइक्‍ब	पछुताएँ	1
तुइक्‍ताक्‍ङ	भयौ	1
खाइश्‍शो	सताइएको	1
मग्‍येरसीङ	दुःखले	1
लेत्‍ताक्‍नी	पश्‍चात्तापसम्म	1
लेत्‍ताक्‍नी	डोर्‍याएको	1
,	खुसी	1
कोंइचा	शोकको	1
कोंइचा	महसुस	1
रुप्‍तीनी	गर्‍यौ	1
लेश्‍शो	भोगेनौ	1
यावेमी	ईश्‍वरीय	1
रिम्‍शो	ल्याउँछ	1
दुम्‍मल	पछुतोविना	1
दुम्‍मल	मुक्‍तिको	1
खाइक्‍पाइक्‍मुशोमी	मृत्यु	1
साइक्‍ब	ल्याउँछ	1
यावेमी	शोकले	1
खाइक्‍पाइश्‍शोमी	सङ्कल्प	1
तुइक्‍तीने	गरायो	1
पाइतीनी	सङ्कल्प	1
सल्‍‍ला	क्रोध	1
जिशा	तृष्‍णा	1
बोल	जोस	1
मताइब	हेर्ने	1
ब्रेक्‍ताक्‍ङ	खराबीग	1
गेपुकी	र्ने	1
पुंइसीब	भोग्‍नेको	1
गारपाइक्‍चा	लेखिनँ	1
मोपतीके	गम्भीरता	1
नाइक्‍ताक्‍क	हुन्छौँ	1
गेपुकीमी	सान्त्वनासाथै	1
थुं	रमायौँ	1
।	तिमीहरूद्वारा	1
थुं	प्राणलाई	1
नाइश्‍शो	स्फूर्ति	1
कोरिन्‍थीपुकीमी	तिमीहरूको	1
टीनीमी	गर्व	1
नङ	शर्माइनँ	1
तीतसमी	विपरीत	1
मुने	तीतससँग	1
मतोक्‍नी	गर्व	1
मतोक्‍नी	ठहरियो	1
तीतसमी	सबैको	1
ग्‍येरसाक्‍व	सम्झेर	1
ब्राइतीनी	स्‍नेह	1
ब्राइतीनी	बढ्छ	1
तशा	रमाउँछु	1
शेंनीकी	चाहन्छौँ	1
जाम्‍तेक्‍म	भयङ्कर	1
जाम्‍तेक्‍म	परीक्षाको	1
बाक्‍नीम	प्रशस्तताको	1
।	शान्ति	1
प्रुङग	घोर	1
बाक्‍तेक्‍म	दरिद्रताले	1
कली	धन	1
गेम्‍तेक्‍म	गरायो	1
सुइमी	साक्षी	1
मदेंथु	सके	1
शुश	दिए	1
चाप्‍शो	सक्‍नेभन्दा	1
ताता	स्वेच्छाले	1
सुइक्‍ब	बिचको	1
आन	सेवामा	1
पोक्‍चा	सहभागिताको	1
दाक्‍नीकी	अवसरको	1
ममाइ	गरेबमोजिम	1
गेम्‍तेक्‍म	सुम्पिदिए	1
बाक्‍तेक्‍म	सुम्पिदिए	1
पोक्‍पाइक्‍तु	अघिबाटै	1
तीतस	उदारताको	1
पोक्‍तीके	गरुन्	1
अरेतक	अनुरोध	1
पाइतीनी	बढेर	1
इन	अर्थात्	1
जोक्‍चा	बोलीवचनमा	1
पतीके	लगावमा	1
मुल	उदारको	1
कोंइताक्‍नी	बढेर	1
अधिकार	आज्ञाको	1
मपाइनुङ	भन्दिनँ	1
दाक्‍चा	तत्परतासँग	1
तांइसीब	इमानदारी	1
मपुंइसीथु	जाँच्नको	1
पाइश्‍शो	हुनुभए	1
प्रुङग	गरिबीबाट	1
दुमीन	बन्‍न	1
मार	सल्लाह	1
गोशो	सहयोग	1
मालीने	मिल्नेछ	1
बर्स	वर्षअघि	1
गोशो	गरेनौ	1
मालीने	गर्‍यौ	1
पोक्‍शा	सक्दो	1
गारीन	प्रयास	1
आंम	इच्छुक	1
मजाप्‍ब	ग्रहणयोग्य	1
चाप्‍चा	व्यक्‍तिसँग	1
चाप्‍चा	पर्नुपर्छ	1
गेने	उसँग	1
गेने	नभएको	1
मदेंनुङ	हलुका	1
मदेंनुङ	होस्	1
गप्‍ल	निष्पक्षता	1
देंनुङ	हुनुपर्छ	1
मथीब	प्रशस्तताले	1
नोले	यसकारणले	1
के	प्रशस्तताबाट	1
दुम्‍मेनु	हुन	1
गेमुशोमी	समानता	1
उइक्‍थ	कायम	1
महें	रहेन	1
जाक्‍दीत्‍त	अभाव	1
सेल्‍नुङ	तीतसको	1
शुश	फिक्रीको	1
मिम्‍ताक्‍व	हालिदिनुभयो	1
तीतस	अनुरोधलाई	1
सोइक्‍ताक्‍क	गरेनन्	1
सोइक्‍ताक्‍क	यसप्रति	1
ग्रुमग्रुम	स्वतन्त्र	1
दाक्‍शा	इच्छाले	1
नेल्‍लेमी	सबैका	1
नेल्‍लेमी	प्रख्यात	1
चलेशो	पठाएका	1
चलेशो	त्यति	1
सुइक्‍बपुकी	उदारताको	1
क्य‍ेट	हामीसँगै	1
योव़तेक्‍म	मण्डलीहरूद्वारा	1
योव़तेक्‍म	छानिएका	1
वारच	इच्छाको	1
सांकछी	गरिरहेको	1
क्‍येट	उदारताको	1
मरिम्‍शो	उजुरीको	1
पने	सम्भावनालाई	1
मचाप्‍नीम	पन्छाइरहेका	1
ङोंइती	अघि	1
कोंइनीकी	राख्छौँ	1
सोइक्‍नीकी	पठाउँदै	1
सोइक्‍तकानु	जाँच	1
सोइक्‍तकानु	गर्‍यौँ	1
कोंइताक्‍व	भेट्टायौँ	1
मिम्‍‍ब	भरोसाको	1
तुइक्‍ताक्‍क	मेहनती	1
तीतस	सन्दर्भमा	1
अर्को	भाइहरूचाहिँ	1
लोक्‍ब	मण्डलीहरूबाट	1
पतीने	देखाओ	1
माल्‍दा	गर्वको	1
गेने	मण्डलीहरूलाई	1
नेनीने	देखाओ	1
पोक्‍चा	सेवा-कार्यको	1
लेंशा	लेखिरहन	1
ममाल्‍नुङ	ठान्दिनँ	1
पोक्‍चा	चाहना	1
”	जसको	1
पोक्‍नीकी	माकेडोनियामा	1
प्रेक्‍तीनी	गर्वका	1
पोक्‍नीकी	बताएँ	1
मोपा	गएको	1
मासीडोनीयाम	वर्षदेखि	1
पोक्‍नीम	आइरहेको	1
पोक्‍नीकी	भनेँ	1
जोल	व्यर्थ	1
वोतीन	होओ	1
बाक्‍तीक	पठाएको	1
सोइक्‍ताक्‍क	छु	1
मपोक्‍थु	नभएको	1
मदोक्‍कीन	पर्नेछौँ	1
सोइक्‍ताक्‍ङ	भन्दिनँ	1
सोइक्‍ताक्‍ङमी	पठाउनलाई	1
पोक्‍कीन	आवश्‍यक	1
”	ठानेर	1
जाक्‍ची	प्रतिज्ञा	1
क्‍येङा	उपहारहरू	1
लने	प्रबन्ध	1
मखाइक्‍थु	भेटी	1
ग्‍येरशा	करकापले	1
चाप्‍स	तयारी	1
लोक्‍ब	सकोस्	1
इच्‍का	थोरैसँग	1
खुप्‍चा	बटुल्छ	1
तन्‍न	आशिष्‌‌	1
शुश	उद्देश्यले	1
शोक्‍बमी	आशिष्‌कै‌	1
मिम्‍शा	सङ्कल्प	1
मपुंइसीथु	दुःखित	1
दे	करकापमा	1
गेव	नदेओस्	1
गेब	दिनेलाई	1
यावेमी	आशिष्‌लाई	1
माल्‍शो	चाहिने	1
मिनु	तिमीहरूका	1
गे	यसो	1
वांचेर	सम्‍पत्ति	1
ब्‍वारब	बाँडेर	1
शोक्‍ब	छर्नेलाई	1
गेबमी	गराउनुहुनेले	1
के	गराएर	1
बारपाइक्‍ब	गराउनुहुनेछ	1
फल	फसल	1
बारना	प्रशस्ततासँग	1
लाइब	गराउनुहुनेछ	1
दुम्‍शा	तुल्याइनेछौ	1
गो	हामीद्वारा	1
सेल्‍नीकी	गराउनेछ	1
हाइश्‍शा	गर्दा	1
सेल्‍नीम	गराउँछ	1
पशा	कामले	1
टितीक	जाँचिदा	1
टितीक	ख्रीष्‍टको	1
नाक्‍सीशो	सुसमाचारलाई	1
।	आज्ञाकारिताको	1
गेशोमी	भेटीका	1
इन	व्यक्त	1
मचाप्‍चा	वरदानको	1
बाक्‍नुङ	गर्दछु	1
बाक्‍ती	हुन्छु	1
हुइश्‍शा	तिमीहरूप्रति	1
जाक्‍ङानु	बिन्‍ती	1
पा	आत्म-विश्‍वासका	1
ममाल्‍ङल	पर्नेछैन	1
हुइश्‍‍शो	विचारमा	1
शेंनीम	बाँचिरहेका	1
देंब	ठान्‍नेहरूको	1
मदाक्‍नुङ	पर्नेछ	1
बाक्‍तक	हिँडे	1
मजीनीकी	युद्ध	1
मजीनीकी	लड्दैनौँ	1
पतीक	लड्ने	1
या	हतियार	1
रागी	शारीरिक	1
मबाक्‍नीम	किल्लाहरू	1
मेकोमी	बहकाउने	1
खतम	विवादहरूलाई	1
सेल्‍ने	बेकारको	1
चाप्‍नीम	तुल्याउँछन्	1
तेक्‍बमी	ज्ञानको	1
सेल्‍तक	गर्दछौँ	1
मिनु	विचारलाई	1
दुम्‍पाइक्‍चा	आज्ञाकारितामा	1
लाइक्‍ब	कैद	1
दुम्‍त	हुनासाथ	1
सुमी	अनाज्ञाकारिताका	1
मटीमे	कामहरूलाई	1
दुम्‍ती	विश्‍वस्त	1
बोरपदमे	जस्तैहामी	1
रुप्‍मेक्‍ल	दिलाओस्	1
बोरती	ज्यादा	1
बोरती	घमण्ड	1
चिठी	पत्रहरूद्वारा	1
हिंपाइक्‍चा	तुल्याउँदै	1
मिम्‍तीन	चाहन्‍नँ	1
ब्‍वाक्‍स	शारीरिक	1
बाक्‍ची	अनुपस्थितिमा	1
बाक्‍ची	पत्रहरूका	1
मबाक्‍ची	जस्ता	1
बाक्‍ची	कामद्वारा	1
ना	हुनेछौँ	1
आंमान	आफ्नो	1
सेल्‍सीबपुकी	मानिसहरूको	1
मगारनीकी	समूहमा	1
सेल्‍सीबपुकी	रहन	1
यो	हदसम्म	1
मपाइनीकी	जाँदैनौँ	1
तुइक्‍तीक	नापेर	1
कोंइमुइनीम	हेर्छन्	1
मरुप्‍ब	तुलना	1
तुंइसीब	अन्तर्दृष्‍टि	1
नें	सीमाभन्दा	1
बोरपाइक्‍नीकी	गर्नेछैनौँ	1
अधिकार	गरिदिनुभएका	1
गेशा	सीमाहरूभित्र	1
लाक्‍शा	गर्दछौँ	1
जोक्‍ब	सीमा	1
बोरशा	तिमीहरूसम्म	1
मगाक्‍नीकी	पुग्दछ	1
बोरपाइक्‍नीकी	ठानेनौँ	1
सुइम	आउने	1
मुरपुकीमी	अरूको	1
मबोर‍नीकी	परिश्रमको	1
मबोर‍नीकी	सीमाभन्दा	1
शेंशो	घमण्ड	1
मबोर‍नीकी	छैनौँ	1
सुइक्‍तीके	बढ्दा	1
नु	कामको	1
बारना	दायरा	1
बारना	बृहत्	1
लमेनु	फैलनेछ	1
बारन	सीमाभित्र	1
लाइब	रहनेछ	1
एर	परका	1
ग्‍येरपाइक्‍तीक	सुसामाचार	1
चाप्‍नीकी	सकौँ	1
शेंने	क्षेत्रमा	1
मबोरपाइक्‍नीकी	गर्दैनौँ	1
सु	“	1
बोरनीमी	घमण्ड	1
बोरपदमेक्‍ल	गरोस्	1
मब्राइनीम	गरिँदैन	1
ब्राइनीम	गरिन्छ	1
निप्‍स	मूर्खताहरू	1
ग्राइश्‍शो	सहिदिए	1
पाइनुङ	हुन्थ्यो	1
गेयीनी	सहिरहेका	1
मिम्‍शा	पतिसँग	1
मिम्‍शा	गरिदिने	1
मिम्‍शा	गरिदिएपछि	1
यावेमी	डाहले	1
कली	प्रतिज्ञा	1
गेतन्‍नी	गरेँ	1
हव्‍वा	हव्वालाई	1
मिलो	धूर्तताद्वारा	1
शिलो	झुक्याए	1
जोल	ख्रीष्‍टप्रति	1
दूली	शुद्ध	1
शेंबपुकीमी	आराधनाबाट	1
क्‍याल्‍शा	लगिन्छ	1
खोदेंशो	येशूभन्दा	1
शेंब	गर्छ	1
ताक्‍शो	अथवा	1
ताक्‍शो	आत्माभन्दा	1
अर्को	छुट्टै	1
ताक्‍पाइक्‍ब	सुसमाचारभन्दा	1
ताक्‍पाइक्‍ब	राम्ररी	1
नें‍पाइक्‍ब	सहने	1
देखु	भनाउदाहरूभन्दा	1
देखु	हिसाबले	1
ब्‍वाक्‍स	भाषण	1
मजोक्‍ब	गर्नमा	1
बाक्‍ती	तालिम	1
जोक्‍ब	अनभिज्ञ	1
कोंइताक्‍क	दिएका	1
सेल्‍चा	पार्नको	1
शेंताक्‍ङ	पाप	1
रोइश्‍शो	सहयोग	1
शेंताक्‍न्‍नी	लुटेँ	1
मासीडोनीया	खाँचोमा	1
वारच	बोझ	1
पाइक्‍तीमी	भइनँ	1
गेपुकीमी	माकेडोनियबाट	1
शेंसीचा	भाइहरूबाट	1
ताइतीनी	खाँचोहरू	1
ममाल्‍ङल	बन्‍नबाट	1
ममाल्‍ङल	राखेँ	1
मिम्‍ताक्‍ङ	दिनेछु	1
कोरिन्‍थी	मभित्र	1
मताक्‍गु	रोकिनेछैन	1
मदाक्‍ब	गर्दिनँ	1
मुल	जे	1
शेंबपुकीमी	स्थापित	1
शेंबपुकीमी	खोज्दै	1
बोरपा	गरिरहेका	1
ग्रुंइचा	मौकालाई	1
शेंनीकी	बन्द	1
छक	अचम्मको	1
परमप्रभु	ज्योतिर्मय	1
गेय	धार्मिकताको	1
गेय	सेवकको	1
गाक्‍नीम	अचम्मको	1
ग्रूब	कामअनुसार	1
देंनुङ	भन्दछुः	1
नेंचा	मूर्ख	1
मप्रोनीन	नसम्झोस्	1
निप्‍स	सम्झन्छौ	1
नेनीने	मूर्खकै	1
आ	अलिकति	1
नेनीने	सकूँ	1
प्रभुम	घमण्डको	1
गेशो	निश्‍चयतालाई	1
बोरपाइक्‍तीक	परमप्रभुले	1
निप्‍स	मूर्खझैँ	1
पङ	छु	1
बोरनुङ	घमण्ड	1
निप्‍स	मूर्खहरूको	1
ग्राइश्‍शो	सहन	1
फाल्‍नीनी	गर्छौं	1
वाइलीम	सहन्छौ	1
सेल्‍तेक्‍म	बनाउँछ	1
बोरशा	बर्बाद	1
रोइक्‍ताक्‍म	तिमीहरूबाट	1
रोइक्‍ताक्‍म	फाइदा	1
हना	उठाउँछ	1
कोंइताक्‍म	तिमीहरूभन्दा	1
कोंइताक्‍म	ठान्छ	1
राप्‍तेक्‍म	थप्पड	1
फाल्‍शा	लाउँछ	1
पने	नसक्‍ने	1
मचाप्‍क	दुर्बल	1
बोरतेक्‍म	गर्छ	1
लेश्‍शा	मूर्खजस्तो	1
बोरनुङ	बोल्दै	1
ब्‍वाक्‍नुङ	गर्नेछु	1
हिब्रू	हिब्रूहरू	1
पाता	हुँ	1
चोक्‍चा	परिश्रम	1
पुंइसाक्‍यी	बसेको	1
चोक्‍चा	मापन	1
पुंइसाक्‍यी	नसकिने	1
क्‍येङा	कुटाइ	1
तुप्‍चा	खाएको	1
पुंइसाक्‍यी	मृत्युका	1
चोक्‍चा	खतराहरूको	1
पुंइसाक्‍यी	सामना	1
क्‍येङा	गरेको	1
३९	चालिस	1
कोर्रा	कोर्रा	1
आप्‍तीनी	खाएको	1
कोक्‍केमी	लौराले	1
तुप्‍तीमी	पिटियो	1
आप्‍तीमी	हानियो	1
ङोइश्‍शो	पानी	1
समुन्‍द्रम	दुर्घटनामा	1
हेरा	परेँ	1
नाक्‍ती	खुला	1
काब	बिताएको	1
गोरशो	नदीहरूका	1
हिंन	डाँकुहरूका	1
लोक्‍ब	आफ्नै	1
दुम्‍खु	मानिसहरूका	1
हिंन	अन्यजातिहरूका	1
हिरशा	भित्रका	1
गाक्‍ङानु	उजाड-स्थानहरूका	1
मेक	भाइहरूका	1
देंब	यात्राहरू	1
श्‍येत	अनिदोका	1
इप्‍चा	रातहरूमा	1
मतङ	भोक	1
जशा	तिर्खामा	1
शुश	प्राय	1
जचा	नाङ्गोपन	1
तूचा	जाडोमा	1
इप्‍चा	कठिनाइमा	1
आं	कुराहरूबाहेक	1
मनाइक्‍स	फिक्रीको	1
”	को	1
मुरुम	ठक्‍कर	1
पाम्‍तेक्‍म	खाएको	1
सुर्ता	मचाहिँ	1
पाइनुङ	थकित	1
पाइनुङ	हुन्‍नँ	1
मचाप्‍शो	कमजोरीहरू	1
पर्बम	देखाउने	1
सेल्‍चा	गरिनुहुने	1
अरेतस	अरितसको	1
अरेतस	मातहतमा	1
पाइबमी	हाकिमले	1
ग्‍याइक्‍चा	गिरफ्तार	1
सिपाहीपुकी	दिइरहेका	1
डोकोम	पर्खालको	1
कुरपा	झ्यालबाट	1
झेल	हालेर	1
प्रोक्‍पाइक्‍तीमी	झारियो	1
ब्रोंइती	उम्केँ	1
मप्रोंइनुङ	यसबाट	1
छेङछेङ	दर्शन	1
तपांइसीशा	प्रकाशहरूमा	1
मतुइश्‍शो	लागिरहन्छु	1
१४	चिन्छु	1
स्‍वर्गम	तेस्रो	1
लाइक्‍चा	स्वर्गसम्म	1
पुंइसाक्‍व	उचाली	1
मेको	स्वर्गमा	1
मदुम्‍ब	उचालि	1
ख्रुइश्‍शो	उच्‍चारण	1
मुरुम	सुन्यो	1
मचाप्‍शो	दुर्वलताबाहेक	1
बोरपाइक्‍नुङ	गर्नेछैन	1
बोरपाइक्‍नुङ	चाहेको	1
मदुम्‍नुङ	बन्‍नेछैन	1
नेंशा	बढि	1
माल्‍बा	नसोचोस्	1
तुइक्‍तमेक्‍ल	गर्नदेखि	1
बाक्‍नुङ	थामिन्छु	1
गो	आश्‍चर्यजनक	1
कोंइतीके	प्रकाशहरूको	1
लेश्‍शा	गर्नदेखि	1
मबोरपदुल	थामिन्छु	1
सैतान	घमण्डले	1
सैतान	नफूलूँ	1
गेती	दिइएको	1
लेत्‍तीक	नहूँ	1
तेक्‍चा	शैतान	1
लेत्‍तीक	तर्फको	1
तेक्‍चा	दूत	1
प्रोंइयीनी	निकालिदिनुभएको	1
गारब	प्रशस्त	1
मोपा	यसैले	1
तांइसेक्‍ल	गरोस्	1
बोरपाइक्‍नुङ	गर्नेछु	1
तांइसेक्‍ल	दुर्बलताहरूमा	1
दुम्‍ती	निन्दाहरूमा	1
यो	समस्याहरूमा	1
दुम्‍ङानु	सतावटहरूमा	1
सक्ति	कष्‍टपूर्ण	1
दुम्‍ङानु	अवस्थाहरूमा	1
सेल्‍तीनी	लगायौ	1
तुइक्‍चा	हुनुपर्ने	1
मनङ	प्रेरितहरूभन्दा	1
बाक्‍ङानु	धैर्य	1
कोव़चा	साँचा	1
ताइतीनी	प्रेरितहरूका	1
कोंइचा	लक्षणहरू	1
पशा	मण्डलीहरूभन्दा	1
कोंइताक्‍न्‍नी	महत्त्वका	1
लीम	भयौ	1
मताक्‍गु	गल्तीको	1
गेयीनी	देओ	1
कली	तेस्रो	1
मगेनुङ	इच्छुक	1
आलपुकीम	छोराछोरीहरूले	1
आलपुकीम	आमा	1
आंम	बाबुको	1
मउप्‍नीम	गर्दैनन्	1
आल	छोराछोरीको	1
उप्‍नीमी	गर्नुपर्छ	1
सेल्‍चा	ज्यादै	1
दाक्‍चा	स्वयम्	1
पाता	खर्चनेछु	1
पुंइसीनुङा	गर्छु	1
इच्‍का	मैलेचाहिँ	1
पुंइसीनुङा	माया	1
मताक्‍नुङ	बनिनँ	1
मताक्‍नुङ	धूर्त	1
देंतेक्‍म	फसाएँ	1
ताक्‍गु	पठाएका	1
ताक्‍शा	कोहीमार्फत	1
गेमे	उठाएँ	1
तीतस	बिन्‍ती	1
लावो	तीतससँग	1
तीतस	तीतसले	1
सोइक्‍ताक्‍ङ	लिए	1
तीतसमी	चलेनौँ	1
आंस	पाइला	1
मपस्‍कु	चालेनौँ	1
पावल	यतिञ्‍जेल	1
नु	तिमीहरूका	1
पाइबाक्‍तेक्‍म	सफाइ	1
मिम्‍ताक्‍नी	थियौँ	1
मिम्‍ताक्‍नी	सोच्छौ	1
ब्रशा	बनाउनको	1
शेंताक्‍क	बोलिरहेका	1
मुल	तिमीहरूकहाँ	1
दुम्‍बा	पाउँदिनँ	1
बाक्‍नुङ	डराउँछु	1
मपाइनीनी	नपाऔला	1
गाइश्‍शा	रिसहरू	1
गाइश्‍शा	पोख्‍ने	1
शुक्‍शी	व्यक्‍तिगत	1
गाइश्‍शा	स्वार्थ	1
आंम	काट्ने	1
मडङ	गडबडी	1
आइक्‍च	विनम्र	1
सेल्‍बा	पार्नुहोला	1
तेल्‍लेम	चाहनाबाट	1
मलेप्‍ब	छैनन्	1
माल्‍नुङा	पर्नुपर्ला	1
पाम्‍तेक्‍म	लाग्छ	1
दुम्‍नुङ	आउँदै	1
पामेनु	आरोपलाई	1
वोइश्‍शा	साक्षीद्वारा	1
मप्रोंइनुङ	भनिसकेको	1
मो	फेरि	1
मप्रोंइनुङ	भन्दछुः	1
नन्‍नी	छोड्नेछैन	1
पावल	मद्वारा	1
तुइक्‍ताक्‍ङ	खोज्छौ	1
ख्रीस्‍त	उहाँ	1
तशो	शक्‍तिद्वारा	1
कोंइनीकी	जिउँछौँ	1
नाक्‍तीन	जाँच	1
मप्रेंदीन	महसुस	1
शोर	स्वीकृत	1
दुम्‍ब	हुँदैनौ	1
पाइतक	निश्‍चित	1
मिम्‍नीनी	अस्वीकृत	1
दे	नभएका	1
पाइनीकी	पाउनेछौ	1
मपन	गर्नेछैनौ	1
ग्राशो	जाँचमा	1
दुम्‍मीन	सफल	1
ममाइ	देखाउनको	1
ठीक	जाँचमा	1
मपाइब	असफल	1
दुम्‍तक	देखिए	1
जोल	विरुद्ध	1
मचाप्‍नीकी	केवल	1
मचाप्‍नीकी	सक्छौँ	1
बोल्‍यो	सामर्थी	1
ग्‍येरनीकी	रमाउँछौँ	1
ब्रेक्‍नुङ	लेख्दै	1
हुइश्‍शा	रहँदा	1
प्रभुमी	निर्दयतासाथ	1
कोंइचा	गर्नु	1
ममाल्‍ङल	नपरोस्	1
मेको	प्रभुबाट	1
प्रेत्‍चा	भत्काउन	1
दुमीने	पुनर्निर्माणको	1
टीब	उत्साहित	1
गारमुने	अर्कासँग	1
दातेमी	शान्तिमा	1
गारमुने	बस	1
बाक्‍ल	रहनुहुनेछ	1
प्रभु	एउटाले	1
नेल्‍लेमी	विश्‍वासीले	1
लील	रहून्	1
मुरपुकीम	व्यक्‍तिद्वारा	1
देल्‍ब	भाइहरूका	1
सुइक्‍ब	मण्डलीहरूलाई	1
लोक्‍बपुकीमी	लेखिरहेको	1
ख्रीस्‍तम	ख्रीष्‍टबाट	1
ग्रूशो	वर्तमान	1
ख्रीस्‍तमी	गराउन	1
यावे	अर्पण	1
लाक्‍ती	छिटै	1
लाक्‍ती	फरक	1
लाक्‍ती	सन्देशतिर	1
लाक्‍ती	फर्किएको	1
ब्रेप्‍ब	बोलाउनुहुनेबाट	1
प्रोंइशा	टाढिएको	1
नेंतीनी	चकित	1
रुपीन	समस्यामा	1
शेंबपुकी	विकृत	1
क्‍याल्‍पाइक्‍तेक्‍म	चाहन्छन्	1
शेंताक्‍क	सन्देशलाई	1
रमल	भनिसकेका	1
रमल	भन्दा	1
ग्‍येरपाइक्‍ब	सन्देशको	1
शेंनीमी	गर्दछ	1
नुपाइक्‍तीके	प्रयास	1
मपुंइसीनुङ	होइनँ	1
नेंपाइश्‍शो	सिकाइएको	1
शेंताक्‍यी	प्रकाशद्वारा	1
ब्रङा	हुदाँ	1
धर्म	पहिलेको	1
ब्रङा	जीवनको	1
नेंमी	मण्‍डलीलाई	1
देल्‍ब	हिंसात्‍मक	1
ग्‍याइक्‍पाइश्‍शा	अत्यधिक	1
चोक्‍पाइश्‍शा	सताइरहेको	1
श्‍येत	त्‍यसलाई	1
गेतामी	थिएँ	1
रिती	धर्मकर्ममा	1
पालामी	कैयौँ	1
क्‍येङा	सहकर्मीहरूभन्दा	1
थिती	बढिरहेको	1
फ्रेंशा	अत्यन्तै	1
बाक्‍शो	उत्साहित	1
दाक्‍शो	गर्वदेखि	1
जरमेचा	चुन्‍नको	1
शेंथ	अनुग्रहद्वारा	1
सोइक्‍ताक्‍यी	बोलाउनुभयो	1
सुइ	शरीर	1
मनेंनु	लिइनँ	1
मलङ	गइनँ	1
अराब	बरु	1
हिरशा	अरबतिर	1
बाक्‍ती	फर्किएँ	1
केफास	केफासलाई	1
केफास	पन्ध्र	1
बाक्‍ती	बसेँ	1
सोइश्‍शो	अरू	1
मग्रुमुमी	भेटिनँ	1
देंनुङ	लेखेको	1
सिलीसीया	किलिकियाका	1
हिरथ	क्षेत्रहरूतिर	1
बाक्‍मा	चिनिएको	1
ग्रुम्‍तीकेमी	थिइनँ	1
साम्‍चा	सताउने	1
लोव़न	विश्‍वासको	1
साम्‍चा	विश्‍वासलाई	1
नोले	बारनाबाससँग	1
लाइक्‍तस्‍कु	साथमा	1
लाइक्‍तस्‍कु	लगेँ	1
यरूसलेमम	जानुपर्छ	1
तुइक्‍पाइक्‍तीके	गराउनुभएको	1
तुइक्‍पाइक्‍तीके	गएँ	1
शेंदुमी	राखेँ	1
शेंशो	महत्त्वपूर्ण	1
माल्‍नीम	अगुवाहरू	1
मतुइक्‍ताक्‍म	देखिन्थे	1
मिम्‍शो	व्यक्‍तिगत	1
मगारब	बोलेँ	1
मनेंनीम	दौडिरहेको	1
मिम्‍शो	दौडिन	1
नङ	सुनिश्‍चित	1
लाक्‍तेक्‍म	गरेँ	1
मारदे	तीतस	1
ख्रोइक्‍पांइसो	कर	1
ब्राम्‍तेक्‍म	लगाइएन	1
तन्‍न	ख्रीष्‍ट	1
खुम्‍सीशा	येशूमा	1
ब्‍वांइ‍सीशा	स्वतन्‍त्रताको	1
दुम्‍खु	जासुसी	1
ब्‍वांइ‍साक्‍म	दाजुभाइहरूका	1
ब्‍वांइ‍साक्‍म	विषय	1
बाक्‍तेक्‍म	उठ्यो	1
थितीम	व्यवस्थाका	1
लेप्‍पाइक्‍चा	दासहरू	1
बोल	बनाउन	1
ब्रेश्‍शा	अपरिवर्तित	1
मबाक्‍क	रहिरहोस्	1
कोंइताक्‍क	झुकेनौँ	1
आइक्‍च	देखिएकाहरूले	1
मान	फरक	1
पाइनुङमी	पर्दैन	1
लां	पराएकाहरूलाई	1
मतेम्‍देम	गर्नुहुन्‍न	1
सोइक्‍ताक्‍व	नभएकाहरूलाई	1
शेंथ	घोषणा	1
शेंथ	जिम्मेवारी	1
शेंथ	भएकाहरूका	1
सोइक्‍ताक्‍व	गर्नुपर्ने	1
सोइक्‍ब	पत्रुसमा	1
अर्को	गर्नुभएका	1
सोइक्‍ब	गर्नलाई	1
रुप्‍शा	चिनिएका	1
शेंनीकी	बुझे	1
सांफामी	सङ्गतिको	1
लसे	भएकाहरूका	1
लसे	यसो	1
गारपाइक्‍तेक्‍म	गरे	1
देंतेक्‍म	चाहन्थे	1
टिशा	इच्छुक	1
ग्रुम्‍स्‍कुनु	एन्टिओखियामा	1
ग्रुम्‍स्‍कुनु	आमने-सामने	1
हुइक्‍ताक्‍ङ	विरोध	1
याकूबमी	याकूबबाट	1
जाक्‍मा	आउनुअगि	1
यहूदीपुकी	पत्रुस	1
नु	गैरयहूदीहरूसँग	1
गोप्‍तु	बसेर	1
मनेंनीम	रोके	1
मरिम्‍शो	गैरयहूदीहरूबाट	1
सुइक्‍नीम	टाढिए	1
यहूदी	खतना	1
जशो	गर्नैपर्ने	1
थमा	पत्रुसको	1
जखु	कपटपूर्ण	1
दिल्‍शा	दिए	1
बारनाबासमी	बारनाबास	1
पशो	कपटपूर्ण	1
गोप्‍तु	भड्‌किए	1
मगारब	नपछ्याइरहेको	1
।	देखेँ	1
खुप्‍शा	पत्रुसलाई	1
बुद	स्वभावको	1
रागी	स्वभावमा	1
दुम्‍ते	जिइरहेका	1
दुम्‍ते	जिउनको	1
थिती	कर	1
थिती	लगाउन	1
पपाइक्‍चा	सक्छौ	1
मतुइक्‍नीमी	जन्मसिद्ध	1
मतुइक्‍नीमी	गैरयहूदी	1
मतुइक्‍नीमी	पापीहरू	1
मटीनीम	होइनौँ	1
मदुम्‍नय	सक्दैन	1
दुम्‍नय	ठहरिन्छन्	1
सुइक्‍तय	आयौँ	1
सुइ	विश्‍वासद्वारा	1
मदुम्‍नीम	ठहरिन	1
मदुम्‍नीम	व्यवस्थाअनुसारका	1
सुइश्‍शो	व्यवस्थाअनुसारका	1
तशा	कामहरूद्वारा	1
दुम्‍पाइक्‍ब	ठहरिन	1
बाक्‍तय	खोज्छौँ	1
दुम्‍तय	पापी	1
दुम्‍तय	पाउँछौ	1
बारपाइक्‍ब	दास	1
रिती	व्यवस्थालाई	1
रिती	विश्‍वासलाई	1
रिती	पुनर्निर्माण	1
रिती	भङ्ग	1
प्रोंइता	गरिसकेको	1
माल्‍ता	आफैँलाई	1
दुम्‍नुङ	तुल्याउँछु	1
दुम्‍ती	मरेँ	1
शीम	बाँच्‍न	1
मब्रोंइनुङ	ख्रीष्‍टसँगै	1
गो	क्रुसमा	1
मब्रोंइनुङ	टाँगिएको	1
आं	उसो	1
ब्रोंइब	जिउने	1
ब्रोंइब	जिउनुहुन्छ	1
ब्रोंइतीके	जीवन	1
यहूदी	अनुग्रहलाई	1
माइक्‍तामी	व्यर्थैमा	1
माइक्‍तामी	मर्नुभयो	1
दुम्‍नी	गलातीहरू	1
सुमी	कसको	1
सुमी	दुष्‍ट	1
मोपा	आँखाले	1
हिरदा	गर्‍यो	1
नेंपाइक्‍तान्‍नी	दर्शाइएको	1
पाइक्‍नन्‍नी	बुझ्‍न	1
दुम्‍नी	छौ	1
जाक्‍दीय्‍य	अन्त	1
मिम्‍तीनी	थियौ	1
ताइतीनी	साँच्‍चै	1
गाक्‍नीनु	निरर्थक	1
प्रोंइतीनी	अनुभव	1
गेशा	दिनुहुन्छ	1
ङा	कार्यहरूद्वारा	1
दुम्‍पाइक्‍चा	ठहराउनुहुन्छ	1
इ	तँबाट	1
मुरपुकीमी	जातिहरू	1
अब्राहाम	अब्राहामसँगै	1
दुम्‍चा	कामहरूमा	1
माल्‍मे	भर	1
मेकोपुकी	पर्नेहरू	1
लोव़	लेखिएका	1
पतीक	व्यवस्थाद्वारा	1
तुंइसीब	ठहराउनुहुन्‍न	1
बाक्‍ब	जिउनेछ	1
रशा	हुनुभएर	1
सराप	श्रापबाट	1
प्रोंइतु	गराउनुभयो	1
पुंइसीबपुकी	झुण्डिने	1
यावेमी	उद्देश्य	1
रुब्‍य	अब्राहाममा	1
ममाइ	आशिष्	1
सुइश्‍शो	गैरयहूदीहरूमाझ	1
कथा	मानवीय	1
लीब	बोल्दछु	1
तेम्‍ने	पक्‍का	1
तेम्‍ने	बनाएको	1
तेम्‍ने	इच्छा-पत्र	1
तेम्‍ने	गर्छ	1
तेम्‍ने	थपिन्छ	1
ममाइ	जनाउने	1
इ	सन्तानहरूलाई	1
लोव़	भन्दैन	1
खाप्‍ब	जनाउँछ	1
४	स्थापना	1
सहे	करारलाई	1
३०	४३०	1
दुम	व्‍यवस्थाद्वारा	1
हक	प्रतिज्ञाद्वारा	1
आ	सित्तैँमा	1
ङा	दिइयो	1
खाप्‍ब	गरिएकाहरूकहाँ	1
मजरमेथु	नआउन्जेलसम्म	1
मजरमेथु	अपराधको	1
में	थपियो	1
गारपाइक्‍ब	मध्यस्तकर्ताको	1
गेशा	स्वर्गदूतहरूमार्फत	1
तुइक्‍पदा	लागु	1
गारपाइक्‍तीक	मध्यस्तकर्ताले	1
गारपाइक्‍तीक	एकभन्दा	1
मदुम्‍ब	बुझाउँछ	1
मगारचा	प्रतिज्ञाहरूको	1
दुम्‍शो	कैदमा	1
बाक्‍नीम	राख्यो	1
खाप्‍शो	गर्नेहरूलाई	1
ताम्‍तेक्‍म	सकियोस्	1
क्‍येङा	आउनुभन्दा	1
सुइक्‍तीक	प्रकाश	1
मजाक्‍म	नआउन्जेलसम्म	1
बाक्‍त‍क	कैदमा	1
चोक्‍सीशो	सीमित	1
दुम्‍नय	ठहरिनको	1
गाक्‍पाइक्‍ब	नआउन्जेलसम्मको	1
गाक्‍पाइक्‍ब	संरक्षक	1
सुइक्‍तीक	आइसकेकोले	1
ममाल्‍नय	संरक्षकको	1
ममाल्‍नय	छैनौँ	1
ब्‍वाक्‍कुम	जतिको	1
रां	पहिरिएका	1
मुर	फुक्‍का	1
रां	भनेता	1
हक	प्रतिज्ञाबमोजिम	1
आल	बालकै	1
हक	भएसम्म	1
वाइल	कमारो	1
खोदेंशो	भन्दा	1
मिम्‍सीब	फरक	1
हक	निर्धारण	1
तचा	अभिभावकहरू	1
हक	संरक्षकहरूको	1
मताइब	मुनि	1
कोल्‍शा	जगत्‌का	1
हक	आधारभूत	1
मतशो	सिद्धान्तहरूको	1
मेकोमी	धर्मपुत्रको	1
यहूदी	स्वीकारिऔँ	1
पतीक	व्यवस्थामुनि	1
प्रोंइशा	छुटकारा	1
दुम्‍शोपुकी	हुनाले	1
पुंइसाक्‍य	हृदयहरूमा	1
देंब	पुकार्नुहुन्छ	1
हक	उत्तराधिकारी	1
मतुइक्‍थु	चिन्दैन	1
,	थियौ	1
दुम्‍‍तीनी	थियौ	1
दुम्‍‍तीनी	स्वभावैले	1
दुम्‍‍तीनी	ईश्‍वरहरू	1
तुइक्‍ताक्‍नी	चिन्दछौ	1
यावेमी	परमेश्‍वरद्वारा	1
यावेमी	चिनिएका	1
यावे	मूल्यहीन	1
यो	आधारभूत	1
इन	सिद्धान्तहरूतर्फ	1
तुइक्‍ताक्‍व	फर्किरहेका	1
पशो	दास	1
बार	ध्यानपूर्वक	1
बार	दिनहरू	1
औंसी	औँसी	1
पूर्ने	ऋतुहरू	1
रीतु	वर्षहरूलाई	1
नेंता	मान्दछौ	1
शेंताक्‍न्‍नी	गर्दछु	1
जङा	गर्दछु	1
ख्रीस्‍त	गर्दछु	1
देंनुङ	तिमीहरूजस्तै	1
बाक्‍ङानु	मप्रति	1
बाक्‍तय	खराबी	1
मप्रेंनुङ	छैनौ	1
मचाप्‍थु	जान्दछौ	1
पा	बिमारीको	1
शेंताक्‍न्‍नी	गरेँ	1
ग्रांग्रा	अवस्थाले	1
मदित्‍तीनी	परीक्षा	1
मपाइय्‍यीनी	उपेक्षा	1
ग्‍येरसीशो	आनन्द	1
बेक्‍चा	सम्भव	1
शेंदन्‍नीनु	बताएको	1
मरिम्‍शो	शत्रु	1
सुइक्‍नीनी	भएँ	1
दूली	उत्कट	1
मिलो	खोज्दछन्	1
माल्‍नीम	भलाइको	1
पखु	पछ्याउनेछौ	1
कली	अलग	1
मान	चाहन्छन्	1
बाक्‍ती	रहँदा	1
मबाक्‍ती	नभएर	1
,	नै	1
मबाक्‍ती	अभिप्रायको	1
बाक्‍म	राख्‍नु	1
थिचशो	बालकहरू	1
इन	तिमीहरूभित्र	1
बारल	नबनिनुभएसम्म	1
मिम्‍शा	प्रसव	1
थिचशो	वेदनाको	1
नु	उपस्थिति	1
गिश	बोलीलाई	1
रिम्‍शो	परिवर्तन	1
थिती	अधीनमा	1
दाक्‍बपुकी	बताओ	1
तुइक्‍नीनी	सुन्दैनौ	1
तौ	अर्कोचाहिँ	1
तौ	दासीबाटको	1
पतीकेम	शरीरद्वारा	1
तौ	स्‍त्रीबाटको	1
वाइलीम	रूपक	1
मीशेमी	दृष्‍टान्तद्वारा	1
कबल	वर्णन	1
पशा	सकिन्छ	1
कोंइनीसी	प्रतिज्ञाझैँ	1
सीनै	जनाचाहिँ	1
लां	पर्वतबाट	1
वाइलीम	छोराछोरीहरू	1
बाक्‍तेक्‍म	जन्माउँछिन्	1
युइ	हागार	1
हागार	हागारचाहिँ	1
अराब	अरबको	1
डांडा	पर्वत	1
सिनाक्‍त	वर्तमान	1
बाक्‍बपुकीमी	सङ्केत	1
हागार	गर्छिन्	1
वाइलीम	छोराछोरीहरूसँगै	1
बाक्‍नीम	छिन्	1
इर	माथि	1
यरूसलेम	जोचाहिँ	1
ग्‍येरसो	सक्दिनन्	1
कुम्‍सो	आनन्द	1
ग्‍येरसो	मनाओ	1
मथिशो	अनुभव	1
मथिशो	पाएकी	1
यो	खोल	1
इ	आनन्दले	1
ममा	कराऊ	1
ग्‍युंबे	बाँझीका	1
पुंइसीनेवे	छोराछोरीहरू	1
इसहाक	इसहाकजस्तै	1
जरमेशो	प्रतिज्ञाका	1
जरमेशोमी	समयमा	1
जरमेशो	जन्मेकोले	1
मदाक्‍थु	आत्माअनुसार	1
हेला	जन्मेकोलाई	1
खेरचा	निकालिदेओ	1
तौ	पुत्रले	1
ग्‍युंबे	पुत्रसँगै	1
मताइब	गर्नेछैन	1
थुं	मुक्त	1
प्रोंइपा	गराउनुभएको	1
जवा	स्थिर	1
रिती	बन्धनको	1
वाइल	जुवामुनि	1
मदुमीने	नपर	1
गाक्‍शो	हुनेछैन	1
थितीम	दिन्छु	1
पशोमी	व्यवस्थाबाट	1
माल्‍मे	ठहराइएका	1
तुइक्‍पाइक्‍चा	विश्‍वासबाट	1
दुम्‍तय	आशाको	1
मतिल्‍थु	मूल्यको	1
सुइक्‍तीकेमी	केवल	1
दुशा	मूल्य	1
पाइतीनी	दौडिरहेका	1
हिरदा	रोक्यो	1
तमी	प्रोत्साहन	1
सेल्‍बमी	बोलाउनुहुने	1
सेल्‍बमी	बाटको	1
बोरपाइक्‍ब	आटाको	1
खोइ	डल्लोलाई	1
सुप्‍शोमी	फुलाउँछ	1
मप्रोंइनीनी	अर्को	1
तुइक्‍ताक्‍ङ	गर्दैनौ	1
क्‍याल्‍पाइश्‍शा	अलमलमा	1
हिरदमे	जोसुकै	1
तुइक्‍ताक्‍ङ	पाउनेछ	1
मपुंइसीङ	सताइएको	1
गोमी	भनेता	1
सुतीन	बाधा	1
बेक्‍त	नष्‍ट	1
क्‍याल्‍पाइक्‍बपुकीमी	बहकाउनेहरूले	1
खसी	नपुङ्सक	1
देंनुङ	तुल्याओस्	1
गेनायो	बोलाउनुभएको	1
दला	स्वतन्‍त्रतालाई	1
ब्रोंइशा	अवसरको	1
बाक्‍कीने	पुर्‍याओ	1
लोव़	आज्ञामा	1
कुचुम	टोक्‍ने	1
क्राइक्‍मुशो	निल्ने	1
क्राइक्‍मुशो	अर्काबाट	1
तेम्‍शा	भन्दछु	1
मपाइनीनी	गर्नेछैनौ	1
पचा	अभिलाषाहरू	1
सोक्‍तीम	अर्काका	1
पय	परिणामचाहिँ	1
पपाइक्‍तु	अगुवाइ	1
मटीब	हुँदैनौ	1
पाइनीम	प्रत्यक्ष	1
देंशा	सकिने	1
हना	हुन्छन्	1
पाइनीमी	अनैतिकता	1
हेंथे	कामवासना	1
मन्‍तर	तन्‍त्रमन्‍त्र	1
जिचा	दुश्मनी	1
खाइक्‍पाइक्‍नीमी	झैँझगडा	1
शुश	क्रोध	1
मिम्‍नीमी	स्वार्थ	1
गाइश्‍शा	फुट	1
दुशा	गुटबन्दी	1
जाइनीमी	मोजमज्जा	1
शेंताक्‍न्‍नी	दिएझैँ	1
मिम्‍पाइक्‍तन्‍नी	चेतावनी	1
ओव़चा	हकदार	1
ब्रीशो	आत्माका	1
ग्‍येरनीमी	आनन्द	1
पाइनीमी	धैर्य	1
जोक्‍नीमी	संयम	1
दाक्‍स	लालसा	1
ख्रीस्‍त	अभिलाषाहरूसहित	1
क्‍याइक्‍ने	टाँगेका	1
सोक्‍तीमीन	आत्माद्वारा	1
पय	हिँडौँ	1
मसेल्‍सीय	नबनौँ	1
रिम्‍शो	रिस	1
मसेल्‍सीय	नउठाऔँ	1
मपय	नगरौँ	1
दला	फेला	1
दाक्‍स	परेमा	1
दाक्‍स	तिमीहरूमध्येका	1
दाक्‍स	व्यक्‍तिहरूले	1
पाइश्‍शोपुकीमी	नम्रताको	1
मलेत्‍थु	पुनर्स्थापित	1
थाम्‍चा	नपर्नको	1
अर्को	अर्काको	1
पने	उठाओ	1
खाप्‍नीनी	गर्नेछौ	1
मसुंइ‍सेक्‍ल	महत्त्वको	1
मसुंइ‍सेक्‍ल	नहुँदा	1
मजोक्‍थु	नहुँदै	1
लेप्‍बमी	ठान्दछ	1
देंने	नगरिकन	1
चाप्‍नीनी	गर्व	1
माल्‍ब	उठाउनेछ	1
शेंचा	सिकाइएको	1
बाक्‍शो	शिक्षकसँग	1
गेवल	बाँड्नुपर्छ	1
कोंइखु	धोकामा	1
तुइश्‍शो	ठट्टा	1
शोक्‍ग‍मे	रोप्दछ	1
रुप्‍नीम	गर्नेछ	1
जाम्‍शा	पाप-स्वभावमा	1
मदने	थकित	1
मदने	नहोऔँ	1
मदने	हरेस	1
मदने	खाएनौँ	1
रुप्‍ची	फसलको	1
रुप्‍ने	गर्नेछौँ	1
रिम्‍शो	सबैको	1
अच्‍छेर	अक्षरहरूमा	1
तुइक्‍नीनी	लेखिरहेछु	1
दूली	प्रभाव	1
शेंबपुकीमी	चाहनेहरूले	1
ख्रोइक्‍चा	बाध्य	1
माल्‍नीम	गराउँछन्	1
तुइक्‍नीम	भोग्‍नु	1
ख्रोइक्‍नीम	हुँदैनन्	1
बोरपाइश्‍शा	शरीरका	1
बोरपाइश्‍शा	क्रुसबाहेक	1
ममिम्‍नुङ	नपरोस्	1
बेक्‍शो	क्रुसमा	1
मिम्‍ताक्‍व	टाँगिएको	1
ख्रोइक्‍चा	मूल्यको	1
टिशा	नियमअनुसार	1
पाइनीनी	जिउने	1
श्‍येत	दु	1
नेंमी	ख	1
युक्‍चा	नदेओस्	1
चिनु	चिन्हहरू	1
लीपदल	रहोस्	1
यावे	प्रेरितबाट	1
बाक्‍ब	गरिएका	1
पतीके	आशिषले	1
सेल्‍चा	सृष्‍टिभन्दा	1
तमी	निज	1
दाक्‍शा	पुत्रहरूका	1
तौ	पूर्णनिर्धारण	1
मेकोन	योजना	1
मिनु	नतिजा	1
मिम्‍ने	महिमामय	1
शिशीम	अनुग्रहको	1
सेल्‍चा	अनुग्रह	1
तमी	प्रियद्वारा	1
तौ	सित्तैमा	1
माफ	अपार	1
ताइनय	अनुग्रहद्वारा	1
माफ	पुत्रमा	1
मिम्‍ने	रगतबाट	1
ताइनय	पाउदछौँ	1
तुइक्‍तीक	समझको	1
नेल्‍लेमी	पूर्णतामा	1
जोक्‍तीक	अनुग्रहचाहिँ	1
तुइक्‍तीक	प्रश‍स्त	1
तारी	मात्रामा	1
मोइश्‍शो	दिनुभएको	1
रे	प्रकाशमा	1
ख्रुइश्‍शा	योजनाको	1
तुइक्‍पाइक्‍चा	सत्यतालाई	1
नेल्‍ल	योजनाको	1
सोइक्‍ताक्‍व	पूर्णताको	1
स्‍वर्गमी	पूरा	1
सोइक्‍ताक्‍व	स्वर्ग	1
ख्रीस्‍तमी	थोकलाई	1
सेल्‍तु	ल्याउनुहुनेछ	1
आल	सन्तानको	1
योव़तु	चुनिएका	1
मिम्‍शो	गर्नुहुनेको	1
योव़नुङमी	योजनामा	1
बाक्‍माक्‍त	अगिबाटै	1
मिम्‍शो	चुनिएका	1
ख्रीस्‍तमी	प्रशंसाको	1
”	रहन	1
कली	ख्रीष्‍टमा	1
सक्ति	राख्‍ने	1
योव़तीकी	व्‍यक्तिहरू	1
नेंतीनी	छुट्काराको	1
नेंतीनी	सुनिसकेपछि	1
रे	आत्माको	1
प्रोंइब	छाप	1
सुइक्‍तीनी	लगाइएका	1
बाक्‍ची	उत्तराधिकार	1
बाक्‍ची	नगरून्जेल	1
मजाक्‍म	सम्म	1
तमी	उत्तराधिकारको	1
थुम्‍शो	निश्‍चयताको	1
नय	प्रमाण	1
दाक्‍ताक्‍नी	छुट्टयाइएकाहरूका	1
पाइतीनी	सम्झिन	1
बाक्‍नुङ	रोकेको	1
बाक्‍नुङ	म	1
दुम्‍बा	ज्ञानको	1
तुइक्‍तीक	प्रकाश	1
गेने	दिऊन्	1
ततीक	निश्‍चयता	1
बाक्‍बा	जान्‍नको	1
नेल्‍ल	हृदयका	1
रुप्‍तीक	आँखाहरू	1
मार	प्रज्वलित	1
ब्रेश्‍शो	गरिएकाहरूका	1
ततीक	उत्तराधिकारको	1
गिश	प्रशस्तता	1
आंइ	गर्नेहरूमा	1
पाइनीनी	अत्याधिक	1
पाइनीनी	महानताको	1
ठेयब	महानता	1
पाइनीनी	तीव्रताको	1
गिश	अनुसारको	1
बेक्‍शो	मृत्‍युबाट	1
सेंशा	पार्नुभएको	1
सेंशा	स्थानहरूमा	1
निप्‍पाइक्‍तीनी	बाहुलीमा	1
सक्तिमी	समयमा	1
निप्‍पाइक्‍तीनी	गर्दैथियो	1
दुम्‍शो	प्रभुत्त्वहरू	1
देंचा	नामभन्दा	1
माल्‍नीमी	राख्‍नुभयो	1
मोदेंशोन	ख्रीष्‍टलाई	1
मोदेंशोन	राख्‍नुभएको	1
आ	पाउमा	1
दिम्‍पाइक्‍तीनी	सुम्पनुभएको	1
सेल्‍तीनी	बनाउनुभएको	1
आंमान	तरिकामा	1
रां	पूर्णता	1
पाइनुङ	मण्डली	1
मटिथु	पापहरूमा	1
ङा	रीतिअनुसार	1
खोइक्‍तीनी	कुराहरूमा	1
खोइक्‍तीनी	एकपल्ट	1
खोइक्‍तीनी	हिँडेका	1
फशेम	आकाशको	1
हुकुम	शक्तिको	1
टीब	हिँडेका	1
मटीब	अनाज्ञाकारीताका	1
आगाम	सन्तानहरूमा	1
नेल्‍ल	एकपल्ट	1
मुर	अविश्‍वासीहरू	1
पाइतय	चल्थ्यौँ	1
दाक्‍ता	मनका	1
पाइतय	गर्‍थ्‍यौँ	1
गाइक्‍ब	स्वभावले	1
आ	क्रोधका	1
दुम्‍‍तय	थियौँ	1
दुम्‍तीके	प्रेमले	1
दाक्‍ताक्‍व	धनी	1
मटिथु	अपराधहरूमा	1
कालेम	जीवनमा	1
सेंताक्‍व	ल्याउनुभयो	1
बाक्‍तय	बचाइएका	1
सेंशा	उठाउनुभएको	1
काथा	स्थानहरूमा	1
मिम्‍ने	दिनहरूमा	1
आंम	प्रशस्तता	1
दाक्‍तीकेमी	गराउने	1
कोंइचा	दयाद्वारा	1
कोंइचा	देखाउनुहुन्छ	1
ब्रोंइतीनी	बचाइएका	1
मुरुम	कामहरूबाट	1
वोइश्‍शो	बमोजिम	1
रे	हिडौँ	1
पतीकेमी	हातका	1
सेल्‍शो	सिप	1
गुइ	हातहरूबाट	1
ख्रोइक्‍तीक	बेखातनाको	1
मप्रेंदीन	बोलाउँथे	1
ङोन	अलगिएका	1
कबल	करारबाट	1
मतुइक्‍थु	बिराना	1
मतुइक्‍थु	भविष्‍यको	1
हुशेम	परमेश्‍वरसँग	1
नेक्‍था	ल्याइएका	1
इस्राएली	दुईलाई	1
दुचा	अर्कामा	1
दुचा	विभाजन	1
मगेब	शत्रुताका	1
प्रेश्‍शा	शरीरद्वारा	1
खेतीक	भत्काइएका	1
जात	नियमहरू	1
जात	कानुनलाई	1
सेल्‍शा	खारेज	1
सेल्‍तु	गरिदिनुभयो	1
गेप्‍तु	गराउनुभयो	1
ख्रीस्‍तमी	क्रूसद्वारा	1
गारपाइक्‍चा	बनाउनको	1
खे‍चा	क्रुससँगै	1
निम्‍फा	शत्रुतालाई	1
जाक्‍दीत्‍नय	सक्छौँ	1
रागी	कोहीपनि	1
रे	नौलो	1
सुइक्‍बपुकी	गरिएकाहरू	1
अरु	सँगी	1
सुइक्‍बपुकी	नागरिकहरू	1
खिं	परिवारका	1
पाइबपुकी	अगमवक्ताहरूको	1
दुम्‍तेक्‍म	बसालेर	1
प्रोव़सीशा	मिल्दै	1
प्रोव़सीशा	प्रभुमा	1
खिं	वासस्थानको	1
पाइक्‍‍साक्‍यी	कैदी	1
तुइक्‍पदा	लेख्दै	1
मोपा	पत्रमा	1
ङोंइतीन	सम्क्षिप्‍त	1
पढेनीनु	पढ्छौ	1
ख्रुइश्‍शो	लुकिएको	1
पवा	अन्तर्दृष्‍टिको	1
चाप्‍नीनी	सक्‍ने	1
पाइब	पुस्ताहरूको	1
शेंताक्‍ङमी	बताइएको	1
मतुइश्‍शो	प्रेरितहरू	1
चहिं	अगमवक्ताहरूलाई	1
मतुइश्‍शो	आत्माद्वारा	1
बाक्‍तेक्‍म	गराइएको	1
थमा	प्रतिज्ञाका	1
कबल	सँगी	1
ताइब	भागेदारहरू	1
गेप्‍तु	वरदानद्वारा	1
नेल्‍ल	गरिएकाहरू	1
बाक्‍नुङ	भएतापनि	1
शिशी	अचिन्तनीय	1
सेल्‍ती	दिइयो	1
त‍पाइक्‍चा	योजनाको	1
त‍पाइक्‍चा	गर्नुपर्छ	1
रागी	योजना	1
मिम्‍शो	मण्डलीद्वारा	1
मिम्‍शो	बहुपक्षिय	1
कोंइब	प्रवृत्तिबारे	1
सेल्‍ती	पाउनेछन्	1
सुइक्‍तीकेमी	कारण	1
जाक्‍दीत्‍नय	आत्मविश्‍वास	1
जशो	दुःखहरूमा	1
बाक्‍नुङ	निरुत्साहित	1
मेको	नहुन	1
महिनीन	महिमा	1
थेक्‍शा	टेक्दछु	1
यावे	पछाडि	1
आफ	राखिएको	1
सक्तिम	प्रशस्तता	1
से‍लीन	शक्तिद्वारा	1
सोक्‍त	मजबूत	1
बाक्‍मेनु	गराऊन्	1
दुम्‍नीम	गर्दछु	1
ख्रीस्‍तमी	प्रेममा	1
ग्रुक्‍शो	गाडी	1
दाक्‍तीकेमी	बसाल्न	1
ख्रुम्‍शो	सकोस्	1
से‍लीन	प्रार्थना	1
ब्रेम्‍शो	चौडाई	1
दुइश्‍शो	लम्बाई	1
लाइश्‍शो	उचाई	1
गिश	गहिराई	1
रुप्‍तीक	बुझ्‍न	1
गिश	महानतालाई	1
बाक्‍बा	बुझ्‍न	1
मचाप्‍चा	सकोस्	1
रुप्‍पतीन	भन्दा	1
मारेइमी	समपूर्णताले	1
गाप्‍शो	भरिन	1
गे	हामी	1
ठेयब	भित्र	1
रे	सक्‍नुहुने	1
पाला	पुस्ताहरूद्वारा	1
हना	युग-युग	1
यो	सम्म	1
पुंइसीब	नाताले	1
अरेनुङ	बोलाइएको	1
अरेनुङ	ढंगले	1
अरेनुङ	चल्नको	1
गेपुकी	ज्यादै	1
ब्रेम्‍शो	विनम्रता	1
मचुरथु	कोमलता	1
रिम्‍शो	धैर्यतामा	1
बाक्‍कीन	जिओ	1
सेल्‍बा	एकतालाई	1
मोपा	राख्‍नलाई	1
दुशा	प्रयत्‍न	1
सोक्‍त	आत्मापनि	1
दुमीन	आशामा	1
ग्रुंइचा	बप्‍तिसमा	1
बाक्‍ब	कुरामाथि	1
पतीकेमी	कुराभित्र	1
गिश	नापअनुसार	1
माल्‍बा	वरदान	1
देंशा	भन्दछः	1
चोक्‍सीशो	कैदीहरूलाई	1
शुश	दासत्वमा	1
लाइक्‍तु	राख्‍नुभयो	1
सक्ति	वरदानहरू	1
रुम्‍सीब	भनाइको	1
आगा	गहिराइहरूमा	1
तोंइसीशो	ओर्लनुभयो	1
तोंइ‍सीब	ओर्लनुभयो	1
ता	स्वर्गहरूभन्दा	1
लाइब	उक्लनुभयो	1
खाप्‍तु	गर्नुभयो	1
गेय	दिनुभयोः	1
निक्‍शी	अगमवक्ताहरू	1
दुम्‍नीम	प्रचारकहरू	1
कोव़ब	पास्टरहरू	1
दुम्‍शा	निपुण	1
सुइश्‍शा	एकता	1
तुइक्‍ब	नपुगेसम्म	1
कोल्‍शा	उचाइमा	1
चोक्‍शो	पुगेकाहरू	1
आइक्‍च	परिपक्व	1
पा	नहोऔँ	1
गोपुकीम	उसो	1
सुइक्‍चा	यता-उता	1
मदुम्‍नय	नबरालिऔँ	1
शेंबपुकीमी	शिक्षाको	1
निप्‍स	बेगसँगै	1
जोल	चलाखीपनको	1
फश	नबहकिऔँ	1
खोइक्‍पाइक्‍नीम	जरूरी	1
मारेइमी	बोल्नेछौँ	1
पिया	विश्‍वासीहरूको	1
नेल्‍ल	सँगै	1
गारपाइक्‍ब	जोड्नुहुन्छ	1
बारना	विकास	1
बारन	सहयोगी	1
लशा	तन्तुहरूद्वारा	1
सुइक्‍बपुकी	सँगै	1
दाक्‍मुइनीम	गाँसिएको	1
जाम्‍शा	विचारहरूको	1
लाइब	व्यर्थतामा	1
लाइब	हिँडे	1
अरेनुङ	हिँड्नु	1
।	पर्दैन	1
यावे	विचारमा	1
मतुइक्‍ब	अन्धा	1
बाक्‍शो	कठोरताको	1
मचाप्‍नीम	अज्ञानताले	1
रे	जीवनबाट	1
ताइश्‍शा	कुराहरूमाथि	1
ग्रांग्रा	लालचमा	1
दाक्‍नीम	सुम्पिदिएका	1
मशेंसीनी	तरिकाले	1
मशेंसीनी	होइनौ	1
नेंतीनी	ठान्दछु	1
तुइश्‍शो	सिकाइएका	1
बाक्‍तीनी	ठान्दछु	1
दिचा	आचरण	1
थुं	मनुष्यताअनुसार	1
हना	मनुष्यताको	1
मेकोम	कपटी	1
सेल्‍ब	भइरहेका	1
माइत	विचारको	1
सेल्‍चा	मनुष्यतालाई	1
गेने	त्याग	1
यावे	चाहनुभएअनुसार	1
खोदेंशो	मनुष्यता	1
यावे	मनुष्यतालाई	1
जोल	असत्यतालाई	1
ताइक्‍तीने	त्याग	1
ला	छिमेकीसँग	1
पने	बोलोस्	1
पने	एकअर्काका	1
गाइक्‍ताक्‍नी	रिस	1
गाइक्‍चा	रिससँगै	1
रिक्‍चा	अस्ताउन	1
थुमीने	नदेओ	1
खुइ	चोर्नेले	1
पाइबमी	उसो	1
खुइ	नचोरोस्	1
मिनु	आवश्‍यकतामा	1
यो	हातहरूलाई	1
चाप्‍ब	लगाओस्	1
नना	अपशब्द	1
मपने	ननिस्कोस्	1
गारचा	आवश्यताहरू	1
मुरपुकीमी	शब्दहरू	1
नेन्‍मेनु	निस्कून्	1
मखाइक्‍पतीन	नतुल्याओ	1
मजाक्‍दीन्‍नी	छुटकाराको	1
थोक्‍सीशो	लगाइएको	1
ईख	किसिमका	1
कुरचा	तीतोपना	1
ग्रीचा	झगडा	1
पचा	सहित	1
रिम्‍शो	एकअर्का	1
कोव़मुने	प्रति	1
कोव़मुने	दयालु	1
गेवा	मनका	1
माफ	एकअर्कालाई	1
तौ	झैँ	1
दाक्‍मुने	गर्नुभएर	1
दाक्‍मुने	दिनुभए	1
दाक्‍मुने	हिँड	1
आंम	परमेश्‍वरको	1
रिना	सुवास्‍ना	1
शिंम	लालसाको	1
यो	चर्चा	1
गेपुकी	नकि	1
मुने	अश्‍लिलता	1
पचा	अपमानजनक	1
इन	ठट्यौलीहरू	1
मगारब	अनुचित	1
शिंम	लालसित	1
पाइबपुकी	व्यक्तिले	1
मताइनीम	पाउँदैन	1
फश	फोस्रा	1
हेंथे	कुराहरूले	1
मगेने	नदिओस्	1
गाइक्‍ब	अनाज्ञाकारिताका	1
गाइक्‍ब	पुत्रहरूमा	1
गाइक्‍ब	आउनेछ	1
मोदेंशो	तिनीहरूसँग	1
ङोंइती	एकचोटी	1
पतीकेमी	भलाइ	1
दाक्‍शो	खुशी	1
मार	तुल्याउने	1
,	पत्ता	1
माल्‍नीनी	लगाऊ	1
गेयमी	फलहिन	1
मथिंसीब	कार्यहरूमा	1
मबाक्‍कीन	नहोओ	1
आन	गोप्यमा	1
पशो	कार्यहरू	1
पर्बम	वर्णन	1
तन्‍न	थोक	1
आ	ज्योतिमा	1
सेंसीशा	प्रकाशमान	1
बाक्‍को	हुन्छन्	1
निन्‍द्रा	सुताहा	1
बोक्‍को	जाग	1
छेङछेङ	चम्कनुहुनेछ	1
बाक्‍कीन	बुद्धिमानजस्तो	1
मुरपुकीमी	समयलाई	1
गेपुकीमी	बचाओ	1
शांबुमी	दाखमद्यले	1
मदुक्‍कीन	नमात्तीओ	1
दुक्‍ब	विनाशतर्फ	1
मलाइनीम	डोर्‍याउँछ	1
दुमीन	भरिओ	1
सेल्‍ब	एक-अर्कामा	1
कुम्‍सो	भजनहरूमा	1
कुम्‍सो	गीतहरूमा	1
पने	बोल	1
पन	गाउँदै	1
माल्‍नीनी	चढाओ	1
मान	एकअर्काको	1
हिंशा	अधिनमा	1
बिम्‍मुने	रहो	1
वोंइश	पतिहरूको	1
टीनीमी	ख्रीष्‍टप्रति	1
मीश	पत्‍नीहरूलेपनि	1
वोंइश	पतिहरूप्रति	1
टिचा	सबैथोकमा	1
माल्‍नीमी	गर्नुपर्दछ	1
माल्‍नीमी	गर	1
चिक्‍शो	धोएर	1
मलुम्‍सीशो	दागरहित	1
मरोम्‍सीशो	चाउरी	1
मेकोपुकी	अन्य	1
दुम्‍शा	गर्नुभयो	1
वोंइश	पतिहरूले	1
खेदा	गरेको	1
मोदेंशो	पालन-पोषण	1
वोंइश	एकजना	1
प्रोंइब	छोड्नेछ	1
अर्थ	सत्यता	1
लोव़	बताइरहेको	1
नेल्‍लेमी	प्रत्येकले	1
दाक्‍तीन	गर्नुपर्छ	1
आंम	पत्‍नीले	1
हिक्‍‍चा	सम्मान	1
आम	आमाबुबालाई	1
आसीक	सहितको	1
पाइतीनी	गर्नाले	1
ब्रोंइचा	बाच्‍न	1
कोल्‍पतीन	नउठाओ	1
कली	अनुशासनमा	1
तुइक्‍पतीन	बढाओ	1
वाइलपुकी	डरका	1
ङा	हृदयको	1
वाइलपुकी	इमान्दारितामा	1
टिने	बन	1
मकोव़तेक्‍म	देख्‍ने	1
मकोव़तेक्‍म	खुशी	1
मकोव़तेक्‍म	तुल्याउन	1
पने	नबन	1
ग्‍येरपाइक्‍चा	बरु	1
वाइल	झैँ	1
पाइनीनी	पुर्याए	1
कोव़ब	मुक्त	1
होव़पपुकी	मालिकहरू	1
वाइलीम	दासहरूका	1
कोंइचा	धम्की	1
प्रोनीन	नदेओ	1
के	दुवैको	1
प्रभु	मालिक	1
उइक्‍थ	भेदभाव	1
सक्तिमी	सामर्थ्‍यको	1
लतीन	हात-हतियारहरू	1
ग्रानीनी	शैतानको	1
थुंमी	युक्तिहरूको	1
माल्‍तु	विरूद्धमा	1
गोपुकी	लडाइ	1
लडाइ	रगतको	1
मपाइनय	विरूद्धमा	1
वोल	अन्धकारको	1
लडाइ	राज्यको	1
पाइनय	शासकहरू	1
सैतान	दुष्‍टात्माहरूको	1
पाइबपुकी	विरूद्धमा	1
गेशो	दुष्‍ट	1
या	समयमा	1
लतीन	दुष्‍टको	1
या	भइ	1
लतीन	हुन	1
चाप्‍नीनी	हुनेछौ	1
गेपुकी	यसकारण	1
किप्‍शुर	स्थिर	1
खोदेंशो	भइ	1
दुम्‍तीकेमी	कम्‍मरपेटी	1
पीतल	कसेर	1
दुम्‍तीकेमी	छातिपाता	1
पीतल	लगाए	1
दुपाइक्‍ब	खुट्टाहरूमा	1
जुत्ता	प्रचारको	1
मुइश्‍शो	तत्परता	1
या	परिस्थितिहरूमा	1
सुइक्‍तीके	ढाल	1
तेक्‍तीक	बोक	1
वोतीन	दुष्‍टका	1
सैतानमी	अग्‍निवाणहरू	1
तेक्‍ने	निभाउन	1
चाप्‍नीनी	सक्‍नेछौ	1
ख्रीस्‍तम	लगाऊ	1
ताक्‍की	तरवार	1
गुम्‍सीने	बोक	1
लतीन	हो	1
गेपुकीमी	बिन्तीद्वारा	1
यो	हरसमय	1
पुंइचा	विश्‍वासीहरू	1
मदथु	प्रयत्‍नसाथ	1
मुर	यही	1
पर्बम	सतर्क	1
पुनीन	भइराख	1
पुनीन	खोल्दा	1
पुनीन	दिइयोस्	1
महिंथु	दृढतापूर्वक	1
चबुल	बताउन	1
पुनीन	गरिदेऊ	1
शेंचा	सुसमाचारको	1
फ्रेंशा	साङ्ग्लाले	1
फ्रेंशा	बाँधिएको	1
दुम्‍ती	राजदूत	1
शेंचा	समयमा	1
गेपुकीमी	आँटिलो	1
पुनीने	सकूँ	1
बाक्‍ङा	अवस्थाको	1
मार	होस्	1
पङा	भन्‍नको	1
थमा	विश्‍वासीलो	1
कली	सबैकुरा	1
देंब	बुझाउनेछन्	1
बारपाइक्‍चा	उद्धेश्यसाथ	1
सु	नहुने	1
सुमी	प्रेमद्वारा	1
दाक्‍नीमी	सबैमाथि	1
तामेक्‍ल	रहोस्	1
वाइल	दासहरू	1
फिलिप्‍पी	फिलिप्‍पीमा	1
ग्रुम्‍तीके	डिकनहरूलाई	1
ग्‍येरशा	आनन्दसाथ	1
पचा	सहभागिताको	1
गोइबमी	निश्‍चित	1
गोइबमी	प्रारम्भ	1
जाक्‍ची	गर्नुहुनेले	1
दाक्‍नुङ	हृदयमा	1
शेंची	एवम्	1
ना	दुवैमा	1
बाक्‍नय	साझेदारहरू	1
दाक्‍पाइक्‍तीके	प्रेमको	1
गेतीके	गहिराइमा	1
ग्रुम्‍चा	तृष्णा	1
दाक्‍ताक्‍ङ	गर्दछु	1
बाक्‍ब	गरिरहेको	1
दाक्‍चा	झनझन	1
से	जाओस्	1
में	पारख	1
में	छान्‍न	1
मपाइब	इमानदार	1
मताइब	रहन	1
पपाइश्‍शो	आउने	1
पतीकेमी	फलद्वारा	1
श्‍येतमी	कुराहरूले	1
ब्रपाइक्‍तु	बढाउने	1
बाक्‍ती	महलभरिका	1
,	सारा	1
तुइक्‍ताक्‍म	रक्षकदेखि	1
थमा	भएको	1
जेल्‍खानमी	साङ्लाहरूका	1
सुइक्‍तीक	निडर	1
प्रभु	आँट	1
लोव़	उत्साहित	1
का	कसै-कसैले	1
पशा	बेमेलमा	1
चहिं	सद्‌भावले	1
गेहे	अरूहरूले	1
शेंबपुकीम	स्वार्थ	1
शेंबपुकीम	निष्‍ठाहीन	1
तेम्‍चा	उद्देश्यले	1
तेम्‍चा	दिइरहेका	1
लेश्‍शा	बहानामा	1
पाम्‍तेक्‍म	यसैमा	1
हना	रमाउँदछु	1
ग्‍येरसीनुङ	रमाउनेछु	1
तुइक्‍नुङ	परिणामस्वरूप	1
ब्रोंइनुङ	ल्याउनेछ	1
वारच	सहायताको	1
मदोक्‍नुङ	निश्‍चयताअनुसार	1
पाइनुङ	पर्नेछैनँ	1
काइ	सारा	1
महिंब	साहससँगै	1
देंनुङ	जीवनद्वारा	1
मुरपुकीमी	मृत्युद्वारा	1
सेल्‍मेक्‍ल	उचालिनुहुनेछ	1
ब्रोंइङानु	जिउनु	1
ब्रोंइनुङ	मर्नु	1
हना	लाभ	1
ख्रीस्‍त	जिउनाले	1
योव़नुङा	चुन्‍ने	1
निम्‍फा	चयन	1
आस	कुराद्वारा	1
मारदे	ख्रीष्‍टसँग	1
शुश	झनै	1
ब्रोंइती	रहनुचाहिँ	1
दुम्‍ब	निश्‍चित	1
सुइक्‍चा	प्रगति	1
बारल	आनन्दको	1
नु	सँग-सँगै	1
बाक्‍नुङ	रहेर	1
तुइक्‍नुङ	दिनेछु	1
मारदे	परिणामस्वरूप	1
जाक्‍नुङ	उपस्थितिको	1
दुम्‍शा	जीवनयापन	1
बाक्‍ती	आऊँ	1
हना	वा	1
मबाक्‍ती	नहोऊँ	1
ग्‍येरपाइक्‍ब	तिमीहरूका	1
पमुने	पाऊँ	1
गेब	शत्रुहरूले	1
गेब	कुराहरूबाट	1
कली	भयभीत	1
ब्रुतीक	विनाशको	1
जशो	देख्यौ	1
श्‍येत	सुन्दछौ	1
दाक्‍शा	मान्दछु	1
दातेमी	प्रेमबाट	1
बारपाइक्‍तीके	मिल्दछ	1
बारपाइक्‍तीके	मान्दछु	1
दुम्‍तीके	स्‍नेही	1
दाक्‍मुतीके	करुणा	1
शिशी	सहानुभूति	1
उइक्‍थ	उद्देश्य	1
शुश	आनन्दलाई	1
गेपुकी	स्वार्थ	1
काइ	अहङ्कारमा	1
ब्रेम्‍शो	नम्रतामा	1
थुंमी	आफूलाईभन्दा	1
क्‍येङा	अरूहरूलाई	1
ममिम्‍थु	नदेओ	1
अरु	अरूहरूका	1
मिम्‍तीन	लगाओ	1
बाक्‍शो	शैलीमा	1
उइक्‍थ	स्वरूपमा	1
ममिम्‍थु	परमेश्‍वरसँगको	1
नु	बराबरीलाई	1
उइक्‍थ	पक्रिराख्‍ने	1
उइक्‍थ	वस्तुझैँ	1
दुम्‍ती	ठान्‍नुभएन	1
प्रोंइशा	रित्त्याउनुभयो	1
वाइल	कमराको	1
कोंइताक्‍व	तुल्याउनुभयो	1
परमप्रभु	पार्नुभयो	1
स्‍वर्गम	टेकिऊन्ः	1
स्‍वर्गम	स्वर्ग	1
आफ	महिमाका	1
माल्‍नीम	गरोस्	1
बाक्‍ङानु	उपस्थितिमा	1
मबाक्‍ङानु	अनुपस्थितीमा	1
मबाक्‍ङानु	कम्पसाथ	1
रिम्‍शो	काम	1
यावेमी	प्रसन्‍नताको	1
दाक्‍ब	लगाउनलाई	1
गेपुकीमी	गनगन	1
सुंइच	नगरी	1
दाल्‍‍गीर	तर्क	1
मपथु	वितर्कविना	1
मपुंइसीब	कलङ्कविना	1
आल	छोराछोरी	1
आल	हुन	1
दूली	बरालिएका	1
दूली	पुस्ताकाबिच	1
स्‍वर्ग	संसारमा	1
छेङछेङ	ज्योतिझैँ	1
खोदेंशो	चम्कन	1
मप्रोंइब	पक्र	1
मगाक्‍ङ	दौडिनँ	1
मो	मेरो	1
यो	व्यर्थको	1
तङल	जान्‍नेछु	1
सुइक्‍चा	त्याग	1
साइक्‍चा	बलिदानको	1
पुंइसाक्‍यी	अर्पित	1
हना	हुनुपरे	1
ग्‍येरसय	आनन्दित	1
सोइक्‍चा	पठाउनको	1
गेप्‍तु	राख्दछु	1
सोइक्‍नुङ	तिनीबाट	1
नेंशा	जान्दा	1
ग्‍येरसीनुङ	प्रोत्साहित	1
“	तिनीजस्तै	1
बाक्‍नी	उत्सुक	1
आंम	कुराहरूभन्दा	1
गेपुकीमी	योग्यता	1
तौमी	बालकले	1
शेंथ	सेवा	1
ब्रा	पाउनासाथ	1
सोइक्‍नुङ	चाँडो	1
दे	गर्दछु	1
इच्‍का	निर्धक्‍क	1
इपाफ्रोडीटस	इपाफ्रोडिटसलाई	1
सोइश्‍शो	पठाउन	1
सोइक्‍नुङ	ठान्दछु	1
काथा	सङ्गी	1
पाप्‍तु	सिपाही	1
गाक्‍शा	सन्देशवाहक	1
यावे	आवश्यकताहरूका	1
नेंतीनी	पाएकाले	1
मिम्‍ताक्‍व	व्याकुल	1
गेपुकीमी	तृष्णा	1
इपाफ्रोडीटस	तिनी	1
यावेमी	मरणासन्‍न	1
शिशी	अवस्थामा	1
पाइक्‍तु	पुगेका	1
श्‍येत	शोकमाथि	1
मजङ	शोक	1
पाइक्‍ती	नथपिओस्	1
मजङ	देखाउनुभयो	1
हेल्‍शो	तिमीहरूलेतिनलाई	1
ग्‍येरनीनी	आनन्दित	1
हेल्‍शो	चिन्ताबाट	1
हेल्‍शो	मुक्‍त	1
सोपी	हुनेछु	1
नेंमी	इपाफ्रोडिटसलाई	1
मोदेंशो	तिनीजस्ता	1
ममिम्‍थु	मृत्युको	1
ममिम्‍थु	पुर्‍याउन	1
जाक्‍मेनु	नसकेका	1
बेक्‍त	पारे	1
ब्रेक्‍न	बारम्बार	1
बाक्‍ती	लेखिरहनु	1
श्‍येत	झर्कोलाग्दो	1
बोल्‍यो	कुराहरूहरूले	1
दुम्‍चा	राख्‍नेछन्	1
कुचुम	कुकुरहरूदेखि	1
ख्रोइक्‍तीक	अङ्ग	1
चिनु	कटाइ	1
आ	आराधना	1
ग्‍येरस‍य	गर्दछौँ	1
मुर	येशूमा	1
मसुइय्‍य	गर्व	1
मसुइय्‍य	राख्दैनौँ	1
पतीके	शरीरमा	1
सुइक्‍ने	राख्‍न	1
चाप्‍नुङ	सक्थे	1
सुइक्‍ने	राख्‍ने	1
हिब्रू	मेरो	1
हिब्रू	आठौँ	1
हिब्रू	खतना	1
हिब्रू	गराइएको	1
हिब्रू	इस्राएलका	1
हिब्रू	मानिसहरूमध्ये	1
हिब्रू	बेन्यामीन	1
रे	कुलमा	1
हिब्रू	हिब्रूहरूका	1
थमा	जोसिलो	1
सेल्‍सीतीके	लाभदायक	1
प्रोंइता	सम्झेको	1
लाइब	श्रेष्‍ठताको	1
तुइक्‍ताक्‍ङ	सम्झन्छु	1
क्‍येङा	त्यागेको	1
ग्रांग्रा	नलाग्‍ने	1
दिचा	ठान्दछु	1
दुम्‍ती	हासिल	1
दुम्‍शा	स्थापित	1
सुइक्‍तीके	आधारित	1
ला	गरेको	1
तुइक्‍ने	पुनरुत्थानको	1
सेंतीक	कष्‍टहरूमा	1
पुंइसीशो	समरूपतामा	1
दुम्‍ङल	बद्‌लिन	1
यो	मरेकाहरूबाटको	1
सेंसीने	पुनरुत्‍थानको	1
चबुल	किसिमले	1
चबुल	अनुभव	1
मतङ	गरिसकेको	1
मदुम्‍ङ	साँचो	1
येसुम	चुनिएको	1
मतङ	पक्रिसकेको	1
मतङ	ठान्दिनँ	1
गो	कुराचाहिँ	1
पाइनुङ	पक्रन	1
देंशा	सकेकेछुः	1
ङोंइती	पछाडिका	1
प्रेंशा	बिर्सेर	1
मुल	अगाडिका	1
शुश	परिश्रम	1
नेंमी	माथिल्लो	1
बाक्‍तीके	बोलावटको	1
गेचा	जित्‍ने	1
देंमे	लक्ष्यतर्फ	1
मेकोन	बढ्नमा	1
पाइनुङ	दिन्छु	1
आं	भिन्‍न	1
तुइक्‍पदल	गर्नुहुनेछ	1
रुब्‍या	गरिसकेका	1
मेकोन	अडिग	1
पय	रहौँ	1
खोदेंशो	उदाहरणअनुसार	1
कोव़शा	हिँड्नेहरूलाई	1
मुल	व्यक्‍तिहरू	1
जोरी	बारम्बार	1
सत्रु	बताएको	1
आं	आँसुका	1
खाइश्‍शा	बताउँदै	1
सत्रु	क्रुसका	1
दुम्‍शा	शत्रुहरूझैँ	1
ममिम्‍नीम	हिँडिरहेका	1
मेकोपुकी	नतिजा	1
गेयमी	ईश्‍वर	1
गो	नागरिकता	1
नय	जहाँबाट	1
रिम्‍नय	गर्दछौँ	1
बेक्‍चशो	क्षुद्र	1
खुम्‍की	ल्याउनको	1
बाप्‍पाइक्‍ब	बनाइएको	1
शुश	मुकुट	1
लोक्‍बपुकी	साथीहरू	1
इयोदीया	इयोदिया	1
सुन्‍तुके	सुन्तुखेलाई	1
दुमीस	मनको	1
देंती	निवेदन	1
गो	जुवामा	1
देंती	गर्छु	1
निक्‍शीमी	महिलाहरूलाई	1
क्‍लेमेन्‍त	क्लेमेन्ट	1
पाम्‍ताक्‍से	सहकर्मीहरूसँग	1
नें	नामहरू	1
पतीके	सहनशीलता	1
कोंइदीने	होस्	1
माल्‍शो	नम्र	1
पुंइशा	निवेदनद्वारा	1
पुंइशा	निवेदन	1
कली	जाहेर	1
देनीन	होऊन्	1
मचाप्‍चा	समझभन्दा	1
इन	विचारहरूलाई	1
मिम्‍शो	रक्षा	1
मदिशो	प्रेमयोग्य	1
बाक्‍बा	नामका	1
तेको	श्रेष्‍ठता	1
दोस	गरिनुपर्ने	1
शेंदु	सिक्यौ	1
शेंदु	सुन्यौ	1
रुम्‍नी	देख्यौ	1
लेंशा	वास्तालाई	1
मचाप्‍शो	अवसर	1
श्‍येत	आवश्यकतामा	1
जचा	परेकोले	1
लोव़	भनिरहेको	1
मपाइनुङ	होइनँ	1
शेंसीशो	सिकेको	1
पाइश्‍शो	हो	1
मबाक्‍त	परिपूर्ण	1
बेक्‍शा	भोकप्यासमा	1
रूशा	प्रशस्तता	1
शोव़लु	आवश्यकतामा	1
दुम्‍ब	सिकेको	1
नेंमी	उहाँद्वारा	1
चाप्‍नुङ	सक्दछु	1
दोदेंब	कठिन	1
फिलिप्‍पीपुकीम	फिलिप्पीहरू	1
फिलिप्‍पीपुकीम	जान्दछौ	1
ताइतीनी	सुरुआतमा	1
रागी	निस्केँ	1
प्रोंइशा	तिमीहरूबाहेक	1
लङा	मण्डलीले	1
गेपुकीम	लिने	1
ताता	गरेनन्	1
निक्‍शी	पटकभन्दा	1
खेयप	धरै	1
सोइक्‍ताक्‍यीनी	पठायौ	1
ममिम्‍नुङ	खोजेको	1
तन्‍न	होइनँ	1
दाक्‍नुङ	खोज्दछु	1
मेको	इपाफ्रोडिटससँग	1
ब्रोव़शो	पठाएका	1
रिना	सामानहरू	1
चढ़ेशो	पाएँ	1
पशो	सुगन्धित	1
ग्‍येरसाक्‍व	वासना	1
ग्‍येरसाक्‍व	पार्दछ	1
पतीक	प्रशस्तताअनुसार	1
नेल्‍लेमी	घरानाकाहरूले	1
नु	आत्मासँग	1
कलस्‍से	कलस्सेमा	1
लोक्‍ब	विश्‍वसनीय	1
सुइक्‍तीनी	तथा	1
नेंतस्‍कु	सुनेका	1
नेंतस्‍कु	छौँ	1
तुइक्‍ताक्‍नी	आशाको	1
पशो	आशाबारे	1
बारशा	सुसमाचारले	1
बारशा	फलाउँदै	1
लत	फैलिँदै	1
शिशी	अनुग्रहलाई	1
लत	बढिरहेको	1
इपाफ्रास	इपाफ्रासबाट	1
इपाफ्रास	सिकेको	1
निक्‍शी	मित्र	1
मेकोमी	इपाफ्रासले	1
तुइक्‍पाइक्‍तस्‍की	देखाए	1
नेंस्‍कु	प्रेमको	1
नेंस्‍कु	सुनेको	1
पन	रोकिएका	1
बाक्‍तस्‍कु	छैनौँ	1
कलस्‍सीपुकीमी	ज्ञान	1
तुइक्‍तमेक्‍ल	समझमा	1
रुप्‍तीके	इच्छाअनुसारको	1
तामेक्‍ल	होओ	1
ङोंइती	परमप्रभुलाई	1
दुम्‍मल	चल्न	1
पामेनु	कार्यमा	1
तुइक्‍तीके	फलाउने	1
लल	बढ्नेछौ	1
बोल्‍यो	दक्षतामा	1
फाल्‍ने	होओ	1
देनीन	दिनेछौ	1
आन	उत्तराधिकारमा	1
गेप्‍तु	बनाउनुभएको	1
राज्‍य	शक्‍तिबाट	1
ओंइताक्‍व	सार्नुभएको	1
इं	पुत्रमा	1
सुइमी	पुत्र	1
सेल्‍चा	सृष्‍टिमा	1
रेन	जेष्‍ठ	1
पिपपुकी	दृश्य	1
मतांइसीब	अदृश्य	1
पुंइसीबपुकी	सिंहासनहरू	1
पुंइसीबपुकी	प्रभुत्वहरू	1
हुकुम	प्रधानताहरू	1
येसु	उहाँकै	1
क्‍येङा	सबैथोकहरूभन्दा	1
बाक्‍तेक्‍म	मण्डलीको	1
सेंसीब	सुरुआत	1
सेंसीब	हुनेमा	1
सेंसीब	प्रथम	1
ग्‍येरसाक्‍व	गरेकोमा	1
रेन	पुत्रद्वारा	1
गारपाइक्‍तु	ल्‍याउनको	1
गारपाइक्‍तु	शान्ति	1
कांटी	स्‍वर्गका	1
साइक्‍चा	होऊन्	1
रागीम	पृथ्‍वीका	1
ङोंइती	एकसमय	1
ङोन	बिरानाहरू	1
ममिम्‍थु	शत्रुहरू	1
साइक्‍चा	मृत्युद्वारा	1
गेशा	मिलापमा	1
सुइक्‍ना	स्थापित	1
मप्रोंइथु	आशाबाट	1
लीनीनी	नगई	1
लीनीनी	विश्‍वासमा	1
लीनीनी	बढ्नुपर्छ	1
नेंपाइश्‍शो	घोषणा	1
शेंब	दास	1
थुम्‍पाइक्‍नुङ	मनाउँछु	1
लीशो	कष्‍टहरूको	1
श्‍येत	कमीलाई	1
यावेमी	जिम्मेवारीअनुसार	1
गेती	मण्डलीको	1
शेंब	सेवक	1
साइ	युगौँ	1
मिम्‍शो	लुकाइएको	1
गिश	सम्पत्ति	1
तुइक्‍पाइक्‍तु	चाहनुभयो	1
ख्रीस्‍तम	निश्‍चयता	1
मोपा	बुद्धिसाथ	1
शेंनीकी	दिन्छौँ	1
दाक्‍नीकी	सिकाउछौँ	1
बोल	जीवनमा	1
पाइनुङ	गरिरहनुहुने	1
ख्रीस्‍तमी	सामर्थ्यअनुसार	1
पपाइक्‍ब	बढ्छु	1
गेनायो	अनुहार	1
मताइब	नदेखेकाहरू	1
जङा	सङ्घर्षबारे	1
तुइक्‍पाइक्‍चा	जानेको	1
बारपदमेक्‍ल	समझको	1
गिश	प्रशस्ततामा	1
बारपदमेक्‍ल	हृदयहरू	1
रुप्‍तीके	ल्याइएर	1
ठेयब	उत्साहित	1
रुप्‍मेक्‍ल	गर्दछु	1
तुइक्‍तीके	बुद्धिका	1
रुप्‍तीके	सम्पत्तिहरू	1
जोल	बहकाउने	1
मचाप्‍मेक्‍ल	बोलीले	1
देंती	नछलोस्	1
पशो	सुव्यवस्था	1
सुइश्‍शो	शक्‍तिलाई	1
गेनी	गर्‍यौ	1
मोपा	सोही	1
खप	सिकाइएको	1
आगा	बलियोसँग	1
बोल्‍यो	जरा	1
शेंसीनी	गाड	1
शेंसीनी	निर्माण	1
शेंसीनी	स्थापित	1
शेंसीनी	प्रशस्तसँग	1
मिम्‍तीके	दर्शनद्वारा	1
फश	ख्रीष्‍टअनुसार	1
रागी	तत्त्वहरूअनुसार	1
रिती	परम्पराको	1
थिती	रित्तोपनको	1
ला	धोकाबाट	1
शेंनीमी	नदेओ	1
ख्रीस्‍तम	बास	1
बाक्‍‍ब	गर्दछ	1
पाइब	शक्‍ति	1
ख्रोइश्‍शो	मासुको	1
बेक्‍शा	बप्‍तिस्मामा	1
थिम्‍शो	गाडिएका	1
सेंशो	ब्युँताउनुहुने	1
पतीके	शक्‍तिमाथि	1
सेंशो	ब्युँताइएका	1
ख्रीस्‍त	पार्नुभयो	1
मरिम्‍शो	पापहरूलाई	1
गेचा	लगाइएका	1
चिक्‍शो	ऋणका	1
दोस	लिखित	1
कागज	अभियोगहरूलाई	1
कागज	त्यसका	1
ब्रेक्‍शो	विनियमहरूलाई	1
कागज	हटाइदिनुभयो	1
लाइश्‍शा	हटाउनुभयो	1
वोइक्‍तु	टाँगिदिनुभयो	1
हुकुम	शक्‍तिहरू	1
या	अधिकारवालाहरूलाई	1
फ्रुम्‍तीमी	हटाउनुभयो	1
ग्राशा	खुल्ला	1
आ	माध्यमद्वारा	1
पशो	विजय	1
तशा	समारोहमा	1
ग्‍येरसाक्‍व	डोर्‍याउनुभयो	1
मदुम्‍बा	पिउनेकुरा	1
औंसी	औंसी	1
मनेनीन	नदेओ	1
चिक्‍शो	आउनेवाला	1
चिक्‍शो	थोकहरूका	1
सुइमी	नम्रताको	1
सेउ	आराधनाद्वारा	1
शेंनीमी	नखोसिएको	1
तुइक्‍ताक्‍क	लगाउँछ	1
मिम्‍शो	विचारद्वारा	1
ला	घमण्डी	1
शेंनीम	बन्दछ	1
पिया	शिरलाई	1
बाक्‍नीम	राख्दैन	1
थुल्‍ना	शिरबाट	1
थुल्‍न	जोर्नीहरू	1
पियामी	ग्रन्थिहरू	1
थुल्‍ना	तत्त्वहरू	1
नाडी	फैलाइन्छ	1
रुशेम	एकसाथ	1
बोइक्‍पाइश्‍शा	राखिन्छ	1
कोल्‍पाइक्‍ब	वृद्धिअनुसार	1
कोल्‍पाइक्‍ब	बढ्दछ	1
थोव़क	तत्त्वहरूप्रति	1
पाइनीनी	जिउँछौ	1
मेको	निर्देशनहरू	1
शेंबपुकीमी	शिक्षाहरूअनुसार	1
जाम्‍ब	प्रयोगसँगै	1
रिती	नियमहरूमा	1
दुम्‍खु	शरीरको	1
पाइ‍नीम	कठोरताका	1
आ	विलासिताको	1
पतीके	यिनीहरूको	1
तेक्‍ने	मोल	1
सेंसीशो	उठाउनुभएको	1
स्‍वर्गमी	माथिका	1
गे	बाहुलीतर्फ	1
स्‍वर्गम	माथिका	1
स्‍वर्गम	कुराहरूमा	1
ममिम्‍तीन	नलगाओ	1
ग्रूत	हुनुहुनेछ	1
बाक्‍तीकेमी	हुनेछौ	1
थुंमी	स्वभावहरू	1
हेंथे	कामुक	1
दला	कामवासना	1
मिम्‍तीके	इच्छा	1
शिंम	लोभको	1
दुम्‍तीके	अन्त्य	1
मटीब	अनाज्ञाकारीका	1
पर्बम	छोराहरूमाथि	1
गाइक्‍ब	आउँछ	1
मोदेंशो	जिउँदा	1
बाक्‍तीनी	हिँड्थ्यौ	1
ताइक्‍तीन	त्याग्‍नुपर्छ–	1
अरु	डाह	1
ओल	निस्कने	1
गेपुकी	अर्कालाई	1
मपमुने	नढाँट	1
गे	मनुष्यत्वलाई	1
ङोंइती	व्यवहारसमेत	1
सेल्‍ना	मनुष्यत्व	1
तुइक्‍पाइक्‍चा	गर्नुहुनेको	1
तुइक्‍पाइक्‍चा	प्रतिरूप	1
तुइक्‍पाइक्‍चा	अनुसारको	1
मोदेंशो	नवीकरण	1
रे	ज्ञानमा	1
ख्रोइक्‍पांइसीशो	अशिक्षित	1
मुरपुकी	असभ्य	1
वाइलपुकी	फुक्‍का	1
दुम्‍तीनी	करुणामय	1
मलेत्‍थु	दीनता	1
फाल्‍ब	धैर्य	1
दुमीने	धारण	1
गेचा	अर्कालाई	1
पुंइसाक्‍म	सहने	1
फाल्‍मुशा	अर्कासँग	1
माफ	उजुरी	1
गेवा	भएमा	1
गेमुने	गर्नुभए	1
क्‍येङा	कुराहरूभन्दा	1
नेल्‍ल	पूर्णताको	1
दाक्‍मुचा	बन्धन	1
गेने	गरोस्	1
योव़सीशो	बोलाइएका	1
गेपुकीमी	धन्यवादी	1
देनीन	होओ	1
खोत	प्रशस्त	1
खोत	मात्रामा	1
वोतीन	रहोस्	1
शुश	बुद्धिले	1
तुइश्‍शा	भजन	1
शेंमुशा	गीत	1
बारपमुने	आत्मिक	1
शेंमुशा	गानहरूले	1
बारपमुने	शिक्षा	1
बारपमुने	अर्ती	1
दे	धन्यवादका	1
पने	गाओ	1
लोव़पुकी	तिमीहरूले	1
गारशो	सुहाउँदो	1
काइ	उनीहरूप्रति	1
आफ	बाबुआमाप्रति	1
ग्‍येरब	बनाउँछ	1
आफपुकी	नउठाओ	1
मगेने	बन्‍नेछन्	1
वाइलपुकी	मालिकहरूप्रति	1
,	होओ	1
टिचा	तुल्याउनेहरूजस्तो	1
ठेयब	हृदयसाथ	1
गेय	जे-जे	1
मरिम्‍शो	अधार्मिकता	1
पाइबपुकीम	गर्नेले	1
मकोव़थु	अधार्मिकताको	1
मकोव़थु	हुनेछैन	1
वाइलीम	नोकरहरूलाई	1
गेपुकीमी	दृढतापूर्वक	1
मप्रोंइथु	लागिरहो	1
शुश	बोल्नको	1
पुनीन	खोलिदिनुभएको	1
ग्‍याइक्‍चा	बाँधिएको	1
चाप्‍‍मेक्‍ल	स्पष्‍टपार्न	1
जोक्‍शा	बाहिरकाहरूसँग	1
जोक्‍शा	समयलाई	1
हिक्‍सी	सधैँ	1
ङाम्‍शो	अनुग्रहसहित	1
हिल्‍लो	नुनले	1
पाइब	स्वादिलो	1
लेत्‍चा	दिनुपर्छ	1
तुइक्‍चा	जान्‍न	1
देंब	बताउनेछन्	1
दीगो	तिनीचाहिँ	1
दीगो	विश्‍वासयोग्य	1
शोव़चा	हामीहरूको	1
शोव़चा	जान्‍न	1
बारपाइक्‍चा	पार्न	1
इं	तिमीहरूमध्येका	1
ओनेसीमस	ओनेसिमससँगै	1
मुरुन	पठाएँ	1
देंनीसी	बताउँनेछन्	1
पुंइसीब	अरिस्तार्खसले	1
लोक्‍ब	भानिज	1
मर्कूसमी	मर्कूसको	1
ब्रेक्‍पाइक्‍ती	पाइसकेका	1
पाइब	खतनाका	1
वारचपुकी	सहकर्मीहरू	1
वारच	सान्त्वनाका	1
पाइश्‍शा	पात्र	1
देंत	तिमीहरूमध्येकै	1
रुप्‍तीक	परिश्रमसाथ	1
कलस्‍सी	लागिरहन्छन्	1
थुं	निश्‍चित	1
”	हुन	1
हिरापोलीस	हिरापोलिसमा	1
डाक्‍टर	चिकित्सक	1
नुम्‍फा	नुम्फास	1
पढेने	पढिनेछ	1
लाओडीसीया	लाउडिकियाको	1
पढेचा	पढ्नू	1
लाओडीसीया	लाउडिकियाबाट	1
पढेने	पढ्नू	1
गेपुकीमी	अर्खिप्पसलाई	1
रिम्‍शो	गर्नुपर्ने	1
पावलमी	अभिवादनको	1
ग्‍याइक्‍चा	साङ्लाहरूलाई	1
ख्रीस्‍तमी	तिमोथीबाट	1
थिस्‍सलोनिकी	चढाउछौँ	1
दाक्‍चा	प्रेमको	1
मिम्‍ना	आत्मविश्‍वासको	1
मिम्‍न	धैर्यलाई	1
आंइ	परमेश्‍वरबाट	1
शेंशो	आयो	1
मशेंदक	होइन	1
प्रिंताक्‍व	निश्‍चयतामा	1
नु	खातिर	1
नेंतीनी	देखासिकी	1
नेंतीनी	पायौ	1
दुम्‍तीनी	भयौ	1
तुइक्‍ताक्‍म	फैलिएको	1
मेकेर	केही	1
दुम्‍तीनी	फर्क्यौ	1
यीब	समयलाई	1
बाक्‍तीनी	पर्खिराखेका	1
आ	वाला	1
मोशा	बेकम्मा	1
जशा	भोग्यौँ	1
मुरपुकीमी	फिलिप्पिमा	1
कली	निर्लज्जपूर्वक	1
शुक्‍शी	विवादको	1
लोव़	बताउन	1
शेंताक्‍क	भयौँ	1
मुरुम	उत्साह	1
ममिम्‍तक	छलबाट	1
शेंचा	सुम्पिएको	1
सेल्‍तीकी	स्वीकृति	1
मशेंथु	जाँच्‍नुहुने	1
गाक्‍तक	बोल्छौँ	1
ताइनीकी	चाप्लुसी	1
कों	गरेनौँ	1
तुइक्‍ब	बनायौँ	1
मशेंदक	s5	1
ताक्‍चा	आमाले	1
दुम	बाल	1
दूध	बच्‍चालाई	1
तुंइब	दिएजस्तै	1
ममा	भद्र	1
बेक्‍नीकी	भएका	1
पाइतक	याद	1
श्‍येत	बोझ	1
मगेचा	नबनौँ	1
नु	गर्नेहरूसित	1
रिम्‍शो	कपटरहित	1
अरेतक	छोराछोरीलाई	1
बारपाइश्‍शा	दियौँ	1
गोपुकीमी	दियौँ	1
शिरशो	योग्यको	1
अरेतक	हिँड्न	1
ब्रेप्‍ब	बोलाउनुहुन्छ	1
यावे	कारणको	1
तुइक्‍ताक्‍नी	दिन्छौँ	1
गेय	सन्देशको	1
थिस्‍सलोनिकी	पायौ	1
परमप्रभु	मण्डलीबिच	1
सुइक्‍ब	नक्‍कल	1
खोदेंशो	गर्नेहरू	1
आंम	यहूदीहरूबाट	1
गेशो	पाएजस्तै	1
गेम्‍तेक्‍म	सताइएका	1
खेरतेक्‍म	धपाए	1
मग्‍येरपदेम	पार्दैनन	1
श्‍येत	शत्रुता	1
गेम्‍तेक्‍म	राख्छन्	1
ब्रोंइचा	पापहरूबाट	1
ताइनीम	भरिन	1
मगेम	गैरयहूदीहरूले	1
गेना	पाऊन्	1
मगेम	दिँदैनन्	1
गेब	चरम	1
मबाक्‍थु	छुट्‌ट्याइएका	1
बाक्‍तीकेमी	भेट	1
ग्रुम	तीव्र	1
दाक्‍तक	गर्‍यौँ	1
बाक्‍ती	चाहन्थ्यौँ	1
पिचा	बारम्बार	1
मगेव	कोसिस	1
मगेव	बाधा	1
ग्‍येरतीके	दृढ	1
खोदेंशो	अरूहरू	1
बाक्‍नीनी	होइनौ	1
बोरपाइक्‍नीकी	हौ	1
मचाप्‍क	सकेनौँ	1
सल्‍ला	उचित	1
पाइतक	ठान्यौँ	1
सुइक्‍तीक	दह्रिलो	1
सुइक्‍तीक	पठायौँ	1
सुइमी	कष्‍टहरूबाट	1
श्‍येत	नखल्बलियोस्	1
बाक्‍नीनु	रहँदा	1
शेंताक्‍क	कष्‍टका	1
दुम्‍त	आयो	1
तिमोथी	सहनै	1
कली	सकिन	1
कोव़थ	विश्‍वासबारे	1
पपाइक्‍बमी	गर्नेवालाले	1
बिग्रेवा	परीक्षामा	1
लम	जान्छ	1
हिंती	पठाएँ	1
मेकोमी	तिमोथी	1
तिमोथीमी	हामीसँगका	1
आंस	क्षणहरूको	1
जाइतक	कष्‍टकर	1
बाक्‍नीनी	रह्‍यौ	1
बाक्‍नीकी	जिउदछौँ	1
सेल्‍नीकी	चढाऔँ	1
थिस्‍सलोनिकी	मुहार	1
सहर	हेर्न	1
सोइक्‍तीन	कमी	1
सोइक्‍तीन	मेहनतसाथ	1
गेम्‍सेक्‍ल	खोलिदिऊन्	1
दाक्‍मुचा	अर्काप्रति	1
बारपाइश्‍शा	बढ्दै	1
दाक्‍मुचा	दिऊन्	1
दुमीन	तिमीहरूप्रति	1
सुइक्‍तीक	जनहरूसँग	1
मपुंइसीब	आउनुहुँदा	1
सेलल	पवित्रतामा	1
सेलल	निष्‍‍कलङ्क	1
सेलल	बनाऊन्	1
आ	ख्रीष्‍टमा	1
तनी	चल्नुपर्ने	1
ग्‍येरपतीन	रिजाउनुपर्ने	1
पाइनीकी	पायौ	1
बाक्‍शा	चलेका	1
ग्‍येरपतीन	त्यसभन्दा	1
ग्रांग्रा	यौन	1
दिशो	क्रियाकलापको	1
बाक्‍चा	बस	1
शिरशो	सम्मानसाथ	1
मगाक्‍थु	लिनुपर्छ	1
मगाक्‍थु	हरेकले	1
बाक्‍कीन	सक	1
मतुइक्‍ब	नचिन्‍ने	1
मुरपुकीमी	अन्यजातिले	1
गेयमी	जलेर	1
वोंइश	पाप	1
मुरुम	नगरोस्	1
मगेवल	नसम्झोस्	1
लेप्‍ब	लिनुहुन्छ	1
शेंताक्‍क	दिइसकेका	1
मयोव़ङ	बोलाउनुभएको	1
ङोन	पवित्रताको	1
मटीबा	इन्कार	1
दाक्‍मुतीके	भाइहरूप्रतिको	1
ममाल्‍ब	जरुरी	1
आंमान	परमेश्‍वरबाट	1
आंमान	सिकाइएका	1
दाक्‍नीनी	दिन्छौँ	1
अरेतीक	गरेझैँ	1
पाइतक	शान्त	1
आंमान	धन्दामा	1
अरु	विश्‍वासभन्दा	1
ठेयब	सक	1
के	अभाव	1
मारदे	भाइहरू	1
खाइक्‍पाइश्‍शा	सुतिगएकाहरूका	1
मतुइक्‍ब	चाहन्‍नौँ	1
चहिं	मानिसहरूले	1
मबाक्‍कीन	नपरोस्	1
सुइक्‍तय	गर्छौं	1
यावेमी	जो-जति	1
पतीकेमी	सुतेका	1
चाक्‍ब	पार्नुहुनेछ	1
बाक्‍बपुकी	जो	1
ग्रुम्‍चा	आगमनसम्म	1
मताइनय	बाँचिरहन्छौँ	1
मताइनय	हालतमा	1
मताइनय	मरिगएकाहरूलाई	1
तुइक्‍पाइक्‍नीकी	उछिन्‍नेछैनौँ	1
ब्रेत्‍तानु	आफै	1
ताप्‍शो	गर्जनसहित	1
ब्रेप्‍ब	मरेकाहरू	1
नेंनीम	बिउँतनेछन्	1
लीशो	उठाई	1
गोपुकी	लगिएकाहरूसँग	1
क्‍युक्‍सीशा	प्रभुलाई	1
लाइनय	भेट्नेछौँ	1
सरीङमी	सदासर्वदा	1
बारपाइक्‍‍मुने	देऊ	1
गेना	ऋतुहरूको	1
ब्रेक्‍चा	लेखिरहनु	1
ममाल्‍नीकी	जरुरत	1
खुइ	राती	1
जाक्‍ब	चोरको	1
मदुम्‍ब	सुरक्षा	1
थिचा	प्रसव-वेदना	1
रोइ	भएझैँ	1
गेना	तिनीहरूमाथि	1
मतुइक्‍ब	अचानक	1
मब्रोंइचा	आइपर्छ	1
मब्रोंइचा	किसिमले	1
जाइनीम	उम्कनेछैनन्	1
खुइ	चोरझैँ	1
जाक्‍शो	आइपर्नलाई	1
छेङछेङ	प्रकाशका	1
नाक्‍दो	रातका	1
मइप्‍य	अरूहरूझैँ	1
मइप्‍य	नसुतौँ	1
मिम्‍ना	रहौँ	1
मिम्‍न	गम्भीर	1
इप्‍बपुकी	सुत्‍नेहरू	1
इप्‍नीम	सुत्छन्	1
दुक्‍बपुकी	पिएर	1
दुक्‍बपुकी	मात्‍नेहरू	1
दुक्‍शा	मात्दछन्	1
पय	प्रेमको	1
के	छाती-पाता	1
गुप्‍शो	भावी	1
इप्‍तय	हौँ	1
मइप्‍तय	निन्द्रामा	1
ब्रोंइचा	जिउन	1
बारपमुने	अगिदेखि	1
बारपमुने	अर्कालाई	1
गेपुकी	निर्माण	1
शेंब	गर्नेहरूप्रति	1
लां	दिनेलाई	1
कोंइशा	प्रभुमा	1
अरेब	तिमीहरूभन्दा	1
अरेब	भएकाहरूप्रति	1
अरेब	कृतज्ञ	1
मेकोपुकी	कामको	1
बाक्‍कीन	सम्झनलाई	1
बाक्‍नीमी	शान्तिमा	1
मपाइब	गोलमाल	1
अरेपने	चेतावनी	1
अरेपने	निरुत्साहित	1
हिंब	कमजोरलाई	1
हिंब	सबैसँग	1
बारपतीन	दिन्छौँ	1
गेपुकी	अर्कामा	1
पमुचा	प्रयत्‍न	1
प्रार्थना	नरोकी	1
बाक्‍कीन	गरिरहो	1
मकाप्‍तीन	ननिभाओ	1
तुइक्‍पाइश्‍शो	अगमवाणीलाई	1
पचा	अवहेलना	1
गेन	नगर	1
मप्रेंदीने	लागिरहो	1
ग्रांग्रा	खराबीलाई	1
मयिम	आगमनमा	1
बाक्‍मल	राखून्	1
नेंमी	कि	1
लोक्‍ब	भाइहरूका	1
नेंपतीन	पढियोस्	1
सुइक्‍तीके	बढिरहेको	1
दाक्‍मुतीक	हरेकको	1
दाक्‍मुतीक	अर्काप्रति	1
ग्रुम्‍तीकेमी	सहने	1
पुंइसीशा	सतावटहरू	1
फाल्‍शोमी	भोगाइहरूप्रति	1
जचा	प्रष्‍ट	1
गेप्‍तु	चिन्ह	1
जाइनीनी	ठहरिन्छौ	1
बाक्‍ब	भोग्दछौ	1
गेब	दिनेहरूलाई	1
क्‍येक्‍क	धार्मिकता	1
ग्रूची	शक्‍तिसाथ	1
सरीङ	भोगेकाहरूलाई	1
ग्रूची	मिल्नेछ	1
मतुइक्‍ब	चिन्दैनन्	1
मटीब	गर्दैनन्	1
लेप्‍ब	लिनुहुनेछ	1
यो	उपस्थितिबाट	1
साम्‍सीशो	विनाशको	1
कुल	दण्ड	1
मताइनीम	भोग्‍नेछन्	1
नें	गवाहीमा	1
सुइक्‍तीनी	सबैद्वारा	1
शेंशो	अचम्मित	1
सुइक्‍तीनी	सन्तहरूद्वारा	1
सुइक्‍तीनी	महिमित	1
सुइक्‍तीनी	आउनुहुन्छ	1
सेलल	ठानून्	1
गोपुकीमी	भलाइको	1
पपदल	गरून्	1
आस	नाम	1
ताइ‍नीनी	पारियोस्	1
नुप्‍त	छ	1
देंखु	सजिलै	1
पाइबमी	नधर्मराओस्	1
कोंइताक्‍व	न	1
देंखु	विचलित	1
मसुतीन	पत्रद्वारा	1
शेंतीके	छल्न	1
मसुतीन	नपाओस्	1
मटिथु	पतित	1
नेल्‍ल	,	1
ग्रूब	नहोऊन्जेलसम्म	1
लाइब	हुन	1
देंनीम	आउनेछैन	1
मबा	उचाल्दछ	1
निश्‍शा	बस्छ	1
मोदेंशो	ज	1
ममिम्‍नीनी	सम्झदैनौ	1
तेक्‍बमी	रोक्दछ	1
मतांइसीब	रहस्यले	1
मयाक्‍से	देखि	1
ग्रूने	थामिराख्‍नुभएको	1
तेक्‍ब	उसका	1
मयाक्‍से	मार्गबाट	1
मचाप्‍ब	हटाउनुहुन्‍न	1
मुइश्‍शोमी	मुखको	1
मुइश्‍शोमी	सासले	1
जाक्‍शो	मार्नुहुनेछ	1
मुइश्‍शोमी	आगमनले	1
साइक्‍ब	अन्त	1
पखु	आगमन	1
जाम्‍शा	त्यो	1
जोल	अधार्मिकताका	1
शेंब	छलका	1
पाप	नाश	1
ब्रोंइतीक	हुनेहरूका	1
ताक्‍चा	बचाइनको	1
मदाक्‍तेम	प्रेमको	1
ब्रोंइतीक	सत्यतालाई	1
मदाक्‍तेम	ग्रहण	1
शेंतीक	भ्रमको	1
सुइक्‍पाइक्‍ब	पठाई	1
सुइक्‍पाइक्‍ब	रहनुभएको	1
दूली	ताकि	1
शेंतीक	अधार्मिकतामा	1
जाम्‍शा	रमाउने	1
मसुइक्‍थु	नगर्ने	1
गेना	प्रभुलाई	1
देंनीकी	शुद्धतामा	1
रिम्‍शो	उद्धारको	1
दे	फलझैँ	1
कली	यसतर्फ	1
मप्रोनीन	भाइहरू	1
शोव़म	रहो	1
चिठीम	या	1
ब्रेक्‍शा	पत्रद्वारा	1
मप्रोनीन	परम्पराहरूलाई	1
गेम्‍सेक्‍ल	स्थिर	1
गेम्‍सेक्‍ल	गराऊन्	1
तेइ	द्रुत	1
साव	गतिमा	1
सुव	फैलियोस्	1
ब्रशा	महिमित	1
मेकोपुकी	सबैसँग	1
बारपाइक्‍ब	स्थापना	1
कोव़ब	गर्नुहुन्छ	1
वारच	दुवैले	1
तुइक्‍नीकी	दिइरहनेछौ	1
फाल्‍तीक	सहनशीलतातर्फ	1
रुप्‍पदल	अगुवाइ	1
बाक्‍शो	अल्छे	1
मदाक्‍थु	सिकाएको	1
शेंशो	परम्परालाई	1
मटीमे	कार्यान्वयन	1
मबाक्‍कीन	ग्रहण	1
आंमा	आफैलाई	1
बाक्‍कानु	अल्छीपना	1
पाइतक	देखाएनौँ	1
मदेंथु	सित्तैँमा	1
मगेचा	खायौँ	1
मोश	बनेनौँ	1
मोश	मेहनत	1
मदेंथु	गर्‍यौँ	1
बाक्‍तक	गर्‍यौँ	1
मोश	अर्थ	1
कोंइचा	उदाहरण	1
गोपुकीमी	थियौँ	1
मपाइबा	चाहँदैन	1
मतवल	नखाओस्	1
काइ	अल्छी	1
मपथु	हिँड्दछन्	1
मपथु	अर्काको	1
हिरशा	लगाउनेहरू	1
पने	दिँदछौँ	1
प्रभु	शान्तसँग	1
आंम	मेहनतद्वारा	1
अरेनीकी	जीविकोपार्जन	1
गेनायो	गर्नबाट	1
मदने	वञ्‍चित	1
आंइ	पत्रमा	1
मटीमे	आज्ञालाई	1
मटीमे	गर्दैन	1
वोतीन	नगराओ	1
वोतीन	परोस्	1
खोदेंशो	सम्झेर	1
अर्ती	सुझाव	1
गेना	सदासर्वदाका	1
गेवल	प्रदान	1
बाक्‍ल	गरून्	1
चिठी	मेरो	1
आंमान	अभिवादन	1
ब्रेक्‍ताक्‍ङ	हातले	1
ब्रेक्‍नुङ	चिन्ह	1
नेल्‍ल	सबैमा	1
दुमो	पावल	1
बाक्‍ल	शान्ति	1
मासीडोनीया	म्‍याकेडोनिया	1
लङानु	जाँदै	1
मेकेर	भिन्‍न	1
का	सिद्धान्त	1
निक्‍शीमी	सिकाउनेहरूलाई	1
शेंनीम	सक्‍छौ	1
मेकोपुकीमी	नत	1
कथा	कथाहरू	1
किकी	अनन्त	1
पिपी	वंशावलीहरूतिर	1
मलाप्‍चा	दिऊन	1
शेंशो	योजनालाई	1
शेंशो	पुर्‍याउनु	1
मबारपाइक्‍ब	विवाद	1
मबारपाइक्‍ब	गर्छ	1
इं	आज्ञाको	1
शेंतीके	लक्ष्यचाहिँ	1
चहिं	विशुद्ध	1
रिम्‍शो	निष्‍कपट	1
शेंतीक	बरालिएर	1
शोर	खोक्रा	1
गाक्‍शो	कुराहरूतिर	1
पाइनीम	फर्केका	1
आंम	भन्‍छन	1
आंम	जोड	1
मरुप्‍ब	दिन्‍छन	1
बाक्‍नीम	बुझ्दैनन्	1
यावे	न्यायसँगत	1
ममिम्‍ब	व्‍यावस्‍थाविहीन	1
मटीब	पापीहरूको	1
ममिम्‍ब	ईश्‍वरहिन	1
मिम्‍ब	अपवित्र	1
मिम्‍ब	हुनेहरूको	1
ममा	बावुहरू	1
ममा	आमाहरूलाई	1
साइक्‍ब	हत्याराहरूका	1
ग्रांग्रा	यौनसम्‍बन्‍ध	1
खुइ	समलिंगीहरूका	1
कसम	बनाउनको	1
जाइब	अपहरण	1
कसम	झूट	1
जाइब	बोल्नेहरूका	1
जाइब	झूटो	1
जाइब	दिनेहरूका	1
जाइब	विरूद्धमा	1
मगारब	हुनेहरूको	1
लोव़	अनुसार	1
ङा	ठानेर	1
गेब	सताउने	1
मरिम्‍शो	हिंस्रक	1
मतुइक्‍ब	अन्‍जानमा	1
ताता	गरेँ	1
ब्रीशा	परमप्रभुको	1
गेती	प्रशस्तमात्रामा	1
सुइक्‍चा	सर्वस्वीकारयोग्य	1
नरक	बचाउनलाई	1
मरिम्‍शो	तुच्छ	1
ताता	कारणको	1
ताता	गरियो	1
फाल्‍तीक	उदाहरणस्‍वरूप	1
दुम्‍ती	तुच्‍छ	1
येसु	मानिसमा	1
कोंइचा	सारा	1
ताता	धैर्यता	1
मबेक्‍थु	युगहरूका	1
सुइमी	अविनाशी	1
कांइचीक	एकमात्र	1
तुइक्‍पाइक्‍ती	पाहिला	1
तुइक्‍पाइक्‍ती	अगमवाणीसँग	1
तुइक्‍पाइक्‍ती	दिन्‍छु	1
मिम्‍पाइक्‍नुङ	लडाइँ	1
मिम्‍पाइक्‍नुङ	लड्‍न	1
टिशा	कायम	1
प्रोंइतेक्‍म	नष्‍ट	1
अलेक्‍जन्‍डर	अलेक्जेन्डर	1
बाक्‍नीसी	जस्‍ता	1
शेंचा	मानिसहरुलाई	1
जिम्‍मा	सुम्पेकोछु	1
गेतासी	गर्नुहुँदैन	1
गेतासी	सिकून्	1
पुंइना	निम्‍ति	1
माल्‍नय	अनुरोधहरू	1
पुंइना	प्रार्थनाहरू	1
पुंइन	अन्तरबिन्तीहरू	1
माल्‍नय	चढाइऊन्	1
सरकार	अधिकारमा	1
गेयमी	हरप्रकारले	1
गेयमी	मर्यादापूर्वक	1
नाइश्‍शा	शान्तिपूर्ण	1
बाक्‍य	जिउन	1
आ	मुक्तिदाताको	1
दाक्‍चा	ग्रहणयोग्य	1
प्रोंइश्‍शा	बाचून्	1
लोव़	ज्ञानमा	1
तुइक्‍पाइक्‍चा	आऊन्	1
दाक्‍ब	चाहनुहुन्छ	1
गारपाइक्‍चा	बीच	1
जाक्‍शा	मध्यस्तकर्ता	1
एको	ठीक	1
शेंब	उद्देश्यसको	1
ख्रीस्‍त	लागी	1
सोइश्‍शो	सन्‍देशवाहक	1
सेल्‍ती	बनाइएँ	1
मपथु	बोल्छु	1
पाइनुङ	ढाँट्दिन	1
लोव़	अन्यजातीहरूको	1
सेल्‍ती	हुँ	1
प्रार्थना	विना	1
पचा	क्रोध	1
माल्‍नीम	शंका	1
पोक्‍शा	उचाल्दै	1
प्रोव़शा	सरलता	1
प्रोव़शा	भद्रता	1
सुन	आत्मसंयमताकासाथ	1
मग्‍योम्‍समल	पहिरुन्	1
लामा	कपालको	1
प्रोव़शा	सृंगारपटार	1
वामी	पहिरेर	1
यावे	महिलालाई	1
मिम्‍ब	सुहाउने	1
मीश	भक्ति	1
मुर	देकखाउने	1
दाक्‍ब	कामहारूद्वारा	1
दाक्‍ब	सुसज्जित	1
कोंइनीम	होऊन	1
नेंशा	चुपचापसित	1
शेंसमल	सिकून्	1
शेंतीक	पुरुषमाथि	1
मगेनुङमी	दिन्‍न	1
हव्‍वा	हव्वा	1
मगाक्‍शो	छलिएका	1
सिल्‍चा	अपराधमा	1
पुंइसीशा	छलिएकी	1
मेकोपुकी	भद्रतासाथ	1
जरमेसे	जन्माउदा	1
कोव़ब	बिशपचाहिँ	1
मिम्‍ब	व्‍यवस्‍थित	1
बास	अथिति	1
राकसी	मतवाला	1
शांबु	रिसाहा	1
दुक्‍ब	भद्र	1
तुप्‍ब	नम्र	1
मचाप्‍ब	शान्तिप्रिय	1
पाइश्‍शो	रूपैयाँपैसाको	1
आंम	उसका	1
आलपुकी	छोराछोरीले	1
नु	आदरका	1
कोव़ने	जान्दैन	1
आन	मण्डलीको	1
कोव़ने	वास्‍ता	1
चाप्‍बा	सक्दछ	1
मचाप्‍ब	हुनुहुँदैन	1
लेश्‍शो	शैतानझैँ	1
लेश्‍शो	दण्डमा	1
दुम्‍ब	नपरून्	1
मसुइक्‍बपुकीमी	बाहिरको	1
कोव़ब	दृष्‍टिकोणमा	1
माल्‍नीम	हुनुपर्दछ	1
मदुम्‍त	शर्ममा	1
रेप्‍ब	नपरून्	1
थमा	त्‍यसैगरी	1
माल्‍नीम	होऊन	1
क्‍याल्‍ब	दुई-जिब्रे	1
तूब	पिउने्	1
क्‍येट	लोभी	1
मचाप्‍नीम	नहून्	1
थुंमी	गरिइएको	1
मिम्‍ने	शुध्‍द	1
चाप्‍ब	विवकले	1
कोव़चा	स्‍विकृत	1
खिंमी	तिनिहरूले	1
वोइक्‍ने	कलंकित	1
चाप्‍नेवे	हुनुहुँदैन	1
आ	त्‍यसैगरी	1
बाक्‍शा	होऊन्	1
मिम्‍ब	निन्‍दा	1
मेको	न्रम	1
गेय	विश्‍वासयोग्‍य	1
दुम्‍‍चा	व्‍यवस्‍थापान	1
ग्रुम्‍तीकेमी	गरेकाछन्	1
सेल्‍नीमी	प्रतिष्‍ठा	1
बारपाइक्‍नीमी	पाउँछन्	1
ग्रुम्‍नुङ	कहाँ	1
ब्रोंइचा	खाँबो	1
माल्‍नीमी	आड	1
तुइक्‍तमेक्‍ल	सही	1
तुइक्‍तमेक्‍ल	डोर्‍याइनु	1
मुर	तिमीलाई	1
बाक्‍नीम	लेख्‍दैछु	1
परमप्रभु	हुन्‍छौँ	1
सांकछी	धार्मिकताको	1
सोक्‍तीमी	प्रकटित	1
थम	सत्‍याता	1
ख्रुइश्‍शो	महान	1
रागीमी	पवित्र-आत्माद्वारा	1
गेप्‍तु	ठहरिनुभयो	1
नें	स्वर्गदूतहरूबाट	1
ताम्‍तेक्‍म	देखिनुभयो	1
रागी	जाति-जातिहरूको	1
शेंताक्‍मे	गरिनु	1
सुइक्‍तेक्‍म	गरिनुभयो	1
पुंइसाक्‍व	लगिनु	1
नाक्‍तीम	प्रष्‍टसँग	1
प्रोंइनीम	त्याग्‍नेछन्	1
शेंशो	भूतप्रेतका	1
नें‍नीम	शिक्षाहरू	1
नें‍नीम	तिर	1
”	दिनेछन्	1
थुं	झूटा	1
मिम्‍तीके	कपटहरू	1
खतम	ध्‍यान	1
दुम्‍ब	दिनेछन्	1
मिनु	विवेक	1
जोल	तातो	1
जोल	फलामले	1
शेंनीम	दामिनेछ	1
मदुम्‍ब	मनाही	1
शेंनीमी	जून	1
यावेमी	सत्यलाई	1
थमा	जान्‍ने	1
जचा	बाँडचुड	1
बाक्‍नीनी	सृष्‍टि	1
ब्‍वचा	गरिनु	1
ब्‍वचा	हुन्‍न	1
प्रार्थनामी	प्रार्थनाद्वारा	1
शेंताक्‍वी	राखीदियौ	1
दुम्‍नेवे	हुनेछौ	1
तुइक्‍ना	पछ्याएको	1
तुइक्‍ना	शिक्षाद्वारा	1
तुइक्‍न	पोषित	1
खोइक्‍नेवे	हुनेछौ	1
मुरुमी	स्‍त्रीहरूबाट	1
मरिम्‍शो	संसारिक	1
कथापुकी	कथाहरू	1
मनेनो	अस्वीकार	1
मिम्‍शा	भक्तिमा	1
दाक्‍शा	तालिम	1
रां	शारीरिक	1
दाक्‍तीके	भक्तिचाहिँ	1
सुइक्‍चा	स्वीकारको	1
जशा	संघर्ष	1
शेंतीक	कठिन	1
पाइनय	गर्छौँ	1
आन	विश्‍वासीहरूका	1
अरेशा	सिकाऊ	1
ठिटा	जवानीलाई	1
बाक्‍ते	तुच्‍छ	1
पतीकेमी	नठानोस्	1
मदि‍शोमी	तिमी	1
दुमो	व्यवहारमा	1
मजाक्‍ङा	नआउदासम्म	1
पढेशा	पढाईमा	1
नेंपाइक्‍ना	अर्ति	1
पाइक्‍न	ध्‍यान	1
पिया	हेला	1
खाल्‍पापुकीमी	एल्‍डरहरूले	1
तुइक्‍पाइश्‍शो	अगमवाणीद्वारा	1
इ	लागिबस	1
बारशो	प्रगति	1
बारशो	मानिसहरूको	1
तामेक्‍ल	सामू	1
प्रोंइनेवे	गर्नाले	1
आंम	आफुलाई	1
नेंब	सुन्‍नेहरूलाई	1
खाल्‍पा	वृद्धमानिसलाई	1
महुइक्‍तो	नहाप्काऊ	1
आफ	बाबुलाई	1
पावो	सम्‍झाऊ	1
ठिटा	जवानहरूलाई	1
खोदेंशो	भाइझैँ	1
इम्‍मा	आमालाई	1
मिम्‍तो	शुद्धतामा	1
समी	दिदीबहिनीलाई	1
युइ	नातिनातिनीहरू	1
मेकोपुकीम	घरानामा	1
कोंइचा	देखाउन	1
माल्‍नीम	सिकून	1
आफ	आमाबाबुहरूको	1
आस	ऋण	1
माल्‍नीम	चुकाऊन्	1
रिम्‍शो	तुल्‍याउने	1
मुर	एक्लै	1
रिम्‍शो	छोडिन्‍छन्	1
ला	आत्‍मा	1
मेकोमी	तिेनी	1
प्रार्थना	बिन्ती	1
पुंइन	रहन्‍छिन्	1
दला	मोजमस्तीको	1
सेस	जीउदै	1
दुम्‍ब	हुन्‍छिन	1
मपुंइसीब	निन्दारहित	1
मकोव़बा	विशेषगरी	1
मकोव़बा	घरानाहरूको	1
मकोव़बा	जुटाउदैन	1
सुइक्‍तीके	गरेको	1
दुम्‍ने	भन्दा	1
कोल्‍पाइश्‍शा	कामहरूले	1
आन	चिनिएको	1
गेशा	छोराछोरीहरूको	1
बास	गरेकी	1
बास	परदेशीहरूको	1
गेशा	गरेकी	1
चिक्‍शा	धोएकी	1
तुइश्‍शो	जुनसुकै	1
ठिटी	बिधवाहरुलाई	1
मीश	सूचीमा	1
मब्रेक्‍चा	लेख्‍न	1
हना	विरूद्ध	1
दाक्‍स	अघि	1
प्रेंताक्‍म	हार	1
प्रेंताक्‍म	खान्‍छन्	1
देंशो	प्रतिबद्धता	1
प्रोंइशा	तोडेर	1
दोस	दोषको	1
ताइब	वशमा	1
दुम्‍नीम	पर्छन्	1
हिरथ	अल्छी	1
अल्‍सी	तिनीहरूल	1
पामेक्‍ल	विरोधीहरूलाई	1
थिशा	गरेकोमा	1
मुरपुकीमी	नदिनको	1
गाक्‍चा	घरवार	1
मताइनीम	चलाऊन्	1
निक्‍शीमी	अघि	1
गोम्‍तेक्‍म	लागिसकेका	1
मुरपुकी	बिधवाहरू	1
पामेक्‍ल	गरून्	1
बेक्‍शा	बिधुवाहरूको	1
ताइब	सकोस्	1
पाइब	प्रशासन	1
शेंब	चलाउने	1
मान	आदरकायोग्य	1
माल्‍नीम	ठानिऊन्	1
ब्‍यफ	दाँइ	1
दांइ	गोरुको	1
पपाइश्‍शोनु	मुखमा	1
फुङला	मोहोलो	1
मपाइक्‍चा	नलगाऔ	1
गाल्‍च	कामदार	1
ताइब	ज्यालाको	1
मबाक्‍थु	बिना	1
ग्रुम्‍तीक	एल्डरको	1
खाल्‍पा	विरूद्ध	1
कली	लगाइएको	1
हुइक्‍तो	सुधार	1
नेंब	बाकी	1
नेल्‍लेमी	रहेकाहरू	1
हिंनीम	डराऊन्	1
अरेनुङ	निष्‍ठापूर्वक	1
अरेनुङ	नियमहरू	1
कुल	बिना	1
तार	कसैमाथि	1
वोइश्‍शा	राख्‍न	1
ब्रो	हतार	1
मगरो	नहोऊ	1
बाक्‍को	राख्‍नु	1
बाक्‍को	पर्छ	1
मतूङो	नपिउनू	1
कोव़ज	बरू	1
रोइ	त्‍यसको	1
कोव़ज	घरिघरि	1
मतूङो	बिमारको	1
ब्‍वाइश्‍शा	खाने	1
तुंइ‍सीब	देखिने	1
ताइनीम	पापहरू	1
तुंइ‍सीब	अघि	1
सजाइ	न्यायमा	1
तुंइ‍सीब	जान्छन्	1
तुंइसीब	जान्छन्	1
मोपा	त्यसैगरी	1
ख्रुइश्‍शा	अरूहरू	1
लीने	लुकाउन	1
मचाप्‍नीम	सकिन्‍नन्	1
वाइलीम	दासत्वको	1
वाइल	जुवामूनि	1
होव़प	आफ्‍ना	1
मान	मालिकहरूलाई	1
ताक्‍चा	सम्मानको	1
माल्‍नीम	सम्‍झून्	1
मुरपुकीमी	ताकिे	1
मसेल्‍नीम	निन्‍दित	1
ममाल्‍नुङ	भन्‍दैमा	1
ममाल्‍नुङ	अवहेलना	1
माल्‍नीमी	हुँदैन	1
सुमी	की	1
अरु	फरक	1
शेंबा	दिन्‍छ	1
मगारचा	अर्थात	1
शेंब	गर्दैन	1
मिम्‍ब	तिमीलेहरूले	1
दाक्‍ब	भक्तितर्फ	1
थुं	डोर्‍याउने	1
बाक्‍ब	शिक्षालाई	1
अरु	व्‍याक्ति	1
मजोक्‍ब	जान्दैन	1
बाक्‍नीम	विवादहरू	1
पोक्‍चा	बरेमा	1
तार	गरिने	1
पशा	तर्कहरूले	1
पोक्‍चा	गर्छ	1
पोक्‍चा	जेलिएको	1
मेकोपुकीमी	शब्दहरूले	1
जीब	कलह	1
मरिम्‍शो	बदनामी	1
मिम्‍ब	शंकाहरू	1
मेकोपुकीमी	भ्रष्‍ट	1
दातेमी	बीचमा	1
पोक्‍नीम	उत्‍पन्‍न	1
पोक्‍नीम	गराउँछन्	1
गशो	सत्यताबाट	1
मचाप्‍नीम	जान्‍छन्	1
दाक्‍चा	भक्तिलाई	1
दे	बाटो	1
मिम्‍नीम	सम्‍झन्‍छन	1
बोल्‍यो	सन्तुष्‍टि	1
थमा	सहितको	1
नाइक्‍तीक	लाभ	1
जरमेशोनु	संसारमा	1
मचाक्‍नय	ल्‍याउनौँ	1
मलाइक्‍नय	लान	1
फेक्‍चा	कपडाहरूमा	1
गाप्‍त	सन्तुष्‍ट	1
ग्‍येरसय	होऔँ	1
दाक्‍नीमी	चाहनेहरू	1
थाम्‍चा	परिक्षामा	1
पुंइसीशा	पर्छन	1
रेश्‍शो	फस्‍छन्	1
सेल्‍सीशो	मूर्ख	1
सेल्‍सीशो	हानिकारक	1
सेल्‍सीशो	वासनाहरूमा	1
सेल्‍सीशो	फस्छन्	1
सेल्‍सीशो	बरवादी	1
सेल्‍सीशो	विनाशमा	1
सेल्‍सीशो	दुब्छन्	1
क्‍येट	रूपैयाँ	1
दाक्‍ब	मोह	1
मरिम्‍शो	खराबीहरूको	1
मरिम्‍शो	जड	1
दाक्‍ब	चाह	1
निक्‍शीमी	मानिसबाट	1
प्रोंइशा	भडकाइएका	1
तूशो	छन्	1
खाइक्‍पाइक्‍तेक्‍म	पीडाले	1
तूशो	आफैलाइ	1
खाइक्‍पाइक्‍तेक्‍म	घोचेको	1
दाक्‍चा	विश्‍वासयोग्यता	1
मप्रोंइचा	धैर्यता	1
ब्रेम्‍शो	नम्रताको	1
मिम्‍तो	लाग	1
सुइश्‍शा	लडाई	1
ग्राङो	लड	1
दुम्‍ती	जसका	1
मिम्‍तो	बोलाइएका	1
मुर	गवाहाहरूको	1
सुइश्‍शो	त्‍यसको	1
पाप्‍तीवी	गवाहीको	1
ब्रोंइचा	अस्‍तित्वमा	1
गेब	ल्‍याउनु	1
पन्‍तीयस	पन्‍तियस	1
पिलातस	पिलातसको	1
रिम्‍शो	अघि	1
सांकछी	बोल्‍नुहुने	1
इ	तिमिलाई	1
अरेनुङ	आज्ञालाई	1
मजाक्‍म	नपरुन्जेल	1
मतामेक्‍ल	राख	1
तशा	सर्वशक्‍तिमान	1
प्रभु	परमेश्‍वार	1
ख्रीस्‍त	आगमनलाई	1
जाक्‍त	गर्नु	1
मबेक्‍ब	अमर	1
कोव़ने	नसक्‍ने	1
मचाप्‍नीमी	सक्दछ	1
मदुमीन	धनीहरूलाई	1
मदुमीन	धनमा	1
जाम्‍शा	अनिश्‍चित	1
ग्‍येरसीन	राखून्	1
मनुप्‍ब	काममा	1
हाइश्‍शो	उदार	1
गेब	बाडचुड	1
माल्‍नीम	भन	1
खोदेंशो	भण्‍डार	1
दुम्‍नीम	पक्रनेछन्	1
पावो	राख	1
जाम्‍शा	मूर्खतापूर्ण	1
लाइब	वातचित	1
पोक्‍तीक	विरोधाभाषपूर्ण	1
पोक्‍तीक	झुटो	1
पीब	तीबाट	1
लत	चुकेका	1
लील	रहिरहोस्	1
आस	तिमोथीलाईः	1
प्रभु	मुक्‍तिदाता	1
बाक्‍नीनी	सम्झिरहँदा	1
बाक्‍नीनी	चढाँउदछु	1
पिपी	गरेझैँ	1
मोदेंशो	विवेकले	1
पशो	गर्दछु	1
ङाक्‍शो	आँसुको	1
ग्‍येरपाइक्‍ब	भरिन	1
बगे	हजुरआमा	1
लोइसमी	लोइस	1
युनीसमी	युनिसमा	1
युनीसमी	विश्‍वस्त	1
मी	प्रज्वलित	1
मिम्‍पाइक्‍ब	अनुशासनको	1
मपावो	नसर्माऊ	1
फलो	पावल	1
सैतान	बोलावटमा	1
कोव़शा	कामहरूद्वारा	1
दाक्‍तीके	सुरुवातभन्दा	1
ब्रेत्‍ताक्‍व	प्रदान	1
रागीम	आगमनले	1
सोइश्‍शा	गरिदिएको	1
ग्राशा	मृत्युलाई	1
ग्राशा	पार्नुभयो	1
तुइक्‍पाइक्‍तु	ल्याउनुभयो	1
तुइक्‍पाइक्‍चा	त्यसैको	1
मोपतीके	सतावटमा	1
जाइनुङ	शर्माऊँदिनँ	1
मबेक्‍ङा	सुम्पेका	1
कोव़ने	राख्‍नुहुनेछ	1
रे	निर्देशनहरूको	1
तुइक्‍नेवे	अनुसरण	1
इं	जुन-जुन	1
तुइक्‍पाइश्‍शो	सुम्पनुभएको	1
खोतो	सुरक्षित	1
फीगेलस	तर्केर	1
तुइक्‍नेवे	गएका	1
दातेमी	समूहमा	1
फीगेलस	फुगेलस	1
हेरमोगेनेस	हर्मोगेनस	1
बाक्‍नीसी	पर्छन्	1
शुश	साङ्लाहरूको	1
पाप्‍तु	मानेनन्	1
जाक्‍दीश्‍शा	परिश्रमपूर्वक	1
माल्‍शा	खोजेर	1
थित्‍ती	भेट्टाए	1
मेकोमी	राम्ररी	1
सहरमी	एफिससमा	1
चाप्‍नीम	सुम्पिदेऊ	1
सिपाही	सिपाहीझैँ	1
लडाइ	सेनामा	1
सिपाहीपुकीमी	भर्ना	1
मपाइनीम	जीवनको	1
मुरपुकीम	सकोस्	1
दोरतीक	खेलमा	1
पा	भाग	1
दोरत	लिन्छ	1
ग्राने	नियमअनुसार	1
दोरतीक	नखेली	1
दोरतीक	मुकुट	1
दोरबमी	जित्‍न	1
ग्‍येरपाइक्‍ब	सन्देशमा	1
मेकोन	भनेअनुसार	1
आ	वंशबाट	1
सेंसाक्‍व	ख्रीष्‍टको	1
ग्‍येरपाइक्‍ब	अपराधीझैँ	1
साङलोम	बन्धनमा	1
पुंइसीशा	अवस्थासम्म	1
जाइनुङ	भोगेँ	1
दा	बन्धनमा	1
फाल्‍नुङ	सहन्छु	1
यो	महिमाका	1
तामेक्‍ल	गरून्	1
चाप्‍नीम	छः	1
बेक्‍तय	मर्‍यौँ	1
ब्रोंइनय	हुनेछौँ	1
श्‍येत	सह्‍यौँ	1
देंतय	गर्‍यौँ	1
प्रोंइतय	भएनौँ	1
मचाप्‍ब	गर्नुहुन्‍न	1
फ्रुक्‍पाइक्‍मी	दिलाऊ	1
मजिने	तर्क-वितर्क	1
मजिने	नगर	1
वाम	सुन्‍नेहरूलाई	1
ग्‍याम	नोक्सान	1
दुम्‍नीम	पुग्‍छ	1
शेंतीके	वचनलाई	1
शेंतीके	होसियारीसाथ	1
शेंचा	शर्माउन	1
काइ	नपर्ने	1
मुने	कामदारजस्तै	1
ङोंइती	स्वीकारयोग्य	1
कली	भरमग्दुर	1
बल	प्रयत्‍न	1
जाम्‍शा	भक्‍तिहीन	1
ङोन	भक्‍तिहीनतातर्फ	1
दुम्‍पाइक्‍नीम	डोर्‍याउँछ	1
राक्‍शो	सइनको	1
गार	घाउजस्तै	1
बाक्‍ब	फैलिनेछ	1
फिलेतस	फिलेतस	1
शेंतीक	सत्यताबाट	1
प्रोंइशा	हराइरहेका	1
नुप्‍शो	भइसकेको	1
शेंनीस	भन्दछन्	1
शेंनीस	तिनीहरूमध्‍ये	1
निक्‍शी	कतिको	1
बेक्‍‍पाइक्‍ताक्‍से	खल्बल्याइरहेका	1
थोव़शो	सहितको	1
थोव़शो	दृढ	1
थोव़शो	लिन्छ	1
थोव़शो	अधर्मबाट	1
ठेयब	सम्पन्‍न	1
के	भाँडाहरू	1
ममाइ	हुदैनन्	1
शी	माटा	1
मरिम्‍शो	अनादरको	1
पशो	अनादरयोग्‍य	1
शोव़शा	प्रयोगबाट	1
ताइबा	पार्दछ	1
गेंसीशो	उपयोगी	1
ठिटी	जवानीको	1
ठिटा	अभिलाषाबाट	1
पाइबपुकी	पुकार्नेहरूसँगै	1
हिक्‍सी	मूर्ख	1
मलाप्‍चा	अज्ञानी	1
जितीके	प्रश्‍नहरूले	1
पोक्‍ब	ल्याउँछन्	1
जितीके	तिनबाट	1
दुम्‍चा	झगडा	1
माल्‍ब	गर्नुहुँदैन	1
शेंबमी	दयालु	1
फाल्‍चा	धैर्यवान्	1
जिचा	उहाँका	1
पोक्‍ब	विरोधीहरूलाई	1
सेल्‍चा	सुधार्ने	1
लेप्‍पाइश्‍शा	सायद	1
तुइक्‍पाइक्‍ब	ज्ञानको	1
कों	दिनुहुनेछ	1
ग्‍याइश्‍शा	पासोबाट	1
पपदानु	उम्किएर	1
रे	चेतना	1
प्रोक्‍मल	फर्किनेछ	1
हिंचा	खतरापूर्ण	1
मटिथु	धनका	1
मदेंथु	प्रेमी	1
मटिथु	घमण्डी	1
गे	हठी	1
गेनायो	अरूको	1
मटिथु	नमान्‍ने	1
पापम	कृतघ्‍न	1
बाक्‍नीम	अपवित्र	1
मदाक्‍नीम	प्रेमरहित	1
कली	निन्दा	1
मदाक्‍नीम	गर्नेहरू	1
ईख	आत्म-नियन्त्रण	1
पाइ‍नीम	नरुचाउने	1
जोक्‍नुङ	जिद्धिवाल	1
लोव़	प्रेमको	1
मनेंनीम	साटो	1
मनेंनीम	सुखविलास	1
दला	रुचाउने	1
मबाक्‍तीके	भक्‍तिमय	1
देंखु	देखिनेछन्	1
मबाक्‍तीके	इन्कार	1
दातेमी	मानिसहरूमध्ये	1
नेंपाइक्‍नीम	मूर्खताले	1
दला	भरिएका	1
दाक्‍स	विभिन्‍न	1
पापम	पाप-स्वभावले	1
ग्रुम्‍शो	थिचिएका	1
चलेस	अभिलाषाले	1
मजोक्‍ब	प्रभावित	1
नेंपाइक्‍नीम	पार्छन	1
नेंतेक्‍म	सिक्‍न	1
शेंतीक	ज्ञानमा	1
रुम्‍ने	आउन	1
यन्‍नस	यान्‍नेस	1
याम्‍ब्रेस	याम्ब्रेस	1
मुरपुकीमी	शिक्षकहरू	1
शेंतीके	सत्यको	1
मबाक्‍ब	हुन्छन्	1
मूर्ख	भ्रष्‍ट	1
मताइनीम	सक्दैनन्	1
यम्‍ब्रस	मूर्खता	1
तुइक्‍नीम	हुनेछ	1
मिम्‍तीके	आचरण	1
फाल्‍तीके	धैर्य	1
ताप्‍तीवी	सहनशक्‍ति	1
ताप्‍तीवी	दुःखभोग	1
आइकोनीयम	आइकोनियन	1
जङा	आइपरेका	1
पशो	अनुकरण	1
तन्‍न	सतावटहरू	1
तन्‍न	सहेँ	1
नेल्‍ल	सबैबाट	1
प्रोंइती	दिनुभयो	1
परमप्रभु	भक्‍तिमा	1
ब्रोंइनीमी	चाहने	1
मेकोपुकी	मान्छे	1
मिक्‍च	ठगाहाहरू	1
सिल्‍चा	बनाउँछन्	1
मिक्‍च	अरूद्वारा	1
पुंइसीनीम	पारिन्छन्	1
गे	तिमीचाहिँ	1
मेको	बलियोसँग	1
सु	कसबाट	1
शेंने	सानैदेखि	1
मेको	तिमीलाई	1
प्रोंइचा	मुक्‍तिमा	1
शेंने	बुद्धिमान्	1
शेंने	तुल्याउन	1
यावेमी	सम्‍पूर्ण	1
गेशो	पवित्र-शास्‍त्र	1
शेंचा	सिद्धान्तको	1
हुइक्‍चा	देखाउनको	1
सेल्‍चा	सच्‍याउनको	1
सेल्‍चा	तालिम	1
सुइक्‍तीक	लाभदायक	1
मुरपुकीमी	सक्षम	1
पामेक्‍ल	सुसज्जित	1
जाची	सामने	1
ना	जिउँदा	1
पाइब	लाग्‍नुभएको	1
जाक्‍चा	प्रकटीकरण	1
राज्‍य	ध्यानमा	1
जाची	राखेर	1
मुर	कडा	1
नेंचा	सजिलो	1
दाक्‍ताक्‍म	असजिलो	1
बारपतो	बस	1
शेंदो	हप्काऊ	1
नेंचा	सहने	1
मदाक्‍नीम	छैनन्	1
दला	अभिलाषाअनुसारको	1
नोफा	शिक्षकहरूबाट	1
दाइश्‍शा	घेरिनेछन्	1
शेंबपुकी	सुन्दछन्	1
सेल्‍शो	कान	1
नेंनीम	फर्काउनेछन्	1
नेंनीम	कथातिर	1
नेंनीम	लगाउनेछन्	1
ग्‍येरपाइक्‍ब	प्रचारकको	1
चढ़ेशो	अगिबाट	1
लची	अर्पित	1
लची	बिदाइको	1
दाम	राम्रो	1
दाम	प्रतिस्पर्धामा	1
दाम	लिएको	1
ग्राती	दौड	1
ग्राती	सिध्याएको	1
मप्रोंइथु	जोगाइराखको	1
नाक्‍तीम	धर्मिकताको	1
सिरपेच	धार्मिक	1
सिरपेच	न्यायाधीश	1
जाक्‍शो	आगमनलाई	1
दाक्‍नीमी	ठान्‍ने	1
रीब	जतिसक्दो	1
जाक्‍को	आऊ	1
प्रोंइती	छोडिदिए	1
थिस्‍सलोनिकी	वर्तामान	1
क्रेसेन्‍स	क्रेसेन्स	1
गलातीया	गलातियामा	1
डाल्‍मातीया	तीतसचाहिँ	1
लाम्‍ताक्‍स	दलमातियामा	1
मर्कूस	तिमीसँगै	1
पिश्‍शा	मकहाँ	1
सहरमी	कार्पससित	1
फेक्‍तीक	छाडेका	1
प्रोंइता	किताबहरू	1
फेक्‍तीक	चर्मपत्रका	1
प्रोंइता	मुट्ठाहरू	1
अलेक्‍जन्‍डर	तमौटे	1
तांबा	अलेक्जेन्डरले	1
तुप्‍तीलमी	मप्रति	1
गेती	गरेको	1
सजाइ	इनाम	1
जिचा	जोडदारसँग	1
पोक्‍तु	खडा	1
मुददाम	प्रतिरक्षामा	1
मपाम	दिएन	1
प्रोंइतीमी	छाडे	1
मगेवल	नभएको	1
बाक्‍शा	बल	1
सक्ति	गैरयहूदीहरूले	1
गेती	पाऊन्	1
प्रोंइती	पाएँ	1
प्रिस्‍कीला	प्रिस्किला	1
देनो	सुनाइदेऊ	1
सहरम	बसे	1
मिलेटस	मिलेटसमा	1
वोइक्‍ता	छोडेँ	1
क्‍येङा	लाग्‍नुभन्दा	1
रीब	कोसिस	1
युबुलसमी	युबुलसले	1
पुडेन्‍स	पुडेस	1
लिनस	लिनस	1
क्‍लौदीया	क्लौडिया	1
सुइक्‍चा	स्थापित	1
तुइश्‍शो	ज्ञानलाई	1
दुम्‍ती	भक्‍तिसित	1
दुम्‍ती	हुँदछ	1
दुम्‍मेनु	निश्‍चयतामा	1
गो	झुटरहित	1
ब्रोंइनय	युगभन्दा	1
यावेम	आदेशअनुसार	1
शेंदीमी	सन्देशद्वारा	1
तुइक्‍पाइक्‍तु	प्रस्ट	1
तीतस	साझा	1
सुइक्‍तीक	साँचा	1
दुम्‍ते	तीतसलाई	1
क्रेट	नभएका	1
पपतो	व्यवस्थित	1
सहर	गरेबमोजिम	1
अरेतन	उद्देश्यले	1
टापुमी	क्रेटमा	1
अरेतन	छोडेँ	1
खाल्‍पापुकी	एल्डर	1
का	पत्‍नीका	1
मपुंइसीब	अनुशासनहीनहरूको	1
पाइश्‍शो	नपर्ने	1
माल्‍ब	हुनका	1
लेश्‍शो	नझर्कने	1
गाइक्‍ब	नियन्‍त्रित	1
राकसी	क्रोधित	1
तूशा	लत	1
दुक्‍ब	नलागेको	1
माल्‍ब	झैझगडा	1
माल्‍ब	हुनु	1
कोव़ब	अतिथि	1
गेब	सत्कार	1
दाक्‍ब	सोको	1
दाक्‍ब	मित्र	1
तुइक्‍ब	संवेदनशील	1
चलेस	आत्म-संयमी	1
शेंशा	वचनको	1
अरेने	सिद्धान्तमा	1
अरेने	दह्रोसँग	1
चाप्‍नीम	लाग्‍नुपर्छ	1
दूली	सिद्धान्तद्वारा	1
कली	सकून्	1
सेल्‍ने	हप्‍काउन	1
चाप्‍नीम	सकून्	1
शें‍शो	अनुसाशनहीन	1
शें‍शो	विशेष	1
लोव़	खतना	1
मटीबपुकी	गरेकाहरू	1
ख्रोइक्‍तीक	छल	1
बाक्‍नीम	डोर्‍याउँछन्	1
ब्‍वालेइ	रोक्‍न	1
खिं	निर्लज्‍ज	1
खिं	लाभका	1
जिपाइक्‍नीमी	सिकाउनु	1
जिपाइक्‍नीमी	सिकाउँछन्	1
जिपाइक्‍नीमी	परिवारलाई	1
क्‍येट	बर्वाद	1
चेम्‍चा	पारि	1
शेंनीमी	दिन्छन्	1
क्रेट	तिनीहरूमध्येका	1
टापु	बुद्धिमान	1
क्रेट	क्रेटका	1
गेना	नरोकिकन	1
पाइब	बोल्नेहरू	1
शुश	खतरनाक	1
ब्‍वाइब	जनावर	1
अल्‍सी	पेट	1
अल्‍से	भएकाहरू	1
मोपतीके	भनाई	1
आन	कडाइका	1
अरेवो	सुधार	1
मुरुम	कथामा	1
अरेशो	आदेशहरूमा	1
नेंचा	खेर	1
मदुम्‍ब	नफाल	1
ग्रांग्रा	प्रदूषित	1
मबाक्‍ब	हुदैन	1
मरिम्‍शो	प्रदूषित	1
तुइक्‍नुङ	भन्छन्	1
मतुइक्‍ब	उहाँलाई	1
दिचा	अनाज्ञाकारी	1
पने	कामका	1
मचाप्‍नीम	ठहरिदैनन्	1
चहिं	सिद्धान्तसँग	1
ठीक	मिल्ने	1
शेंदीमी	भन्‍नू	1
शेंचा	पुरुषहरू	1
माल्‍नेवे	संयम्	1
मिम्‍ब	समझदार	1
खाल्‍पी	त्यसैगरी	1
खाल्‍पी	वृद्धा	1
माल्‍नीम	कुरौटे	1
तूचा	पिइरहनु	1
माल्‍नीमी	हुदैन	1
आल	तजवान	1
आल	सोचमा	1
दाक्‍चा	सन्तुलित	1
दुम्‍चा	गृहिणी	1
पाम्‍तेक्‍म	सिकाउनुपर्छ	1
मपाइनीमी	नगरियोस्	1
वोंइश	पुरुषहरूलाई	1
सुइक्‍बपुकी	नमुनाको	1
थमा	प्रस्तुत	1
कोंइचा	सिकाउँदा	1
शेंदीनु	शुद्धता	1
शेंदीनु	प्रतिष्‍ठा	1
हेंथे	निन्दा	1
मपथु	बोली-वचन	1
माल्‍नेवे	देखाऊ	1
शेंताक्‍वी	सच्याउनु	1
दोस	नपर्ने	1
गेने	शब्दहरू	1
मचाप्‍नीम	बोल	1
पचा	शर्म	1
मताइनीम	ल्याओस्	1
वाइल	दासहरूले	1
मेकोपुकीम	नगरून्	1
गेयमी	नचोरून्	1
शेंतीके	परमेश्‍वरबारेको	1
लोव़	हरतरहले	1
कोंइनीमी	आकर्षक	1
कोंइनीमी	बनाऊन्	1
प्रोंइचा	खुसीसाथ	1
यावे	मुक्‍तिदाता	1
नेल्‍ल	हरेककहाँ	1
तपांइसाक्‍व	सक्षम	1
मपचा	संसारिक	1
।	इच्छाहरूलाई	1
हिंचा	युगमा	1
शेंब	समझदार	1
,	धार्मिक	1
ग्रूब	जिउन	1
रिम्‍नय	तालिम	1
रिम्‍नय	दिन्छ	1
मटितीके	अधार्मिकताबाट	1
गेय	इच्छुक	1
पपाइक्‍चा	मूल्यवान	1
शेंदीमी	भन	1
अरेवो	सच्याऊ	1
मचाप्‍ब	अनादर	1
ठिटामी	नगरोस्	1
सरकार	अधिकारीहरूका	1
अधिकार	अधिनमा	1
पाइश्‍शो	रहन	1
टिचा	मान्‍न	1
सुइक्‍बपुकी	कामका	1
माल्‍नीम	बस्‍न	1
जिचा	तर्कवितर्कबाट	1
काइ	अलग	1
मपचा	रहन	1
फाल्‍चा	चल्न	1
मलेत्‍थु	नम्रता	1
माल्‍नीम	दिलाऊ	1
ङोंइती	लापरवाह	1
मरुप्‍ब	अनाज्ञाकारी	1
बाक्‍तय	बरालिएका	1
दाक्‍तय	प्रकारका	1
दाक्‍तय	इच्छाहरू	1
दला	विलासिताको	1
दाक्‍स	दासत्वमा	1
ग्रांग्रा	दुष्‍टता	1
दिचा	ईर्ष्यामा	1
बाक्‍तय	जिउँथ्यौँ	1
गेहे	घृणित	1
गोपुकी	अर्कालाई	1
मदाक्‍मुय	थियौँ	1
पतीके	उद्धारकको	1
जाक्‍त	मानवजातिप्रति	1
जाक्‍त	पर्‍यो	1
शिशीमी	कृपाअनुसार	1
सेल्‍तु	जन्मको	1
प्रोंइतु	स्‍नान	1
प्रोंइतु	नविकरणद्वारा	1
मोइक्‍तु	उद्धारक	1
आ	मात्रामा	1
मोइक्‍तु	खन्याउनुभयो	1
सेल्‍तु	ठहरिएर	1
शिरशो	जीवनको	1
दुम्‍तय	उत्तराधिकारीहरू	1
दुम्‍तय	भयौँ	1
शुश	‍दृढतासाथ	1
शेंदो	बलेको	1
मुरपुकी	राख्‍नुभएको	1
होस	कामहरूतिर	1
होस	लगाऊन्	1
गारचा	फाइदाजनक	1
बङसावली	व्यवस्थाबारेको	1
शेंतीके	मूर्खतापूर्ण	1
अरेतीक	वादविवादहरू	1
गाइक्‍पाइक्‍ब	वंशावलीहरू	1
पोक्‍ब	द्वन्दबाट	1
बाक्‍को	रहनू	1
जाम्‍शा	बेफाइदाका	1
सम्‍म	पटकको	1
पावो	पश्‍चात	1
मेको	बिचमा	1
ङोन	जो-कोहीलाई	1
पतीकेमी	मनिस	1
खतम	सही	1
सेल्‍ब	मार्गबाट	1
बाक्‍नीम	भड्केको	1
तुइक्‍नेवे	दोष्याउँछ	1
अरतीमास	अर्तिमास	1
ग्रुम्‍चा	तिमीकहाँ	1
सोइक्‍ताक्‍ङ	पठाउँछु	1
सोइक्‍ताक्‍ङ	चाँडो	1
ग्रुम्‍चा	निकोपोलिसमा	1
हिउंदमी	हिउँद	1
चीनास	चाँडो	1
चीनास	कानुनका	1
वोकील	ज्ञाता	1
वोकील	जेनास	1
आपोल्‍लोस	अपोल्‍लोसलाई	1
निक्‍शीम	चाहिने	1
गेम्‍सी	पठाऊ	1
मुरपुकीमी	अत्यावश्‍यक	1
यो	खाँचाहरू	1
शेंसीचा	लाग्‍न	1
माल्‍नीमी	सिक्‍नुपर्छ	1
दुम्‍नीम	नहोऊन्	1
माइक्‍मी	भनिदेऊ	1
फिलेमोन	साथी	1
गारशा	सङ्गी-सहकर्मी	1
फिलेमोन	फिलेमोनलाई	1
समी	बहिनी	1
आप्पीया	अप्फिया	1
पल्‍टन	सङ्गी-सिपाही	1
आप्पीया	अर्खिप्पस	1
फिलेमोन	सम्झना	1
मारदे	प्रभु	1
सुइश्‍शो	विश्‍वासीहरूप्रति	1
आ	प्रेमको	1
पाइनेवे	हामीमा	1
पवी	ज्ञानको	1
पाइनेवे	प्रभावकारी	1
,	सकोस्	1
कली	प्रेमले	1
थुं	ज्यादै	1
बारना	दिएको	1
ग्‍येरसाक्‍यी	ताजा	1
अधिकार	साहस	1
ओनेसीमस	ओनेसिमसको	1
ग्रुम्‍ता	गरिरहेछु	1
ओनेसीमस	बुबा	1
दुम्‍त	बनेँ	1
पाइक्‍ती	नलाग्‍ने	1
नुपाइक्‍चा	दुवैको	1
तुइश्‍शा	लाग्‍ने	1
पावलन	तिमीकहाँ	1
सेल्‍चा	मसँगै	1
थुं	राख्‍न	1
पपाइश्‍शा	अनुमतिविना	1
वोतो	केही	1
मवोदु	चाहन्‍नँ	1
वारच	काम	1
पाइय्‍यीनी	जबरजस्ती	1
मदेंथु	गर्दिनँ	1
वारच	राजीखुसीले	1
ग्‍येरसीनुङ	चाहन्छु	1
ओनेसीमस	सायद	1
खिं	सदाको	1
गाक्‍शो	तिमीबाट	1
आंम	दासभन्दा	1
क्‍यी	अधिक	1
मिम्‍तो	ग्रहण	1
मोदेंशो	प्रभुमा	1
ओनेसीमस	स्वीकार	1
थाप्‍चा	भुल	1
मेको	लगाऊ	1
माल्‍शो	तिर्नुपर्ने	1
गारपाइक्‍नुङ	राखिदेऊ	1
ब्रेक्‍ताक्‍ङ	लेख्‍दै	1
नेल्‍ल	तिमीलाई	1
गोमी	उल्‍लेख	1
देंनुङ	मप्रति	1
वोबु	गरिदेऊ	1
ग्‍येरपाइय्‍यी	ताजा	1
ग्‍येरपाइय्‍यी	पारिदेऊ	1
नेंशा	पालन	1
ब्रेक्‍ताक्‍न	पत्र	1
ब्रेक्‍ताक्‍न	लेख्दै	1
ब्रेक्‍ताक्‍न	गर्नेछौ	1
गेपुकीमी	मेरो	1
ग्रूचा	कोठा	1
तवल	तयार	1
पाइनीनी	चाँडै	1
ग्रूचा	भेट्न	1
बाक्‍ती	सक्‍नेछु	1
जेल्‍खानमी	मसित	1
काथा	कैदी	1
डेमास	डेमास	1
लूकामी	लूकाले	1
थुंमी	आत्मासित	1
पाइबाक्‍माक्‍त	बोल्नुभयो	1
ङा	दिनहरूमा	1
तौ	पुत्रद्वारा	1
पाप्‍तु	बोल्‍नुभएको	1
अधिकार	नियुक्त	1
गेशो	गरिनुभएको	1
सेला	बनाउनुभयो	1
तौ	परमेश्‍वरलको	1
आफ	स्वभावको	1
सक्ति	सार	1
कोव़न	पक्रिराख्‍नुभएको	1
क्‍याम्‍तीक	शुद्धेइँ	1
थुम्‍शा	गर्नुपछि	1
निश्‍शो	हुनुभएको	1
स्‍वर्ग	स्वर्गदूतहरूभन्दा	1
ठेयब	उत्तम	1
स्‍वर्ग	स्वर्गदूतहरूमध्ये	1
जरमेशो	जन्मेकालाई	1
सोइक्‍तानु	ल्याउनुहुँदा	1
सेल्‍मेक्‍ल	गर्नैपर्छ	1
ब्रशो	दासहरूलाई	1
फश	ज्वाला	1
सेल्‍नुङ	बनाउनुहुन्छ	1
राज्‍य	सिंहासन	1
मरिम्‍शो	अधर्मलाई	1
मदाक्‍नीनी	घृणा	1
पियामी	आनन्दको	1
क्‍येङा	आदिमा	1
वोइक्‍तीनी	बसाल्नुभयो	1
सरीङ	स्वर्गहरू	1
गुइ	हातका	1
बाक्‍नीनी	रहिरहनुहुनेछ	1
सेल्‍शोपुकी	लगाइने	1
माइत	कपडाका	1
वा	टुक्राझैँ	1
जेक्‍शा	झुत्रा	1
फेक्‍तीक	लबेदाजस्तै	1
मुक्‍शो	बेर्नुहुनेछ	1
फाइश्‍शो	टुक्राझैँ	1
मफांइसीथु	उस्तै	1
मफांइसीथु	तपाईंका	1
मफांइसीथु	वर्षहरूको	1
गेय	कहिल्‍यै	1
पाइब	यस्तो	1
मवोदुमी	बनाउँदिनँ	1
क्‍याम्‍चा	पाउनेहरूको	1
मनमी	आत्माहरू	1
थुंमी	सबैभन्दा	1
माल्‍ब	दिनुपर्छ	1
थुंमी	यसबाट	1
मवोइक्‍तय	बहकिएर	1
साम्‍नय	जानुहुँदैन	1
पाइबपुकीम	बोलिएको	1
पाइबपुकीम	सन्देशको	1
थमा	मान्यता	1
मटीमे	उल्लघङ्न	1
मेकोपुकीमी	अनाज्ञाकारीहरूले	1
ताम्‍तेक्‍म	पाउँछन्	1
ममिम्‍ताक्‍य	बेवास्‍ता	1
ममिम्‍ताक्‍य	गर्‍यौँ	1
चाप्‍नया	उम्कन	1
ठेयब	मुक्‍ति	1
प्रभुमी	पल्ट	1
तुइक्‍पाइश्‍शो	प्रभुद्वारा	1
पपाइश्‍शो	यसलाई	1
सांफा	वितरणद्वारा	1
सांकछी	गरिदिनुभयो	1
राज्‍य	गरिराखेको	1
राज्‍य	आउँदो	1
चहिं	संसारलाई	1
मगेशो	राख्‍नुभएन	1
मिम्‍नीनी	ख्याल	1
जरमेशो	छोरो	1
कोव़नीनी	गर्नुहुन्छ	1
इच्‍ची	स्वर्गदूतभन्दा	1
वोइक्‍तीनी	;	1
इच्‍ची	पहिराउनुभएको	1
नोले	नोटः	1
सिरपेच	पुरानो	1
गुप्‍चा	संस्करणले	1
गुप्‍चा	थप्छ	1
गेशा	तपाईंका	1
सिरपेच	हातका	1
गुप्‍चा	कामहरूमाथि	1
सेल्‍तीनी	राख्‍नुभएको	1
अधिकारम	अधीनमा	1
गेतीनी	राख्‍नुभएको	1
जिम्‍मा	मानव-जातिको	1
गेशा	अधीनतामा	1
लोव़मी	राख्‍नुभएको	1
कोव़ब	मानिसबाट	1
रुम्‍सीब	दिनुभएन	1
मुल	चिज	1
मरुप्‍नय	देख्दैनौँ	1
पुंइसीतीके	समयको	1
सिरपेच	स्वर्गदूतभन्दा	1
गुप्‍शो	बनाइएको	1
स्‍वर्ग	दुःख	1
क्‍येङा	ख्रीष्‍टलाई	1
आइक्‍च	पहिराइएको	1
कली	ख्रीष्‍टले	1
गेप्‍तु	चाख्‍नुभयो	1
ब्रोंइतीक	उपयुक्त	1
श्‍येत	छोराहरू	1
जपाइश्‍शा	ल्याइँदा	1
जपाइश्‍शा	दुःखद्वारा	1
जपाइश्‍शा	मुक्‍तिलाई	1
जपाइश्‍शा	अगुवा	1
सेल्‍तु	बनाइनुभयो	1
ब्रोंइब	गरिएकाहरू	1
दुम्‍तेक्‍म	स्रोतबाट	1
मुने	बोलाउन	1
मपाइब	शर्माउनुहुन्‍न	1
दातेमी	बिचबाट	1
पाइनुङ	गाउनेछु	1
सुइक्‍‍नुङ	गर्नेछु	1
हुश	परमेश्‍वरका	1
रुश	बाँड्नुभयो	1
बेक्‍पाइक्‍ब	सहेर	1
पोक्‍चा	भएकोलाई	1
आंमन	शैतानलाई	1
बेक्‍त	पार्नुभयो	1
सक्ति	डरद्वारा	1
मबेक्‍म	दास	1
बेक्‍चा	जिएकाहरूको	1
हिंचा	स्वतन्त्रता	1
पशो	सन्तानको	1
लोक्‍ब	भाइहरूजस्तै	1
शिशी	कुराहरूसम्बन्धी	1
पाइब	दयापूर्ण	1
गेनायो	हुनुभई	1
गेनायो	सक्‍नुभयो	1
थाम्‍चा	पर्नेहरूलाई	1
पुंइसीशो	बोलावटमा	1
बाक्‍नीनी	साझेदार	1
योव़ब	नियुक्त	1
सेल्‍ब	बनाउनेको	1
मुरुम	कोहीद्वारा	1
सेल्‍ब	बनाउने	1
तुइक्‍पाइक्‍तीक	एकातिर	1
गेय	सेवकजस्तै	1
गेय	भएर	1
पाइब	भविश्यमा	1
तुइक्‍पाइक्‍तीक	बोलिने	1
खिंमी	घरानाको	1
आ	जिम्मा	1
,	लिनुभएको	1
मप्रोंइतय	रहन्छौँ	1
मप्रोंइतय	गर्वसाथ	1
मप्रोंइतय	सक्छौँ	1
रागीम	परीक्षाको	1
किकी	विद्रोह	1
पिपीम	विद्रोह	1
थुं	पुस्तासँग	1
जिक्‍त	अप्रसन्‍न	1
गेना	जहिले	1
हेंथे	हृदयबाट	1
गाक्‍नीम	तर्किएर	1
चुरशा	खाएः	1
सुइ	तर्काएर	1
फ्राशा	नलैजाओस्	1
रेन	आजको	1
किंत	अर्कोलाई	1
मदुम्‍यल	छलकपटको	1
क्‍याल्‍शा	पापद्वारा	1
मदुम्‍यल	नपारोस्	1
सम्‍म	भरोसालाई	1
मप्रोंइतय	बलियोसँग	1
मप्रोंइतय	राख्यौँ	1
थुं	हुन्छौँ	1
मटिशो	विद्रोहमा	1
नमी	आवाज	1
ग्रुंइशा	निकालेर	1
पिश्‍शोपुकी	ल्याएकाहरू	1
सम्‍म	रिसाउनुभएको	1
पाइबपुकी	गर्नेहरूसित	1
बाक्‍तेक्‍म	शरीरहरू	1
दे	कोसँग	1
जशो	खानुभएको	1
मटीब	नमान्‍नेहरू	1
मोपतीके	अविश्‍वासको	1
मतामे	नसकेको	1
बाक्‍त	देख्दछौ	1
बाक्‍य	होऔँ	1
मटीमे	विश्राममा	1
होस	गर्नदेखि	1
पांइसय	वञ्‍चित	1
नेंपाइश्‍शो	सुनाइएको	1
तन्‍न	सुन्‍नेहरूले	1
दुम्‍त	विश्‍वाससाथ	1
मसुइक्‍थु	संस्करणमा	1
मटिशो	पढ्छौँ	1
मटिशो	सुन्‍नेहरू	1
नेंबपुकीमी	विश्‍वासविना	1
मसुइक्‍थु	सहभागी	1
मटिशो	फाइदा	1
ताइनय	गर्नेछौँ	1
थुं	मेरो	1
आन	यद्यपि	1
राज्‍यमी	उत्‍पत्तिमा	1
वोइक्‍ने	सृष्‍टिका	1
थुम्‍शो	भइसकेका	1
नाइक्‍से	कामबाट	1
नाइक्‍से	विश्राम	1
नेंबपुकीमी	विश्राममा	1
ताइनीम	कसैका	1
ङा	इस्राएलीहरूले	1
नेंबपुकीमी	सुने	1
मटिथु	आज्ञापालन	1
मटिथु	नगरेको	1
ओव़चा	विश्राममा	1
अर्को	निश्‍चित	1
वोइक्‍ब	ठहराउनुभएको	1
बर्स	दिनपछि	1
दाऊद	दाऊदद्वारा	1
ब्रेक्‍पाइश्‍शो	बोल्नुभयो	1
नाप्‍खे	अगिबाटै	1
यहोसुमी	यहोशूले	1
चाक्‍दीन्‍ने	विश्राम	1
चाप्‍शो	दिएका	1
ममाल	बोल्नुहुने	1
ताइबा	लिन्छ	1
ताइब	लिनुभयो	1
माल्‍य	गर्नका	1
मलमल	प्रयत्‍न	1
मलमल	गरौँ	1
मटिथु	अनाज्ञाकारितामा	1
माल्‍य	परे	1
निम्‍फा	क्रियाशील	1
पटटी	दुईधारे	1
तरवार	तरवारभन्दा	1
रुश	मासीलाई	1
तिल्‍ब	अलग	1
तिल्‍ब	गर्दछ	1
मिम्‍तीके	छेड्दछ	1
तिल्‍ब	भावना	1
नेल्‍ल	विचारहरूको	1
सुइमी	सृष्‍टिको	1
ख्रुइक्‍ने	लुकेको	1
मिम्‍शो	छर्लङ्गै	1
तांइसीब	दिनुपर्छ	1
ठेयब	भएर	1
बोल्‍यो	दृढतासाथ	1
मप्रोंइय	थामिराखौँ	1
चढ़ेबमी	कमजोरीहरूमा	1
चाप्‍तीक	नसक्‍ने	1
चाप्‍तीक	हुनुहुन्‍न	1
मपव	पापरहित	1
ङोंइती	सिंहासनमा	1
पपांइसीशा	खाँचोको	1
चढ़ेबपुकी	पुजारी	1
चढ़ेबपुकी	मानिसहरूकै	1
पुंइसीशो	छानिएको	1
गारपाइक्‍चा	थोकहरूसम्बन्धी	1
भेटी	बलि	1
भेटी	उपहारहरू	1
मार	बलिदानका	1
मार	काम	1
चढ़ेनीम	सक्छन्	1
मतुइक्‍ब	अजान	1
लां	कमजोरहरूसँग	1
गाक्‍ब	नम्रतापूर्वक	1
चाप्‍ब	गर्नुपर्दछ	1
आंमन	कमजोरीबाट	1
मोदेंशो	घेरिएका	1
मोपतीके	यसकारणले	1
क्‍याम्‍चा	पापका	1
माल्‍नीम	माग	1
आंमन	आफैँले	1
आंमन	लिन	1
योव़ब	बोलाइएको	1
सेल्‍सीशो	बनाइएको	1
इ	न	1
आंमन	उचाल्नुभयो	1
थीतन	बोलिरहनुहुनेले	1
खाल	दर्जाअनुसारको	1
पुना	सक्‍नुहुने	1
हिंशा	क्रन्दन	1
सेंब	आँशुकासाथ	1
पुना	निवेदन	1
पुंइशो	आदरको	1
तवा	सुन्‍नुभयो	1
दुम्‍शा	हुनुभएर	1
श्‍येत	भोगेको	1
जतीक	कष्‍टबाट	1
टिचा	आज्ञापालन	1
शेंसे	सिक्‍नुभयो	1
दुम	बनाइनुभएपछि	1
पाको	हुने	1
दुम	हरेकका	1
मुल	भन्‍नुपर्ने	1
नोफा	सुन्‍नमा	1
शेंचा	मन्द	1
चढ़ेब	भएकाले	1
सेल्‍शा	व्याख्या	1
वोइक्‍चा	गाह्रो	1
मुल	बेलासम्म	1
दुम्‍चा	भइसक्‍नुपर्ने	1
लेंशा	साधारण	1
शेंचा	सिद्धान्तहरू	1
माल्‍ताक्‍नी	सिकाउनुपरेको	1
तूब	आवश्‍यक	1
तूब	पिएर	1
बाक्‍बपुकीम	जिउने	1
लोव़	वचनसँग	1
रुप्‍ने	अनुभव	1
बाक्‍बपुकीम	अझसम्म	1
रुप्‍ने	बालकै	1
गेंसीब	परिपक्‍वहरूका	1
पना	परिपक्‍वताको	1
पन	बुझाइको	1
मार	तालिमले	1
तुइक्‍नीम	दुष्‍टबाट	1
बाक्‍मे	छुट्‌ट्याउन	1
शेंचा	सुरुमा	1
माल्‍शो	सिकेको	1
मशेंचा	परिपक्‍वतातिर	1
दुम्‍य	बढौँ	1
प्रोंइशा	बसाल्ने	1
ग्रुंइपांइसीचा	नगरौँ	1
चिक्‍चा	बप्‍तिस्माबारे	1
शेंतीके	जग	1
वोइक्‍चा	राख्‍ने	1
पर्बम	बसालौँ	1
शेंनीकी	गर्नेछौँ	1
शेंतीक	चोटि	1
तशा	पाएर	1
ब्रीशा	सहभागी	1
ताइक्‍ताक्‍म	पतित	1
नक	पश्‍चात्तापमा	1
वोइक्‍ने	ल्याउन	1
मचाम्‍सीब	असम्भव	1
थोक्‍शा	टाँग्दछन्	1
केप्‍शा	खुल्लमखुल्ला	1
तोक्‍नीम	पार्दछन्	1
माल्‍शो	जमिनले	1
रेउ	आफूमाथि	1
यिमेनु	बर्सिने	1
यिमेनु	पिउँछ	1
ख्रुम्‍ब	जसमा	1
माल्‍शो	गर्नेहरूका	1
बाली	उपयुक्त	1
नाली	अन्‍न	1
ताप्‍तु	उत्पादन	1
यावेमी	जमिनले	1
चू	काँडा	1
सुवा	सिउँडीहरू	1
वात	फलाउँछ	1
राइब	श्रापको	1
क्रोइक्‍चा	पुग्दछ	1
मी	अन्त्यमा	1
मी	जलाइन्छ	1
तशा	थोकहरूले	1
ब्रोंइचा	प्रभावित	1
तशो	परेका	1
नेंमी	नाउँका	1
अरु	देखाएको	1
अरु	प्रेमलाई	1
पाइतीनी	बिर्सेने	1
रिम्‍शो	सेवा	1
नेल्‍लेमी	उत्कट	1
देंशो	भरोसाका	1
जाक्‍दीप्‍ब	निश्‍चयता	1
मिम्‍नीकी	देखाओ	1
जाक्‍दीप्‍ब	अल्छे	1
जाक्‍दीश्‍शो	धैर्यद्वारा	1
जाक्‍दीश्‍शो	प्रतिज्ञाहरूको	1
जाक्‍दीश्‍शो	हकदार	1
जाक्‍दीश्‍शो	हुनेहरूका	1
ताइनीम	देखासेखी	1
मबाक्‍तीके	नभएकाले	1
जशा	खानुभयो	1
बोशा	ज्यादै	1
ब्रीपाइक्‍नुङमी	गराउनेछु	1
शुश	धैर्यसाथ	1
बर्स	पर्खे	1
गाप्‍शो	प्राप्‍त	1
थिशा	ठुलाहरूद्वारा	1
कसम	शपथले	1
जशोमी	अन्त्यमा	1
थमान	मिलाउन	1
लोव़	निश्‍चयता	1
मफाइक्‍नुङ	स्वभावको	1
मफाइक्‍नुङ	प्रतिज्ञाका	1
मफाइक्‍नुङ	हकदारहरूलाई	1
मफांइसीनीस	कुराद्वारा	1
कसम	गर्नुभयो	1
जशो	जसद्वारा	1
मपाइब	असम्भव	1
प्रोंइचा	शरणको	1
पुंइसीबपुकी	भाग्‍नेहरूले	1
वोइश्‍शो	राखिदिएको	1
कली	समात्‍नलाई	1
इं	दह्रो	1
बारपाइक्‍चा	पाउन	1
चहिं	हामीसित	1
ग्‍येत्‍थ	सुरक्षित	1
ग्‍येत्‍थ	भरपर्दो	1
मगेब	निश्‍चयतामा	1
ग्‍याइक्‍तीके	गाडिएको	1
फारतीक	भित्रको	1
वा	पर्दाभित्र	1
आगा	पस्दछ	1
मेल्‍कीसेदेक	सधैँका	1
नु	हुनुभएकाले	1
कोंइब	अग्रदूतको	1
ओव़दीश्‍शो	बसिसक्‍नुभएको	1
साइश्‍शा	फर्की	1
अब्राहाम	भेटेर	1
ग्राशा	मल्कीसेदेकलाई	1
मेको	मल्कीसेदेक	1
ठीक	धार्मिकताका	1
देंशो	अर्थात्	1
नाइश्‍शा	शान्तिका	1
नाइश्‍शा	राजा	1
आम	विनापिता	1
मबाक्‍नीम	विनामाता	1
जरमेसे	विनापिता-पुर्खाहरू	1
बेक्‍मे	अन्त्य	1
मतुंइ‍सीब	व्यक्‍ति	1
यावे	पुत्रजस्तै	1
गिश	कस्ता	1
मिम्‍तीन	व्यक्‍ति	1
आ	लडाइँमा	1
खिं	लेवीका	1
मुर	छोराहरू	1
दुम्‍शा	पदलाई	1
भागमी	भाइहरूबाट	1
रे	लिने	1
भागमी	व्यवस्थाले	1
पोक्‍बाक्‍तेक्‍म	दिएको	1
पतीके	अब्राहामकै	1
पोक्‍बाक्‍तेक्‍म	सन्तानबाट	1
लेवी	जसका	1
लेवी	वंशावली	1
इस्राएली	तिनीहरूबाटका	1
मबाक्‍त	थिएनन्	1
१०	अब्राहामबाट	1
आसीक	आशीर्वादलाई	1
गेब	साना	1
बेक्‍शा	अवस्थामा	1
लेवी	मानिसहरूले	1
भाग	जीवित	1
गेना	रहन्छन्	1
भागमी	भन्‍नुपर्दा	1
भागमी	अब्राहामद्वारा	1
भागमी	लेवीले	1
ग्रुमानु	भेट्दा	1
लेवीपुकी	लेवी	1
अब्राहाम	पुर्खाकै	1
खाल	पुजारी	1
चाप्‍शो	पदद्वारा	1
नम	पूर्णताको	1
ताम्‍तेक्‍म	सम्भव	1
चाप्‍शो	जसबाट	1
चाप्‍शो	)	1
ममाल	आवश्यक	1
ममाल	पर्थ्यो	1
खाल	पद	1
फांइसीब	हुनुपर्दछ	1
मपाइब	अर्कै	1
बाक्‍माक्‍त	जसबाट	1
चढ़ेतीक	वेदीमा	1
मपाइब	छैनन्	1
किकी	प्रभु	1
चढ़ेतीक	जन्मनुभएको	1
चढ़ेब	पुजारीहरूका	1
मदेंमाक्‍त	उल्लेख	1
चढ़ेब	मल्कीसेदेकजस्तै	1
मेल्‍कीसेदेक	अर्को	1
पा	हामीले	1
तुइक्‍नय	भनिरहेका	1
पिपी	नियमका	1
चढे़ब	पुजारी	1
जाम्‍शा	अविनाशी	1
मलाइब	जीवनको	1
मेल्‍कीसेदेक	दिन्छः	1
खाल	दर्जाजस्तै	1
मचाप्‍ब	नलाग्‍ने	1
नक	बनाएन	1
कसम	अरूहरू	1
दुम्‍ते	हुनुभयो	1
मेकोमी	यसो	1
कसम	प्रतिज्ञा	1
मफाइक्‍ब	परिवर्तन	1
।	गर्नुहुन्‍न	1
पुंइसीशो	हुनेछौ	1
खाप्‍ब	निश्‍चयता	1
चढ़ेबपुकी	पुजाहारीहरू	1
हना	छन्	1
चढ़ेबपुकी	निरन्तर	1
माल्‍मा	पुजारीको	1
बेक्‍मा	कार्यमा	1
मिश	रहन	1
माल्‍मा	दिएन	1
ब्रोंइशा	रहिरहनुहुन्छ	1
जाक्‍दीश्‍शो	बचाउनका	1
पने	सामर्थी	1
गेना	अन्‍तर-बिन्‍ती	1
इं	प्रकारको	1
माल्‍शो	सुहाउँदो	1
ङोन	पापरहित	1
पापी	पापीहरूबाट	1
बाक्‍शो	गरिनुभएका	1
स्‍वर्गमी	आकाशभन्दा	1
अरु	प्रधान	1
चढ़ेबपुकीमी	पुजारीले	1
किंत	चढाई	1
ममाल्‍द	रहनुपर्दैन	1
चढ़ेशा	अर्पण	1
थुम्‍तु	सधैँका	1
चढ़ेब	कमजोरी	1
सेल्‍बाक्‍त	हुन्थे	1
बर्स	व्यवस्थापछि	1
जशो	वचनले	1
चढ़ेब	बनाइनुभएको	1
स्‍वर्गम	स्‍वर्गको	1
सेल्‍शो	बनाउनुभएको	1
ताम्‍बुमी	बासस्थानमा	1
चोशा	बलिदानहरू	1
मचाप्‍ब	हुनुहुने	1
अरेशो	व्‍यवस्‍थाअनुसार	1
लोव़मी	भेटी	1
चढ़ेब	चढाउनेहरू	1
शुश	छँदै	1
वांकुमी	छायाँको	1
ताम्‍बु	बासस्थान	1
गोवानु	लाग्दा	1
डांडामी	परमेश्‍वरद्वारा	1
गोवानु	मोशालाई	1
डांडामी	चेतावनी	1
बाक्‍ङेनु	दिइयो	1
बाक्‍ङेनु	देखाइएको	1
बाक्‍ङेनु	नमुनाबमोजिम	1
सेलो	बनाउनू	1
चढ़ेबपुकीमी	ख्रीष्‍टले	1
ङोंइती	मध्‍यस्‍थता	1
लोव़मी	प्रतिज्ञाहरूमा	1
फ्रेंशो	स्‍थापना	1
पाको	दोषरहित	1
नक	दोस्रो	1
ममाल	आवश्‍यकता	1
मनुथु	भेट्टाउनुभयो	1
इस्राएली	तब	1
‘	भन्‍नुहुन्‍छ	1
कबल	स्‍थापना	1
किकी	पिता-पुर्खाहरूसँग	1
पिपी	बाँधेको	1
नाता	डोर्‍याएर	1
सेल्‍तामी	ल्‍याएँ	1
नाता	मेरो	1
ख्रोइक्‍तेक्‍म	करारलाई	1
नाता	अटुट	1
ख्रोइक्‍तेक्‍म	पछ्याएनन्	1
मोपतीके	भन्‍नुहुन्‍छ	1
कली	बेवास्‍ता	1
कबल	भन्‍नुहुन्‍छ	1
गो	दिनपछि	1
अरेशो	इस्राएलको	1
ब्रेक्‍नुङ	बाँध्‍नेछु	1
परमप्रभु	व्‍यवस्‍था	1
दुम्‍नुङ	राखिदिनेछु	1
दुम्‍नुङ	लेखिदिनेछु	1
लोक्‍ब	सिकाउनेछैनन्	1
शेंमुचा	चिन	1
ममाल्‍नीम	भन्‍नुपर्दैन	1
खूशो	तिनीहरूमध्येका	1
सम्‍म	सानादेखि	1
ङा	ठुलासम्‍म	1
तुइक्‍नीम	चिन्‍नेछन्	1
आन	अपराधहरूप्रति	1
गेनुङमी	देखाउनेछु	1
ममिम्‍नुङ	गर्नेछैनँ	1
कबल	भन्‍नुहुँदा	1
ममाल्‍शो	नलाग्‍ने	1
लचशो	जानै	1
कबलमी	आराधनाका	1
अरेशो	नियमहरू	1
रागीम	सांसारिक	1
बाक्‍शो	बासस्‍थान	1
टेबल	बासस्‍थान	1
दातीक	कोठाभित्र	1
दातीक	सामदान	1
टेबल	टेबुल	1
आ	पवित्रस्थान	1
फारतीक	पर्दाको	1
आगा	पछाडितिर	1
बाक्‍‍शो	महा-पवित्रस्थान	1
कोच्‍वा	सुनले	1
बोस	मोहोरिएको	1
बोस	भाँडोमा	1
हारून	कोपिला	1
मुशा	करारका	1
मुशा	शिलालेखहरू	1
निक्‍शीमी	करारको	1
निक्‍शीमी	सन्दुकको	1
पतीक	करूबहरूले	1
वांकु	प्रायश्‍चित्तको	1
गेशा	ढकनीलाई	1
वोइक्‍तेक्‍म	ढाकेका	1
शेंने	वर्णन	1
मचाप्‍नुङ	सक्दैनौँ	1
ताम्‍बुमी	थोकहरूलाई	1
चढ़ेबपुकीमी	गरिसकेपछि	1
चढ़ेबपुकीमी	पुजारीहरू	1
किंत	नियमित	1
किंत	बासस्‍थानको	1
हुश	मात्रै	1
बर्समी	वर्षको	1
लाइश्‍शा	दोश्रो	1
चढ़ेथ	कोठामा	1
ओव़बाक्‍माक्‍त	गर्दथे	1
अरु	अजानमा	1
क्‍याम्‍चा	अपराधहरूका	1
चढ़ेबाक्‍माक्‍त	चढाउँछन्	1
रुप्‍पाइक्‍ब	देखाउनुभयो	1
थम	पवित्रस्‍थान	1
चोव़खो	रहुञ्‍जेलसम्म	1
ओव़चा	महा-पवित्रस्थानमा	1
मताइनीम	मार्ग	1
रुप्‍पाइक्‍ब	थिएन	1
मेकोमी	चढाइएका	1
चोशा	आराधकको	1
चढ़ेशोमी	विवेकलाई	1
मचाप्‍ब	सकेनन्	1
चिक्‍चा	उत्सवका	1
पतीके	शुद्धिकरणहरू	1
थोव़क	कुरासँग	1
चढ़ेचा	मात्रै	1
शोर	नियमहरू	1
मजाक्‍‍म	सृजना	1
पामेक्‍ल	क्रमिक	1
ताम्‍बुमी	आउनेवाला	1
ताम्‍बुमी	थोकहरूका	1
स्‍वर्ग	पवित्रस्थानमा	1
ताम्‍बुमी	सृजित	1
कालेमीन	बोका	1
थम	बाछाहरूको	1
ओव़दीश्‍शा	रगतले	1
चढ़ेप्‍तु	सबैका	1
पशोमी	निम्ति	1
पाप	एकै	1
प्रोंइतीक	चोटि	1
प्रोंइतीक	महा-पवित्रस्थानभित्र	1
पने	छुटकारलाई	1
बोका	बोका	1
ब्‍यफ	साँढेहरूको	1
चढ़ेशा	कोरेलीको	1
चोशो	खरानीले	1
चोशो	छर्किंदा	1
फ्रशा	हुन्छन्	1
चाप्‍ब	हुनुपर्छ	1
जाम्‍शा	विवेकलाई	1
लतीक	मृत	1
सेल्‍ने	पार्दछ	1
पतीके	दोषरहित	1
चढ़ेवा	अर्पण	1
गारपाइक्‍ब	मध्यस्तकर्ता	1
कबलम	गराइएकाहरू	1
कबलम	सजायबाट	1
कबलम	रहन्छन्	1
कबलम	बोलाइएकाहरूले	1
क्‍याम्‍साक्‍व	उत्तराधिकारलाई	1
गेनुङ	बनाउने	1
कागज	व्यक्‍तिको	1
ब्रेक्‍बमी	मृत्युलाई	1
खाप्‍ब	गर्नुपर्ने	1
खाप्‍ब	लागु	1
ब्रेक्‍पाइक्‍ब	बनाउने	1
बेक्‍म	तबसम्म	1
मचाप्‍ब	जोड	1
हुश	रगतविना	1
जारशोमी	स्थापित	1
बाछा	बाछा	1
ऊनमी	उन	1
ऊनमी	हिसप	1
ऊनमी	मुट्ठा	1
ताम्‍बु	पवित्रस्‍थान	1
ताम्‍बुमी	सेवामा	1
बोसपुकीमी	भाँडामा	1
ब्रुइक्‍ता	रगत	1
माल्‍दा	पार्दछ	1
मजारथु	नबगाइकन	1
चोव़खो	थोकहरूका	1
चढ़ेचा	नक्‍कलहरूलाई	1
चढ़ेचा	जनावरहरूको	1
माल्‍ताक्‍व	पारिनुपर्थ्यो	1
माल्‍‍ताक्‍व	पर्‍यो	1
मुरपुकीम	हातद्वारा	1
ताम्‍बुमी	महा-पवित्रस्थानमा	1
मओव़	गर्नुभएन	1
स्‍वर्गम	सत्यताको	1
खेयप	घरिघरि	1
ममाल्‍द	चढाउनका	1
हुश	जानुभएको	1
चढ़ेब	पुजारीले	1
बर्सम	अर्काको	1
कोठा	महा-पवित्रस्थानभित्र	1
माल्‍दा	गर्दछन्	1
माल्‍द	भोग्‍नुपर्ने	1
ना	अन्त्यमा	1
चढ़ेवा	बलिद्वारा	1
नुप्‍ची	हटाउन	1
माल्‍नीमी	निश्‍चित	1
पुंइसीनीम	आउँदछ	1
आन	जनाका	1
पाप	बोक्‍नलाई	1
चढ़ेप्‍तु	हुनुभयो	1
क्‍याम्‍थ	पापसँग	1
क्‍याम्‍थ	सामना	1
क्‍याम्‍थ	पल्ट	1
मजाक्‍ब	पर्नुहुने	1
मजाक्‍ब	मुक्‍तिका	1
रिम्‍शा	धैर्यसाथ	1
प्रोंइचा	पर्खिरहनेहरूका	1
मबा	होइनन्	1
बर्स	पुजारीहरूले	1
चढ़ेम्‍तेक्‍म	लगातार	1
सेल्‍‍ने	बलिहरूले	1
सेल्‍‍ने	बनाउन	1
मचाप्‍ब	सकेन्	1
चढ़ेबमी	बन्द	1
पाको	हुँदो	1
चढ़ेचा	आराधकहरू	1
चढ़ेचा	पल्टमा	1
माल्‍बा	सधैँका	1
?	थप	1
चढ़ेचा	चेतना	1
बर्स	बलिदानहरूले	1
पाप	पापहरूको	1
मिम्‍पाइक्‍ब	सम्झना	1
मप्रेंसीब	गराउँछन्	1
ब्‍यफ	साँढे	1
हुशेम	रगतले	1
क्‍याम्‍ने	हटाउन	1
चढ़ेतीक	भेटीहरू	1
ममाल्‍नी	चाहनुभएन	1
सेल्‍तीनी	पारिदिनुभएको	1
चढ़ेतीके	पुरै	1
चढ़ेतीके	होमबलि	1
चढ़ेतीके	बलिदानहरूमा	1
रागीम	पुस्तकको	1
जाक्‍ती	मुट्ठोमा	1
चोशा	होमबलिहरू	1
चढ़ेतीक	चाहनुभयो	1
मदाक्‍नीनी	हुनुभयो	1
देंत	चढाइन्छन्	1
प्रोंइपाइश्‍शा	स्थापित	1
,	पहिलो	1
नक	रद्द	1
मिनु	अभ्यासमा	1
चढ़ेशोमी	इच्छाबाट	1
चढ़ेशोमी	बलिदानद्वारा	1
दुम्‍तय	समर्पित	1
चढ़ेबपुकीमी	अर्कोतिर	1
चढ़ेना	पुजारी	1
पा	खडा	1
ताम्‍बुमी	भइरहन्छ	1
चढ़ेना	उस्तै	1
चढ़ेन	भेटीहरू	1
बाक्‍तेक्‍म	चढाइरहेको	1
मक्‍याम्‍सीब	लान	1
थुम्‍तु	सधैँको	1
थुम्‍तु	चढाएर	1
खोइल	पाउदानमा	1
मवोदा	नपारेसम्म	1
रिम्‍शा	पर्खिरहनुहुन्छ	1
चढ़ेशोमी	बलिद्वारा	1
नु	भएकाहरूलाई	1
काथा	सदाका	1
सेल्‍तीमी	पार्नुभएको	1
तुइक्‍पाइक्‍ब	पहिला	1
नक	बाँध्‍ने	1
ब्रेक्‍शा	दिनहरूपछि	1
कोव़जम	व्यवस्था	1
वोइक्‍पाइश्‍शा	रखिदिनेछु	1
सेल्‍नुङमी	लेखिदिनेछु	1
प्रेंशा	दुष्कर्महरू	1
ममिम्‍नुङ	सम्झनेछैनँ	1
क्‍‍‍याम्‍से	हुन्छ	1
ममाल्‍ब	पापका	1
चढ़ेचा	बलिदानको	1
जाक्‍दीत्‍चा	महा-पवित्रस्थानभित्र	1
ताइनय	साहस	1
फारशो	शरीरद्वारा	1
सेल्‍तु	खोलिदिनुभएको	1
दुम्‍त	हुनुभएकोले	1
क्‍याम्‍चा	विवेकलाई	1
पुंइसीशो	छिट्काउद्वारा	1
गेबमी	आशालाई	1
पा	बलियोसँग	1
बाक्‍य	थामी	1
बाक्‍य	राखौँ	1
खाप्‍ब	गर्नुहुने	1
तुइक्‍नय	विश्‍वासयोग्य	1
पमुशा	विचार	1
अरेपमुने	गरौँ	1
ग्रुम्‍तीके	एक-अर्कामा	1
मप्रोनीन	नछोडौँ	1
का	कतिले	1
मदाक्‍ब	छोडेका	1
ख्रीस्‍त	जतिसक्दो	1
मखोइक्‍नुङ	जानिबुझिकन	1
मखोइक्‍नुङ	पाप	1
देंतय	गरिरहन्छौँ	1
लीशा	रहँदैन	1
मटीबपुकी	न्यायको	1
मीम	डरलाग्दो	1
मीम	शत्रुहरूलाई	1
नक	पार्ने	1
मखोइक्‍बपुकी	क्रोधको	1
मखोइक्‍बपुकी	डरलाग्दो	1
खतम	आगो	1
दुम्‍नीम	रहनेछ	1
साइ	मोशाको	1
मपथु	गवाहीमा	1
साइक्‍बाक्‍मा	दयाविना	1
साइक्‍बाक्‍मा	मर्दछ	1
खोइलीम	खुट्टाले	1
दिम्‍ब	कुल्चने	1
हुश	रगतलाई	1
पाको	अपवित्र	1
सेल्‍शो	तुल्याउने	1
अर्को	अनुग्रहको	1
पर्बम	आत्मालाई	1
पा	ठान्‍ने	1
हुश	कोहीले	1
कांइचीक	पाउँछ	1
कामी	भन्‍नुहुनेलाई	1
पुंइसीचा	पर्नु	1
दुम्‍नीनु	पाएपछि	1
मिम्‍तीने	दुःखको	1
दुम्‍मे	सह्‍यौ	1
मिम्‍तीने	अघिका	1
गेमेनु	तिरस्कृत	1
अरु	समस्यामा	1
तनीनु	परेकाहरूसँगै	1
फाल्‍तीनी	भयौ	1
बाक्‍‍शो	कैदमा	1
श्‍येत	दया	1
जाइतीनी	देखायौ	1
रोइश्‍शा	खोसिँदा	1
लदमेनु	सहर्ष	1
लदमेनु	गर्‍यौ	1
ग्‍येरसीशा	उत्तम	1
मजाम्‍ब	रहिरने	1
यो	आफ्नो	1
ताइनय	नगुमाओ	1
फाल्‍तीक	धैर्यको	1
जाक्‍नुङ	बेरमा	1
मजाक्‍थु	आउँदै	1
देंबमी	अवश्य	1
मप्रोंइब	आउनुहुनेछ	1
देश	ढिलाउनु	1
शोंइ‍साक्‍म	फर्कन्छ	1
मग्‍येरनुङ	हुनेछैन	1
दुम्‍चा	हुनेहरूमध्येका	1
पुंइसीब	होइनौँ	1
पुंइसीब	विनाशतिर	1
मदुम्‍नय	फर्कन्छ	1
सुइश्‍शा	मध्येका	1
बाक्‍चा	आत्मालाई	1
ताइनय	बचाइराख्‍ने	1
सुइक्‍चा	विश्‍वासचाहिँ	1
मिक्‍चीम	अहिलेसम्म	1
थोव़की	घटनाहरूको	1
बाक्‍नीम	प्रमाण	1
पिपीपुकी	विश्‍वासका	1
सुइश्‍शोमी	बुझ्न	1
सरीङ	सक्छौँ	1
तन्‍न	विश्‍व	1
दुमीन	आज्ञाद्वारा	1
मिक्‍चीम	देखिन्छन्	1
थोव़की	कुराहरूबाट	1
भेटी	हाबिलले	1
चढ़ेम्‍सेनु	कयिनले	1
बाक्‍माक्‍त	चढाए	1
सुइक्‍बाक्‍माक्‍त	पुगे	1
दुम्‍पाइक्‍ता	सर्मथन	1
कोंइताक्‍व	पाए	1
हाबील	त्यसैकारण	1
मिश	हाबिल	1
बर्स	मरे	1
हानोकमी	हनोक	1
हानोकमी	उठाई	1
यावे	लगिए	1
सुइक्‍बाक्‍माक्‍त	देखेनन्	1
सेसीन	भेटिएनन्	1
तवा	उठाउनुभयो	1
हानोक	उठाइनुभन्दाअघि	1
मजाप्‍ब	विनाविश्‍वास	1
माल्‍ब	परमेश्‍वरकहाँ	1
सुइक्‍चा	गर्नैपर्छ	1
बाक्‍‍ब	खोज्छ	1
सुइक्‍बपुकीम	इनाम	1
सुइक्‍बपुकीम	पाउनेछ	1
नोले	नोआलाई	1
दुम्‍ब	नदेखेका	1
बेक्‍चा	ईश्‍वरीय	1
मगेथु	सन्देश	1
नोआहमी	भक्तिमय	1
मो	सम्मानसाथ	1
यो	पानी	1
मसुइक्‍तीके	घरानालाई	1
माल्‍मा	बचाए	1
थमा	संसारलाई	1
सुइश्‍शोमी	दोषी	1
ब्रोंइचा	ठहराए	1
दे	विश्‍वासअनुसार	1
कोंइब	धार्मिकताका	1
दुम्‍माक्‍त	उत्तराधिकारी	1
अब्राहाममी	अब्राहामलाई	1
यो	बोलाइँदा	1
यावे	आज्ञापालन	1
आ	उत्तराधिकारको	1
थमा	पाउनुपर्ने	1
सुइक्‍बाक्‍माक्‍त	ठाउँतिर	1
अब्राहाममी	आफू	1
,	नपाए	1
मसेल्‍थु	परदेशीको	1
तौ	पालहरूमा	1
चच	याकूबसँगै	1
याकूब	प्रतिज्ञाको	1
कीशा	उत्तराधिकारीको	1
दुशा	जगहरू	1
अब्राहाममी	हेरिरहेका	1
सरीङ	रचनाकार	1
सेल्‍ब	निर्माणकर्ता	1
सेल्‍ब	स्वयम्‌	1
मीश	गर्भधारण	1
सारा	गराउने	1
दोपा	वृद्ध	1
यावेमी	भइसक्दा	1
खाप्‍ब	दिनुहुनेप्रति	1
सुइश्‍शो	भइरहे	1
मेना	मरेतुल्य	1
अब्राहाम	यिनै	1
हिक्‍ने	आकाशका	1
हिक्‍ने	असङ्ख्य	1
हिक्‍ने	समुद्री	1
हिक्‍ने	किनारका	1
दुम्‍मा	असङ्ख्य	1
मथीब	जन्मिए	1
हिक्‍ने	गन्‍नै	1
सुइश्‍शा	नगरिकनै	1
बेक्‍मा	टाढैबाट	1
ङोन	निर्वासितहरू	1
मजाक्‍दीत्‍थु	विश्‍वासमा	1
देंमानु	भन्दछन्	1
माल्‍शा	स्वदेश	1
गाक्‍तक	खोजिरहेका	1
लशो	गएको	1
रागी	देशका	1
मिम्‍ताक्‍म	सोचिरहेका	1
लम	मौका	1
बाक्‍तीके	देश	1
यावेम	स्वर्गीय	1
मपाइब	लजाउनुहुन्‍न	1
वोइश्‍शो	पार्नुभएको	1
चढ़ेवा	बलि	1
इसहाक	चढाए	1
चढ़ेवा	चढाए	1
दुम्‍चा	प्राप्‍त	1
इसहाक	इसहाकद्वारा	1
युइ	सन्तानको	1
लीनीम	रहनेछ	1
यावेमी	इसहाकलाई	1
सेंने	पार्न	1
परमप्रभुमी	साङ्केतिक	1
मसाइक्पाइक्‍‍थु	अर्थमा	1
अब्राहाम	भन्‍नुपर्दा	1
मिम्‍शो	तिनिहरूबाट	1
दुम्‍ब	थोकहरूको	1
थमा	इसहाकले	1
आसीक	आशिष्‌	1
सुइश्‍शा	मर्नै	1
बेक्‍ची	लौरोको	1
ना	टुप्पोमा	1
पिया	अडेस	1
तिक्‍शा	लागेर	1
मिनु	योसेफको	1
योसेफमी	नजिकिँदा	1
बेक्‍ची	मिश्रबाट	1
ग्रूशा	इस्राएलीहरू	1
गाक्‍नीम	प्रस्थान	1
लने	अस्थिहरूको	1
जरमेसेनु	जन्मँदा	1
वोदसे	लुकाएर	1
मटिथु	आदेशसित	1
कोल्‍शा	हुर्केपछि	1
तमी	छोरीको	1
मदुम्‍नुङ	कहलाइनलाई	1
पापीपुकी	सट्टामा	1
सुख	क्षणिक	1
जशा	भोग्‍ने	1
योव़तु	छाने	1
इजीप्‍त	मिश्रको	1
शोंप	सम्‍पत्तिमा	1
मसुइक्‍थु	ख्रीष्‍टलाई	1
ख्रीस्‍तमी	पछ्याउँदा	1
मिम्‍ताक्‍व	सहनुपर्ने	1
मिम्‍ताक्‍व	अपमानलाई	1
मिम्‍ताक्‍व	बहुमूल्यको	1
मिम्‍ताक्‍व	ठाने	1
इनाम	आँखालाई	1
तांइसीब	इनाममाथि	1
तुइश्‍शा	केन्द्रित	1
सुइश्‍शो	गराएका	1
तशो	मोशाले	1
नेक्‍थान	मिश्रदेश	1
ताइनुङ	छोडे	1
पिपी	राजाको	1
गाइश्‍शो	क्रोधदेखि	1
इस्राएली	अदृश्यलाई	1
गाइश्‍शो	देखेजस्तै	1
इजीप्‍त	सही	1
भोज	नाश	1
जेठा	इस्राएलीहरूका	1
मसाइक्‍ब	जेठा	1
कली	छोराहरूलाई	1
मसाइक्‍ब	छुन	1
मसाइक्‍ब	नसकोस्	1
सुइश्‍शा	निस्तार-चाड	1
ब्रुइक्‍पाइक्‍मी	छिट्काउको	1
लां	जमिनमा	1
दुम्‍माक्‍त	हिँडेजस्तै	1
शोक्‍समा	पार	1
इजीप्‍त	मिश्रीहरूले	1
समुन्‍द्रमी	खोजे	1
हिरसमा	पर्खालको	1
७	घुमेपछि	1
गारो	विश्‍वासद्वारा	1
ब्रेम्‍मा	ढल्यो	1
मोसाम	विश्‍वासद्वारा	1
सोइश्‍शो	जासुसहरूलाई	1
क्‍यारी	शान्तिसाथ	1
बाक्‍माक्‍त	गरेकीले	1
मटीब	अनाज्ञाकारीहरूसँगै	1
तवा	भइनन्	1
में	योभन्दा	1
देंनुङा	भनौँ	1
गिदोन	गिदोन	1
बाराक	बाराक	1
साम्‍सोन	शिमशोन	1
साम्‍सोन	यिप्‍ता	1
मिम्‍पाइक्‍तन्‍नी	भनेँ	1
मनुप्‍ब	पुग्दैन	1
कोइमी	राज्यहरूलाई	1
ग्राशा	जिते	1
सेल्‍मे	न्यायपूर्ण	1
कोइमी	प्रतिज्ञाहरू	1
तामे	सिंहहरूको	1
गुप्‍स	मुखलाई	1
मारेइ	आगोको	1
पने	ज्वालालाई	1
मचाप्‍ब	निभाए	1
लडाइ	तरवारको	1
पामेनु	धारबाट	1
बाक्‍त	भागे	1
दुम्‍मा	रोगहरूबाट	1
जोरी	पारिए	1
जोरी	विदेशी	1
फ्रुशा	सेनाहरूलाई	1
खेरमे	भगाए	1
बेक्‍शो	मरेकाहरूलाई	1
कोइमी	अरूले	1
नोले	अझ	1
नोले	उत्तम	1
फाल्‍शा	छुटकारालाई	1
थमा	दण्ड	1
मप्रोंइनीकी	भोगे	1
युक्‍शा	कोर्रा	1
युक्‍शा	साङ्‌ला	1
गुइ	कैदजस्ता	1
पाइश्‍शा	आदि	1
चोक्‍शा	सहे	1
फुल्‍लु	तरवारले	1
आरामी	भेडा	1
रिक्‍शा	बाख्राको	1
रिक्‍शा	छाला	1
तरवारम	हिँड्डुल	1
रिक्‍शा	गर्नुपर्‍यो	1
पुंइसमा	विभिन्‍न	1
आरामी	निर्दयता	1
रिक्‍शा	अमानवीय	1
पुंइसमा	सहनुपर्‍यो	1
पुक्‍खीमी	योग्य	1
श्‍येत	मरुभूमि	1
मारदे	पहाड	1
बाक्‍शा	गुफा	1
जाइब	जमिनका	1
एको	ओडारहरूतिर	1
मगारब	हुनुपर्‍यो	1
नेल्‍ले	यहाँसम्म	1
मारदे	हामीविना	1
बाक्‍मा	गरिदिनुभएको	1
सुइक्‍बपुकी	यतिका	1
बाक्‍मा	साक्षीहरूका	1
बाक्‍त	बादलले	1
कोव़न	घेरिएका	1
मेकोपुकीमी	बोझ	1
कोव़ना	सजिलैसित	1
कोव़ना	अल्‍झाउने	1
कोव़न	पापलाई	1
कोव़न	पन्‍छाऔँ	1
तेक्‍ब	अघि	1
चाप्‍बपुकी	राखिदिएको	1
तिल्‍शा	दौडलाई	1
पापमी	धैर्यसाथ	1
दोरय	दोडौँ	1
मेकोमी	विश्‍वासका	1
शीम	कर्ता	1
केप्‍शा	तुल्याउनुहुने	1
कांटी	येशूमा	1
ममिम्‍ता	आँखा	1
ममिम्‍ता	केन्‍द्रित	1
बाक्‍चा	अपमान	1
ताइनुङ	सहनुभयो	1
पुंइसीचा	भोग्‍नुभयो	1
ग्‍येरसीशा	दाहिनेपट्टि	1
बाक्‍त	विराजमान	1
पापीपुकीमी	पापीहरूबाट	1
फाल्‍शो	सहनुहुनेलाई	1
बारनीनी	शिथिल	1
लांमी	हरेस	1
गाक्‍शा	नखाओ	1
लडाइ	अझसम्‍म	1
जुइक्‍थ्री	बगाउनुपर्ने	1
मदुम्‍नी	अवस्था	1
जुइक्‍थ्री	सङ्घर्ष	1
मदुम्‍नी	गर्नुपरेको	1
कली	छोराहरूसरह	1
ङोंइती	उत्‍साह	1
अर्ती	अर्तीलाई	1
मिम्‍पाइक्‍नन्‍नी	भुलेका	1
ओदें	छौः	1
परमप्रभुमी	परमेश्‍वरको	1
इ	अनुशासनलाई	1
शेंदानु	हलुका	1
शेंसो	नसम्‍झ	1
जपदानु	सुधारिन्छौ	1
सोपी	हरेस	1
ममिम्‍तो	नखाऊ	1
सजाइ	अनुशासनमा	1
गेब	राख्‍नुहुन्छ	1
मिम्‍बा	दण्ड	1
तुप्‍ब	दिनुहुन्‍छ	1
गेचा	कष्‍टलाई	1
शेंताक्‍की	अनुशासनझैँ	1
मिम्‍तीने	सहो	1
पशो	छोराहरूलाई	1
पा	व्‍यवहार	1
पाइब	गर्नुहुन्‍छ	1
मपुंइसीब	नगरेको	1
बाक्‍बा	हुन्‍छ	1
मशेंताक्‍व	अनुशसानविनाका	1
मशेंताक्‍व	अवैध	1
मननी	भएनौ	1
रागी	भन्दा	1
आफोमी	अनुशासन	1
तुप्‍तेक्‍म	संसारिक	1
तुप्‍तेक्‍म	बुबाहरू	1
तुप्‍तेक्‍म	अनुशासनकर्ताका	1
टीतय	गर्‍यौँ	1
स्‍वर्ग	आत्‍माका	1
ममाल्‍नया	गर्नुपर्दैन	1
आफपुकीमी	एकातिर	1
नाक्‍ती	बाबुहरूले	1
शेंताक्‍म	अनुशसानमा	1
आफोमी	राखे	1
चहिं	जुन	1
दाक्‍ब	लाग्यो	1
दुम्‍शो	पवित्रतालाई	1
तचा	बाँड्न	1
इं	भलाइका	1
पुंइसीयानु	आनन्दको	1
मग्‍येरनय	दुःखदायी	1
मग्‍येरनय	हुन्‍छ	1
श्‍येत	जे	1
जाइनय	यसद्वारा	1
फाल्‍ने	तालिम	1
चाप्‍बपुकी	गरेकाहरूका	1
दुम्‍नीम	शान्‍तिपूर्ण	1
रुब्‍य	फलाउँदछ	1
मदुमीन	लत्रेका	1
सेस	र्दुबल	1
दुम्‍शा	घुँडाहरू	1
ब्रेम्‍शो	खुट्टाका	1
थेक्‍शा	सिधा	1
दशा	लङ्गडो	1
गाक्‍शा	नखुस्कियोस्	1
सामल	होस्	1
पाप	हरेकसित	1
ङोन	शान्‍तिमा	1
थुं	प्रयत्‍न	1
काथा	पवित्रताविना	1
ताइनीनी	देख्‍न	1
मताइब	वञ्‍चित	1
चोशा	तिक्तताको	1
दुशा	जरा	1
मदुम्‍ल	उम्रिएर	1
फ्राशा	नदियोस्	1
कली	धेरैलाई	1
मसेलल	नबनाओस्	1
कोव़ज	छाक	1
प्रिंचा	खानाको	1
जरमेशो	जन्‍माधिकार	1
तौमी	बेच्‍ने	1
तचा	एसावजस्‍तो	1
शोंप	नहोस्	1
आसीक	यौन	1
लोक्‍ब	अनैतिक	1
अङस	थाहै	1
योक्‍गानु	त्‍यो	1
अङस	उत्तराधिकार	1
गेयीनी	इच्‍छा	1
पुंइशा	अस्‍वीकार	1
यो	गरियो	1
गेयीनी	विलाप	1
आफ	आँशुका	1
लेप्‍पाइक्‍ने	मौकासमेत	1
मचबा	पाएन	1
मलीमाक्‍त	यद्यपि	1
तुइक्‍नीनी	चाहेका	1
ताप्‍शो	फुकिएको	1
खोदेंब	आएका	1
मुल	न	1
मेरे	त्यस्तो	1
लोव़	सुनेर	1
मचाप्‍थु	अर्को	1
मपचा	सुन्‍नु	1
थम	बिन्‍ती	1
जन्‍तु	त्यस	1
लोव़	सहन	1
थीब	संस्करणमा	1
आप्‍शा	तीरले	1
हिंचा	दृश्य	1
हिंचा	डराएँ	1
ख्रिंख्रि	काम्दै	1
डांडाम	पहाड	1
ताइनीनी	दसौँ	1
मेकेर	हजार	1
पाइब	उत्सवमा	1
ब्रेक्‍चा	दर्ता	1
ब्रेक्‍चा	गरिएका	1
ग्‍येरशा	जन्मेकाहरूको	1
ताइबपुकी	सभामा	1
बाक्‍चा	जनका	1
ताइबपुकी	आत्माहरूकहाँ	1
आ	करारका	1
हुशेमी	मध्यस्तकर्ता	1
आं	रगतभन्दा	1
साइक्‍ब	उत्तमसित	1
पुंइसमल	बोल्ने	1
पुंइसमल	रगतको	1
पुंइसमल	छिट्काउमा	1
ची	बोल्दै	1
मकोंइदीने	गर्नुहुनेलाई	1
गोपुकी	दिनेलाई	1
पुंइसमा	उम्केनन्	1
मतथु	दिनुहुनेदेखि	1
ब्रोंइनया	तर्कीनेहरू	1
कोंइताक्‍य	झन्	1
ब्रोंइनया	उम्कन	1
,	आवाजले	1
कुशो	हल्लायो	1
पाइब	गर्नुभयो	1
सरीङ	स्वर्गहरूलाई	1
हिम्‍नुङ	हल्लाउनेछु	1
हिम्‍नुङ	पटक	1
हिम्‍सीबपुकी	सकिने	1
हिम्‍सीबपुकी	गरिएका	1
फाइक्‍चा	निकालिनेछन्	1
पुंइसीनीम	रहनेछन्	1
गेनायो	हल्लाउन	1
महिम्‍सीब	नसकिने	1
ओव़चा	गरेकोमा	1
ताइनय	कृतज्ञ	1
तुइश्‍शा	होऔँ	1
सेल्‍ना	श्रद्धासाथ	1
बाक्‍य	गरौँ	1
सेल्‍ब	पार्ने	1
दाक्‍मुशा	भ्रातृ-प्रेम	1
बाक्‍कीन	बनिरहोस्	1
खिंम	अपरिचितहरूलाई	1
सुइ	सत्कार	1
मप्रोनीन	नबिर्स	1
गेशोमी	नपाइकन	1
पाइब	अतिथि	1
बाक्‍शो	बाँधिएजस्तै	1
ग्युंबे	विवाहलाई	1
नाता	विवाहको	1
मइम्‍मल	ओछ्यान	1
मइम्‍मल	नबिटुलियोस्	1
ख्रोइक्‍ब	दुराचारी	1
तेल्‍लेम	व्‍यभिचारीहरूलाई	1
क्‍येट	चालचलनलाई	1
चेम्‍चा	रुपियाँ-पैसाको	1
थुं	प्रेमबाट	1
महिरदीने	अलग	1
मोशोमीन	थोकहरूमा	1
नाइश्‍शा	सन्‍तुष्‍ट	1
मप्रोंइनन	छोड्नेछैनँ	1
बाक्‍नुङ	त्याग्‍नेछु	1
,	सन्तुष्‍ट	1
मचाप्‍नीम	होऔँ	1
महिंथु	साहससाथ	1
तुइश्‍शा	सक्छौँ	1
कोव़शा	सहायक	1
वारच	डराउनेछैनँ	1
चाप्‍नीमी	सक्छ	1
शेंब	सुनाउने	1
बेक्‍ची	रहनसहनको	1
सम्‍म	परिणामलाई	1
मप्रोनेम	देखासिखी	1
मफांइसीथु	हिजो	1
मफांइसीथु	समान	1
मनेंशो	विभिन्‍न	1
दूली	अनौठा	1
शेंब	शिक्षाहरूले	1
क्‍याल्‍चा	टाढा	1
मगेने	नलैजाओस्	1
दुम्‍तय	भोजनसम्बन्धी	1
चोव़खो	विधिद्वारा	1
जशोमी	जिउनेहरूलाई	1
मप्रेंदीने	अनुग्रहद्वारा	1
जशोमी	ह्रदय	1
ताम्‍बुम	जसबाट	1
ताम्‍बुम	पवित्रस्‍थानमा	1
भोज	गर्नेहरूलाई	1
मताइनीम	अधिकार	1
क्‍याम्‍चा	क्षमाका	1
चढ़ेबमी	पुजारीद्वारा	1
ओव़शा	पशुहरूको	1
चढ़ेम्‍तेक्‍म	पवित्रस्थानमा	1
चढ़ेम्‍तेक्‍म	ल्याइन्थ्यो	1
ब्‍वचा	छाउनीबाहिर	1
मताम	जलाइन्‍थ्‍यो	1
येसु	गर्नका	1
ग्रुंइशा	ढोकाबाहिर	1
चढ़ेप्‍तु	भोग्‍नुभयो	1
काथा	छाउनीबाहिर	1
बाक्‍शा	जाऔँ	1
बुदी	निन्दामा	1
शुक्‍शी	सहभागी	1
पुंइसाक्‍य	होऔँ	1
मताइनय	सहर	1
जाक्‍चशो	आउनेवाला	1
रिम्‍शा	प्रतीक्षामा	1
सेल्‍ना	चढाऔँ	1
शोव़	नाउँलाई	1
बाक्‍य	दिनु	1
भेटी	ओठको	1
अरु	हामीले	1
मप्रेंदीने	नबिर्सौं	1
मोदेंब	बलिदानहरूसँग	1
ग्‍येरब	हुनुहुन्छ	1
नेंशा	अगुवाहरूको	1
जिम्‍मा	हिसाब	1
ब्राइनुङ	दिनुपर्नेले	1
शेंनीमी	रेखदेख	1
मटिशो	अगुवाहरूले	1
तशा	आनन्‍दसाथ	1
हेल्‍शो	वास्ता	1
दुम्‍शा	गरून्	1
ब्रीनीम	दुःखसँग	1
दुम्‍ब	प्रयोगयोग्य	1
मदुम्‍क	हाम्रा	1
पाइतक	सकौँ	1
फ्रेंशा	जिउन	1
तयल	अझ	1
तयल	दिन्छु	1
पुंइचा	आउनेछु	1
लीब	मृत्‍युबाट	1
खाप्‍तु	ल्याउनुहुने	1
पा	इच्‍छा	1
ग्‍येरपाइक्‍ब	सुसज्जित	1
पपदल	येशूद्वारा	1
सेल्‍य	भइरहोस्	1
बारपाइक्‍तीक	दिन्छु	1
रु‍प्‍चा	उत्साहका	1
रु‍प्‍चा	वचनहरूलाई	1
जेल्‍खान	होस्	1
जेल्‍खान	स्‍वतन्‍त्र	1
प्रोंइतेक्‍म	पारिएका	1
एक	छिट्टै	1
ग्रुम्‍थ	उनीसँगै	1
पीनस्‍कु	देख्‍नेछु	1
सुइक्‍ब	विश्‍वासी	1
इटाली	इटालियाकाहरूले	1
नमो	कुललाई	1
पाइनुङ	अभिवादन	1
कों	अनेकौँ	1
मबाक्‍म	समस्याहरूको	1
खोइली	जाँचले	1
फाल्‍ब	उत्‍पन्‍न	1
दुम्‍नीनी	गराउँदछ	1
ख्रीस्‍त	धैर्यलाई	1
थम	सुधारिएको	1
ममाल्‍नीनी	कमी	1
माल्‍तीनी	बुद्धिको	1
गेपुकीमी	माग्‍ने	1
मगाइक्‍थु	उदारतासँग	1
तुइक्‍ब	नहप्काइकन	1
पुंइनीनु	शङ्का	1
पुंइशो	नगरी	1
सुइश्‍शा	विश्‍वाससाथ	1
मसुइक्‍ब	गर्नेचाहिँ	1
फशेम	बतासले	1
मपुनीन	हुत्त्याउने	1
फशेम	यताउता	1
नेप्‍शो	पल्टाउने	1
ब्‍वाक्‍कु	छालजस्‍तो	1
मुरुम	परमप्रभुबाट	1
मताइब	पाउनेछु	1
मताइब	नसोचोस्	1
सेल्‍ती	अवस्थामा	1
पुंइब	दीनतामा	1
थीब	घाँसमा	1
बोइश्‍शो	फलेको	1
पा	फुलझैँ	1
सोल	ओइलाएर	1
बेक्‍नीम	बितिजानेछ	1
हुप्‍तानु	तापसहित	1
दाप्‍शा	उदाउँछ	1
बेक्‍नीम	सुकाइदिन्‍छ	1
जाम्‍ब	झर्छ	1
आ	त्‍यसको	1
दार‍स	सौन्‍दर्य	1
जाम्‍ब	नष्‍ट	1
पस	यात्राको	1
पस	बिलाएर	1
बेक्‍नीम	जानेछ	1
ग्‍येरसेक्‍ल	धन्‍यको	1
थाम्‍चा	स्‍थिर	1
ग्‍येरसेक्‍ल	रहन्‍छ	1
थाम्‍तीके	सफलता	1
ठीक	गरिसकेपछि	1
ब्रोंइतीक	गर्नेहरूका	1
चिक्‍शो	पर्दा	1
गेनायो	कसैले	1
।	नभनोस्	1
सुइमी	दुष्‍टबाट	1
नाक्‍शा	हुँदैन	1
पपाइक्‍ने	परीक्षा	1
मचाप्‍‍ब	गर्नुहुन्‍न	1
दोपा	अभिलाषाद्वारा	1
पाइनीम	पर्दछ	1
आंम	बहकाउँछ	1
दला	प्रलोभनमा	1
दाक्‍स	पार्दछ	1
दला	अभिलाषाले	1
दाक्‍स	गर्भधारण	1
ग्रूब	जन्माउँछ	1
बारने	बढेपछि	1
पतीके	ल्याउँछ	1
दूली	धोकामा	1
मखोतीन	नपर	1
हाइश्‍शो	हरेक	1
थुं	माथिबाटको	1
छिङछिङ	बद्‌लिरहने	1
मपाइब	छायाजस्तो	1
मफांइसीब	बद्‌लिनुहुन्‍न	1
नक	गर्नुभएका	1
जरमेशो	कुरामध्‍ये	1
सिश्‍शो	फलझैँ	1
नेंस	जान्‍दछौः	1
नेंस	सुन्‍नमा	1
मब्‍वाक्‍कीन	बोल्नमा	1
मब्‍वाक्‍कीन	ढिलो	1
नेंस	रिसाउनमा	1
मब्‍वाक्‍कीन	धीमा	1
चुरब	रिसले	1
पतीके	घिनलाग्‍दा	1
मलेत्‍थु	दुष्‍टताको	1
अरेशो	प्रचुरतालाई	1
टिने	मिल्‍काइदेओ	1
अरेशो	रोपिएको	1
टिनीनु	विनम्रतामा	1
नरक	प्राणलाई	1
चाप्‍ब	सक्‍छ	1
पांइसीनीनी	दिने	1
ऐना	ऐनामा	1
ऐना	अनुहार	1
कोव़ब	जाँच्‍ने	1
ऐना	जाँच्छ	1
ऐना	गइहाल्छ	1
ऐना	कस्‍तो	1
यु	बिर्सिहाल्‍छ	1
प्रोंइने	सुनेर	1
नेंनीमी	बिर्सने	1
पना	स्‍वतन्‍त्रताको	1
पतीके	व्‍यवस्‍थालाई	1
अरेशो	होसियारीपूर्वक	1
प्रोंइने	गरिरहने	1
चाप्‍ब	व्यक्‍तिचाहिँ	1
थमा	धार्मिक	1
सुइक्‍ब	ठान्दछ	1
थमा	जिब्रोलाई	1
सुइक्‍तीके	नियन्‍त्रण	1
मोशा	व्यर्थको	1
दुम्‍ब	हुन्‍छ	1
रोम	निष्कलङ्क	1
रोइक्‍च	अनाथ	1
पाप	संसारबाट	1
काइ	दोषरहित	1
मपचा	राख्‍नु	1
सुइक्‍नीनी	पक्षपात	1
थम	विचार	1
ग्रुम्‍तीक	सभामा	1
औंठी	औँठीहरू	1
पांइशो	गर्‍यो	1
कली	मानिसतर्फ	1
कोव़शा	हेर्छौ	1
हजुर	कृपया	1
हयु	तँ	1
राप्‍शा	यहीँ	1
बाक्‍को	उभी	1
खोइल	पाउनेर	1
निस्‍सो	बस्	1
माइक्‍तीनी	भन्छौ	1
दातेमी	आफैँबिच	1
निसाफ	विचारहरू	1
मपनी	न्यायकर्ताहरू	1
मपनी	बनेनौ	1
सुदमेक्‍ल	धनी	1
मयोव़ङा	गर्नेहरूका	1
ओव़चा	उत्तराधिकारीहरू	1
ताइनीम	हुनलाई	1
मदेंम	चुन्‍नुभएन	1
दिप्‍नीनी	अनादर	1
श्‍येत	दमन	1
गेब	धनीहरू	1
मचाक्‍दीत्‍नीमी	तानेर	1
मचाक्‍दीत्‍नीमी	लैजाने	1
मचाक्‍दीत्‍नीमी	होइनन्	1
पर्बम	सुनामलाई	1
मपाइनीमी	गर्दैनन्	1
रिम्‍शो	असलै	1
आइक्‍च	भेदभाव	1
सेल्‍तीनी	देखायौ	1
दुम्‍नीनी	ठहरिन्छौ	1
मपाप्‍तु	ठक्‍कर	1
खोदेंशो	गरेकोमा	1
दुम्‍ब	ठहरिन्छ	1
मपथु	गर्दैनौ	1
ब्रोंइतीक	स्वतन्‍त्रताको	1
लां	व्यवस्थाद्वारा	1
पाइब	हुनेहरूझैँ	1
मिम्‍शा	बोल	1
मपाइबपुकीमी	नदेखाउनेहरूमाथि	1
मपाइबपुकीमी	कृपाविना	1
मताइनीम	आउँदछ	1
निसाफ	न्यायमाथि	1
बाक्‍ब	विजयी	1
कामी	उसित	1
मबाक्‍त	बहिनीको	1
जचा	पहिरन	1
फेक्‍चा	राम्रो	1
के	दैनिक	1
फेक्‍चा	भोजनको	1
मबाक्‍त	अभाव	1
गेवल	न्यानो	1
बाक्‍को	पेटभरि	1
गेवल	खाऊ	1
गेवल	भन्छौ	1
मारेइ	कुराहरूचाहिँ	1
मगेतीनी	दिँदैनौ	1
दुम्‍तीनी	भन्ला	1
मोपतीके	कामविना	1
कोंइदीन	देखाऊ	1
चाप्‍नीम	देखाउनेछु	1
सुइक्‍नीनी	गर्दछौ	1
वोलपुकीमी	भूतात्माहरूले	1
पाइनीम	काम्छन्	1
पाइबपुकी	चाहन्छौ	1
मपथु	कामविनाको	1
सुइक्‍तीके	व्यर्थ	1
अब्राहाममी	वेदीमा	1
चढे़चा	कामद्वारा	1
गेय	ठहरिएका	1
दुम्‍माक्‍त	थिएनन्	1
गेयमी	देख्दछौ	1
काथ	कामहरूसँगै	1
मोपा	कामहरूद्वारा	1
ब्रेक्‍शो	वचन	1
अब्राहाम	उनि	1
याइनी	कहलिए	1
मचाप्‍नीनी	देख्दछौ	1
दुम्‍नीम	ठहरिन्छ	1
तेल्‍लेम	गुप्‍तचरहरूलाई	1
सुइक्‍ब	बाटोबाट	1
दुम्‍शा	पठाइदिँदा	1
दुम्‍माक्‍त	ठहरिएकी	1
सुइक्‍बमी	कामबाट	1
मदुमीन	बन्‍नु	1
शेंसीब	जान्‍नुपर्छ	1
शेंब	हामीहरूको	1
गल्‍ती	ठेस	1
पाइनय	खान्छौँ	1
गल्‍ती	ठक्‍कर	1
मपाइबा	खाँदैन	1
मपाइब	परिपक्‍व	1
थम	नियन्‍त्रण	1
बाक्‍ब	सक्छ	1
शारा	पालन	1
पाइक्‍नय	गराउनको	1
बिप्‍पाइक्‍चा	घोडाको	1
लगम	लगाम	1
पाइक्‍नय	लगायौँ	1
शारा	सारा	1
चलेने	नियन्‍त्रण	1
ठेयब	पानी	1
फशेमी	जहाजहरूलाई	1
इम्‍चीली	ठुला	1
दाक्‍ता	तेज	1
थोव़कमी	बतासले	1
चलेशो	चलाइँदा	1
थोव़कमी	पतवारद्वारा	1
चलेशो	चालकले	1
लाइक्‍ने	लगिन्छ	1
चलेतीके	अङ्ग	1
लेंमी	ठुला	1
ब्‍वाकी	झिल्कोले	1
क्रोइक्‍‍ने	कसरी	1
ब्‍वाकी	जङ्गलमा	1
क्रोइक्‍‍ने	डढेलो	1
चाप्‍ब	लगाउँछ	1
नेल्‍ल	अङ्गहरूमध्ये	1
मरिम्‍शो	अधर्मको	1
सेल्‍ब	दुनियाँ	1
सेल्‍ब	तुल्याउँछ	1
क्रोइक्‍ब	आगो	1
क्रोइक्‍ब	लगाउँछ	1
आंमा	नरकद्वारा	1
नरकमी	आगोले	1
ग्रोइक्‍ब	सल्किएको	1
बस्‍तु	किसिमका	1
भाव	जङ्‍गली	1
जन्‍तु	जनावरहरू	1
भाव	चराचुरुङ्गीहरू	1
चिक्‍बी	समुद्रमा	1
चिक्‍बी	प्राणीहरूलाई	1
चिक्‍बी	मानव-जातीद्वारा	1
आंम	मानिसमध्ये	1
दोपा	घातक	1
ओश्‍येरमी	विषले	1
मुर	नियन्‍त्रण	1
लें	नसकिने	1
ओश्‍येरमी	दुष्‍ट	1
पाइनय	जिब्रोले	1
सराप	सराप्छौँ	1
सराप	अपशब्द	1
पाइनीम	निक्लन्छन्	1
ब्‍वाक्‍कु	छहराको	1
बुक्‍तीक	मुखबाट	1
कालेमी	निकाल्दछ	1
तेल	जैतून	1
ग्रूने	निकाल्न	1
रुप्‍तीक	समझदार	1
आ	बुद्धिको	1
ब्रेम्‍तीके	नम्रतामा	1
जाक्‍ब	जिएर	1
कोंइदल	देखाओस्	1
थोव़क	तितो	1
वाल्‍तीक	ईर्ष्‍या	1
मसेलीन	शेखी	1
मसेलीन	नबोल	1
मिम्‍तीके	माथिबाट	1
सैतान	अनात्मिक	1
जाक्‍ब	शैतानिक	1
वाल्‍चा	ईर्ष्‍या	1
मिम्‍ताक्‍व	भ्रम	1
परमप्रभुमी	स्वर्गबाट	1
निप्‍स	विवेकचाहिँ	1
पाइश्‍शो	सर्वप्रथम	1
ग्रांग्रा	शान्तिप्रिय	1
मपपाइक्‍ब	कोमल	1
मजिपाइक्‍ब	प्रतिक्रियाशील	1
दिचा	कृपा	1
मपपाइक्‍ब	फलले	1
सुइ	नबनाउने	1
मजिपाइक्‍ब	निष्कपट	1
मुरपुकी	गर्नेहरूका	1
बाक्‍नीमी	छरिएको	1
खे‍चा	विवाद	1
जाक्‍बा	आउँछ	1
दला	सदस्यहरूका	1
दाक्‍स	बिचमा	1
पर्बम	तिमीहरूका	1
जीनीनी	अभिलाषाहरूबाट	1
मताइनीनी	हुँदैन	1
जिक्‍शा	लालच	1
साइक्‍नीनी	गर्दर्छौ	1
वाल्‍नीनी	सक्षम	1
मताइनीनी	हुँदैनौ	1
जीनीनी	लड्दछौ	1
मताइनीनी	माग्दैनौ	1
पुंइतीनी	माग्दछौ	1
मताइनीनी	पाउँदैनौ	1
हना	तिमीहरूले	1
ला	नियतले	1
पुंइनीनी	माग्दछौ	1
गाक्‍बपुकी	व्‍यभिचारीहरू	1
मसुइक्‍ब	संसारसितको	1
बाक्‍तीनी	मित्रता	1
सत्रु	शत्रुता	1
माल्‍बा	गर्दछ	1
सत्रु	बनाउँछ	1
वोइक्‍तु	बास	1
वोइक्‍तु	लगाउनुभएका	1
ब्रेक्‍पाइश्‍शो	ठान्दछौ	1
लेश्‍शो	अभिमानीहरूको	1
पाइनुङ	दिनुहुन्छ	1
टिने	समर्पण	1
ङोन	विरोध	1
प्रोंइब	भाग्‍नेछ	1
लने	आओ	1
माफ	सफा	1
पुनीने	पार	1
लेश्‍शा	दोमनकाहरू	1
सुर्ता	दुःखी	1
ङाक्‍कीने	रोओ	1
रित्‍चा	हाँसो	1
रोंका	दुःखमा	1
सुर्ता	निराशामा	1
पने	परिणत	1
दुम्‍शा	तिमीहरू	1
दुमीन	तुल्याओ	1
सेल्‍ब	उठाउनुहुनेछ	1
शुक्‍शी	अर्काको	1
मपमुने	नबोल	1
शुक्‍शी	भाइको	1
मटीब	बोल्दछ	1
दुम्‍शा	हुँदैनौ	1
दुम्‍तीनी	हुन्छौ	1
नरकम	नाश	1
नेक्‍था	छिमेकीको	1
नित्‍थी	सहरभित्र	1
लशा	गर्नेछौँ	1
बाक्‍य	बिताउनेछौँ	1
चेम्‍य	कमाउनेछौँ	1
पाइनीनी	भन्छौ	1
ब्रोंइनीनी	कस्तो	1
कों	कसलाई	1
गिंम	तुवाँलो	1
लीशा	देखा	1
जाम्‍ब	हराइहाल्छ	1
ब्रोंइतय	जिउनेछौँ	1
थुं	अभिमानी	1
चहिं	योजनाहरूका	1
जोक्‍बा	जानेर	1
तुइक्‍बा	भलाइ	1
नेनीन	आओ	1
क्‍येट	कष्‍टहरूको	1
दुम्‍तेक्‍मे	धनहरू	1
दुम्‍तेक्‍मे	सडेका	1
वासी	पोसाकहरू	1
तुम्‍बुम	किराले	1
नेक्‍‍तेक्‍म	खाएका	1
खिया	चाँदीहरूमा	1
जोशो	कस	1
खियामी	कस	1
दाक्‍ब	पार्नेछ	1
हेंताक्‍नी	सम्पत्तिलाई	1
हेंताक्‍नी	दिनका	1
हेंताक्‍नी	थुपारिराखेका	1
गाल्‍चम	कराइरहेको	1
गाल्‍चम	छ–	1
मगेशो	खेतहरूमा	1
गाल्‍चम	रोक	1
पाप्‍तु	लगाएका	1
गाल्‍चम	चित्कार	1
खेत्‍ला	कानसम्म	1
थुम्‍तु	पुगेको	1
शोंप	विलासमा	1
ब्‍वचामी	बसेका	1
ग्‍येरशा	तृप्‍त	1
बाक्‍तीनी	पारेका	1
ताइब	हृष्‍टपुष्‍ट	1
दुम्‍नीनी	पारेका	1
गेशा	लगाएका	1
मेकोपुकीम	विरोध	1
ब्‍वालेइ	गर्दैन	1
मीब	जमिनबाट	1
ख्रुम्‍शो	मूल्यवान्	1
मीब	पाउनलाई	1
रूमी	अगिल्लो	1
बर्खा	पछिल्लो	1
बर्खा	वर्षा	1
बर्खा	नपाएसम्म	1
जाक्‍चा	धैर्यसँग	1
रिम्‍दीन	गरिरहन्छ	1
थुं	धैर्य	1
नाइश्‍शा	धारण	1
चिक्‍शो	बनाओ	1
जाक्‍चा	आगमन	1
जाक्‍चान	ढोकैमा	1
चिक्‍शो	उभिरहनुभएको	1
देंशो	नाममा	1
पशा	अगमवक्ताहरूको	1
जशा	धैर्यबाट	1
बाक्‍कीन	लेओ	1
काइ	आशिषित	1
मप्रोंइथु	मान्छौँ	1
जचा	अय्यूबको	1
गेवा	धैर्यको	1
लेम्‍शा	दयालु	1
ताइतीनी	उद्देश्य	1
,	थाहा	1
सरीङ	स्वर्गद्वारा	1
खप	पृथ्वीद्वारा	1
चुक्‍ब	कुराद्वारा	1
जोल	इन्साफमा	1
पाइतीनी	नपर्नको	1
देनीन	चाहिँ	1
जामे	भोगिरहेको	1
पामेक्‍ल	गरोस्	1
पामेक्‍ल	गाओस्	1
मेकोपुकीमी	मण्डलीका	1
रोइ	एल्डरहरूलाई	1
वोइश्‍शा	बोलाओस्	1
पुंइशोमी	प्रार्थनाले	1
पाइब	पार्नेछ	1
साब	उठाउनुहुनेछ	1
क्‍याम्‍सीब	गर्नुहुनेछ	1
रोइ	अर्कामा	1
शोव़मुशा	मानिलेओ	1
शोव़मुशा	अर्काका	1
पमुने	गर	1
मगेने	नपरोस्	1
शुश	नम्रतापूर्वक	1
मयिमाक्‍त	परेन	1
यिपतीन	एलियाले	1
नोले	आकाशले	1
नाली	पृथ्वीले	1
वामा	उब्जायो	1
लां	सत्यबाट	1
ङोन	तर्किएर	1
लत	जान्छ	1
लेप्‍पाइक्‍तु	फर्काएर	1
लेप्‍पाइक्‍तु	ल्याउँछ	1
क्‍याम्‍सीब	गरोस्	1
तुइक्‍चा	पापीलाई	1
माल्‍ब	भड्‌किएको	1
क्‍याम्‍सीब	मार्गबाट	1
मटीब	फर्काउँछ	1
शुश	असङ्ख्य	1
क्‍याम्‍सीब	ढाक्‍नेछ	1
बिथीनीया	बिथिनियाभरि	1
रागीम	छरिएर	1
ब्रशा	परदेशीहरूलाई	1
यावेमी	ख्रीष्‍टप्रतिको	1
दुम्‍नीम	आज्ञाकारिता	1
दुम्‍नीम	छिट्काइको	1
देंत	पूर्वज्ञानअनुसार	1
टीब	शुद्धिकरणद्वारा	1
सेल्‍तु	चुनिएकाहरू	1
सेंसीशोमी	पुनरुत्थानद्वारा	1
सेंसीशोमी	निश्‍चयतको	1
स्‍वर्गमी	उत्तराधिकारमा	1
मबिग्रेब	दाग	1
मबिग्रेब	बिलाएर	1
मबिग्रेब	जाँदैन	1
लीब	स्वर्गमा	1
शोंप	संरक्षित	1
पाप	उद्धारको	1
सुइक्‍नय	शक्‍तिले	1
सुइक्‍नय	राखिएका	1
मेको	विभिन्‍न	1
नाक्‍त	कष्‍टको	1
ग्‍येरनीनी	जरुरी	1
जाइनीनी	रमाउँछौ	1
सुइश्‍शो	जाँचियोस्	1
जोल	आगोमा	1
कों	नष्‍ट	1
नाक्‍चा	सुनभन्दा	1
जाइनीनी	बहुमूल्य	1
याप्‍पाइश्‍शो	स्थापित	1
पतीक	गरोस्	1
दुम्‍ब	यसो	1
सम्‍म	उहाँलाई	1
मतथु	देख्‍दैनौ	1
ग्‍येरन	व्यक्त	1
मचाप्‍नीनी	महिमाले	1
ग्‍येरना	भरिपूर्ण	1
मचाप्‍नीनी	आनन्दमा	1
सुइक्‍तीकेमी	प्रतिफल	1
पाप	पाइरहेका	1
सुइक्‍तीकेमी	प्राणको	1
रे	विषयमा	1
ब्रोंइतीके	ध्यानसित	1
तुइक्‍चा	खोजतलास	1
हिल्‍लो	खोजी	1
जाक्‍बा	बोलिरहनुभएको	1
जाक्‍बा	खोजी	1
छेङछेङम	भइरहेको	1
माल्‍न	अगाडिबाट	1
पामे	बताउँदै	1
पाला	अगमवक्तालाई	1
मपामे	सेवा	1
रे	पठाइनुभएका	1
शेंबपुकीमी	ल्याउनेहरूद्वारा	1
शेंताक्‍म	सुनाइएको	1
ङा	स्वर्गदूतहरू	1
फ्रेंदीन	बाँध	1
पचा	सोचाइमा	1
मिम्‍तीन	होओ	1
कली	ल्याइने	1
ङोंइती	पछ्याएका	1
मतुइक्‍थु	इच्छाहरूमा	1
बाक्‍कीन	नचल	1
दुम्‍शा	व्यवहारमा	1
पुंइना	व्‍यक्तिलाई	1
पुंइन	कामअनुसार	1
कोव़शा	गर्नुहुनेलाई	1
पुंइन	भन्छौ	1
कुल	यात्राको	1
मकोव़थु	समय	1
कोव़शा	आदरमा	1
पाइब	बिताओ	1
लां	तिमीहरूका	1
प्रोंइचा	पिताहरूबाट	1
पुंइसीशो	सिकेका	1
गे	मूर्ख	1
लतीक	बानीहरूबाट	1
थाप्‍शा	सुनबाट	1
थाप्‍शा	छुटकारा	1
बुद	आदरयोग्य	1
शाइक्‍पाइश्‍शा	छुटकारा	1
नरक	दोषरहित	1
प्रोंइतु	दागरहित	1
क्‍येङा	बसालिनुभन्दा	1
मिम्‍शो	छानिनुभएको	1
ना	उहाँ	1
बाक्‍त	हुनुभएको	1
वोइक्‍तु	रहून्	1
बाक्‍नी	भातृ-प्रेमको	1
दाक्‍नीनी	बनायौ	1
नेल्‍लेमी	एक-अर्कालाई	1
मजाम्‍ब	जन्मेका	1
मेकोन	नाशवान्	1
ब्रोंइचा	वीर्यबाट	1
लीब	वीर्यबाट	1
घांस	देह	1
घांस	घाँसजस्तै	1
घांस	घाँसका	1
खोदेंशो	फुलजस्तै	1
बोइश्‍शो	सुक्छ	1
खोदेंशो	ओइलाउँछ	1
लीब	रहिरहन्छ	1
शेंबपुकीमी	सन्देशलाई	1
ताइक्‍तीन	दुष्‍ट्याइँ	1
गेहे	पाखण्डीपन	1
पतीके	डाहा	1
गाइक्‍तीके	बदख्वाइँलाई	1
ताइक्‍तीन	टाढै	1
नक	नवजात	1
आलम	शिशुहरूले	1
मालीन	तृष्णा	1
बारन	मुक्तिमा	1
लाइब	बढ्न	1
तुइक्‍नीनी	चाखेका	1
“	आओ	1
ताइक्‍ताक्‍म	मानिसहरूद्वारा	1
परमप्रभु	गरिनुभएका	1
नु	उहाँका	1
योव़शो	पत्थर	1
ब्रोंइचा	ख्रीष्‍टद्वारा	1
सोक्‍तीम	बलिदानहरू	1
सेल्‍शो	भवन	1
दुमीन	पत्थरहरूजस्तै	1
वोइक्‍नुङ	बसाल्नेछु	1
योव़सीशा	मुख्य	1
योव़सीशा	चुनिएको	1
दाक्‍सीशा	बहुमूल्य	1
सुद‍मे	गर्छ	1
दोक्‍चा	पर्नेछैन	1
सुइक्‍बपुकीमी	गर्छौ	1
दाक्‍नीम	आदर	1
दुम्‍त	शिर-ढुङ्गा	1
मटितीके	उल्लङ्घन	1
दाइल	खान्छन्	1
ठेयब	निम्ति	1
थिप्‍पाइक्‍ब	गरिएका	1
दुम्‍तीके	वंश	1
मुर	निजी	1
दुम्‍तीनी	प्रजा	1
ग्रुंइशा	बोलाई	1
छक	उदेकको	1
वोइश्‍शो	ल्याउनुहुनेका	1
मबाक्‍नी	थिएनौ	1
मुर	प्रजाहरू	1
बाक्‍तीनी	थिएनौ	1
पाइनुङ	लडाइँ	1
गो	पापमय	1
बाक्‍यानु	इच्छाबाट	1
बाक्‍यानु	रहनको	1
रागी	परदेशीहरू	1
पौना	प्रवासीहरूलाई	1
बाक्‍नय	बोलाउँछु	1
मसुइक्‍ब	जातिहरूका	1
दातेमी	व्यवहार	1
पने	होस्	1
सेल्‍मेक्‍ल	गरून्	1
सरकारमी	मानवीय	1
वोइश्‍शो	या	1
मेकोपुकी	नराम्रो	1
पाइतीनी	पठाइएका	1
कली	अज्ञानतालाई	1
पपतीन	लगाउनुपर्छ	1
प्रोंइचा	मानिसहरूझैँ	1
ब्रोंइचा	दुष्‍टतालाई	1
ताइनुङ	ढाक्‍नको	1
दुम्‍शा	दासहरूजस्तै	1
पाइबपुकी	आदरसाथ	1
होव़प	दुष्‍टहरूसँग	1
इन	व्यक्‍तिको	1
बित्‍चीम	विवेक	1
फाल्‍शा	सहन्छौ	1
बाक्‍तीनी	सहन्छौ	1
पाइनीनी	हुनेछ	1
कोंइतीक	बोलाइएका	1
खोदेंशो	पाइला	1
माल्‍नीनी	छोड्नुभयो	1
मपवो	गर्नुभएन	1
मपवो	उहाँका	1
जोल	मुखमा	1
मपवो	छलको	1
मपवो	पाइयो	1
मलेत्‍त	लिनुभएन	1
जशा	भोग्‍नुहुँदा	1
जिम्‍मा	गर्नुहुनेकहाँ	1
गेंसाक्‍व	सुम्पिनुभयो	1
साइक्‍चा	नबनौँ	1
पतीक	खातिर	1
प्रोंइचा	जिऔँ	1
क्‍याम्‍चा	बोकी	1
पुंइसाक्‍व	चढ्नुभयो	1
कांटी	चोटले	1
हेंथे	हराएका	1
गाक्‍ब	भेडाझैँ	1
भेडा	भौतारिँदै	1
नेक्‍था	संरक्षककहाँ	1
लेश्‍शा	फर्किएका	1
बाक्‍तेक्‍म	आज्ञाकारी	1
मीश	पत्‍नीहरूको	1
पशो	आचरणको	1
मपथु	वचनैविना	1
,	सकिन्छ	1
बाक्‍शो	आचरणलाई	1
मान	सम्मानको	1
पाइनीम	देख्‍नेछन्	1
नोस	केशको	1
चुंइसीचा	शृङ्गार	1
पांइचा	गरगहनाहरू	1
क्‍येट	शृङ्गारका	1
लाइब	वस्‍त्रहरूजस्ता	1
फेक्‍चा	सजावट	1
ब्रेम्‍शो	हृदयबाट	1
ब्रेम्‍शो	भलो	1
ख्रुइश्‍शो	शान्त	1
जाम्‍शा	आत्माद्वारा	1
मलाइब	दृष्‍टिमा	1
पांइतीके	अनमोल	1
पांइतीके	किसिमले	1
साइ	पहिलेका	1
आंम	शृङ्गार	1
आंम	राख्थे	1
बाक्‍तेक्‍म	बस्दथे	1
मान	अब्राहामप्रति	1
सारामी	हुन्थिन्	1
मान	स्वामी	1
टिशो	बोलाउँथिन्	1
गेय	समस्याहरूसँग	1
महिंथु	डराएनौ	1
दुम्‍तीनी	ठहरिन्छौ	1
बाक्‍कीने	अबला	1
मबाक्‍नीम	साझेदार	1
बाक्‍कीने	सम्झी	1
निम्‍फा	प्रार्थनामा	1
बाक्‍नीसी	अवरोध	1
मुर	दयावान्	1
पाइब	अपमानको	1
हना	आशिष्‌मा	1
ताइब	यसैको	1
ब्रोंइचा	जीवनलाई	1
बाक्‍चा	दिनहरू	1
दाक्‍नीमी	देख्‍ने	1
शुक्‍शी	जिब्रोलाई	1
मपने	खराबबाट	1
सुइ	ओठलाई	1
मपने	गर्नबाट	1
बाक्‍कीन	रोकोस्	1
पचा	खोजी	1
ठीक	त्यसैमा	1
पने	लागिरहोस्	1
यावेमी	आँखाले	1
कोव़ब	देख्छन्	1
नेंचा	निवेदनहरू	1
दाइक्‍ब	सुन्छन्	1
मनेंब	गर्नेहरूको	1
गेबा	खराबी	1
जाइतीनी	सताइन्‍छौ	1
इन	डराउने	1
गेब	कुरादेखि	1
ग्‍येत्‍थ	हतास	1
में	राख्छौ	1
हिल्‍लो	सोधेमा	1
थुंमी	आदरपूर्वक	1
पाप	ताकि	1
पाइबपुकी	खोज्‍नेहरू	1
ङोन	लाजमा	1
वोतीन	परून्	1
मुने	विरुद्धमा	1
जचा	भोग्‍नु	1
पुंइसाक्‍व	भोग्‍नुभयो	1
पाइबमी	ल्याउनको	1
मपाइब	अधर्मीहरूका	1
जाप्‍तु	भोग्‍नुभयो	1
साइक्‍चा	मृत्यु	1
पुंइसीशा	वरण	1
सोक्‍त	परेका	1
नोआहमी	नोआको	1
डोंगा	जहाज	1
सेलानु	बनाइँदा	1
रिम्‍ना	धैर्य	1
रिम्‍न	पर्खिरहेको	1
सेलानु	भएनन्	1
रिम्‍ना	पानीबाट	1
रिम्‍न	आठ	1
पाला	बचाउनुभयो	1
मिम्‍तीके	बचाउने	1
दुम्‍ल	बप्‍तिस्माको	1
पुंइतीके	सङ्केत	1
चिक्‍चा	फोहोर	1
चिक्‍चा	सफा	1
पुंइतीके	निवेदनको	1
टीनीम	झुक्‍नुपर्छ	1
जवा	भोग्‍नुभयो	1
मोपा	उद्देश्य	1
जाइनीमी	भोगेको	1
प्रोंइने	छोडेको	1
बाक्‍नी	उसो	1
बाक्‍नी	मानवीय	1
सम्‍म	अभिलाषामा	1
मसुइक्‍बपुकीमी	अन्यजातिले	1
महिंब	गरेजस्तो	1
दुक्‍शा	कुवासना	1
पाइनीम	मद्यपान	1
पूजा	मोजमज्‍जा	1
बाक्‍नीम	,	1
जशा	असभ्य	1
तूशा	भोजहरू	1
दिचा	मूर्तिपूजाहरूमा	1
मूर्ति	खर्च	1
खोदेंशो	अचम्म	1
मपाइनीनी	मान्छन्	1
शुक्‍शी	खराब	1
पाइब	हुनुहुनेलाई	1
बेक्‍शो	मरिसकेकाहरूलाई	1
शेंशो	प्रचारिएको	1
ब्रोंइचा	परमेश्‍वरअनुसार	1
तामेक्‍ल	जिऊन्	1
मिम्‍शा	लगाओ	1
रां	विचारमा	1
अरेशा	सचेत	1
पने	रहो	1
हना	उत्कट	1
दाक्‍मुतीकेमी	एक-अर्काको	1
ग्‍याम्‍ब	लगाउँदैन	1
मगाइक्‍थु	गनगन	1
बा‍स	नगरी	1
बा‍स	एक-अर्काको	1
गेमुने	अतिथि	1
मगाइक्‍थु	सत्कार	1
गेशो	सित्तैँका	1
वारच	भण्डारेजस्तै	1
पाइबा	बोल्‍छ	1
गेशो	निस्केको	1
दुम्‍त	अग्‍निमय	1
।	आइपरेमा	1
मारेइ	अनौठो	1
ममाइ	नसम्झ	1
जशो	भोग्‍छौ	1
ग्‍येरनीनी	सक्‍नेछौँ	1
जाइतीनी	भयौ	1
ग्‍येत्‍थ	हाल्ने	1
मदुमीन	व्यक्‍तिको	1
सेल्‍शा	दुःख	1
मदुमीन	नपरोस्	1
जाइतीनी	भोग्छ	1
मपने	नमानोस्	1
सेलीन	गरोस्	1
खिं	परिवारबाट	1
थमा	नमान्‍नेको	1
मसुइक्‍ब	अवस्था	1
दोदेंब	होला	1
हेरा	जनको	1
ब्रोंइचा	उद्धारचाहिँ	1
मताइब	कठिनाइले	1
मरिम्‍शो	पापीको	1
दुम्‍नीमी	अवस्था	1
यावेमी	इच्छामा	1
गेबा	भोग्‍नेहरूले	1
मप्रोंइब	सुम्पून्	1
गेनुङ	सङ्गी-एल्डर	1
तशो	व्यक्‍तिको	1
नङ	हैसियतले	1
मार	एल्डरहरूलाई	1
गेनुङ	गर्दछु	1
मिम्‍शा	करले	1
“	बेइमानीपूर्वक	1
चेम्‍नुङ	कमाइने	1
पने	स्वेच्छाले	1
कोंइदीन	हेरचाहमा	1
दुम्‍ती	मालिकजस्तो	1
दोदेंब	बगालको	1
माल्‍नीमी	उदाहरण	1
गेयमी	बन	1
लीब	नहुने	1
ठिटापुकी	युवकहरू	1
खाल्‍पा	वृद्धहरूको	1
ब्रेम्‍शो	विनम्रताको	1
सक्ति	शक्‍तिशाली	1
केन	बाहुलीमुनि	1
टिने	तुल्याओ	1
सेल्‍ब	पार्नुभएको	1
सुर्ता	चिन्ता-फिक्री	1
ममाल्‍नीनी	सुम्पिदेओ	1
मिम्‍तीन	रहो	1
होस	शत्रु	1
बाक्‍कीन	दियाबलस	1
ब्‍वाइनुङा	भेटेर	1
ब्‍वाइनुङा	निल्नको	1
ब्‍वाइनुङा	गर्जने	1
माल्‍न	सिंहझैँ	1
गाक्‍ब	खोजिरहेको	1
मटिने	बन	1
लोक्‍बपुकीम	भाइहरूले	1
जाइनीम	भोगिरहेका	1
गेनुङमी	कष्‍टपछि	1
राज्‍यम	अनुग्रहका	1
गारचा	स्थापित	1
सक्ति	बलियो	1
सेल्‍ब	बनाउनुहुनेछ	1
गेना	सदा	1
गेना	सर्वदा	1
सिल्‍वानस	सिलासलाई	1
मिम्‍शा	लिन्छु	1
सोइक्‍ताक्‍ङ	लेखेको	1
शेंताक्‍न्‍‍नी	साक्षी	1
शेंताक्‍न्‍‍नी	दिन्छु	1
बेबीलोनम	चुनिएकी	1
योव़शोपुकीमी	बेबिलोनमा	1
ब्रेक्‍पाइक्‍तीमी	भएकीले	1
मर्कूसमी	मर्कूसले	1
मुम्‍मुने	अभिवादन	1
दुम्‍तय	मूल्यवान्	1
दुम्‍तय	गरेकाहरूलाई	1
लल	जाओस्	1
सक्तिमी	सद्गुणद्वारा	1
मेको	बोलाउनुहुने	1
माल्‍या	ज्ञानद्वारा	1
सक्तिमी	शक्तिको	1
मोपा	कुराहरूद्वारा	1
दाक्‍स	कुइच्छाबाट	1
प्रोक्‍ने	भ्रष्‍टताबाट	1
प्रोक्‍ने	उम्केर	1
प्रोक्‍ने	ईश्‍वरीय	1
प्रोक्‍ने	स्वभावमा	1
प्रोक्‍ने	सहभागी	1
दुम्‍नीनी	गर्नुभयो	1
गारचा	सद्गुण	1
गारचा	सद्गुणद्वारा	1
?	ज्ञान	1
”	थप्‍न	1
तुइक्‍चा	प्रयत्‍न	1
अरेसीतीके	ज्ञानद्वारा	1
अरेसीतीके	आत्मसंयम	1
मप्रोंइनुङ	आत्मसंयमद्वारा	1
थेक्‍शा	सहनशीलताद्वारा	1
माल्‍नीनी	ईश्‍वरभक्ति	1
लोक्‍ब	ईश्‍वरभक्तिद्वारा	1
माल्‍नीनी	भातृ-स्‍नेह	1
लोक्‍ब	भातृ-स्‍नेहद्वारा	1
पाइतीनी	जान्छन्	1
तुइक्‍तीकेमी	बाँझो	1
दुम्‍ब	हुनेछैनौ	1
सुम	जोसँग	1
मपाइबा	घटी	1
ब्रा	नजिकको	1
ब्रा	वस्तु	1
ब्रा	देख्छ	1
ताइब	अन्धो	1
क्‍याम्‍शो	धोइएको	1
प्रेंशो	बिर्सेको	1
योव़शो	चुनाउ	1
मशोंइ‍‍सीनीनी	लोट्नेछैनौ	1
रिम्‍शो	प्रवेशको	1
ओव़चा	अनुमति	1
गेब	पाउनेछौ	1
दुम्‍तीनी	बलियो	1
मिम्‍पाइक्‍नुङ	सम्झाउन	1
ब्रोंइङा	शरीररूपी	1
सम्‍म	पालमा	1
मिम्‍पाइक्‍चा	जागा	1
बाक्‍ब	राख्‍नु	1
ब्रोंइङा	सम्झाउनु	1
कोंइताक्‍यी	पाललाई	1
मलीनेवे	त्याग्दै	1
कोंइताक्‍यी	देखाउनुभएको	1
लचा	प्रस्थानपछि	1
मिम्‍ने	सम्झन	1
रागीम	बताउँदा	1
जाक्‍शो	धूर्ततासँग	1
सेल्‍शो	रचिएका	1
कथा	दन्त्यकथाहरूलाई	1
मशेंदक	पछ्याएनौँ	1
ख्रीस्‍त	वैभवको	1
मिक्‍चीम	प्रत्यक्ष	1
तपाइश्‍शा	वैभवपूर्ण	1
तपाइश्‍शा	महिमाबाट	1
ग्रूत	थियोः	1
ग्‍येरसाक्‍यी	जोसित	1
ग्‍येरसाक्‍यी	खुसी	1
छिङछिङमी	उत्तम	1
दुम्‍नीनु	नहुञ्‍जेल	1
खोदेंशो	नआउञ्‍जेल	1
पा	अन्धकारमा	1
रुप्‍नीनी	चम्कने	1
रुप्‍नीनी	बत्तीजस्तै	1
ब्रेक्‍शो	भविष्यवाणी	1
मुर	अगमवक्ताको	1
मिम्‍शो	तर्कबाट	1
मुर	अगमवाणी	1
मपीब	इच्छाबाट	1
मपीब	आएन	1
सुम्‍शा	डोर्‍याइएका	1
साइ	इस्राएलीहरूकहाँ	1
बाक्‍मा	अगमवक्ताहरू	1
शेंबपुकी	गोप्य	1
शेंबपुकी	विनाशसकारी	1
शेंबपुकी	शिक्षाहरू	1
जाक्‍नीमी	ल्याउनेछन्	1
ख्रुइश्‍शोमी	उद्धार	1
खतम	गर्नुहुने	1
खतम	गुरुलाई	1
मतुइक्‍नुङ	आफूमाथि	1
लाइब	ल्याउनेछन्	1
शेंशो	विलासी	1
दाक्‍स	आचरणको	1
शुक्‍शी	निन्दित	1
शीम	छलपूर्ण	1
योल्‍नीम	उठाउनेछन्	1
नरक	श्राप	1
चिक्‍शो	लामो	1
बाक्‍नीम	निष्क्रिय	1
मतामे	छोड्नुभएन	1
बाक्‍तीकेमी	पातालमा	1
सोइक्‍ताक्‍मी	सुम्पिदिनुभयो	1
पची	नहुन्जेलसम्म	1
नरकमी	साङ्लाले	1
चोक्‍शा	राखिदिनुभयो	1
प्रोंइतीमी	राख्‍नुभएन	1
मेना	धार्मिकताका	1
यावेमी	दूत	1
ब्रीपाइश्‍शा	नोआ	1
ब्रीपाइश्‍शा	बचाउनुभयो	1
ब्रीपाइश्‍शा	प्रलयद्वारा	1
साइश्‍शो	संसारको	1
सोदोम	अधर्मीहरूमाथि	1
माइश्‍शो	आइपर्नेछ	1
निक्‍शी	उदाहरणको	1
सहर	सहरहरूलाई	1
मीम	खरानीमा	1
क्रोइश्‍शा	परिणत	1
कोंइतीक	दोषी	1
चिनु	ठहराउनुभयो	1
लोत	लोतलाई	1
प्रोंइशो	अराजक	1
लोतमी	घिनलाग्दा	1
कली	व्यवहारको	1
मनुशो	दुःखी	1
किंत	बस्दा	1
टीब	धर्मीहरूलाई	1
मपाइब	परीक्षाबाट	1
थाम्‍चा	बचाउनुपर्छ	1
सजाइ	अधर्मीहरूलाई	1
वोइक्‍ब	सजायको	1
मपाइब	राख्‍नुपर्छ	1
ग्रांग्रा	भ्रष्‍ट	1
दला	इच्छाहरूमा	1
गेशो	तुच्छ	1
मेकोपुकीमी	ठान्‍नेहरूको	1
महिंब	हठी	1
थमा	स्वेच्छाचारी	1
सुइक्‍ब	महिमितहरूको	1
महिंनीम	डराउँदैनन्	1
बाक्‍तेक्‍म	दक्षता	1
मगेनीम	निन्दापूर्ण	1
मगेनीम	ल्याउँदैनन्	1
दूली	अज्ञानी	1
बस्‍तु	पशुहरू	1
ग्‍याइक्‍चा	नाश	1
पुंइसीचा	नियन्त्रणको	1
जरमेशो	बनाइएका	1
तन्‍न	जान्दैनन्	1
दुम्‍नीम	पारिनेछन्	1
पर्बम	परिणामले	1
पाइक्‍चा	क्षति	1
पुंइसीनीम	पुर्‍याउनेछ	1
बाक्‍नीमी	रहन्छन्	1
मुने	धब्बा	1
सेल्‍ब	दागहरू	1
जशा	बस्दा	1
मुने	छलमा	1
लुम्‍सीशो	मनाउँछन्	1
मुर	आँखा	1
तशा	व्यभिचारले	1
वाल्‍नीम	भरिएका	1
मदेंनीम	अघाउँदैनन्	1
खोइक्‍पाइक्‍नीमी	मनलाई	1
लेम्‍शा	नराम्रो	1
खोइक्‍पाइक्‍नीमी	लोभ्याउँछन्	1
खोइक्‍पाइक्‍नीमी	मनले	1
खोइक्‍पाइक्‍नीमी	लोभमा	1
खोइक्‍पाइक्‍नीमी	तालिम	1
शीम	श्रापित	1
बालाममी	बरालिएर	1
मरिम्‍शो	अधार्मिक	1
पतीके	ज्याला	1
ताक्‍शो	पराउने	1
ताक्‍शो	बोअरको	1
दाक्‍शो	लाग्छन्	1
मरिम्‍शो	अपराधको	1
हुइक्‍चा	हप्की	1
मब्‍वाक्‍ब	नबोल्ने	1
गधामी	गधाले	1
मब्‍वाक्‍ब	आवाजमा	1
गधामी	बोलेर	1
लोव़	अगमवक्ताको	1
मरिम्‍शो	पागलपनलाई	1
तेक्‍गा	रोकिदियो	1
शेंबपुकी	मूलविनाको	1
मयीब	पानीजस्ता	1
धारा	आँधीले	1
गोस्‍स	उडाई	1
बेरपाइश्‍शो	लैजाने	1
धारा	बादलजस्ता	1
पुंइसीनीम	साँचिएको	1
हेंथे	वासनाद्वारा	1
हेंथे	प्रलोभनमा	1
हेंथे	भाग्‍न	1
पतीके	खोज्‍नेहरूलाई	1
दिचा	प्रलोभनमा	1
ग्रांग्रा	भ्रष्‍टताका	1
मारमी	मान्छेलाई	1
ग्राबा	जित्छ	1
दुम्‍नीम	बन्छ	1
मुरपुकी	मुक्तिदाता	1
तुइक्‍तीकेमी	चिनेर	1
बाक्‍तेक्‍म	उम्किसकेपछि	1
ग्रात	फर्कन्छ	1
आन	अवस्था	1
रे	पवित्र	1
ङोन	आज्ञाहरूबाट	1
बाक्‍चा	फर्कनुभन्दा	1
मतुइश्‍शो	नजानेको	1
दुम	हुने	1
पोव़	कुकुर	1
लेंशा	बान्तामा	1
”	नुहाइदिएको	1
चिक्‍शा	हिलैमा	1
चिठी	उत्साहित	1
ब्रेक्‍ताक्‍ङ	तुल्याउन	1
निक्‍शीमी	लेख्दै	1
कली	प्रेरितहरूद्वारा	1
मिम्‍पाइक्‍चा	मुक्तिदाताका	1
दाक्‍ताक्‍ङ	आज्ञाहरूको	1
दला	इच्छामा	1
दाक्‍स	हिँड्दै	1
जाक्‍नुङ	आगमनको	1
,	प्रतिज्ञा	1
पिपी	बितेर	1
सेल्‍चा	सृष्‍टिको	1
ओदेंशो	चिज	1
देंनीमी	s5	1
शुक्‍शी	वर्षअगि	1
मफ्रादीम्‍सी	बनाइएका	1
”	थिए	1
शेंनीम	स्वेच्छाले	1
शेंनीम	बिर्सन्छन्	1
मेना	बेलाको	1
ख्रुम्‍शा	प्रलयद्वारा	1
मटीब	दुष्‍टहरूको	1
क्रोइक्‍चा	वचनद्वारा	1
लोक्‍बपुकी	नभुल	1
खोदेंशो	दिनझैँ	1
प्रभुम	अरूले	1
प्रभुम	सोचेजस्तै	1
ठीक	ढिलो	1
ला	उहाँ	1
लेम्‍मल	चाहनुहुन्‍न	1
रिम्‍ब	चाहना	1
रेयके	आवाजसहित	1
नुप्‍नीम	तत्त्वहरू	1
नुप्‍नीम	पगाल्नेछ	1
ग्रोइश्‍शा	गरिनेछन्	1
मारेइ	कस्ता	1
मलीब	हुनुपर्ने	1
माल्‍नीनी	जिउनुपर्छ	1
परमप्रभु	व्यग्रतासाथ	1
जाक्‍ब	आशा	1
सरीङ	आकाशहरू	1
नुप्‍ब	गरिनेछ	1
बाक्‍मे	तत्त्वहरूलाई	1
मीम	प्रचण्ड	1
ग्रोइश्‍शा	पगाल्नेछन्	1
सेल्‍नुङ	पर्खाइमा	1
ला	बास	1
गल्‍ती	दागरहित	1
दोस	खोटरहित	1
मताइब	शान्तिमा	1
रिम्‍ना	धैर्यलाई	1
ब्रेक्‍ताक्‍व	लेखेका	1
ब्रेक्‍शो	पत्रहरूमा	1
चिठी	उल्लेख	1
मजोक्‍ब	अनुशासनहीन	1
थमा	अस्थिर	1
शेंनीम	बङ्ग्‍याउँछन्	1
ब्रेक्‍पाइश्‍शो	धर्मशास्‍त्रका	1
दूली	बङ्ग्याउँदै	1
शेंनीम	निम्त्याउँछन्	1
तुइश्‍शा	जानेको	1
होस	आफैँलाई	1
मबाक्‍तीनी	व्‍यवस्थाहीन	1
दूली	छलले	1
शेंतीके	नलैजाओस्	1
सुइक्‍तीके	विश्‍वासयोग्यतालाई	1
साम्‍नीनी	नगुमाओ	1
बारन	बढेर	1
लल	जाओ	1
सेल्‍य	होस्	1
नेंतक	हातहरूले	1
नेंतक	छोएका	1
ग्‍येरसीशा	आनन्‍द	1
सोइक्‍ताक्‍क	लेख्छौँ	1
कली	उहाँबाट	1
बाक्‍नय	सगङ्‌ति	1
गाक्‍शा	हिँड्छौँ	1
जोल्‍फे	झुट	1
दुम्‍नय	बोल्छौँ	1
मपाइनय	गर्दैनौँ	1
बाक्‍शो	हुनुभएझैँ	1
गाक्‍तय	हिँड्छौँ	1
ङा	अर्कासँग	1
दुम्‍नय	सङ्‌गति	1
क्‍याम्‍ब	पार्छ	1
बाक्‍नय	धोका	1
मबाक्‍ब	हुँदैन	1
पाइतक	स्वीकार‍	1
शेक्‍ब	अधर्मबाट	1
देंशो	विश्‍वासयोग्य	1
देंतय	भन्छौँ	1
सेल्‍नय	तुल्‍याउँछौँ	1
दें‍चा	लेख्‍छु	1
पुंइब	वकालत	1
तुइक्‍नय	चिन्‍छौँ	1
ख्रीस्‍त	परमेश्‍वरलाई	1
देंबा	भन्‍छ	1
मटीबा	गर्दैन	1
तुइक्‍ब	पाउनेछौँ	1
देंबा	जिउनु	1
दुम्‍चा	जिउनुपर्छ	1
मब्रेक्‍तु	छैनँ	1
ब्रेक्‍नुङ	सत्‍य	1
नक	अन्‍धकार	1
अरेशो	बितिरहेको	1
ख्रीस्‍तमी	ज्‍योति	1
खाप्‍तु	चम्किरहेको	1
गाक्‍ना	रहन्‍छ	1
दुम्‍शो	ठेस	1
गेय	अवसर	1
गाक्‍ब	हिँड्छ	1
मतुइक्‍ब	पाउँदैन	1
छिङछिङमी	अन्‍धकारले	1
मताइब	अन्‍धो	1
सेल्‍ब	तुल्‍याएको	1
बाक्‍ती	लेख्छु	1
क्‍याम्‍सीशो	क्षमा	1
ब्रेक्‍न	गरिएका	1
बाक्‍ती	चिन्‍नुहुन्छ	1
आलपुकी	बुबाहरू	1
वोइश्‍‍शा	रहन्‍छ	1
वोइश्‍‍शा	दुष्‍टमाथि	1
गेपुकी	नगर	1
मदाक्‍तीन	थोकहरूलाई	1
कोव़थ	शरिरको	1
लाइनीम	अभिलाषा	1
दाक्‍नीमी	अभिलाषा	1
रागी	संसारबाट	1
नेल्‍ल	इच्‍छाहरू	1
देंशो	इच्‍छाअनुसार	1
ब्रोंइशा	रहिरहन्‍छ	1
जाम्‍चशो	आखिरी	1
शेंब	आइरहेको	1
ननी	सुन्दै	1
पर्बम	विरोधीहरू	1
मोपतीके	यसद्वारा	1
रागी	आखिरी	1
शेंबपुकी	हामीबाट	1
ग्रूतेक्‍म	गए	1
मनम	थिएनन्‌	1
गोपुकी	हामीहरूसँगै	1
बाक्‍म	रहिरहने	1
दाते	होइनन्	1
सोक्‍त	हुनुहुनेबाटको	1
पर्बम	जानेका	1
पोबु	गर्नेबाहेक	1
पोबु	झुट	1
मनसी	को	1
शेंब	त्‍यसले	1
दूली	इन्‍कार	1
शेंनीमी	कोहीसँग	1
शेंनीमी	गर्नेसँग	1
मिनु	हकमा	1
बाक्‍नीनी	रहन्‍छौ	1
गेनुङ	यही	1
शेंनीमी	बहकाउनेहरूको	1
ब्रेक्‍ताक्‍ङ	लेखिसकेको	1
कली	हकमा	1
ख्रीस्‍तमी	रहन्‍छ	1
बाक्‍ब	सिकाउन	1
मेको	आवश्‍यक	1
सोक्‍तीमी	अभिषेकले	1
शेंना	थोकहरूबारे	1
ममाल्‍नीनी	सिकाउनुहुन्छ	1
अर्को	झुटो	1
टिशा	सिकाउनुभएअनुसार	1
तौपुकी	हो	1
यिमेनु	उहाँ	1
का	होस्‌	1
यिमेनु	आगमनमा	1
महिंब	लज्‍जित	1
चाप्‍यल	नपरोस्‌	1
आलपुकी	जन्मेको	1
वोइश्‍शो	भनियोस्	1
रागी	,	1
मतुइक्‍नीम	संसारले	1
मतुइक्‍नीम	चिनेन	1
ग्रूमेनु	पर्नुहुनेछ	1
दुम्‍नय	उहाँजस्तै	1
दोपा	उहाँजस्तो	1
दुम्‍नय	त्‍यस्तै	1
दुम्‍नय	देख्‍नेछौँ	1
रिम्‍शा	दृढता	1
ङोन	पार्छ	1
मटीब	गर्छ	1
क्‍याम्‍चा	हटाई	1
येसु	लानलाई	1
जाक्‍त	हुनुभयो	1
मेकोमी	रहनेले	1
मनेनीन	नबहकाओस्	1
खोदेंशो	धर्मिक	1
थुम्‍चा	नष्‍ट	1
थुंमी	स्वभाव	1
तुंइ‍सीब	गरिन्छन्	1
मदाक्‍नीमी	नगर्ने	1
काइन	कयिनजस्तो	1
सदा	मार्‍यो	1
सदा	गर्‍यो	1
मदाक्‍थु	गर्छ	1
राज्‍य	पार	1
राज्‍यमी	सरेका	1
लोक्‍ब	दाजुभाइहरूलाई	1
राज्‍यमी	मृत्युमा	1
ब्रोंइशा	हत्यारासँग	1
देंशा	पाउँछौँ	1
दाक्‍शा	आफ्नो	1
दाक्‍चा	जीवन	1
माल्‍नय	दिनुपर्छ	1
शोंप	आफनो	1
मिम्‍बा	दयाको	1
रे	गर्छ	1
जाम्‍शा	रहन्छ	1
आलपुकी	बालकहरूल	1
ममाइ	नगरौँ	1
माल्‍नय	गरौँ	1
गेप्‍तु	दिन्छ	1
थुं	हृदयभन्दा	1
मगेप्‍तु	दिँदैन	1
जाक्‍दीत्‍नय	दृढ	1
महिंथु	माग्छौँ	1
पुंइशो	उहाँबाट	1
गेब	पाउँछौँ	1
पाइनय	हुने	1
सुइक्‍चा	गर्नुपर्छ	1
दाक्‍मुचा	गर्नुपर्छ	1
दुम्‍तय	जान्दछौ	1
तुइक्‍नय	रहनुहुन्छ	1
शेंबपुकीमी	आत्मालाई	1
शेंदमेनु	नगर	1
गेपुकीमी	आत्माहरू	1
शेंतीके	चिन्‍नेछौः	1
शेंबा	नगर्ने	1
शेंथ	आत्मा	1
शेंथ	संसारमा	1
सोक्‍त	हुनेभन्दा	1
शेंबपुकी	आत्माहरू	1
शेंतीके	संसारकै	1
रागी	संसारले	1
बाक्‍ब	सुन्छ	1
तुइक्‍बा	चिन्छ	1
टीब	सुन्छ	1
मटीब	सुन्दैन	1
देय	आत्मा	1
बाक्‍बा	आत्मालाई	1
चाप्‍नय	चिन्छौँ	1
तुइक्‍ब	चिन्छ	1
मतुइक्‍ब	चिन्दैन	1
कोंइताक्‍व	हामीहरूमाझ	1
तौ	कि	1
सोइक्‍ताक्‍व	पठाउनुभएको	1
मदाक्‍ताक्‍य	गरेकाले	1
दाक्‍ताक्‍व	गर्नुभएको	1
आंम	पापहरूका	1
पपाइक्‍चा	उहाँका	1
दाक्‍ता	गर्नुभयो	1
नु	रहनुहुन्छ	1
ङा	उहाँमा	1
दुम्‍नय	रहन्छौँ	1
ताइतक	दिएका	1
परमप्रभुमी	मुक्‍तिदाता	1
रागीमी	पठाउनुभएको	1
गोपुकी	हामीप्रति	1
दाक्‍ब	प्रेमलाई	1
बाक्‍बा	रहन्छ	1
नु	दृढता	1
दोपा	यसैमा	1
दाक्‍चा	हामीमाझ	1
बाक्‍तय	डर	1
मुरपुकी	डरलाई	1
हिंनीम	हटाउँछ	1
हिंनीम	डरले	1
हिंनीम	दण्डसँग	1
हिंनीम	सरोकार	1
हिंनीम	राख्छ	1
हिंबा	डराउँछ	1
शुश	प्रेममा	1
सुमी	देखेको	1
मतशो	नदेखेको	1
इं	उहाँबाटको	1
आल	जन्मनुहुनेलाई	1
टिशा	गर्नु	1
टिशा	बोझिला	1
आलपुकीमी	जन्मेको	1
सुइक्‍चा	जित्‍ने	1
सुइक्‍बमी	गर्नेबाहेक	1
ग्रानीम	संसारमाथि	1
ग्रानीम	हासिल	1
ब्‍वाक्‍कु	पानीद्वारा	1
क्‍येङा	झनै	1
परमप्रभु	गवाहीलाई	1
मबाक्‍बा	हुनुहुन्‍न	1
पुंइतय	माग्यौँ	1
पुंइशो	दृढता	1
नेंब	सुनुहुन्छ	1
गेब	नम्र-निवेदनहरू	1
मबेक्‍चा	नपुर्‍याउने	1
पशो	गरिरहेको	1
ताइबा	देख्छ	1
तचा	नपुर्‍याउने	1
यावेमी	क्षमा	1
लोक्‍ब	मृत्युमा	1
गेना	पुर्‍याउने	1
ताइब	पाप	1
बेक्‍चा	त्यसबारे	1
ममाल्‍ब	चढाउनुपर्छ	1
देंनुङ	भन्दिनँ	1
कोइ	नपुर्‍याउने	1
कोव़ब	राख्‍नुहुन्छ	1
तुइक्‍नय	छुँदैन	1
हुकुम	दुष्‍टको	1
तुइक्‍नय	नियन्‍त्रणमा	1
तुइक्‍नय	चिनौँ	1
मूर्ति	मूर्तिहरूबाट	1
खाल्‍पामी	एल्डरबाट	1
चिठी	सत्यतामा	1
ब्रेक्‍ताक्‍न्‍नी	गर्दछु-	1
दाक्‍नन्‍नी	छन्-	1
थुंम	सत्यता	1
यो	रहनेछ	1
लीब	सत्यताले	1
तौ	पुत्रबाट	1
गोपुकी	प्रेममा	1
कली	गर्‍यौँ	1
लां	हिडेको	1
खोइक्‍ब	मैँले	1
तशा	भेट्टाएर	1
देंशो	गर्दछु-	1
दाक्‍मुचा	हो-	1
पचा	आज्ञाहरूअनुसार	1
नेंशो	सुनेजस्तै	1
जोल्‍फेपुकी	छलीहरू	1
जाक्‍तेक्‍म	संसारमा	1
मजरमेसे	आउनुभएको	1
शेंनीम	गर्दैनन्	1
जोल्‍फे	छली	1
मरिम्‍शो	विरोधी	1
पनी	नगुमाऊ	1
ठेयब	पूरा	1
सुम	अगाडि	1
चहिं	बढिरहन्छ	1
प्रोंइबा	रहँदैन	1
सुम	जो	1
मप्रोंइबा	रहन्छ	1
मपाप्‍तु	ल्याउँदैन	1
मगेने	स्वागत	1
मदेनीन	नगर	1
कागज	कागज	1
मसीम	मसीले	1
जाक्‍नुङ	गरिन	1
पाइनय	तिमीकहाँ	1
ग्‍येरनय	होस्	1
समी	बहिनीका	1
तमी	छोराछोरीहरूले	1
खाल्‍पामी	गायसलाई	1
ब्रेक्‍ताक्‍ङ	गर्छु	1
गो	स्वस्थ्य	1
गायस	सत्यमा	1
बाक्‍तीके	सत्यताप्रति	1
खोइक्‍नीम	हिँड्छन्	1
नेंनुनु	सुन्‍नुभन्दा	1
नेंनुनु	ठूलो	1
सुइक्‍ब	परदेशीहरूको	1
पाइतीनी	विश्‍वासयोग्यताको	1
पाइतीनी	अभ्यास	1
ग्रुम्‍तीकेमी	दिन्छन्	1
माल्‍नीमी	यात्रामा	1
गेशा	पठाउन	1
शेंथ	अन्यजातिहरूबाट	1
मलाइक्‍नीम	नलिइ	1
बाक्‍नय	बन्‍न	1
ब्रेक्‍ताक्‍ङमी	लेखेँ	1
डियोत्रीफसमी	डियोत्रिफस	1
सेल्‍शा	हुन	1
गोपुकी	रुचाउछन्	1
मदाक्‍ब	गर्दैन	1
जाक्‍शा	आएँ	1
काइ	कुवाक्यहरूसहित	1
काइ	हाँस्यास्पद	1
गाक्‍ब	सम्झनेछु	1
मटिम्‍तेक्‍म	निषेध	1
तिल्‍ब	दिन्छ	1
मखोतो	अनुकरण	1
खोतो	अनुरण	1
पाइबा	कर्म	1
मतुइक्‍ब	देखेको	1
नेल्‍लेमी	डेमेत्रियसको	1
देंनीम	सबैद्वारा	1
खोइक्‍तीकेमी	आफैँद्वारा	1
कोंइब	दिइन्छ	1
गेनुङ	दिन्छौँ	1
मपाइनुङ	जान्दछौ	1
मसी	कागज	1
कलममी	मसीले	1
ग्रुम्‍शा	आमने	1
कोव़मुशा	सामने	1
पाइनस	गर्नेछौँ	1
वारचपुकीमी	मित्रहरूले	1
गे	मित्रहरूलाई	1
अरु	नाउँद्वारा	1
वाइल	याकूबका	1
दुम्‍ती	यहूदाबाट	1
दुम्‍ती	बोलाइएकाहरू	1
योव़शा	राखिएकाहरूलाई	1
नाइक्‍तीके	शान्ति	1
दाक्‍मुतीके	प्रेम	1
बाक्‍ल	जाओस्	1
पाप	साझा	1
दाक्‍ती	प्रयत्‍न	1
सुइक्‍तीके	सधैँको	1
सुइक्‍तीके	उपदेश	1
देंखु	गुप्‍त	1
ग्रुम्‍तीकेमी	घुसेका	1
शिशी	चुनिएका	1
पर्बम	नमान्‍ने	1
परमप्रभु	कामुकताको	1
देंनीम	पार्दछन्	1
शेंसीशो	जानेका	1
मिम्‍पाइक्‍चा	दिलाउन	1
मसुइक्‍ब	नगर्नेहरूलाई	1
ङा	प्रतिष्‍ठालाई	1
मटिथु	बासस्थानलाई	1
प्रोंइतेक्‍म	त्यागेका	1
प्रोंइतेक्‍म	स्वर्गदूतहरूलाई	1
प्रोंइतेक्‍म	अनन्तका	1
प्रोंइतेक्‍म	साङ्लाहरूमा	1
वोइश्‍शो	राख्‍नुभएको	1
मुरपुकीमी	सहरहरूजस्तै	1
दिचा	कामुक	1
दिचा	अनैतिकतामा	1
ङा	संलग्‍न	1
मपचा	गराए	1
दूली	अभिलाषाहरूको	1
बाक्‍तेक्‍म	लागिपरे	1
कोंइतीक	भोग्‍नेहरूको	1
दुम्‍पाइक्‍चा	उदाहरणको	1
ब्रशो	गरिए	1
देंखु	सपना	1
पाइबपुकीमी	देख्‍नेहरूले	1
मिम्‍तीके	शरीरहरूलाई	1
स्‍वर्गम	महिमितहरूको	1
पाइनीम	भन्दछन्	1
पाइब	मिखाएलले	1
मिकाएलमी	दुष्‍टसँग	1
सैतान	बहस	1
हुइक्‍ब	हप्काऊन्	1
मतुइश्‍शो	नबुझ्ने	1
मिम्‍तीक	बुझ्ने	1
बस्‍तु	विवेकहीन	1
भाव	पशुहरूले	1
तुइश्‍शोमी	जान्‍दछन्	1
काइन	कयिनको	1
बुदी	हिँडेका	1
बालाम	लाभको	1
मटिथु	बालामले	1
कोराह	कोरहको	1
ग्रुम्‍मुशो	प्रेम	1
पपाइक्‍ब	लुकेका	1
फुल्‍लु	कलङ्कहरू	1
दातेम	केवल	1
प्रिंनीम	निर्लज्‍ज	1
ला	भोज	1
प्रिंनीम	खान्छन्	1
मपाइश्‍शो	नभएका	1
फशेम	बादलहरू	1
बेरशो	हुरीले	1
बेरशो	उडाएर	1
गोस्‍स	लैजान्छन्	1
सित्‍ची	शरद	1
ना	ऋतुका	1
बेक्‍शो	मरिसकेका	1
शाक्‍श	जराहरूसितै	1
दुल्‍शो	उखेलिएका	1
हिंचा	छालहरू	1
मुने	निर्लज्‍जताको	1
ग्रुंइनीम	निकाल्दछन्	1
दोक्‍शो	बत्तिएका	1
मरिम्‍शो	अँध्यारोको	1
बाक्‍तीके	साँचेर	1
मेकोमी	आदमदेखि	1
आ	हनोकले	1
हजार	जनसँग	1
तपाइक्‍नीम	आउँदै	1
ङोन	नमान्‍नेहरूले	1
पापीपुकीम	ईश्‍वरहीन	1
पापीपुकीम	नमान्‍ने	1
पापीपुकीम	पापीहरूले	1
पामे	बोलीको	1
गन	असन्तोषीहरू	1
सेल्‍सीचा	फाइदाको	1
मुर	अरूहरूको	1
कुल	चापलुसी	1
दला	ईश्‍वरहीन	1
दला	अभिलाषाहरूलाई	1
मेकोपुकीम	फुट	1
ममिम्‍थु	सांसारिक	1
बारपतीन	सबैभन्दा	1
दाक्‍ब	प्रेममा	1
रिम्‍शा	ल्याउँदछ	1
सुइक्‍ने	गर्नेहरूसँग	1
मचाप्‍शो	दयालु	1
मी	अरूहरूलाई	1
फो	आगोबाट	1
फु	बाहिर	1
ग्रुंइशो	निकालेर	1
प्रोनीन	बचाओ	1
का	अरूहरूसँग	1
कली	होसियारीसाथ	1
ग्रांग्रा	शरीरद्वारा	1
दिचा	कलङ्‌कित	1
लुम्‍सीशो	वस्‍त्रलाई	1
वासी	समेत	1
मपाइब	लडखडाउनदेखि	1
सेल्‍ने	जोगाउन	1
मताइब	महिमामय	1
सेल्‍शा	उपस्थितिको	1
राप्‍पाइक्‍ने	निष्कलङ्क	1
राप्‍पाइक्‍ने	रमाहटसँग	1
राप्‍पाइक्‍ने	बनाउनुहुने	1
पतीकेमी	उद्धारक	1
प्रोंइतु	समयभन्दा	1
प्रोंइतु	पहिलेदेखि	1
मेकोमी	अनन्तसम्म	1
दुम्‍तीके	गरिमा	1
सक्ति	प्रभुत्व	1
केन	रहिहोस्	1
मुल	आमेन	1
तुइक्‍तमेक्‍ल	प्रकाश	1
गेय	पठाउनुभई	1
सोइक्‍ताक्‍व	गराउनुभयो	1
ताता	देखेका	1
दुम्‍ती	दिएका	1
तुइक्‍पाइश्‍शो	अगमवाणीको	1
पढेनीमी	चर्को	1
पढेनीमी	पढ्छ	1
टीनीमी	यसमा	1
टीनीमी	लेखिएका	1
यूहन्‍नामी	यूहन्‍नाबाट	1
ओटा	मण्डलीलाईः	1
मेको	ख्रीष्‍टबाट	1
क्‍येङा	मृतकहरूमध्येबाट	1
सेंसीशो	पारिनुभएका	1
प्रोंइतु	पार्नुभयो	1
राप्‍ब	सदासर्वदा	1
सेल्‍तु	शक्‍ति	1
सेल्‍तु	होस्	1
गिल्‍सीशा	आउँदै	1
यिन	देख्‍नेछ	1
साइक्‍पाइक्‍बपुकीमी	घोच्‍नेहरूले	1
थर	पृथ्वीका	1
रोंका	बिलौना	1
ङाक्‍नीम	गर्नेछन्	1
नेल्‍ल	[	1
आल्‍फा	संस्करणमा	1
बुदी	दाजु	1
जशो	यूहन्‍ना	1
मोपतीके	कष्‍टहरूमा	1
श्‍येत	धैर्यसाथै	1
रिम्‍शा	पत्मोस	1
बाक्‍नुङ	टापुमा	1
एसीया	पुस्तकमा	1
सुइक्‍ब	अर्थात्	1
आन	एफिसस	1
एफिसस	स्मुर्ना	1
पेरगामोम	पर्गामम	1
थिआटीरा	थिआटीरा	1
सारडीस	सार्डिस	1
फिलाडेल्‍फीया	फिलाडेल्फिया	1
लाओडीसीया	लाउडिकियालाई	1
लेत्‍ती	फर्किएँ	1
कोव़ङुनु	हेर्दा	1
बत्ती	सामदान	1
ताता	पाउसम्मै	1
का	पुग्‍ने	1
फेक्‍शो	पहिरिनुभएका	1
सुन	छातीको	1
किप्‍तीके	बाँध्‍नुभएका	1
किप्‍शो	पुत्रजस्तै	1
फुं	हिउँजस्तै	1
तांइसाक्‍व	ज्वालाजस्तै	1
याप्‍पाइश्‍शा	पाउहरू	1
कांसा	चम्किएका	1
कांसा	काँसाजस्ता	1
ठेयब	उर्लंदो	1
ग्रूत	निस्किरहेको	1
नाक्‍त	सुर्यको	1
कोव़ने	तेजझैँ	1
मचाप्‍चा	चम्किरहेको	1
खोदेंब	मानिसजस्तै	1
खोइलीम	पाउँमा	1
गोल्‍ती	परेँ	1
बेक्‍शा	मरेको	1
मबेक्‍चा	सदाका	1
ब्रोंइती	रहन्छु	1
रोक्‍तीक	पातालका	1
ब्रेक्‍तो	यसपछि	1
खपीम	सामदानको	1
एसीया	तारा	1
नम	दुतहरू	1
ओटा	सामदान	1
एफिसस	एफिससको	1
सोरुल	लिनुहुने	1
हिरब	हिँड्नुहुनेका	1
दुम्‍खु	दाबी	1
तुइक्‍नुङ	जाँचिसकेका	1
नाक्‍शा	भेट्टाएका	1
मदथु	तिमीमा	1
मदथु	सहनशिलता	1
फाल्‍नीनी	भोगेका	1
गो	थकित	1
तुइक्‍नुङ	छैनौ	1
दाक्‍ताक्‍नी	वास्तविक	1
दाक्‍चा	प्रेमलाई	1
प्रोंइतीनी	त्यागेका	1
कली	भयौ	1
दाक्‍चा	नगरेसम्म	1
दियारी	सामदानलाई	1
तिल्‍नुङ	हटाइदिनेछु	1
गेपुकी	निकोलाइटसहरूले	1
दीनुङ	गर्छु	1
सैतान	खाने	1
रूमी	स्वर्गलोक	1
गेनुङ	’	1
ख्रीस्‍तमी	स्मुर्नाको	1
ङोंइती	मर्नुभएको	1
ब्रोंइती	हुनुभयो	1
‘	आफैलाई	1
’	भनी	1
पाइबपुकी	शैतानका	1
सैतानमी	सभाघर	1
मिनु	भोग्‍नै	1
थाम्‍चा	जाँच्‍नको	1
चोक्‍पाइक्‍ब	हाल्न	1
चोक्‍पाइक्‍ब	आँटेको	1
जाइनीनी	भोग्‍नेछौ	1
साइक्‍चाम्‍तेक्‍म	मृत्युसम्मै	1
मप्रोनीन	होऊ	1
बेक्‍चा	मृत्युद्वारा	1
ममाल्‍नीम	चोट	1
ममाल्‍नीम	पुर्‍याइनेछैन	1
पेरगामोम	पर्गाममको	1
पाइश्‍शोमी	साथमा	1
क्‍योरतीक	हुनुहुनेको	1
गेपुकीमी	नाउँलाई	1
नकी	दह्रो	1
मप्रोंइनी	पक्रिरखेका	1
बाक्‍मेनु	मारिएका	1
अन्‍टीपास	एन्टिपासको	1
मप्रोंइनी	गरेनौ	1
बालाम	छन्ः	1
शेंताक्‍व	तिमीमध्ये	1
बालाक	कोही-कोहीले	1
जात	छोराछोरीहरूले	1
बालाम	मूर्तिलाई	1
शेंताक्‍व	खानेकुरा	1
शेंताक्‍व	खाऊन्	1
सेल्‍तु	यौनमा	1
जात	लागून्	1
बालाममी	ठेस	1
बालाममी	लाग्‍ने	1
शेंताक्‍व	ढुङ्गा	1
शेंताक्‍व	छोराछोरीहरूको	1
बालाक	फ्याँक्‍न	1
बालाक	लगाउने	1
माइश्‍शो	बालकलाई	1
बालाममी	सिकाउने	1
शेंताक्‍व	पक्रेका	1
सुइक्‍नीमी	निकोलाइटसका	1
सुइक्‍नीमी	शिक्षाहरूलाई	1
सुइक्‍नीमी	पक्रनेहरू	1
ग्रुम्‍तीकेमी	तिमीकहाँ	1
शोव़	मुखको	1
हीरा	पत्थरमा	1
ग्राब	पाउनेले	1
हीरा	जान्दैन	1
थिआटीरा	थिआटीराको	1
ब्रेक्‍पाइक्‍ती	पुत्रका	1
तांइसीशो	ज्वालाजस्ता	1
याप्‍पाइश्‍शो	पाउ	1
कांसा	टल्कने	1
खोदेंशो	काँसाजस्ता	1
श्‍येत	धैर्यवान्	1
क्‍येङा	कामहरूभन्दा	1
पाइनीनी	महत्त्‍वका	1
ग्रुम्‍तीकेमी	ईजेबेललाई	1
गेतीनी	सहेका	1
इजेबेलमी	त्यसका	1
चढ़ेशो	चढाएका	1
दुम्‍ब	लगाउँछे	1
तेल्‍लेम	दिएँ	1
मबीस	गरिन	1
लेत्‍ने	रोगी-ओछ्यानमा	1
मबिस्‍साक्‍म	फालिदिनेछु	1
लेत्‍ने	नगरेसम्म	1
गेनुङमी	पार्नेछु	1
साइक्‍ब	रुढीले	1
साइक्‍नुङमी	मारिदिनेछु	1
पाप्‍तु	हृदयहरूको	1
’	खोजी	1
नेल्‍लेमी	मण्डलीले	1
तुइक्‍नीमी	जान्‍नेछन्	1
तुइक्‍नीम	दिनेछु	1
थिआटीरा	थिआटीरामा	1
इजेबेल	रहेकाहरू	1
मपाइबपुकी	पक्रदैन	1
बुदी	कतिपयले	1
ठेयब	गहिरा	1
इजेबेल	तिमीहरूमाथि	1
मतुइक्‍नीम	बोकाउनेछैनँ	1
गे	जस्तोसुकै	1
तुइश्‍शो	समयमा	1
मजाक्‍ङा	नआउन्जेलसम्म	1
सम्‍म	दरिलोसँग	1
सासन	जाति-जातिहरूमाथि	1
मेकोपुकीमी	कुमालेका	1
के	भाँडाहरूलाई	1
बुद	टुक्रा-टुक्रा	1
ग्‍योंब	पारेजस्तै	1
कोक्‍केमी	छडीले	1
सैतान	पिताबाट	1
गो	सार्डिसको	1
थमा	दूतलाई	1
सुइश्‍शा	लेखः	1
ओटा	पक्रिनुहुनेका	1
बाक्‍नीकी	ख्याति	1
खोदेंब	छौ	1
बोक्‍कीन	जाग	1
चिक्‍शो	लागेका	1
चिक्‍शो	बलियो	1
सुइक्‍तीके	बनाऊ	1
तशो	गर्‍यौ	1
इन	सुन्यौ	1
नेंशो	सो	1
मिम्‍तीन	सम्झ	1
मपाइतीनी	रहेनौ	1
बाक्‍तीकेमी	समयमा	1
मतुइक्‍नीनी	जान्‍नेछैनौ	1
सारडीस	सार्डिसका	1
निक्‍शी	नाउँहरू	1
मलुम्‍सीशो	परेका	1
वा	वस्‍त्रमा	1
फेक्‍शा	हिँड्नेछन्	1
हिरचा	योग्यका	1
मक्‍याम्‍नुङ	सेतो	1
स्‍वर्ग	वस्‍त्र	1
नें	पहिराइनेछ	1
ताइब	पुस्तकबाट	1
मक्‍याम्‍नुङ	मेटाउनेछैन	1
फिलाडेल्‍फीया	फिलाडेल्फियामा	1
थीबमी	पक्रनुभएको	1
मेरे	खोल्नुहुन्छ	1
चोक्‍ने	खोल्न	1
रोक्‍शा	खुला	1
वोइक्‍ता	राखिदिएको	1
टीतीनी	छौ	1
ख्रीस्‍त	नाउँलाई	1
शेंशो	सभाघरकाहरू	1
शेंशो	बोलिरहेका	1
खोइलीमी	पाउको	1
खोइलीमी	आई	1
पपाइक्‍नुङ	लगाउनेछु	1
तुइक्‍पाइक्‍नुङ	जान्‍नेछन्	1
नेल्‍ल	जिउनेहरूको	1
प्रोंइनन्‍नी	आइपर्ने	1
प्रोंइनन्‍नी	विपत्तिको	1
प्रोंइनन्‍नी	पर्नबाट	1
प्रोंइनन्‍नी	जोगाउनेछु	1
रोइक्‍ने	नसकोस्	1
बोल्‍यो	खाँबो	1
बाक्‍नीम	जानेछैन	1
तारी	उसमाथि	1
ब्रेक्‍नुङ	ओर्लेर	1
ब्रेक्‍नुङ	लेखिदिनेछु	1
ब्रेक्‍पाइक्‍ती	सृष्‍टिमाथिको	1
माइश्‍शो	शासनकर्ता	1
दीगो	भरपर्दो	1
सेल्‍ब	आमेनका	1
दुम	चाहन्थेँ	1
सुइक्‍तीके	मनतातो	1
गाम्‍चा	तातो	1
चिक्‍शो	चिसो	1
तेशा	उकेलिदिन	1
ताइक्‍नुङ	आँटेको	1
ममाल्‍नीकी	थोकको	1
जाइब	दयनीय	1
पाइनुङ	सल्लाहलाई	1
पाइनुङ	देऊः	1
देंशा	आगोद्वारा	1
गे	शुद्ध	1
पाइश्‍शो	पारिएको	1
ग्‍यापीन	नाङ्गोपनको	1
सुन	लाज	1
याप्‍पाइश्‍शो	ढाक्‍नलाई	1
याप्‍पाइश्‍शो	चम्किलो	1
दुम्‍चा	सेतो	1
शोंप	नाङ्गोपनको	1
ग्‍यापीन	लाज	1
ग्‍यापीन	नदेखियोस्	1
शोंप	आँखामा	1
शोंप	मलहम	1
कोंइनुङ	जिउनुपर्छ	1
शेंनुङ	सिकाउँछु	1
लाङगाम	ढोकामा	1
बाक्‍नी	उभिरहन्छु	1
ब्रेत्‍नुङ	ढकढक्याइरहन्छु	1
ओव़ङीन	ढोका	1
देंनीमी	खोल्छ	1
देंनीमी	आउनेछु	1
ओव़नुङ	खानेछु	1
जाइनुङ	खानेछ	1
ग्राती	बस्‍नलाई	1
निप्‍पाइक्‍नुङ	जितेँ	1
ग्राती	पितासँग	1
निप्‍पाइक्‍नुङ	बसेको	1
गे	हेरेँ	1
रोक्‍शा	उघ्रिएको	1
कुवो	आऊ	1
मिनु	छिनमा	1
वोइश्‍शो	भएको	1
ब्रीती	जसमाथि	1
ब्रीती	बसिरहनुभएको	1
नित्‍तीके	बस्‍नुहुने	1
लल	लालमणिजस्तै	1
तांइसाक्‍व	देखिनुहुन्थ्यो	1
हीरा	चम्किलो	1
तांइसाक्‍व	देखिन्थ्यो	1
२४	चौबिसवटा	1
नित्‍तीकपुकी	सिंहासन	1
सिरपेच	मुकुटहरू	1
नित्‍तीकपुकीमी	लगाएका	1
निश्‍शो	बसेका	1
चिला	बिजुलीको	1
तांइसाक्‍व	चमक	1
सेंदापुकी	चट्याङसँगै	1
नेंसाक्‍व	नष्‍ट	1
ब्रशो	बत्ती	1
तोव़शी	बलिरहेका	1
७	बत्तीहरूचाहिँ	1
समुन्‍द्र	स्फटिकजस्तै	1
खोदेंशो	देखिने	1
दिंम	सिंहासनवरिपरि	1
नेल्‍ले	पछाडि	1
गुप्‍स	सिंहजस्तो	1
बोहोर	बाछोजस्तो	1
जन्‍तु	प्राणीको	1
बोहोर	उडिरहेको	1
तांइसाक्‍व	चिलजस्तो	1
मिनु	चारै	1
६	हरेकका	1
६	६-६	1
मेको	तल	1
बाक्‍नीनी	परमेश्‍वर	1
कुम्‍सो	रहन्थे	1
जन्‍तुम	प्राणीहरूले	1
जन्‍तुम	सिंहासनमाथि	1
जन्‍तुम	रहनुहुनेलाई	1
शेंब	एल्डरले	1
खाल्‍पामी	निहुरेर	1
निप्‍ब	हुनुहुनेका	1
निप्‍ब	सिंहासनको	1
नित्‍तीकेमी	राख्दै	1
वोइश्‍शा	,	1
छेङछेङम	ग्रहण	1
दाक्‍शा	इच्छाद्वारा	1
ओल्‍शो	छाप	1
कागजम	पछाडि	1
सुमी	यस	1
प्राक्‍ने	तोड्न	1
ङाक्‍ती	रोएँ	1
मचबेम	भेट्टाइएन	1
खाल्‍पा	एल्डरहरूमध्येका	1
पिप	सिँह	1
मेकोमी	मुलले	1
क्‍योरशो	मारिएको	1
क्‍योरशो	देखिनुहुने	1
रागीमी	संसारभरि	1
पाठामी	जानुभयो	1
निप्‍ब	बसिरहनुहुनेको	1
ताक्‍तु	समात्‍नुभयो	1
ताक्‍गानु	मुट्ठोलाई	1
ताक्‍गानु	लिनुभयो	1
ताक्‍गानु	चारवटा	1
खाल्‍पापुकी	चौबिस	1
पाठा	एल्डर	1
पोक्‍च	घोप्टो	1
के	हरेकसँग	1
थनौरो	वीणा	1
धूपमी	धूपले	1
धूपमी	धुपौराहरू	1
पाम्‍तेक्‍म	गाएः	1
ताक्‍ने	लिन	1
बाक्‍पाइक्‍चा	मारिनुभयो	1
शाइश्‍शा	जाति	1
जात	राष्‍ट्रलाई	1
मुरपुकी	किन्‍नुभयो	1
सेल्‍तीनी	गर्नेछन्	1
लाख	हजारै	1
लाख	हजार	1
बोल	बल	1
बाक्‍नीनी	मारिनुभएका	1
देंचा	थुमा	1
समुन्‍द्र	समुद्रमुनि	1
तारी	सृष्‍टि	1
नेल्‍लेमी	थोकले	1
४	चारैवटा	1
४	एल्डरहरू	1
जन्‍तुमी	आराधना	1
खाल्‍पापुकीमी	टिपोटः	1
बाप्‍शा	संस्करणमा	1
खाल्‍पापुकीमी	चौबिस	1
खाल्‍पापुकीमी	एल्डर	1
बाप्‍शा	रहिरहनुहुनेलाई	1
छाप	छापमध्ये	1
प्राक्‍‍शो	खोल्‍नुभएको	1
पशो	आवज	1
खोदेंशो	जस्तोमा	1
शारा	चढ्नेले	1
ङोइक्‍बमी	वाण	1
लिब्रा	समातेका	1
ग्राना	जित्‍नेले	1
गाक्‍त	विजयी	1
ब्रेश्‍शो	भनिरहेको	1
शारा	अग्‍निमय	1
का	रातो	1
शारा	पृथ्वीबाट	1
शुश	शान्ति	1
लल	जानलाई	1
रोइक्‍चा	मार्नेछन्	1
क्‍योरमुपाइक्‍चा	घोडसवारलाई	1
चुक्‍ब	तरवार	1
अर्को	तेस्रो	1
शारा	घोडसवारले	1
ङोइक्‍बमी	हातमा	1
तुला	एकजोर	1
तुला	तराजुलाई	1
ग्‍याइश्‍शो	समाइरहेका	1
जन्‍तु	प्राणीका	1
कामी	देखिनेले	1
माल्‍ताक्‍व	गहूँ	1
माल्‍ताक्‍व	जौ	1
देंशो	सोरलाई	1
बेक्‍शो	घोडसवारको	1
साइक्‍पाइक्‍चा	पातालले	1
साइक्‍पाइक्‍चा	पछ्याइरहेको	1
कली	पृथ्वीको	1
साइक्‍पाइक्‍चा	एक-चौथाइ	1
कोइ	भागमाथि	1
कोइ	अनिकाल	1
कोइ	रोगहरूमाथि	1
जन्‍तुमी	पृथ्वीका	1
साइक्‍पाइक्‍चा	जङ्गली	1
जन्‍तुमी	जनावरलाई	1
आगाम	मुनि	1
येसु	मारिएका	1
सासन	सबैमाथिका	1
साइक्‍ब	रगतको	1
लेत्‍नीनी	लिनुहुन्‍न	1
साइक्‍ब	बाँचिरहेकाहरूको	1
पाइनीनी	गर्नुहुन्‍न	1
पाइब	सेवकहरू	1
इच्‍का	दाजुभाइहरू	1
बुदी	दिदी-बहिनीहरू	1
बुदी	तिनीहरूजस्तै	1
साइक्‍चा	मारिएर	1
पुंइसीमा	सङ्ख्यामा	1
रिम्‍दीन	पर्खनू	1
देंत	भनियो	1
ख्रिनु	गएको	1
कुत	देखेँ	1
कुंखी	भाङग्राको	1
कुंखी	कपडाजस्तै	1
लल	रगतजस्तै	1
ममीशो	रुखलाई	1
तोक्‍शो	आँधीबेहरीले	1
तोक्‍शो	हल्लाउँदा	1
फशेमी	नपाकेका	1
ममीशो	फलहरू	1
तोक्‍शो	झरेजस्तै	1
सोरुलपुकी	ताराहरू	1
दोक्‍तेक्‍म	खसे	1
ओल्‍शो	मुट्ठोजस्तै	1
ओल्‍शो	बेरिएर	1
कागज	लोप	1
लाक्‍तु	जुनचाहिँ	1
लाक्‍तु	बटारिएको	1
डांडा	पहाड	1
नेल्‍ल	ठाउँदेखि	1
याक्‍साक्‍म	हटेर	1
फौज	जनसाधारणहरू	1
नेल्‍ल	पहाडका	1
पहाड	चट्टानहरूका	1
फुल्‍लु	बिचमा	1
पुक्‍खीमी	गुफाहरूमा	1
ख्रुंइ‍साक्‍म	लुके	1
पहाड	पर्वत	1
सेरथे	चट्टानहरूलाई	1
सुम्‍की	खस	1
निप्‍ब	मुहारबाट	1
ख्रुइक्‍तीकी	लुकाऊ	1
गाइक्‍ची	क्रोधको	1
गाइक्‍ची	उभिन	1
कुनामी	कुनामा	1
कुनामी	उभिइरहेका	1
कुनामी	पृथ्वीको	1
राप्‍शो	चारैतिर	1
४	बतासलाई	1
कुनामी	बलियोसँग	1
तातामी	पक्रिरहेका	1
समुन्‍द्रमी	रुखको	1
बाक्‍तेक्‍म	नचलोस्	1
नु	पूर्वबाट	1
बाक्‍शो	आउँदै	1
अधिकार	अनुमति	1
जना	चिच्‍च्‍याउँदै	1
वाइल	सेवकहरूका	1
सम्‍म	नलगाउञ्‍जेलसम्म	1
मबिग्रेने	नगर	1
लाख	लाख	1
का	चवालिस	1
४४	हजारको	1
बाक्‍तेक्‍म	सुनेँ	1
मचाप्‍चा	हेरेँ	1
थर	भाषाका	1
राप्‍शो	गन्‍न	1
नित्‍तीकेमी	हातमा	1
राप्‍शो	खजुरका	1
तातामी	हाँगा	1
तातामी	लिई	1
मेकोपुकीम	सिंहासन	1
पाठा	बोलाइराखेका	1
आस	थिएः	1
मेको	मुक्त्ति	1
पाठामी	थुमाको	1
खाल्‍पा	उभिए	1
ओटा	लम्पसार	1
नित्‍तीके	आफ्‍नो	1
शेंब	अनुहार	1
बाक्‍तेक्‍म	झुकाए	1
आसीक	प्रशंसा	1
सासन	बल	1
बाक्‍ल	भइरहोस्	1
खाल्‍पा	एल्डरहरूमध्ये	1
फेक्‍शो	पहिरनेहरू	1
श्‍येत	महासङ्कष्‍टबाट	1
मुरतीके	धोएर	1
कली	पाल	1
कोव़ब	फैलाउनुहुनेछ	1
मबेक्‍नीम	भोकउनेछैनन्	1
तूतू	न	1
तूतू	तिर्खाउनेछन्	1
रापमी	ताप	1
रापमी	पर्नेछैन	1
मनाप्‍ब	तापले	1
मनाप्‍ब	जलाउनेछ	1
पाठामी	थुमा	1
बुक्‍तीके	मुहानतिर	1
कोव़शा	डोर्‍याउनुहुनेछ	1
गेब	आँखाबाट	1
बुक्‍तीके	आँसु	1
कोंइब	पुछिदिनुहुनेछ	1
प्राक्‍गानु	खोल्नुभयो	1
आधा	आधा	1
मपाम	छायो	1
चढ़ेतीक	धुपौरो	1
ताक्‍तु	विश्‍वासीका	1
ताक्‍तु	प्रार्थनासँग	1
ताक्‍तु	चढाउनका	1
मान	प्रार्थनासँगै	1
लत	पुग्यो	1
धूप	धुपौरो	1
ताइक्‍ताक्‍व	भरे	1
बुंबु	फ्याँकिदिए	1
रेयके	चट्याङ	1
चिला	गडगडाहट	1
ख्रिनु	बिजुलीका	1
पाप्‍तु	चमकहरू	1
पाप्‍तु	उत्पन	1
तुराही	फुक्‍नलाई	1
शेयब	फुके	1
शेयब	असिना	1
तुराही	मिसिएको	1
शेयब	आगो	1
हुश	भागलाई	1
मी	रुखहरूलाई	1
ब्‍वांइ‍सीशो	हरिया	1
मी	घाँसलाई	1
यित	डढायो	1
भाग	टिपोटः	1
रवा	पुराना	1
भाग	संस्करणहरूमा	1
सां	छोडिएको	1
दुप्‍शा	भागको	1
नेक्‍तु	डढेको	1
६	आगोले	1
जना	जलिरहेको	1
तुराही	पहाडजस्तो	1
ताप्‍तु	समुद्रमा	1
ताता	बन्यो	1
मेकेर	समुद्रमा	1
सां	प्राणीहरूमध्ये	1
जाजपुकी	जहाजहरूका	1
ब्रशो	राँकोजस्तो	1
इनार	नदीहरूका	1
बुक्‍तीके	मुहानमा	1
दोक्‍त	खस्यो	1
कशो	ऐरेलु	1
तेकेर	एक-तिहाइ	1
सोरुल	भागको	1
खतम	साथसाथै	1
भाग	प्रहार	1
छिङछिङ	परिणत	1
मेकोमी	आकाशको	1
ककाकुली	उडिरहेको	1
बेरशो	गरुड	1
मुल	कराइरहेको	1
सेंदामी	सुनेँ	1
गेय	फुक्‍नै	1
सांमी	आँटेका	1
रेयकेमी	आवाजको	1
सोरुल	पृथ्‍वीमा	1
दोक्‍शो	खशिरहेको	1
सोरुलमी	तारालाई	1
रोक्‍तीके	कुण्डको	1
लाप्‍चो	कुण्ड	1
रोक्‍गानु	खोल्यो	1
कुन	कुण्‍डबाट	1
खोदेंब	मुस्लोजस्तो	1
सरीङ	वायुलाई	1
दुम्‍त	बनाइदियो	1
कुन	धुवाँबाट	1
ग्रूतेक्‍म	निस्केर	1
बिच्‍छी	बिच्छीहरूको	1
मबिग्रेने	नगर्नू	1
कुप्‍फीमी	नभएका	1
गेने	गर्नू	1
मसतीन	दिनू	1
गेने	नमार्नू	1
क्राइश्‍शो	बिच्छीले	1
क्राइश्‍शो	डसेको	1
दुम्‍मेनु	दिनहरूमा	1
दाक्‍नीम	खोज्नेछन्	1
दाक्‍नीम	भेट्टाउनेछैनन्	1
बेक्‍ने	मर्न	1
बेक्‍ने	मृत्यु	1
मचाप्‍नीम	भाग्‍नेछ	1
शारा	घोडाहरूजस्ता	1
तांइसाक्‍म	देखिन्थे	1
सुन	शिरमा	1
गुप्‍शो	अनुहार	1
सिरपेच	मानवको	1
गुप्‍शो	अनुहारहरूजस्ता	1
मीश	स्‍त्रीहरूका	1
चां	कपालजस्तै	1
गुप्‍स	सिंहका	1
ख्रुइ	दाँतजस्ता	1
फलाम	फलामका	1
फलाम	छाती-पाताजस्तै	1
बेरशो	पखेटाहरूको	1
पथ	दगुर्ने	1
रेयके	घोडाहरूका	1
श्‍येत	पुच्‍छर	1
गेतीके	खिल	1
या	बिच्छीका	1
कली	पुच्छरमा	1
सम्‍म	मनिसहरूलाई	1
ढोडोङगा	कुण्डका	1
पाइब	राजाजस्तै	1
हिब्रू	एबाड्डोन	1
हिब्रू	अपोल्‍लियोन	1
नुप्‍त	बितिहाल्यो	1
४	सिङहरूबाट	1
ताप्‍ब	बोक्‍ने	1
ताप्‍ब	छैठौँ	1
नेक्‍थाम	यूफ्रेटिसमा	1
पाइश्‍शो	बाँधिराखेका	1
सैतान	स्वर्गदूतलाई	1
प्रोंइमी	छोडिदेऊ	1
सां	भागलाई	1
पा	पारिराखेका	1
वोइश्‍शो	चार	1
बाक्‍तेक्‍म	छाडिए	1
ङोइश्‍शो	सिपाहीहरूको	1
करोड	करोड	1
पाइबपुकी	तिनाहरूको	1
मेको	दर्शनमा	1
तातामी	घोडाहरूमाथि	1
फेक्‍शो	हुनेहरूलाई	1
मी	आगोजस्तै	1
गिम	गाडा	1
गिम	निलो	1
हौ	गन्धकजस्तो	1
शारा	घोडाहरूका	1
गुप्‍स	सिंहहरूका	1
पिया	टाउकाजस्तै	1
गन्‍धक	गन्‍धक	1
ग्रूत	निस्‍कन्थे	1
मेको	निस्केका	1
मुरपुकी	विपत्तिहरूद्वारा	1
का	भागलाई	1
बेक्‍तेक्‍मे	मारियो	1
शारा	घोडाहरूको	1
मीलुमी	पुच्‍छरमा	1
मीलु	पुच्छर	1
मोपतीके	टाउकोले	1
शारा	हानेर	1
मीलुमी	पुर्‍याएका	1
मुरपुकीमी	मानव-जाति	1
पचा	विपत्तिहरूद्वारा	1
मप्रोनेम	मारिएका	1
देवता	कामहरूबाट	1
सेउ	पश्‍चात्ताप	1
शी	काठहरू	1
मगाक्‍ब	हिँड्न	1
मगाक्‍ब	थोकहरूका	1
कांसा	भूतहरूलाई	1
खुम्‍की	पुज्न	1
पाम्‍तेक्‍म	छोडेनन्	1
मिनु	न	1
मुना	जादुगरी	1
खुइ	चोरीजस्ता	1
मप्रोनेम	कामदेखि	1
ङा	अर्को	1
गोस्‍सुमी	स्वर्गदूत	1
यिशो	आइरहेको	1
वाक्‍श	बादलले	1
दाप्‍शो	घेरेको	1
पियामी	शिरमाथि	1
नां	सूर्यजस्तै	1
मी	खाँबाहरूजस्तै	1
राप्‍त	राखेका	1
गुप्‍स	सिंह	1
खोदेंशो	गर्जेजस्तै	1
ग्रीमेनु	कराए	1
पाम्‍तेक्‍म	निकाले	1
ब्रेक्‍चाङानु	निकाले	1
बुंबु	लेख्‍नै	1
कामी	सुनेँ	1
मब्रेक्‍तो	गुप्‍त	1
कली	राख	1
मशेंदो	नलेख	1
पोक्‍तु	उचालेर	1
थेक्‍बमी	उभिरहेको	1
कसम	स्वर्गदूतलाई	1
बाक्‍ब	रहनुहुने	1
समुन्‍द्रम	त्यसमा	1
जाप्‍तु	खाएर	1
“	स्वर्गदूतले	1
देश	ढिलो	1
मपचा	हुनेछैन	1
तबानु	फुक्‍नै	1
रिम्‍ची	गर्नुभएजस्तै	1
दुम्‍चाप्‍तु	गर्नुहुनेछ	1
तार	जमिनमा	1
ताक्‍को	लेऊ	1
किताब	स्वर्गदूतकहाँ	1
देंती	गएँ	1
ताक्‍को	लाऊ	1
जावो	खाऊ	1
शोव़मी	पेटलाई	1
खुदो	तितो	1
खोदेंशो	बनाउनेछ	1
ताक्‍शा	लिएँ	1
दाक्‍गुनु	खाइसकेपछि	1
कत	तितो	1
मुरपुकी	मनिसहरू	1
पिप	राजाहरूको	1
नेंपाइक्‍चा	गर्नुपर्छ	1
कामी	नाप्‍ने	1
गेती	निगालोको	1
पुक्‍तीक	टाँगो	1
आगाम	त्यसमा	1
हिक्‍को	नाप	1
हिक्‍को	लेऊ	1
लाङगा	चोकको	1
मपुक्‍को	भागलाई	1
मपुक्‍को	ननाप	1
मपुक्‍को	गैरयहूदीहरूलाई	1
बिग्रेनीम	कुल्चनेछन्	1
तेल	जैतुनका	1
दुम्‍शा	सामदानहरू	1
बाक्‍नीस	उभिएका	1
बिग्रेचा	आगोले	1
माल्‍नीमी	शत्रुहरूलाई	1
साइक्‍चा	नाश	1
मी	हानि	1
ग्रूशा	चाहन्छ	1
निक्‍शीमी	साक्षीहरूसँग	1
मयिपाइक्‍ने	नपरोस्	1
चाप्‍नीस	आकाश	1
मेकोमी	साक्षीहरूले	1
सेल्‍ने	सम्मको	1
हुश	उनीहरूको	1
सेल्‍ने	अगमवाणीको	1
दाक्‍तसे	पानीलाई	1
दाक्‍तसे	रगतमा	1
मेकोन	परिवर्तन	1
गिश	पृथ्वीलाई	1
खेयप	विभिन्‍न	1
मो	विपत्तिहरूबाट	1
मिश	प्रहार	1
चाप्‍नीस	तिनीहरूसित	1
थुम्‍से	सिद्‌ध्याउनेछन्	1
ढोडोङगा	अतल	1
कुशा	कुण्डबाट	1
ग्राशा	जित्‍नेछ	1
साइक्‍तु	मार्नेछ	1
मेको	शरीरहरू	1
ख्रुइश्‍शो	गल्लितिर	1
नें	पस्रिरहनेछन्	1
सोदोम	साङ्केतिक	1
आधा	हेर्नेछन्	1
तुरसुमी	चिहानमा	1
वोइक्‍चा	गाड्न	1
मगेमे	दिनेछैनन्	1
बाक्‍बपुकीमी	जिउनेहरू	1
साइश्‍शो	उत्सव	1
तशा	मनाउनेछन्	1
रागीम	एक-अर्कालाई	1
बाक्‍बपुकीमी	उपहारहरू	1
पाइब	पठाउनेछन्	1
गेतीके	जिउनेहरूलाई	1
गेमुम्‍तेक्‍म	सताएका	1
रांमी	तिनीहरूभित्र	1
ओव़त	पस्‍नेछ	1
छुल	खुट्टामा	1
तशा	देख्‍नेहरू	1
हिंतेक्‍म	भरिनेछ	1
एक	यतामाथि	1
कुस	आओ	1
नेंताक्‍स	सुन्‍नेछन्	1
सत्रुपुकीमी	हेर्दाहेर्दै	1
इर	स्वर्गसम्मै	1
ख्रिनु	भूकम्‍प	1
कुत	जानेछ	1
भाग	दसौँ	1
ब्रेत्‍त	विनाश	1
ख्रिनुमी	भूक‍म्‍पमा	1
बेक्‍तेक्‍म	मारिनेछन्	1
लीशो	बाँचेकाहरूले	1
हिंशा	डराउँदै	1
पाम्‍तेक्‍म	दिनेछन्	1
नुप्‍शा	बितिगयो	1
सेंदापुकी	सातौँ	1
सेंदापुकी	स्वर्गदूतले	1
सेंदापुकी	तुरही	1
नेंता	फुके	1
सेंदापुकी	स्वरमा	1
बाक्‍नीसी	गर्नुहुनेछ	1
शेंब	धर्म-गुरु	1
खाल्‍पा	सिंहासनअगि	1
खुम्‍की	अनुहार	1
निश्‍शा	निहुराएर	1
बाक्‍तीनी	हुनुहुन्थ्‍यो	1
सक्तिमी	लिनुभएको	1
गोइतीनी	थाल्नुभएको	1
गाइक्‍ताक्‍नी	क्रोधित	1
ना	क्रोध	1
नोले	अगमवक्‍ताहरू	1
खोइक्‍ब	सन्तहरू	1
हिंब	डराउँछन्	1
आइक्‍च	महत्त्‍वहीन	1
गेची	दिने	1
गेची	पृथ्वीलाई	1
रोक्‍साक्‍व	मन्‍दिर	1
रोक्‍साक्‍व	खोलियो	1
मिनु	मन्‍दिरभित्रै	1
सन्‍दोस	देखियो	1
मिनु	त्‍यहाँ	1
चिला	ज्योतिका	1
चिला	चमकहरू	1
नेंसाक्‍व	चट्याङको	1
नेंसाक्‍व	आवाजसाथै	1
बुंबु	भूक‍म्‍प	1
बुंबु	गयो	1
बुंबु	ठुला-ठुला	1
बुंबु	असिना	1
नेंसाक्‍व	परेका	1
चिन्‍ड	स्वर्गमा	1
फेक्‍सीशा	पहिरेकी	1
तास्‍ला	चन्द्रमालाई	1
तारी	पैतलामुनि	1
राप्‍शो	कुल्चेकी	1
१२	स्‍त्रीले	1
गुप्‍शो	पहिरेकी	1
थिचा	प्रसव-वेदनामा	1
ग्रीशो	चिच्‍च्याइरहेकी	1
बुस्‍स	रातो	1
ओटा	मुकुट	1
मुकुट	लगाएको	1
गुप्‍शो	रातो	1
गुप्‍शो	पशु	1
मीलुमी	पुच्छरले	1
सां	तारालाई	1
कीशा	सोहोरेर	1
तोक्‍तीमी	खसाल्यो	1
थिचशो	लागेकी	1
ठेयब	डरलाग्दो	1
थिचशो	पशु	1
ब्‍वचा	बित्तिकै	1
रिम्‍शा	निल्न	1
थित	जन्माई	1
के	लौरोसँगै	1
कोक्‍केमी	जातिमाथि	1
नित्‍तीकेम	सिंहासनतिर	1
वोइक्‍तेक्‍म	लगियो	1
निक्‍शी	उजाड-स्थानभित्र	1
थुल्‍तेक्‍म	भागी	1
पशो	पार्नुभएको	1
हजार	बाह्र	1
थुल्‍तेक्‍म	हेरचाह	1
स्‍वर्ग	युद्ध	1
माइश्‍शो	मिखाएल	1
गारशा	पशुको	1
लाम्‍तेक्‍म	गरे	1
बुस्‍स	जित्‍नका	1
पाइबपुकी	अजिङ्गरसँग	1
लडाइ	पर्याप्‍त	1
ब्रुम्‍तेक्‍म	बल	1
मथिदेम	भएन	1
माइत	प्राचीन	1
मुर	छल	1
कली	गर्छ	1
पपाइक्‍चा	त्यससँगै	1
सेंदामी	सुनेँः	1
तोक्‍चा	फ्याँकिएको	1
गेशो	लगाउँथ्यो	1
सांकछी	वचनको	1
पतीके	साक्षीद्वारा	1
सैतान	जिते	1
महिंम	गरेनन्	1
स्‍वर्गमी	रहनेहरू	1
ग्‍येरसीन	रमाओ	1
समुन्‍द्रम	समुद्रलाई	1
दुम्‍चाप्‍तु	धिक्‍कार	1
थाम्‍पा	तिमीहरूकहाँ	1
समुन्‍द्रम	तल	1
यित	गएको	1
गाइक्‍ताक्‍व	डरलाग्दो	1
गाइक्‍ताक्‍व	रिसले	1
गाइक्‍ताक्‍व	त्योसँग	1
गेय	थोरै	1
आंम	आफू	1
तोक्‍शो	फ्याँकिएको	1
तोक्‍शो	अजिङ्गरले	1
तशा	महसुस	1
थीब	जन्माउने	1
ब्रोंइशा	उपस्थितिबाहिर	1
रागीमी	उडेर	1
बेरशा	जानका	1
ककाकुली	गरुडको	1
फ्रां	दुइवटा	1
गोरशो	ठाउँ	1
यावेमी	समयहरू	1
दाक्‍ची	आधा	1
ना	समयका	1
थुल्‍शो	सकिन्थ्यो	1
मुर	बाढीले	1
योल्‍दल	बगाएर	1
योल्‍दल	लैजाओस्	1
ब्‍वाक्‍कु	नदिजस्तै	1
ग्रुंइताक्‍व	निकाल्यो	1
ग्रूशो	निकालेको	1
पाक्‍शा	उघारेर	1
दाक्‍तु	निल्यो	1
बुस्‍सुमी	अजिङ्गर	1
प्रोक्‍शो	स्‍त्रीप्रति	1
चच	सन्तानहरूसँग	1
नम	गयो	1
नेक्‍था	बालुवामाथि	1
समुन्‍द्र	समुद्रबाट	1
ग्रोव़मी	सिङ	1
मुकुट	टाउका	1
पियापुकीमी	सिङहरूमाथि	1
चहिं	दसवटा	1
पियापुकीमी	टाउकामाथि	1
शुक्‍शी	ईश्‍वर-निन्दाका	1
जोइ	चितुवाजस्तै	1
वां	भालुका	1
बुस्‍सुमी	अजिङ्गरले	1
गेप्‍तु	दियो	1
७	टाउकामा	1
साइक्‍चा	मृत्युसम्म	1
ताता	सक्‍थ्यो	1
बुस्‍सुमी	अजिङ्गरको	1
बुस्‍स	गर्दथे	1
जन्‍तु	पशुजस्तो	1
ग्राने	लडाइँ	1
ब्‍वाक्‍चा	घमण्डका	1
बाक्‍तीके	वासस्थान	1
बाक्‍तीके	पशुले	1
पाप्‍तु	खोल्यो	1
ग्राचा	विश्‍वासीहरूसँग	1
ग्राचा	जित्‍न	1
अधिकार	पशुलाई	1
सासन	राष्‍ट्रमाथि	1
क्‍योरशो	मारिनुभएका	1
योव़सीशो	लैजानुछ	1
तरवारमी	तरवारसँगै	1
साइक्‍बा	मारिनुछ	1
तुइक्‍ब	विश्‍वासका	1
मुरपुकीमी	यसैका	1
खप	पृथ्वीबाट	1
तेको	अभ्यास	1
पपाइक्‍बाक्‍त	लगाउँथ्यो	1
जन्‍तुमी	देखायो	1
यिपाइक्‍तु	झार्ने	1
यिपाइक्‍तु	कामसमेत	1
गेयमी	चिह्नहरूद्वारा	1
पाइश्‍शो	दिइयो	1
सेल्‍चा	लगायो	1
जन्‍तु	तरवारको	1
सोक्‍त	पशुको	1
गेवानु	दिइयो	1
ब्रोंइतीक	मूर्तिले	1
जन्‍तुमी	पशुको	1
साइक्‍पाइक्‍तु	मारिन	1
वोइक्‍पाइक्‍तु	दबाब	1
सु	पशुको	1
मपाइश्‍शो	नभएकाहरूका	1
ग्‍याप्‍ने	किन्‍न	1
लेयने	बेच्‍न	1
मचबेम	हुन्थ्यो	1
चिन्‍ड	पशुको	1
कि	चिह्नले	1
कि	सङ्ख्यालाई	1
हिक्‍तीक	प्रतिनिधित्व	1
चिन्‍ड	गर्दछ	1
जन्‍तु	बुद्धिको	1
नें	आव्हान	1
चिन्‍ड	गर्छ	1
आ	कसैसँग	1
अर्थ	अन्तर्दृष्‍टि	1
तुइक्‍ब	हिसाब	1
चिन्‍ड	मानव-जातिको	1
६६	६६६	1
राप्‍शो	उभिरहनुभएको	1
पशो	आवाजजस्तो	1
तार	वीणा	1
ताप्‍तीके	बजाउनेहरूले	1
ताप्‍तीके	वीणाहरू	1
ताप्‍शो	बजाइरहेका	1
रेयके	सोरजस्तो	1
नित्‍तीक	धर्म-गुरुहरू	1
खाल्‍पा	सिंहासनका	1
पाम्‍तेक्‍म	गाए	1
शेंसीने	पृथ्‍वीबाट	1
मचबेम	ल्याइएका	1
चाप्‍तेक्‍म	सक्दैनथ्यो	1
मुरपुकी	स्‍त्रीहरूसित	1
रागी	लसपस	1
बाक्‍शो	राखेका	1
तेक	जहाँ-जहाँ	1
लमे	जानुहुन्छ	1
मेक	त्यता-त्यता	1
मेक	पछ्याउँछन्	1
ङा	फलको	1
योव़सीशो	मानव-जातिबाट	1
मुर	ल्याइएकाहरू	1
मेकोपुकीम	मुखमा	1
मपशो	पाइएन	1
मपाइबपुकी	दोषरहित	1
रागीमी	स्वर्गदूतलाई	1
लीशो	आकाशको	1
शेंथ	उडिरहेको	1
यित	देखेँ	1
बुक्‍तीके	मुलहरू	1
बेबीलोन	कुवासनाको	1
गाइश्‍शो	पिउन	1
ताम्‍तेक्‍म	लगाई	1
ग्‍युरा	उसको	1
वोइक्‍पाइक्‍नीमी	लगाँउछ	1
तशा	क्रोधबाट	1
शुश	मद्य	1
गाइक्‍ब	पिउनेछ	1
तचा	कचौरामा	1
माल्‍नीम	खन्याइएको	1
गाइश्‍शो	पिउँछ	1
गन्‍धकम	गन्धकमा	1
माल्‍नीम	दिइनेछ	1
मी	वेदनाबाट	1
कुन	सदासर्वदाका	1
गेनायो	निम्त	1
मकाप्‍ब	माथितिर	1
मकाप्‍ब	जान्छ	1
पाइबपुकी	पूज्‍नेहरू	1
वोइक्‍पाइक्‍बपुकी	लिनेहरूले	1
नाक्‍ती	विश्राम	1
जना	पाउनेछैनन्	1
मेना	पवित्रहरूको	1
रागीमी	धैर्यका	1
फाल्‍चा	राख्छन्	1
मेकोमी	स्वर्गबाट	1
मेकोपुकी	सोर	1
ग्‍येरसमल	सुनेँ	1
देंता	मर्नेहरू	1
नाइक्‍नीम	विश्राम	1
गेय	कामले	1
तचा	पछ्याउनेछन्	1
निश्‍शो	पुत्रजस्तैलाई	1
तार	बस्‍नुहुनेलाई	1
ठेयब	चर्के	1
सेंदामी	बोलाएः	1
मीशो	लिनुहोस्	1
मीशो	गर्नुहोस्	1
बाली	बाली	1
गोवो	पाकिसकेको	1
निप्‍बमी	बस्‍नुहुनेले	1
गुये	पृथ्‍वीमाथि	1
शेशा	चलाउनुभयो	1
खोदेंशो	भयो	1
ग्रूशो	आगोमाथि	1
मी	जोसित	1
शेयब	चलाऊ	1
सेक्‍चा	अङ्गुरहरूको	1
रू	झुप्पालाई	1
गुयेमी	अङ्गुरहरू	1
गोवो	पाकिसकेका	1
गुयेमी	हँसिया	1
खुप्‍शा	चलाए	1
सेक्‍शो	अङ्गुरको	1
वोइक्‍तु	फसल	1
आ	दाख	1
गाइक्‍चा	कोलभित्र	1
ख्राक्‍ग्‍मेनु	बाहिरबाट	1
रस	कोल	1
खोदेंशो	भरियो	1
हुश	घोडाको	1
रस	लगामको	1
रस	उच्‍चाइसम्म	1
शांइ‍साक्‍व	पोखियो	1
शोव़	६००	1
सम्‍म	किलोमिटरसम्म	1
लत	फैलिएको	1
ताता	देखेः	1
गेचशो	लिएका	1
दोदेंशो	विपत्तिहरू	1
यावे	क्रोध	1
सिसा	आगोसँग	1
मी	मिसिएको	1
दिंम	समुद्रजस्तो	1
शेशा	समुद्रको	1
तातामी	पशु	1
मुरपुकी	मूर्ति	1
ग्राशो	सङ्ख्यामाथि	1
जन्‍तु	प्रतिनिधित्व	1
ग्राशो	विजय	1
ग्राशो	पाउनेहरू	1
ग्राशो	उभिएका	1
ग्रातेक्‍म	वीणा	1
जन्‍तु	पक्रिरहेका	1
पाम्‍तेक्‍म	गाइरहेका	1
गेना	जातिहरूका	1
सेल्‍नीमी	गर्दैन	1
बाक्‍नीनी	डराउँदैन	1
हना	जाति	1
ताम्‍तेक्‍म	आराधना	1
निसाफ	धार्मिक	1
ताम्‍तेक्‍म	गरिएका	1
स्‍वर्गमी	हेरँ	1
ताता	पालको	1
रोक्‍शो	उघारियो	1
टल्‍केशो	सुतीको	1
पेटी	फित्ता	1
किप्‍शो	छातीको	1
किप्‍शो	वरिपरि	1
गेब	महा-पवित्रस्थानबाट	1
७	सदाकाल	1
जना	जिउनुहुने	1
गाइक्‍चामी	क्रोधले	1
कुनमी	धुवाँले	1
मगेमे	नहुञ्‍जेलसम्म	1
खिं	त्यसभित्र	1
मचाप्‍बाक्‍तेक्‍म	सकेन	1
गेय	बोलाएको	1
ब्रीशो	क्रोधका	1
मोतीन	खन्याओ	1
वोंइ‍सीब	हुने	1
पाइबपुकी	घिनलाग्दा	1
खाइक्‍ब	पीडादायी	1
मोइक्‍तु	खनाए	1
क्‍योरशो	मरेको	1
हुश	रगतजस्तो	1
बुक्‍तीके	मूलहरूभित्र	1
शाइक्‍पाइश्‍शा	बगाएका	1
शाइक्‍पाइश्‍शा	पिउन	1
हुश	यसैको	1
चढ़ेतीके	वेदीले	1
सेंदा	जवाफ	1
तार	सूर्यमा	1
क्रोइक्‍चा	डढाउने	1
होशेमी	तापद्वारा	1
दुप्‍शा	डढे	1
दुप्‍शो	विपत्तिहरूमाथि	1
मलेत्‍तेम	दिएनन्	1
लेंशा	पाँचौँ	1
राज्‍यमी	राज्यलाई	1
जाम्‍तेक्‍म	आ-आफ्नो	1
जाम्‍तेक्‍म	जिब्रो	1
जाम्‍तेक्‍म	चपाए	1
दुम्‍पाइश्‍शा	घाउहरूका	1
युफ्रेटीस	महानदी	1
खोलामी	यूफ्रेटिसमा	1
दाप्‍तीके	आउनुहुने	1
सोव़त	सुक्यो	1
शोव़	मुखहरूबाट	1
क्रुक्‍क्रु	भ्यागुताजस्ता	1
ग्रूशो	निस्किरहेको	1
ङा	चिह्नको	1
पिप	राजाहरूकहाँ	1
नाक्‍तीमी	युद्धका	1
लाम्‍तेक्‍म	भेला	1
सु	धन्य	1
सेंशा	रहन्छ	1
पाप	वस्‍त्रहरू	1
पाइबा	राख्तछ	1
खोदेंब	नपरोस्	1
दोक्‍ब	अवस्था	1
दोक्‍ब	नपरोस्	1
सांमी	ल्याए	1
आरमागेडोन	आर-मागेड्डोन	1
फशेमी	हावामा	1
मुल	सिद्धिएको	1
चिला	बिजुलीहरू	1
चिला	चम्किए	1
बुंबु	गर्जन	1
रेयके	आवाजहरू	1
चिला	गयोः	1
मोमो	भएदेखि	1
मकुशो	गएको	1
सहर	नगर	1
सहरपुकी	जातिहरूका	1
ब्रेत्‍तेक्‍म	सहरहरू	1
मेको	क्रोधको	1
गो	कचौरा	1
गेनुङमी	सहरलाई	1
ब्‍वाक्‍कुमी	गयो	1
डांडापुकी	पर्वतहरू	1
दुम्‍तेक्‍म	भेट्टाइएनन्	1
बाक्‍तीकेमी	आकाशबाट	1
मुप्‍स	ठुला-ठुला	1
यित	असिनाहरू	1
मुप्‍स	मानिसहरूमाथि	1
टलेन्‍ट	बर्सेन	1
हेल्‍शो	लागे	1
मुप्‍स	असिनाको	1
मुप्‍स	विपत्तिका	1
सराप	सरापे	1
कुरबपुकी	लिएका	1
श्‍येतमी	स्वर्गदूतमध्ये	1
तेल्‍लेम	महावेश्यालाई	1
सजाइ	दण्डलाई	1
मेको	बासिन्दाहरू	1
पशो	अनैतिकताको	1
मोदेंशो	मातेका	1
मबाक्‍तीकेमी	उजाड-स्थानतिर	1
लाइक्‍ती	निन्दा	1
मबाक्‍तीकेमी	नाउँहरूले	1
लाइक्‍ती	भरिएकी	1
जन्‍तु	रङको	1
तारी	पशुमाथि	1
निश्‍शो	बसेकी	1
जन्‍तु	जनावरको	1
फेक्‍शो	लगाएकी	1
हीरा	मणि	1
मोती	मोतीहरूले	1
ङा	कुराहरू	1
पतीके	अनैतिकताका	1
गेयमी	थोकहरूले	1
कुरशो	हातमा	1
कचौरा	समातिरहेकी	1
आन	वेश्याहरूकी	1
सांकछी	सहिद	1
आन	भएकाहरूको	1
दुक्‍शो	पिएर	1
दुक्‍शो	मातेकी	1
शुश	सार्‍है	1
लाक्‍ती	भएँ	1
लाक्‍ङे	हुन्छौँ	1
ङोइश्‍शो	बोक्‍ने	1
शेंनुङ	बताउनेछु	1
ढोडोङगा	खाँदबाट	1
कुशा	निस्कन	1
खतम	लागेको	1
किताबमी	जिउनेहरू	1
लाक्‍नीम	पर्नेछन्	1
जाक्‍ब	आउनै	1
रुप्‍ब	बुद्धि	1
तुइक्‍तीके	आव्हान	1
।	जसमाथि	1
निप्‍ब	छे	1
कामी	पतन	1
सासन	भइसकेका	1
सासन	रहन्छ	1
जाक्‍शो	आठौँ	1
ओटा	राजामध्‍ये	1
रे	त्यो	1
नरक	नष्‍ट	1
ठेयब	पशुसँगै	1
जन्‍तु	घण्टाका	1
घन्‍टा	राजाकै	1
जना	यिनीहरूको	1
गेनीम	दिन्छन्	1
बाक्‍शोपुकी	थुमाले	1
बाक्‍शोपुकी	जित्‍नुहुनेछ	1
बाक्‍शोपुकी	प्रभुहरूका	1
ब्रेश्‍शो	प्रभु	1
योव़शो	राजाहरूका	1
बाक्‍नीमी	राजा	1
ब्रेश्‍शो	छानिएका	1
दीगो	विश्‍वासयोग्यहरू	1
मार	वेश्या	1
बाक्‍ब	बसेकी	1
तेल्‍लेम	वेश्यालाई	1
श्‍येत	एकलो	1
वा	नाङगै	1
प्रुइक्‍नीम	पारेर	1
प्रुइक्‍नीम	सिद्ध्याउनेछन्	1
श्‍ये	आगोले	1
ब्‍वाइनीम	डढाउनेछन्	1
दुम्‍पाइक्‍चा	नहोउञ्‍जेलसम्म	1
दुम्‍पाइक्‍तीमी	भई	1
गेनीम	हलिदिनुभयो	1
पिप	राजाहरूमाथि	1
पाइब	महानगरी	1
टल्‍केशोमी	महिमाद्वारा	1
वोल	दुष्‍ट	1
बाक्‍तीके	आत्माहरूका	1
जेल्‍खान	निम्ति	1
दिचा	चराको	1
जेल्‍खान	भएकी	1
दुम्‍त	छे	1
नेल्‍लेमी	जातिले	1
शेंसीशा	पिएका	1
मोदेंशो	काम	1
ग्‍याप्‍ब	विलासिताको	1
ग्‍याप्‍ब	शक्‍तिको	1
ग्‍याप्‍ब	यापनबाट	1
ग्‍याप्‍ब	व्यापारीहरू	1
खोदेंशो	पापहरूमा	1
पाइनीनी	बन्‍नु	1
खोदेंशो	विपत्ति	1
ताइनीनी	नपरोस्	1
देल्‍शा	थुप्रो	1
सरीङ	स्वर्गजस्तै	1
जाक्‍शो	अग्लो	1
पशो	कामहरूको	1
मिम्‍‍शो	सम्झना	1
गेशो	दिएकी	1
लेत्‍तीन	फर्काइदेओ	1
गेने	गरिदेओ	1
इन	कचौरामा	1
गेशो	मिसाएकी	1
निक्‍शी	,	1
सेला	तुल्याई	1
सुर्ता	सुखविलासमा	1
गिश	बिताएकी	1
पपतीन	देओ	1
थुंमी	ह्रदयमा	1
चहिं	भनेकी	1
पिपीम	रानीजस्तै	1
नङ	बसेकी	1
मपाइनुङ	हेर्नुपर्नेछैन	1
पाइनीम	अनिकालका	1
अन्‍काल	विपत्ति	1
दुम्‍ब	आइपर्नेछन्	1
दुप्‍शा	भस्म	1
निसाफ	न्‍यायकर्ता	1
दाक्‍शो	यौन	1
मोपतीके	नियन्त्रणदेखि	1
मेकोपुकी	बलेको	1
ग्रोइश्‍‍शो	धुवाँ	1
कली	त्यससँगै	1
तशा	यातनाको	1
हिंशा	डरलाई	1
माइश्‍शो	सहरलाई	1
ग्‍याप्‍ब	व्यापारीहरूले	1
रोंका	समयदेखि	1
मग्‍याप्‍नीम	किन्‍नेछैन	1
लाइब	मिहिन	1
सुती	सुती	1
रेसम	रेसम	1
लल	चहकिलो	1
वा	रङ	1
हात्ती	प्रकारका	1
हात्ती	हस्तिहाडका	1
ख्रुइ	भाँडाहरू	1
ब्रोव़शो	बहुमूल्य	1
रिना	काठबाट	1
फलाम	फलाम	1
दारशो	सिङ्गमरमर	1
सिन्‍कौली	तेजपात	1
तेल	धूप	1
मस्‍ला	मूर्र	1
ब्‍यफ	गाई	1
बग्‍गी	रथहरू	1
लेयतीक	मानव	1
बाक्‍तेक्‍म	आत्माहरू	1
मेको	तेरो	1
ग्‍याप्‍ब	शक्‍तिले	1
लेयबपुकीमी	तैंले	1
फुल	तँबाट	1
जाम्‍तेक्‍म	गइसकेको	1
लेयबपुकीमी	सुखविलास	1
शोंप	वैभवहरू	1
जाम्‍शा	गुमेका	1
नेल्‍ल	फेरि	1
मथित्‍‍चा	भेटिनेछैनन्	1
शोंप	सामानका	1
ग्‍याप्‍ब	व्‍यापारीहरू	1
लेयबपुकी	व्‍यापारद्वारा	1
लेयबपुकी	कमाएका	1
सहर	परिआउने	1
शोंप	यातनाको	1
ग्‍याप्‍ब	डरले	1
सुती	तँलाई	1
सुती	मलमल	1
मोती	गहनाहरूले	1
बाक्‍तेक्‍म	थिइस्	1
शोंपपुकी	सम्पत्ति	1
डोंगा	जहाजको	1
चलेबपुकी	कप्‍तान	1
डोंगामी	नाविकहरू	1
ग्‍याप्‍ब	समुद्रमा	1
दुप्‍शो	जलेको	1
खोदेंब	योजस्तो	1
मबा	कुन	1
मेकोपुकी	टाउकामा	1
सुर्ता	धुलो	1
पशा	फ्याँकेर	1
रोंका	रुँदै	1
ङाक्‍तेक्‍म	कराउँदै	1
होव़पपुकी	जहाज	1
लेयशा	सम्पत्तिबाट	1
मेरे	क्षणमा	1
लत	पारिएकी	1
योव़शोपुकी	स्वर्ग	1
योव़शोपुकी	विश्‍वासीहरू	1
इन	तिमीहरूमाथिको	1
गेशो	न्‍याय	1
सजाइ	ल्याउनुभएको	1
पाइबमी	जाँतोजस्तो	1
ताइक्‍ताक्‍व	फाले	1
ताइक्‍चा	हिंसात्मक	1
बेबीलोन	तरिकाले	1
ताइक्‍चा	खसालिनेछ	1
मथिंसीब	देखिनेछैन	1
नुप्‍ब	वीणाको	1
ताप्‍शो	स्वर	1
कुम्‍सो	सङ्गीतकारहरू	1
पशो	,	1
मुराली	बाँसुरी	1
ताप्‍शो	बजाउनेहरू	1
ताप्‍शो	फुक्‍नेहरूको	1
मेकेर	धुन	1
मनेंसीब	तँमा	1
सेल्‍ब	कारिगर	1
सीप	तँमाथि	1
मथिंसीब	भेटाइनेछैन	1
हाम्‍सो	ज्योति	1
मनेंसीब	चम्कनेछैन	1
टुना	दुलहा	1
मुनामी	दुलहीको	1
ग्‍याप्‍ब	कहिल्‍यै	1
लेयबपुकी	सुनिनेछैन	1
लेयबपुकी	व्यापारीहरू	1
लेयबपुकी	पृथ्‍वीका	1
लेयबपुकी	राजकुमारहरू	1
ग्‍याप्‍ब	टुनामुनाद्वारा	1
खोइक्‍पाइक्‍तेक्‍म	छानिएका	1
साइश्‍शो	मारिएकाहरू	1
मेको	सबैको	1
बाक्‍तेक्‍मे	भेटिएको	1
मुरपुकीम	सङ्ख्यामा	1
कुम्‍सो	भनिरहेको	1
ठीक	न्यायपूर्ण	1
खतम	व्यभिचारीणीलाई	1
खतम	पृथ्‍वीलाई	1
ठीक	यौनले	1
सेल्‍ब	पारेकी	1
वाइल	दासहरूका	1
साइक्‍तीके	रगतको	1
साइक्‍तीके	लिनुभएको	1
क्‍येक्‍क	बगाएकी	1
लेत्‍ताक्‍व	थिई	1
स्‍वर्गमी	दोस्रो	1
बाक्‍बपुकीमी	चोटि	1
सहर	त्यसबाटै	1
दुप्‍शो	सदाकालका	1
मनुप्‍थु	निस्किरहन्छ	1
जन्‍तुपुकीमी	प्राणीहरू	1
खाल्‍पा	भुइँसम्मै	1
निश्‍शो	हुनुभएका	1
देंतेक्‍म	भनिरहेका	1
वाइल	हौ	1
हिंब	मान्दछन्	1
बुंबु	भिडको	1
ठेयब	,	1
सेंदामी	गर्जनजस्तोले	1
दुम्‍चशो	आनन्दित	1
दुम्‍चशो	होऔँ	1
ग्‍युम्‍लीम	मनाऔँ	1
ग्‍योम्‍सीशा	दिऔँ	1
दुम्‍चशो	उत्सव	1
ग्‍योम्‍सीशा	मनाउने	1
ग्‍युम्‍लीम	दुलहीले	1
दुम्‍शो	बनाएकी	1
फेक्‍चा	लगाउन	1
जचा	भोजमा	1
ब्रेत्‍चा	निमन्‍त्रणा	1
पुंइसीबपुकी	गरिएकाहरू	1
पाइनीम	आत्‍मा	1
रोक्‍सीशा	खोलिएको	1
दीगो	हुनुहुनेलाई	1
घूस	न्‍यायपूर्ण	1
तांइसाक्‍व	ज्वालाजस्ता	1
मुकुटपुकी	मुकुट	1
सुइमी	अरू	1
ख्रुम्‍शो	चोबलिएको	1
फेक्‍शो	पहिरिनुभएको	1
माइश्‍शो	बोलाइन्थ्यो	1
ङोइश्‍शा	मलमलका	1
सुती	सेनाहरू	1
शारा	पछ्याइरहे	1
बुश	जाति-जातिहरूलाई	1
शारा	प्रहार	1
ग्रूत	निस्कन्छ	1
हेश्‍शो	फलामको	1
तरवार	डन्डाले	1
कली	गर्नुहुनेछ	1
गाइक्‍चा	क्रोधले	1
खोइलीमी	कोललाई	1
दिम्‍ब	कुल्चन्छ	1
फिलामी	तिघ्रामा	1
प्रभु	प्रभुहरूका	1
नांमी	सूर्यमा	1
सरीङमी	उडिरहेका	1
ब्‍वचा	भोजका	1
यिने	होओ	1
ब्‍वचा	राजाहरू	1
कप्‍तान	कप्‍तानहरू	1
शारा	त्यसमाथि	1
ङोइक्‍ब	सवार	1
वाइलीम	स्वतन्त्र	1
ब्‍वचा	खानेछौ	1
पिप	राजाहरूलाई	1
फौजपुकी	सेनाहरूका	1
बुश	घोडामाथि	1
ङोइक्‍ब	हुनुहुने	1
फौजपुकी	सेनाहरूसँग	1
मोपा	उपस्थितिमा	1
मेकोपुकी	आश्‍चर्य	1
लडाइ	प्रदर्शन	1
पामेनु	अगमवक्‍तासँगै	1
ग्‍याइक्‍ताक्‍म	पक्राउ	1
ग्‍याइक्‍ताक्‍म	पर्‍यो	1
जन्‍तु	चिह्नद्वारा	1
लाक्‍चा	अगमवक्‍ताले	1
चिन्‍ड	प्रतिरूपको	1
खोइक्‍पदा	छल	1
सेसीन	जनालाई	1
पुंइसाक्‍स	जिउँदै	1
बुश	रहेकाहरूलाई	1
ङोइक्‍ब	सवारको	1
ग्रूशो	निस्केको	1
ब्‍वशा	चराले	1
रूतेक्‍म	खाए	1
रे	देखेँ	1
पुं	उनीसँग	1
ढोडोङगा	खाँदको	1
साङलो	साङ्लो	1
पाइक्‍ताक्‍व	बाँधे	1
मरिम्‍शो	अगाद	1
मकोंइदल	खाँदमा	1
मकोंइदल	फालिदिए	1
ढोडोङगामी	मोहोर	1
तोक्‍तु	लगाइदिए	1
एफिसस	हजार	1
ढोडोङगा	वर्ष	1
चोक्‍शा	नभएसम्म	1
सांचो	जाति-जातिहरूलाई	1
पाइश्‍शा	छल	1
छाप	नपाओस्	1
छिन	केही	1
पुंइसीब	गरिनुपर्छ	1
नित्‍तीकपुकी	सिंहासनहरू	1
निश्‍शो	बस्‍नुहुनेलाई	1
बाक्‍तेक्‍म	न्‍याय	1
ख्रोइक्‍चा	काटिएका	1
कली	आत्माहरूलाई	1
कुप्‍फीम	निधारमा	1
मबिस्‍समा	लगाउनलाई	1
हजार	येशूसँगै	1
मुरपुकी	मृतकहरू	1
ला	नभएसम्म	1
सेंसीनीम	भएनन्	1
सेंसीतीके	पुनरुत्‍थान	1
सेंसीनीमी	पुनरुत्‍थानमा	1
आ	धन्यका	1
मबेक्‍नीम	यिनीहरूमाथि	1
पुं	कैदबाट	1
पुंइसाक्‍व	छोडिनेछ	1
नेल्‍ल	कुनामा	1
मटिथु	छल	1
गाक्‍पाइक्‍तु	बहिर	1
गोग	गोग	1
मागोग	मागोगले	1
माइश्‍शो	युद्धका	1
देंनीम	ल्याउनेछन्	1
सैतानमी	समुद्रको	1
मचाप्‍चा	अनगिन्ती	1
खुप्‍ताक्‍व	हुनेछन्	1
साप्‍शा	चारैतिर	1
बाक्‍तीके	छाउनीवरिपरि	1
पुम्‍ताक्‍म	घेरे	1
दोक्‍शा	झरेर	1
नेक्‍तीमी	पार्‍यो	1
लां	छल	1
दियाबलस	दुष्‍टलाई	1
ब्रतीकेमी	जलिरहेको	1
बाक्‍ताक्‍स	फ्याँकिएका	1
मेकेर	त्यसमाथि	1
निप्‍ब	विराजमान	1
प्रोक्‍ताक्‍स	उपस्थितिबाट	1
प्रोक्‍ताक्‍स	भागेर	1
मबा	थिएन	1
प्राक्‍शो	खोलिए	1
पढेशा	विवरणअनुसार	1
जाक्‍तेक्‍म	गरिदियो	1
बेक्‍पाइश्‍शो	पातालले	1
रागीमी	कामअनुसार	1
ब्रतीकेमी	पाताल	1
पुंइसाक्‍स	फालिए	1
मीमी	अग्‍नि-कुण्ड	1
मब्रेक्‍शो	लेखिएको	1
बाक्‍मे	नभेट्टाइएमा	1
मीमी	अग्‍नि-कुण्डमा	1
जाम्‍तेक्‍म	बितिगए	1
जाम्‍तेक्‍म	छँदै	1
ग्‍युम्‍ले	दुलहाका	1
ग्रुम्‍चशो	दुलहीझैँ	1
ग्‍युम्‍ले	सिङ्‍गारिएर	1
ग्रुम्‍चशो	पारिएकी	1
बाक्‍तीकेमी	वासस्थान	1
मुरपुकी	मानव-जातिसँग	1
कली	आँखाबाट	1
लेम्‍शा	आँशुका	1
प्रेक्‍कु	थोपा	1
फिक्‍ब	पुछिदिनुहुनेछ	1
प्रेक्‍कु	शोक	1
लेम्‍शा	विलौना	1
प्रेक्‍कु	कष्‍ट	1
रोंका	पहिलेका	1
मपाइनीमी	बितेर	1
सेल्‍नुङमी	बनाउनेछु	1
ठीक	भरोसायोग्य	1
ओमेगा	सिद्धिएका	1
तूतू	तिर्खाउँछ	1
आन	सित्तैँमा	1
बुक्‍तीक	मुहानबाट	1
देंशो	कुराहरूमाथि	1
हिंबपुकी	डराउनेहरू	1
साइक्‍बपुकी	अविश्‍वासीहरू	1
पापमी	घिनलाग्दाहरू	1
मुना	हत्याराहरू	1
तेल्‍लेम	यौन-अनैतिकहरू	1
टुना	जादुगरहरू	1
पूजा	मूर्तिपूजकहरू	1
गन्‍धक	बोल्नेहरूको	1
जना	विपत्तिका	1
श्‍येतमी	कचौराले	1
डप्‍का	स्वर्गदूतहरूमध्ये	1
पाठा	थुमाकी	1
ग्‍युम्‍ली	दुलही	1
डांडा	अग्‍लो	1
तार	पर्वतमा	1
तांइसाक्‍व	यरूशलेममा	1
यास्‍पेर	रत्‍नहरूजस्तो	1
हीरा	मणिक	1
यास्‍पेर	पत्थरको	1
गारोमी	ढोकासँगै	1
लाप्‍चोपुकी	अग्‍लो	1
गारोमी	ढोकाहरूमा	1
१२	ढोकाहरूमा	1
आ	सन्तानका	1
लाप्‍चोपुकी	पूर्वमा	1
पूर्बम	तिनवटा	1
उत्तरम	उत्तरमा	1
पूर्बम	दक्षिणमा	1
सां	पश्‍चिममा	1
१२	पर्खालका	1
जगमी	तीमाथि	1
जना	प्रेरितका	1
आन	बाह्रवटा	1
पाइबमी	बोल्नुहुनेसँग	1
पुक्‍चा	नाप्‍नलाई	1
पुक्‍तीके	नाप्‍ने	1
कुरशो	लौरो	1
पुक्‍तु	वर्गाकार	1
पुक्‍तु	लम्बाइ	1
पुक्‍तु	चौडाइ	1
पुक्‍तु	उस्तै	1
४	लौरोले	1
बराबर	नाप्दा	1
दुइश्‍शो	लगभग	1
स्‍तादीयोन	लम्बाइको	1
ग्‍येत्‍थ	लम्बाइ	1
यो	चौडाइ	1
मोशोन	उचाइ	1
दुइश्‍शो	उस्तै	1
पुक्‍गानु	नापे	1
सहे	मानिसहरूद्वारा	1
४४	नाप्‍दा	1
कुबीत	पैँसट्ठी	1
ब्रेम्‍शो	मिटरको	1
पुक्‍तीके	नापेको	1
बुश	बिल्लौर	1
मब्‍वाइश्‍शो	सुनले	1
ग्‍योम्‍शो	बिल्लौर	1
खाल	निलमणि	1
हीरापुकीम	तेस्रो	1
ग्‍योम्‍शो	हरित	1
हीरापुकीम	चौथो	1
ग्‍योम्‍शो	पन्‍ना	1
मोती	मोतीका	1
मोती	मोतीबाट	1
लांपुकी	गल्लीहरू	1
मब्‍वाइश्‍शो	निखुर	1
के	छर्लङ्ग	1
मतङ	देखिनँ	1
बाक्‍नीस	मन्दिर	1
सहरमी	सहरलाई	1
ङा	जाति-जातिहरू	1
छेङछेङमी	ज्योतिद्वारा	1
बाक्‍नीम	हिँड्नेछन्	1
दारस	वैभव	1
चाक्‍नीम	ल्याउनेछन्	1
सहर	ढोकाहरू	1
रोक्‍शो	गरिनेछैनन्	1
शोंप	जाति-जातिहरूले	1
चाक्‍नीमी	ल्याउनेछन्	1
मताइनीम	पाउनेछैन	1
जाम्‍शा	लाजमर्दो	1
जोल	छलपूर्ण	1
पाइबपुकी	गर्नहरू	1
मताइनीम	पाउनेछन्	1
ब्रेक्‍शोपुकी	लेखिएकाहरू	1
पाइबमी	स्फटिकजस्तो	1
गेब	पानीको	1
ग्रूशा	बगिरहेको	1
ङा	बिचभागको	1
शाइश्‍शो	बगेको	1
किसीम	प्रकारका	1
सिप्‍बाक्‍तेक्‍म	महिना	1
सिप्‍बाक्‍तेक्‍म	फलाउँछ	1
महिनामी	रुखका	1
खेयप	पातहरू	1
रवा	जाति-जातिहरूका	1
मबाक्‍नीम	हुनेछैन	1
मेकेर	सहरमा	1
वाइलपुकीमी	सेवकहरूले	1
पाइनीम	गर्नेछ्न्	1
ममाल्‍नीम	पर्नेछ	1
सुइक्‍ने	अगमवक्‍ताहरूका	1
चाप्‍नीम	आत्माका	1
सोक्‍त	छिट्टै	1
ब्रेक्‍शो	अगमवाणीको	1
कोंइब	देखाए	1
कली	स्वर्गदूतको	1
खोइलीमी	पाउमा	1
खोदेंशो	गर्नेहरूका	1
ब्रेक्‍शो	अगमवाणीका	1
मवोतो	मोहर	1
मवोतो	नलगाओ	1
पढेशा	समय	1
पाइनीमी	अधर्मी	1
मेको	अधर्म	1
पामेक्‍ल	गरिरहोस्	1
मोदेंशोन	निरन्तर	1
बाक्‍मल	रहिरहोस्	1
दोपा	अनुसारको	1
पामे	इनाम	1
नेल्‍ल	अल्‍फा	1
क्‍येङा	ओमेगा	1
नङ	पछिल्‍लो	1
थुम्‍ब	अन्‍त	1
मुरमे	धुनेहरू	1
गेनुङ	ढोकाहरूबाट	1
टुना	कुकुरहरू	1
मुना	मन्‍त्रतन्‍त्र	1
तेल्‍लेम	अश्‍लील	1
साइक्‍नीमी	हत्याराहरू	1
साइक्‍नीमी	अभ्यास	1
सेउ	पराउने	1
ग्रुम्‍तीकेमी	निम्ति	1
बाक्‍ती	वंश	1
युइ	मुल	1
सोरुल	चम्किलो	1
ग्‍युम्‍लीमी	दुलही	1
ग्‍युम्‍लीमी	भन्‍नुहुन्छ	1
देंनीस	तिर्खाएको	1
“	पानी	1
पिने	सित्तैँमा	1
देंमल	पिओस्	1
किताबम	पुस्तकको	1
नेंनीमी	सुन्‍ने	1
सजाइ	चेताउनी	1
ताइनीमी	दिन्छु	1
ताइनीमी	थप्छ	1
श्‍येत	विपत्तिहरू	1
गेब	थपिदिनुहुनेछ	1
तुइक्‍पाइश्‍शो	पुस्तकका	1
किताबम	वचनहरूबाट	1
ताइनीम	निकाल्यो	1
फल	सहरको	1
ब्‍वचा	भागदेखि	1
मगेब	निकालिदिनुहुनेछ	1
पाइबमी	दिने	1
नेल्‍ल	हरेकसँग	1
