segment,batch,book,chapter,qc_pass,qc_reasons,duration_s,speech_duration_s,speech_begin_s,speech_end_s,leading_silence_s,trailing_silence_s,max_internal_silence_s,n_words_aligned,overall_log_likelihood,speech_log_likelihood,phone_duration_deviation,snr,aligned,segmentation_confidence,segmentation_reason,wav_path,txt_path,textgrid_path
1CO_003_seg_030,batch0_1CO_pilot,1CO,1CO_003,False,phone_duration_outlier,5.997,4.77,0.35,5.12,0.35,0.877,1.71,4,-60.916842447916665,-65.67198136273552,13.596473073854012,1.7868660165941392,True,high,,data\processed\audio\phase3_verification\batch0_1CO_pilot\mfa_corpus_test\speaker1\1CO_003_seg_030.wav,data\processed\audio\phase3_verification\batch0_1CO_pilot\mfa_corpus_test\speaker1\1CO_003_seg_030.txt,data\processed\audio\phase3_verification\batch0_1CO_pilot\textgrids_test\speaker1\1CO_003_seg_030.TextGrid
1CO_002_seg_024,batch0_1CO_pilot,1CO,1CO_002,False,phone_duration_outlier,6.307,5.867,0.44,6.307,0.44,0.0,0.3,7,-61.794206864104595,-67.04767977396646,13.326550247175852,2.0452270104538393,True,high,,data\processed\audio\phase3_verification\batch0_1CO_pilot\mfa_corpus_test\speaker1\1CO_002_seg_024.wav,data\processed\audio\phase3_verification\batch0_1CO_pilot\mfa_corpus_test\speaker1\1CO_002_seg_024.txt,data\processed\audio\phase3_verification\batch0_1CO_pilot\textgrids_test\speaker1\1CO_002_seg_024.TextGrid
1CO_002_seg_010,batch0_1CO_pilot,1CO,1CO_002,False,phone_duration_outlier,9.441,8.0,0.33,8.33,0.33,1.111,0.81,13,-61.140074649099574,-68.36267368829073,12.97265709289617,2.886717135903254,True,high,,data\processed\audio\phase3_verification\batch0_1CO_pilot\mfa_corpus_test\speaker1\1CO_002_seg_010.wav,data\processed\audio\phase3_verification\batch0_1CO_pilot\mfa_corpus_test\speaker1\1CO_002_seg_010.txt,data\processed\audio\phase3_verification\batch0_1CO_pilot\textgrids_test\speaker1\1CO_002_seg_010.TextGrid
1CO_001_seg_021,batch0_1CO_pilot,1CO,1CO_001,False,phone_duration_outlier,12.756,12.36,0.0,12.36,0.0,0.396,0.98,36,-61.43021404780564,-66.41757241781656,10.896837774212887,3.1624840488899277,True,high,,data\processed\audio\phase3_verification\batch0_1CO_pilot\mfa_corpus_test\speaker1\1CO_001_seg_021.wav,data\processed\audio\phase3_verification\batch0_1CO_pilot\mfa_corpus_test\speaker1\1CO_001_seg_021.txt,data\processed\audio\phase3_verification\batch0_1CO_pilot\textgrids_test\speaker1\1CO_001_seg_021.TextGrid
1CO_003_seg_027,batch0_1CO_pilot,1CO,1CO_003,True,,11.409,10.09,1.04,11.13,1.04,0.279,1.56,8,-60.86582493426818,-70.65495829148726,9.553502791962998,0.42876574548445845,True,high,,data\processed\audio\phase3_verification\batch0_1CO_pilot\mfa_corpus_test\speaker1\1CO_003_seg_027.wav,data\processed\audio\phase3_verification\batch0_1CO_pilot\mfa_corpus_test\speaker1\1CO_003_seg_027.txt,data\processed\audio\phase3_verification\batch0_1CO_pilot\textgrids_test\speaker1\1CO_003_seg_027.TextGrid
1CO_001_seg_007,batch0_1CO_pilot,1CO,1CO_001,True,,9.373,8.73,0.0,8.73,0.0,0.643,3.15,7,-60.0476170624333,-65.68825881958008,9.51861504998225,-3.513943651122995,True,high,,data\processed\audio\phase3_verification\batch0_1CO_pilot\mfa_corpus_test\speaker1\1CO_001_seg_007.wav,data\processed\audio\phase3_verification\batch0_1CO_pilot\mfa_corpus_test\speaker1\1CO_001_seg_007.txt,data\processed\audio\phase3_verification\batch0_1CO_pilot\textgrids_test\speaker1\1CO_001_seg_007.TextGrid
1CO_001_seg_043,batch0_1CO_pilot,1CO,1CO_001,True,,11.725,11.39,0.0,11.39,0.0,0.335,2.18,22,-61.074548433503836,-66.28110151470833,8.608787268752772,0.8271730029583679,True,high,,data\processed\audio\phase3_verification\batch0_1CO_pilot\mfa_corpus_test\speaker1\1CO_001_seg_043.wav,data\processed\audio\phase3_verification\batch0_1CO_pilot\mfa_corpus_test\speaker1\1CO_001_seg_043.txt,data\processed\audio\phase3_verification\batch0_1CO_pilot\textgrids_test\speaker1\1CO_001_seg_043.TextGrid
1CO_001_seg_015,batch0_1CO_pilot,1CO,1CO_001,True,,12.712,11.89,0.36,12.25,0.36,0.462,1.39,15,-59.094585955940204,-66.15162953694661,8.322561821229474,1.3140161910036277,True,high,,data\processed\audio\phase3_verification\batch0_1CO_pilot\mfa_corpus_test\speaker1\1CO_001_seg_015.wav,data\processed\audio\phase3_verification\batch0_1CO_pilot\mfa_corpus_test\speaker1\1CO_001_seg_015.txt,data\processed\audio\phase3_verification\batch0_1CO_pilot\textgrids_test\speaker1\1CO_001_seg_015.TextGrid
1CO_001_seg_026,batch0_1CO_pilot,1CO,1CO_001,True,,7.25,6.35,0.39,6.74,0.39,0.51,0.0,11,-60.1515463362069,-66.49534693935462,7.259823890566413,7.956252165100658,True,high,,data\processed\audio\phase3_verification\batch0_1CO_pilot\mfa_corpus_test\speaker1\1CO_001_seg_026.wav,data\processed\audio\phase3_verification\batch0_1CO_pilot\mfa_corpus_test\speaker1\1CO_001_seg_026.txt,data\processed\audio\phase3_verification\batch0_1CO_pilot\textgrids_test\speaker1\1CO_001_seg_026.TextGrid
1CO_002_seg_005,batch0_1CO_pilot,1CO,1CO_002,True,,7.378,4.9,1.73,6.63,1.73,0.748,1.34,13,-61.482384823848236,-68.59705941718921,7.007085382829556,3.3798748508584886,True,high,,data\processed\audio\phase3_verification\batch0_1CO_pilot\mfa_corpus_test\speaker1\1CO_002_seg_005.wav,data\processed\audio\phase3_verification\batch0_1CO_pilot\mfa_corpus_test\speaker1\1CO_002_seg_005.txt,data\processed\audio\phase3_verification\batch0_1CO_pilot\textgrids_test\speaker1\1CO_002_seg_005.TextGrid
1CO_003_seg_007,batch0_1CO_pilot,1CO,1CO_003,True,,5.035,4.66,0.06,4.72,0.06,0.315,0.54,25,-64.1070072234623,-64.19227792649042,6.929646453786066,12.42774109642275,True,high,,data\processed\audio\phase3_verification\batch0_1CO_pilot\mfa_corpus_test\speaker1\1CO_003_seg_007.wav,data\processed\audio\phase3_verification\batch0_1CO_pilot\mfa_corpus_test\speaker1\1CO_003_seg_007.txt,data\processed\audio\phase3_verification\batch0_1CO_pilot\textgrids_test\speaker1\1CO_003_seg_007.TextGrid
1CO_002_seg_003,batch0_1CO_pilot,1CO,1CO_002,True,,11.525,10.52,0.41,10.93,0.41,0.595,1.4,24,-60.79929396140503,-64.35073125643993,6.834648695956957,3.587101475789721,True,high,,data\processed\audio\phase3_verification\batch0_1CO_pilot\mfa_corpus_test\speaker1\1CO_002_seg_003.wav,data\processed\audio\phase3_verification\batch0_1CO_pilot\mfa_corpus_test\speaker1\1CO_002_seg_003.txt,data\processed\audio\phase3_verification\batch0_1CO_pilot\textgrids_test\speaker1\1CO_002_seg_003.TextGrid
1CO_002_seg_017,batch0_1CO_pilot,1CO,1CO_002,True,,9.51,8.73,0.37,9.1,0.37,0.41,1.97,12,-57.64219817954785,-59.64472872018814,6.834648695956957,1.3393430763363288,True,high,,data\processed\audio\phase3_verification\batch0_1CO_pilot\mfa_corpus_test\speaker1\1CO_002_seg_017.wav,data\processed\audio\phase3_verification\batch0_1CO_pilot\mfa_corpus_test\speaker1\1CO_002_seg_017.txt,data\processed\audio\phase3_verification\batch0_1CO_pilot\textgrids_test\speaker1\1CO_002_seg_017.TextGrid
1CO_002_seg_007,batch0_1CO_pilot,1CO,1CO_002,True,,18.778,17.26,0.36,17.62,0.36,1.158,2.13,18,-59.77013861155485,-63.99710602812715,6.834648695956957,2.1485099115937754,True,high,,data\processed\audio\phase3_verification\batch0_1CO_pilot\mfa_corpus_test\speaker1\1CO_002_seg_007.wav,data\processed\audio\phase3_verification\batch0_1CO_pilot\mfa_corpus_test\speaker1\1CO_002_seg_007.txt,data\processed\audio\phase3_verification\batch0_1CO_pilot\textgrids_test\speaker1\1CO_002_seg_007.TextGrid
1CO_001_seg_022,batch0_1CO_pilot,1CO,1CO_001,True,,13.783,13.2,0.34,13.54,0.34,0.243,0.89,38,-60.28410173258345,-66.25245076760478,6.559132733764445,1.7470941817584933,True,high,,data\processed\audio\phase3_verification\batch0_1CO_pilot\mfa_corpus_test\speaker1\1CO_001_seg_022.wav,data\processed\audio\phase3_verification\batch0_1CO_pilot\mfa_corpus_test\speaker1\1CO_001_seg_022.txt,data\processed\audio\phase3_verification\batch0_1CO_pilot\textgrids_test\speaker1\1CO_001_seg_022.TextGrid
1CO_002_seg_023,batch0_1CO_pilot,1CO,1CO_002,True,,13.635,13.285,0.35,13.635,0.35,0.0,1.84,11,-60.51061904325513,-62.63620069915173,6.486524656200958,1.8320411816756739,True,high,,data\processed\audio\phase3_verification\batch0_1CO_pilot\mfa_corpus_test\speaker1\1CO_002_seg_023.wav,data\processed\audio\phase3_verification\batch0_1CO_pilot\mfa_corpus_test\speaker1\1CO_002_seg_023.txt,data\processed\audio\phase3_verification\batch0_1CO_pilot\textgrids_test\speaker1\1CO_002_seg_023.TextGrid
1CO_003_seg_010,batch0_1CO_pilot,1CO,1CO_003,True,,11.08,10.34,0.35,10.69,0.35,0.39,1.28,14,-61.482196243231044,-67.92183085850307,6.054386644409304,3.078915581175883,True,high,,data\processed\audio\phase3_verification\batch0_1CO_pilot\mfa_corpus_test\speaker1\1CO_003_seg_010.wav,data\processed\audio\phase3_verification\batch0_1CO_pilot\mfa_corpus_test\speaker1\1CO_003_seg_010.txt,data\processed\audio\phase3_verification\batch0_1CO_pilot\textgrids_test\speaker1\1CO_003_seg_010.TextGrid
1CO_001_seg_011,batch0_1CO_pilot,1CO,1CO_001,True,,6.082,5.25,0.07,5.32,0.07,0.762,0.84,16,-64.08713250411184,-69.83706392560687,5.91625332337621,0.12354359095665046,True,high,,data\processed\audio\phase3_verification\batch0_1CO_pilot\mfa_corpus_test\speaker1\1CO_001_seg_011.wav,data\processed\audio\phase3_verification\batch0_1CO_pilot\mfa_corpus_test\speaker1\1CO_001_seg_011.txt,data\processed\audio\phase3_verification\batch0_1CO_pilot\textgrids_test\speaker1\1CO_001_seg_011.TextGrid
1CO_001_seg_018,batch0_1CO_pilot,1CO,1CO_001,True,,19.965,18.97,0.34,19.31,0.34,0.655,2.63,13,-58.56429957436154,-71.56287539735132,5.890230509226984,1.3299599813551755,True,high,,data\processed\audio\phase3_verification\batch0_1CO_pilot\mfa_corpus_test\speaker1\1CO_001_seg_018.wav,data\processed\audio\phase3_verification\batch0_1CO_pilot\mfa_corpus_test\speaker1\1CO_001_seg_018.txt,data\processed\audio\phase3_verification\batch0_1CO_pilot\textgrids_test\speaker1\1CO_001_seg_018.TextGrid
1CO_002_seg_001,batch0_1CO_pilot,1CO,1CO_002,True,,14.005,13.05,0.34,13.39,0.34,0.615,1.35,22,-64.38955433618844,-69.17841713245099,5.8000039068437905,1.3192347082959444,True,high,,data\processed\audio\phase3_verification\batch0_1CO_pilot\mfa_corpus_test\speaker1\1CO_002_seg_001.wav,data\processed\audio\phase3_verification\batch0_1CO_pilot\mfa_corpus_test\speaker1\1CO_002_seg_001.txt,data\processed\audio\phase3_verification\batch0_1CO_pilot\textgrids_test\speaker1\1CO_002_seg_001.TextGrid
1CO_002_seg_004,batch0_1CO_pilot,1CO,1CO_002,True,,9.294,8.06,0.34,8.4,0.34,0.894,1.21,13,-59.60763842168999,-62.83868092757005,5.724641840803052,3.4070790239771593,True,high,,data\processed\audio\phase3_verification\batch0_1CO_pilot\mfa_corpus_test\speaker1\1CO_002_seg_004.wav,data\processed\audio\phase3_verification\batch0_1CO_pilot\mfa_corpus_test\speaker1\1CO_002_seg_004.txt,data\processed\audio\phase3_verification\batch0_1CO_pilot\textgrids_test\speaker1\1CO_002_seg_004.TextGrid
1CO_003_seg_004,batch0_1CO_pilot,1CO,1CO_003,True,,3.825,3.2,0.3,3.5,0.3,0.325,0.7,16,-61.628217811684074,-64.61756717136927,5.699538445883933,3.314858341736569,True,high,,data\processed\audio\phase3_verification\batch0_1CO_pilot\mfa_corpus_test\speaker1\1CO_003_seg_004.wav,data\processed\audio\phase3_verification\batch0_1CO_pilot\mfa_corpus_test\speaker1\1CO_003_seg_004.txt,data\processed\audio\phase3_verification\batch0_1CO_pilot\textgrids_test\speaker1\1CO_003_seg_004.TextGrid
1CO_001_seg_032,batch0_1CO_pilot,1CO,1CO_001,True,,12.983,12.51,0.33,12.84,0.33,0.143,1.52,38,-58.59255224383667,-64.11567878723145,5.6275672199711915,2.8296000864072504,True,high,,data\processed\audio\phase3_verification\batch0_1CO_pilot\mfa_corpus_test\speaker1\1CO_001_seg_032.wav,data\processed\audio\phase3_verification\batch0_1CO_pilot\mfa_corpus_test\speaker1\1CO_001_seg_032.txt,data\processed\audio\phase3_verification\batch0_1CO_pilot\textgrids_test\speaker1\1CO_001_seg_032.TextGrid
1CO_001_seg_002,batch0_1CO_pilot,1CO,1CO_001,True,,13.237,11.81,0.47,12.28,0.47,0.957,1.25,20,-61.22906438821752,-67.73327179710463,5.562297076402004,2.6707806376089955,True,high,,data\processed\audio\phase3_verification\batch0_1CO_pilot\mfa_corpus_test\speaker1\1CO_001_seg_002.wav,data\processed\audio\phase3_verification\batch0_1CO_pilot\mfa_corpus_test\speaker1\1CO_001_seg_002.txt,data\processed\audio\phase3_verification\batch0_1CO_pilot\textgrids_test\speaker1\1CO_001_seg_002.TextGrid
1CO_001_seg_020,batch0_1CO_pilot,1CO,1CO_001,True,,13.231,11.55,0.31,11.86,0.31,1.371,1.42,14,-60.30440405328798,-66.39988730294364,5.54768625426287,1.9600392320060944,True,high,,data\processed\audio\phase3_verification\batch0_1CO_pilot\mfa_corpus_test\speaker1\1CO_001_seg_020.wav,data\processed\audio\phase3_verification\batch0_1CO_pilot\mfa_corpus_test\speaker1\1CO_001_seg_020.txt,data\processed\audio\phase3_verification\batch0_1CO_pilot\textgrids_test\speaker1\1CO_001_seg_020.TextGrid
1CO_003_seg_002,batch0_1CO_pilot,1CO,1CO_003,True,,4.524,3.63,0.34,3.97,0.34,0.554,0.28,14,-59.18367152931416,-64.02457136266372,5.430206067867627,7.166738609918935,True,high,,data\processed\audio\phase3_verification\batch0_1CO_pilot\mfa_corpus_test\speaker1\1CO_003_seg_002.wav,data\processed\audio\phase3_verification\batch0_1CO_pilot\mfa_corpus_test\speaker1\1CO_003_seg_002.txt,data\processed\audio\phase3_verification\batch0_1CO_pilot\textgrids_test\speaker1\1CO_003_seg_002.TextGrid
1CO_003_seg_021,batch0_1CO_pilot,1CO,1CO_003,True,,15.904,15.22,0.32,15.54,0.32,0.364,1.68,28,-61.27869005503145,-66.45594224475678,5.429692111628907,0.1476453863322149,True,high,,data\processed\audio\phase3_verification\batch0_1CO_pilot\mfa_corpus_test\speaker1\1CO_003_seg_021.wav,data\processed\audio\phase3_verification\batch0_1CO_pilot\mfa_corpus_test\speaker1\1CO_003_seg_021.txt,data\processed\audio\phase3_verification\batch0_1CO_pilot\textgrids_test\speaker1\1CO_003_seg_021.TextGrid
1CO_001_seg_033,batch0_1CO_pilot,1CO,1CO_001,True,,6.581,5.92,0.36,6.28,0.36,0.301,0.62,23,-60.84297231193009,-68.0341921488444,5.411538019214166,1.4201309089028982,True,high,,data\processed\audio\phase3_verification\batch0_1CO_pilot\mfa_corpus_test\speaker1\1CO_001_seg_033.wav,data\processed\audio\phase3_verification\batch0_1CO_pilot\mfa_corpus_test\speaker1\1CO_001_seg_033.txt,data\processed\audio\phase3_verification\batch0_1CO_pilot\textgrids_test\speaker1\1CO_001_seg_033.TextGrid
1CO_001_seg_019,batch0_1CO_pilot,1CO,1CO_001,True,,17.009,14.1,1.26,15.36,1.26,1.649,2.42,10,-60.42313804379776,-67.26636628846865,5.261564297967921,0.1729486041691839,True,high,,data\processed\audio\phase3_verification\batch0_1CO_pilot\mfa_corpus_test\speaker1\1CO_001_seg_019.wav,data\processed\audio\phase3_verification\batch0_1CO_pilot\mfa_corpus_test\speaker1\1CO_001_seg_019.txt,data\processed\audio\phase3_verification\batch0_1CO_pilot\textgrids_test\speaker1\1CO_001_seg_019.TextGrid
1CO_001_seg_014,batch0_1CO_pilot,1CO,1CO_001,True,,20.696,19.95,0.37,20.32,0.37,0.376,2.08,20,-60.9807178442029,-66.31308018476113,5.1715388033067216,0.011614697627125636,True,low,duration_outlier,data\processed\audio\phase3_verification\batch0_1CO_pilot\mfa_corpus_test\speaker1\1CO_001_seg_014.wav,data\processed\audio\phase3_verification\batch0_1CO_pilot\mfa_corpus_test\speaker1\1CO_001_seg_014.txt,data\processed\audio\phase3_verification\batch0_1CO_pilot\textgrids_test\speaker1\1CO_001_seg_014.TextGrid
1CO_003_seg_005,batch0_1CO_pilot,1CO,1CO_003,True,,12.521,6.57,1.84,8.41,1.84,4.111,2.54,4,-63.81242511980831,-70.07797040437397,4.937795804603223,1.504904473818069,True,high,,data\processed\audio\phase3_verification\batch0_1CO_pilot\mfa_corpus_test\speaker1\1CO_003_seg_005.wav,data\processed\audio\phase3_verification\batch0_1CO_pilot\mfa_corpus_test\speaker1\1CO_003_seg_005.txt,data\processed\audio\phase3_verification\batch0_1CO_pilot\textgrids_test\speaker1\1CO_003_seg_005.TextGrid
1CO_003_seg_026,batch0_1CO_pilot,1CO,1CO_003,True,,9.165,8.62,0.25,8.87,0.25,0.295,1.43,14,-57.86659538576881,-61.97890028406362,4.822237493958717,1.6664955122736878,True,high,,data\processed\audio\phase3_verification\batch0_1CO_pilot\mfa_corpus_test\speaker1\1CO_003_seg_026.wav,data\processed\audio\phase3_verification\batch0_1CO_pilot\mfa_corpus_test\speaker1\1CO_003_seg_026.txt,data\processed\audio\phase3_verification\batch0_1CO_pilot\textgrids_test\speaker1\1CO_003_seg_026.TextGrid
1CO_003_seg_031,batch0_1CO_pilot,1CO,1CO_003,True,,3.518,2.46,0.36,2.82,0.36,0.698,0.74,5,-59.97897616299716,-63.5036437694843,4.765355006417695,1.3930944806597019,True,high,,data\processed\audio\phase3_verification\batch0_1CO_pilot\mfa_corpus_test\speaker1\1CO_003_seg_031.wav,data\processed\audio\phase3_verification\batch0_1CO_pilot\mfa_corpus_test\speaker1\1CO_003_seg_031.txt,data\processed\audio\phase3_verification\batch0_1CO_pilot\textgrids_test\speaker1\1CO_003_seg_031.TextGrid
1CO_001_seg_031,batch0_1CO_pilot,1CO,1CO_001,True,,6.87,6.1,0.36,6.46,0.36,0.41,2.02,14,-59.323496633915575,-61.395952584086984,4.765350895104766,2.7365236613034014,True,high,,data\processed\audio\phase3_verification\batch0_1CO_pilot\mfa_corpus_test\speaker1\1CO_001_seg_031.wav,data\processed\audio\phase3_verification\batch0_1CO_pilot\mfa_corpus_test\speaker1\1CO_001_seg_031.txt,data\processed\audio\phase3_verification\batch0_1CO_pilot\textgrids_test\speaker1\1CO_001_seg_031.TextGrid
1CO_002_seg_016,batch0_1CO_pilot,1CO,1CO_002,True,,3.496,3.3,0.0,3.3,0.0,0.196,0.53,18,-63.81671316964286,-70.67353963277426,4.727971420223155,1.2908383791762343,True,high,,data\processed\audio\phase3_verification\batch0_1CO_pilot\mfa_corpus_test\speaker1\1CO_002_seg_016.wav,data\processed\audio\phase3_verification\batch0_1CO_pilot\mfa_corpus_test\speaker1\1CO_002_seg_016.txt,data\processed\audio\phase3_verification\batch0_1CO_pilot\textgrids_test\speaker1\1CO_002_seg_016.TextGrid
1CO_002_seg_014,batch0_1CO_pilot,1CO,1CO_002,True,,6.546,6.266,0.28,6.546,0.28,0.0,1.48,13,-56.1599713740458,-62.48453191121419,4.592914208232167,1.5459242281306764,True,high,,data\processed\audio\phase3_verification\batch0_1CO_pilot\mfa_corpus_test\speaker1\1CO_002_seg_014.wav,data\processed\audio\phase3_verification\batch0_1CO_pilot\mfa_corpus_test\speaker1\1CO_002_seg_014.txt,data\processed\audio\phase3_verification\batch0_1CO_pilot\textgrids_test\speaker1\1CO_002_seg_014.TextGrid
1CO_002_seg_022,batch0_1CO_pilot,1CO,1CO_002,True,,8.187,7.56,0.0,7.56,0.0,0.627,0.76,13,-61.030968597374844,-64.01416893527933,4.570349773152771,1.8082268479914578,True,high,,data\processed\audio\phase3_verification\batch0_1CO_pilot\mfa_corpus_test\speaker1\1CO_002_seg_022.wav,data\processed\audio\phase3_verification\batch0_1CO_pilot\mfa_corpus_test\speaker1\1CO_002_seg_022.txt,data\processed\audio\phase3_verification\batch0_1CO_pilot\textgrids_test\speaker1\1CO_002_seg_022.TextGrid
1CO_001_seg_037,batch0_1CO_pilot,1CO,1CO_001,True,,8.927,8.18,0.34,8.52,0.34,0.407,0.88,32,-59.34996150615901,-65.15858571669635,4.556994636118974,2.9548496051848243,True,high,,data\processed\audio\phase3_verification\batch0_1CO_pilot\mfa_corpus_test\speaker1\1CO_001_seg_037.wav,data\processed\audio\phase3_verification\batch0_1CO_pilot\mfa_corpus_test\speaker1\1CO_001_seg_037.txt,data\processed\audio\phase3_verification\batch0_1CO_pilot\textgrids_test\speaker1\1CO_001_seg_037.TextGrid
1CO_001_seg_009,batch0_1CO_pilot,1CO,1CO_001,True,,13.969,12.6,0.74,13.34,0.74,0.629,1.68,22,-62.591166338582674,-67.9569755625502,4.54324992227771,2.7702404761912227,True,high,,data\processed\audio\phase3_verification\batch0_1CO_pilot\mfa_corpus_test\speaker1\1CO_001_seg_009.wav,data\processed\audio\phase3_verification\batch0_1CO_pilot\mfa_corpus_test\speaker1\1CO_001_seg_009.txt,data\processed\audio\phase3_verification\batch0_1CO_pilot\textgrids_test\speaker1\1CO_001_seg_009.TextGrid
1CO_003_seg_032,batch0_1CO_pilot,1CO,1CO_003,True,,5.781,5.11,0.0,5.11,0.0,0.671,0.34,12,-60.36024005190311,-65.59732101703513,4.502962494007134,7.857822536823299,True,high,,data\processed\audio\phase3_verification\batch0_1CO_pilot\mfa_corpus_test\speaker1\1CO_003_seg_032.wav,data\processed\audio\phase3_verification\batch0_1CO_pilot\mfa_corpus_test\speaker1\1CO_003_seg_032.txt,data\processed\audio\phase3_verification\batch0_1CO_pilot\textgrids_test\speaker1\1CO_003_seg_032.TextGrid
1CO_001_seg_003,batch0_1CO_pilot,1CO,1CO_001,True,,5.31,3.93,0.31,4.24,0.31,1.07,0.53,8,-58.784964983521654,-66.07977055394372,4.4865547164927335,2.5452132210217577,True,high,,data\processed\audio\phase3_verification\batch0_1CO_pilot\mfa_corpus_test\speaker1\1CO_001_seg_003.wav,data\processed\audio\phase3_verification\batch0_1CO_pilot\mfa_corpus_test\speaker1\1CO_001_seg_003.txt,data\processed\audio\phase3_verification\batch0_1CO_pilot\textgrids_test\speaker1\1CO_001_seg_003.TextGrid
1CO_002_seg_025,batch0_1CO_pilot,1CO,1CO_002,True,,6.903,6.06,0.04,6.1,0.04,0.803,1.06,14,-69.05831634963768,-67.01897666823696,4.477215043445888,-2.6928786999178627,True,high,,data\processed\audio\phase3_verification\batch0_1CO_pilot\mfa_corpus_test\speaker1\1CO_002_seg_025.wav,data\processed\audio\phase3_verification\batch0_1CO_pilot\mfa_corpus_test\speaker1\1CO_002_seg_025.txt,data\processed\audio\phase3_verification\batch0_1CO_pilot\textgrids_test\speaker1\1CO_002_seg_025.TextGrid
1CO_001_seg_001,batch0_1CO_pilot,1CO,1CO_001,True,,8.938,6.86,0.79,7.65,0.79,1.288,0.61,14,-61.5095427852349,-62.89261562640851,4.440658121784132,2.1172007150447083,True,high,,data\processed\audio\phase3_verification\batch0_1CO_pilot\mfa_corpus_test\speaker1\1CO_001_seg_001.wav,data\processed\audio\phase3_verification\batch0_1CO_pilot\mfa_corpus_test\speaker1\1CO_001_seg_001.txt,data\processed\audio\phase3_verification\batch0_1CO_pilot\textgrids_test\speaker1\1CO_001_seg_001.TextGrid
1CO_001_seg_036,batch0_1CO_pilot,1CO,1CO_001,True,,9.203,8.44,0.37,8.81,0.37,0.393,1.72,9,-59.952696161684784,-64.4875491672092,4.420477521359569,2.417644488734144,True,high,,data\processed\audio\phase3_verification\batch0_1CO_pilot\mfa_corpus_test\speaker1\1CO_001_seg_036.wav,data\processed\audio\phase3_verification\batch0_1CO_pilot\mfa_corpus_test\speaker1\1CO_001_seg_036.txt,data\processed\audio\phase3_verification\batch0_1CO_pilot\textgrids_test\speaker1\1CO_001_seg_036.TextGrid
1CO_003_seg_025,batch0_1CO_pilot,1CO,1CO_003,True,,10.363,8.33,0.34,8.67,0.34,1.693,1.3,11,-57.980001206563706,-62.58872491663153,4.42046929873371,2.0890557958454252,True,high,,data\processed\audio\phase3_verification\batch0_1CO_pilot\mfa_corpus_test\speaker1\1CO_003_seg_025.wav,data\processed\audio\phase3_verification\batch0_1CO_pilot\mfa_corpus_test\speaker1\1CO_003_seg_025.txt,data\processed\audio\phase3_verification\batch0_1CO_pilot\textgrids_test\speaker1\1CO_003_seg_025.TextGrid
1CO_003_seg_037,batch0_1CO_pilot,1CO,1CO_003,True,,8.484,6.52,0.97,7.49,0.97,0.994,0.86,24,-64.72207123378537,-69.80548252778895,4.42046929873371,0.45098855876096344,True,high,,data\processed\audio\phase3_verification\batch0_1CO_pilot\mfa_corpus_test\speaker1\1CO_003_seg_037.wav,data\processed\audio\phase3_verification\batch0_1CO_pilot\mfa_corpus_test\speaker1\1CO_003_seg_037.txt,data\processed\audio\phase3_verification\batch0_1CO_pilot\textgrids_test\speaker1\1CO_003_seg_037.TextGrid
1CO_001_seg_008,batch0_1CO_pilot,1CO,1CO_001,True,,10.579,9.74,0.0,9.74,0.0,0.839,1.29,19,-66.43358636578449,-69.86508656819662,4.363746761697688,0.8536059507227574,True,high,,data\processed\audio\phase3_verification\batch0_1CO_pilot\mfa_corpus_test\speaker1\1CO_001_seg_008.wav,data\processed\audio\phase3_verification\batch0_1CO_pilot\mfa_corpus_test\speaker1\1CO_001_seg_008.txt,data\processed\audio\phase3_verification\batch0_1CO_pilot\textgrids_test\speaker1\1CO_001_seg_008.TextGrid
1CO_001_seg_010,batch0_1CO_pilot,1CO,1CO_001,True,,8.414,7.54,0.35,7.89,0.35,0.524,1.61,14,-63.59424699019025,-67.62369756229589,4.315705797158527,2.081905055802613,True,high,,data\processed\audio\phase3_verification\batch0_1CO_pilot\mfa_corpus_test\speaker1\1CO_001_seg_010.wav,data\processed\audio\phase3_verification\batch0_1CO_pilot\mfa_corpus_test\speaker1\1CO_001_seg_010.txt,data\processed\audio\phase3_verification\batch0_1CO_pilot\textgrids_test\speaker1\1CO_001_seg_010.TextGrid
1CO_003_seg_029,batch0_1CO_pilot,1CO,1CO_003,True,,9.739,8.99,0.35,9.34,0.35,0.399,1.31,11,-59.80930361267967,-64.85941160642184,4.260116985391068,2.289626801866154,True,high,,data\processed\audio\phase3_verification\batch0_1CO_pilot\mfa_corpus_test\speaker1\1CO_003_seg_029.wav,data\processed\audio\phase3_verification\batch0_1CO_pilot\mfa_corpus_test\speaker1\1CO_003_seg_029.txt,data\processed\audio\phase3_verification\batch0_1CO_pilot\textgrids_test\speaker1\1CO_003_seg_029.TextGrid
1CO_001_seg_038,batch0_1CO_pilot,1CO,1CO_001,True,,14.499,13.4,0.36,13.76,0.36,0.739,1.69,13,-58.403146551724134,-63.25166575113932,4.248032611861111,2.503651735740629,True,high,,data\processed\audio\phase3_verification\batch0_1CO_pilot\mfa_corpus_test\speaker1\1CO_001_seg_038.wav,data\processed\audio\phase3_verification\batch0_1CO_pilot\mfa_corpus_test\speaker1\1CO_001_seg_038.txt,data\processed\audio\phase3_verification\batch0_1CO_pilot\textgrids_test\speaker1\1CO_001_seg_038.TextGrid
1CO_001_seg_035,batch0_1CO_pilot,1CO,1CO_001,True,,13.677,11.92,0.34,12.26,0.34,1.417,1.75,11,-60.39960252192982,-66.41873915652012,4.248032611861111,1.3708640663308262,True,high,,data\processed\audio\phase3_verification\batch0_1CO_pilot\mfa_corpus_test\speaker1\1CO_001_seg_035.wav,data\processed\audio\phase3_verification\batch0_1CO_pilot\mfa_corpus_test\speaker1\1CO_001_seg_035.txt,data\processed\audio\phase3_verification\batch0_1CO_pilot\textgrids_test\speaker1\1CO_001_seg_035.TextGrid
1CO_001_seg_016,batch0_1CO_pilot,1CO,1CO_001,True,,11.606,10.55,0.43,10.98,0.43,0.626,1.36,20,-60.31450527562446,-67.78052687033629,4.184237181348681,-0.31705659453860413,True,high,,data\processed\audio\phase3_verification\batch0_1CO_pilot\mfa_corpus_test\speaker1\1CO_001_seg_016.wav,data\processed\audio\phase3_verification\batch0_1CO_pilot\mfa_corpus_test\speaker1\1CO_001_seg_016.txt,data\processed\audio\phase3_verification\batch0_1CO_pilot\textgrids_test\speaker1\1CO_001_seg_016.TextGrid
1CO_001_seg_030,batch0_1CO_pilot,1CO,1CO_001,True,,6.434,5.72,0.27,5.99,0.27,0.444,1.03,15,-61.49010376166407,-66.42674117490469,4.1765636997166835,4.5712935231218665,True,high,,data\processed\audio\phase3_verification\batch0_1CO_pilot\mfa_corpus_test\speaker1\1CO_001_seg_030.wav,data\processed\audio\phase3_verification\batch0_1CO_pilot\mfa_corpus_test\speaker1\1CO_001_seg_030.txt,data\processed\audio\phase3_verification\batch0_1CO_pilot\textgrids_test\speaker1\1CO_001_seg_030.TextGrid
1CO_003_seg_012,batch0_1CO_pilot,1CO,1CO_003,True,,10.479,8.11,0.93,9.04,0.93,1.439,2.32,6,-59.20026240458015,-67.64169242165305,4.117049185395415,0.8564478564790488,True,high,,data\processed\audio\phase3_verification\batch0_1CO_pilot\mfa_corpus_test\speaker1\1CO_003_seg_012.wav,data\processed\audio\phase3_verification\batch0_1CO_pilot\mfa_corpus_test\speaker1\1CO_003_seg_012.txt,data\processed\audio\phase3_verification\batch0_1CO_pilot\textgrids_test\speaker1\1CO_003_seg_012.TextGrid
1CO_003_seg_020,batch0_1CO_pilot,1CO,1CO_003,True,,3.787,3.14,0.0,3.14,0.0,0.647,0.89,7,-62.73340616754617,-65.95574811299642,4.094480251251182,2.3071326248111017,True,high,,data\processed\audio\phase3_verification\batch0_1CO_pilot\mfa_corpus_test\speaker1\1CO_003_seg_020.wav,data\processed\audio\phase3_verification\batch0_1CO_pilot\mfa_corpus_test\speaker1\1CO_003_seg_020.txt,data\processed\audio\phase3_verification\batch0_1CO_pilot\textgrids_test\speaker1\1CO_003_seg_020.TextGrid
1CO_003_seg_017,batch0_1CO_pilot,1CO,1CO_003,True,,8.812,8.23,0.33,8.56,0.33,0.252,1.52,7,-60.568773942962544,-70.40678190573668,3.9227406271191625,2.090668323348355,True,high,,data\processed\audio\phase3_verification\batch0_1CO_pilot\mfa_corpus_test\speaker1\1CO_003_seg_017.wav,data\processed\audio\phase3_verification\batch0_1CO_pilot\mfa_corpus_test\speaker1\1CO_003_seg_017.txt,data\processed\audio\phase3_verification\batch0_1CO_pilot\textgrids_test\speaker1\1CO_003_seg_017.TextGrid
1CO_001_seg_034,batch0_1CO_pilot,1CO,1CO_001,True,,11.987,10.65,0.11,10.76,0.11,1.227,1.53,9,-59.654946830692246,-67.71679080616344,3.830927229100467,1.4800935168070186,True,high,,data\processed\audio\phase3_verification\batch0_1CO_pilot\mfa_corpus_test\speaker1\1CO_001_seg_034.wav,data\processed\audio\phase3_verification\batch0_1CO_pilot\mfa_corpus_test\speaker1\1CO_001_seg_034.txt,data\processed\audio\phase3_verification\batch0_1CO_pilot\textgrids_test\speaker1\1CO_001_seg_034.TextGrid
1CO_002_seg_013,batch0_1CO_pilot,1CO,1CO_002,True,,3.607,2.46,0.26,2.72,0.26,0.887,0.49,5,-60.89974679709141,-65.5703428586324,3.787716989801474,5.874700283346865,True,high,,data\processed\audio\phase3_verification\batch0_1CO_pilot\mfa_corpus_test\speaker1\1CO_002_seg_013.wav,data\processed\audio\phase3_verification\batch0_1CO_pilot\mfa_corpus_test\speaker1\1CO_002_seg_013.txt,data\processed\audio\phase3_verification\batch0_1CO_pilot\textgrids_test\speaker1\1CO_002_seg_013.TextGrid
1CO_002_seg_020,batch0_1CO_pilot,1CO,1CO_002,True,,13.942,9.86,2.84,12.7,2.84,1.242,2.41,8,-59.20997354734577,-63.48495062803611,3.7274813616389766,1.5255663678034477,True,high,,data\processed\audio\phase3_verification\batch0_1CO_pilot\mfa_corpus_test\speaker1\1CO_002_seg_020.wav,data\processed\audio\phase3_verification\batch0_1CO_pilot\mfa_corpus_test\speaker1\1CO_002_seg_020.txt,data\processed\audio\phase3_verification\batch0_1CO_pilot\textgrids_test\speaker1\1CO_002_seg_020.TextGrid
1CO_003_seg_013,batch0_1CO_pilot,1CO,1CO_003,True,,6.353,5.17,0.35,5.52,0.35,0.833,0.99,12,-60.675744340551184,-67.97727697866934,3.558269419119001,2.6137940895794944,True,high,,data\processed\audio\phase3_verification\batch0_1CO_pilot\mfa_corpus_test\speaker1\1CO_003_seg_013.wav,data\processed\audio\phase3_verification\batch0_1CO_pilot\mfa_corpus_test\speaker1\1CO_003_seg_013.txt,data\processed\audio\phase3_verification\batch0_1CO_pilot\textgrids_test\speaker1\1CO_003_seg_013.TextGrid
1CO_002_seg_012,batch0_1CO_pilot,1CO,1CO_002,True,,12.45,9.26,0.3,9.56,0.3,2.89,2.17,8,-63.15215235943775,-70.86095090345903,3.5582683912907687,1.9110381496122493,True,high,,data\processed\audio\phase3_verification\batch0_1CO_pilot\mfa_corpus_test\speaker1\1CO_002_seg_012.wav,data\processed\audio\phase3_verification\batch0_1CO_pilot\mfa_corpus_test\speaker1\1CO_002_seg_012.txt,data\processed\audio\phase3_verification\batch0_1CO_pilot\textgrids_test\speaker1\1CO_002_seg_012.TextGrid
1CO_001_seg_027,batch0_1CO_pilot,1CO,1CO_001,False,too_short,2.058,1.45,0.33,1.78,0.33,0.278,0.5,5,-59.90521655036408,-66.37555107703575,3.5403154863367603,3.7726204869223743,True,high,,data\processed\audio\phase3_verification\batch0_1CO_pilot\mfa_corpus_test\speaker1\1CO_001_seg_027.wav,data\processed\audio\phase3_verification\batch0_1CO_pilot\mfa_corpus_test\speaker1\1CO_001_seg_027.txt,data\processed\audio\phase3_verification\batch0_1CO_pilot\textgrids_test\speaker1\1CO_001_seg_027.TextGrid
1CO_001_seg_025,batch0_1CO_pilot,1CO,1CO_001,True,,18.021,16.96,0.36,17.32,0.36,0.701,2.4,13,-60.041945581298556,-62.78938184465681,3.3858327322464024,1.2566908907021155,True,high,,data\processed\audio\phase3_verification\batch0_1CO_pilot\mfa_corpus_test\speaker1\1CO_001_seg_025.wav,data\processed\audio\phase3_verification\batch0_1CO_pilot\mfa_corpus_test\speaker1\1CO_001_seg_025.txt,data\processed\audio\phase3_verification\batch0_1CO_pilot\textgrids_test\speaker1\1CO_001_seg_025.TextGrid
1CO_001_seg_006,batch0_1CO_pilot,1CO,1CO_001,True,,9.9,8.08,0.33,8.41,0.33,1.49,1.48,12,-59.56363241792929,-64.62465189017502,3.385824509620544,1.9946962772188126,True,high,,data\processed\audio\phase3_verification\batch0_1CO_pilot\mfa_corpus_test\speaker1\1CO_001_seg_006.wav,data\processed\audio\phase3_verification\batch0_1CO_pilot\mfa_corpus_test\speaker1\1CO_001_seg_006.txt,data\processed\audio\phase3_verification\batch0_1CO_pilot\textgrids_test\speaker1\1CO_001_seg_006.TextGrid
1CO_001_seg_040,batch0_1CO_pilot,1CO,1CO_001,True,,17.828,16.46,0.34,16.8,0.34,1.028,1.3,35,-60.51467417975322,-65.96634723363297,3.294769016644315,2.943530965910652,True,high,,data\processed\audio\phase3_verification\batch0_1CO_pilot\mfa_corpus_test\speaker1\1CO_001_seg_040.wav,data\processed\audio\phase3_verification\batch0_1CO_pilot\mfa_corpus_test\speaker1\1CO_001_seg_040.txt,data\processed\audio\phase3_verification\batch0_1CO_pilot\textgrids_test\speaker1\1CO_001_seg_040.TextGrid
1CO_003_seg_024,batch0_1CO_pilot,1CO,1CO_003,True,,10.252,8.7,0.36,9.06,0.36,1.192,1.53,14,-59.01893673780488,-66.19941142248729,3.272785387203251,1.0983324284845306,True,high,,data\processed\audio\phase3_verification\batch0_1CO_pilot\mfa_corpus_test\speaker1\1CO_003_seg_024.wav,data\processed\audio\phase3_verification\batch0_1CO_pilot\mfa_corpus_test\speaker1\1CO_003_seg_024.txt,data\processed\audio\phase3_verification\batch0_1CO_pilot\textgrids_test\speaker1\1CO_003_seg_024.TextGrid
1CO_003_seg_015,batch0_1CO_pilot,1CO,1CO_003,True,,7.107,6.48,0.34,6.82,0.34,0.287,0.92,20,-61.75487869198312,-69.56881461086043,3.241523992567214,2.2691088998237436,True,high,,data\processed\audio\phase3_verification\batch0_1CO_pilot\mfa_corpus_test\speaker1\1CO_003_seg_015.wav,data\processed\audio\phase3_verification\batch0_1CO_pilot\mfa_corpus_test\speaker1\1CO_003_seg_015.txt,data\processed\audio\phase3_verification\batch0_1CO_pilot\textgrids_test\speaker1\1CO_003_seg_015.TextGrid
1CO_001_seg_044,batch0_1CO_pilot,1CO,1CO_001,True,,6.773,4.6,0.34,4.94,0.34,1.833,1.11,6,-60.40840795790251,-66.77819193964419,3.2281605416035375,0.919319210078859,True,high,,data\processed\audio\phase3_verification\batch0_1CO_pilot\mfa_corpus_test\speaker1\1CO_001_seg_044.wav,data\processed\audio\phase3_verification\batch0_1CO_pilot\mfa_corpus_test\speaker1\1CO_001_seg_044.txt,data\processed\audio\phase3_verification\batch0_1CO_pilot\textgrids_test\speaker1\1CO_001_seg_044.TextGrid
1CO_003_seg_022,batch0_1CO_pilot,1CO,1CO_003,True,,7.172,5.87,0.36,6.23,0.36,0.942,1.18,6,-61.97781010285914,-70.27667578335466,3.1071775593316437,-0.9757867867408816,True,high,,data\processed\audio\phase3_verification\batch0_1CO_pilot\mfa_corpus_test\speaker1\1CO_003_seg_022.wav,data\processed\audio\phase3_verification\batch0_1CO_pilot\mfa_corpus_test\speaker1\1CO_003_seg_022.txt,data\processed\audio\phase3_verification\batch0_1CO_pilot\textgrids_test\speaker1\1CO_003_seg_022.TextGrid
1CO_002_seg_019,batch0_1CO_pilot,1CO,1CO_002,True,,4.666,4.14,0.36,4.5,0.36,0.166,0.91,11,-60.76056862285867,-65.23073972281763,2.90527029585366,2.0196105015428607,True,high,,data\processed\audio\phase3_verification\batch0_1CO_pilot\mfa_corpus_test\speaker1\1CO_002_seg_019.wav,data\processed\audio\phase3_verification\batch0_1CO_pilot\mfa_corpus_test\speaker1\1CO_002_seg_019.txt,data\processed\audio\phase3_verification\batch0_1CO_pilot\textgrids_test\speaker1\1CO_002_seg_019.TextGrid
1CO_001_seg_017,batch0_1CO_pilot,1CO,1CO_001,True,,8.827,6.26,1.75,8.01,1.75,0.817,1.67,6,-59.20610666761042,-67.6333467234736,2.830732009537294,1.6130012750033025,True,high,,data\processed\audio\phase3_verification\batch0_1CO_pilot\mfa_corpus_test\speaker1\1CO_001_seg_017.wav,data\processed\audio\phase3_verification\batch0_1CO_pilot\mfa_corpus_test\speaker1\1CO_001_seg_017.txt,data\processed\audio\phase3_verification\batch0_1CO_pilot\textgrids_test\speaker1\1CO_001_seg_017.TextGrid
1CO_003_seg_034,batch0_1CO_pilot,1CO,1CO_003,True,,9.324,8.69,0.3,8.99,0.3,0.334,1.07,18,-59.7781652360515,-64.21554867908208,2.7850353955970966,1.26004707746519,True,high,,data\processed\audio\phase3_verification\batch0_1CO_pilot\mfa_corpus_test\speaker1\1CO_003_seg_034.wav,data\processed\audio\phase3_verification\batch0_1CO_pilot\mfa_corpus_test\speaker1\1CO_003_seg_034.txt,data\processed\audio\phase3_verification\batch0_1CO_pilot\textgrids_test\speaker1\1CO_003_seg_034.TextGrid
1CO_002_seg_018,batch0_1CO_pilot,1CO,1CO_002,True,,12.243,8.0,1.38,9.38,1.38,2.863,1.57,8,-60.4435955371732,-64.37905865623837,2.769820113081183,1.314238818822444,True,high,,data\processed\audio\phase3_verification\batch0_1CO_pilot\mfa_corpus_test\speaker1\1CO_002_seg_018.wav,data\processed\audio\phase3_verification\batch0_1CO_pilot\mfa_corpus_test\speaker1\1CO_002_seg_018.txt,data\processed\audio\phase3_verification\batch0_1CO_pilot\textgrids_test\speaker1\1CO_002_seg_018.TextGrid
1CO_002_seg_015,batch0_1CO_pilot,1CO,1CO_002,True,,4.493,3.72,0.35,4.07,0.35,0.423,1.2,16,-59.82720281180401,-61.80654857197746,2.756031515631492,2.3923825958005285,True,high,,data\processed\audio\phase3_verification\batch0_1CO_pilot\mfa_corpus_test\speaker1\1CO_002_seg_015.wav,data\processed\audio\phase3_verification\batch0_1CO_pilot\mfa_corpus_test\speaker1\1CO_002_seg_015.txt,data\processed\audio\phase3_verification\batch0_1CO_pilot\textgrids_test\speaker1\1CO_002_seg_015.TextGrid
1CO_003_seg_009,batch0_1CO_pilot,1CO,1CO_003,True,,8.077,5.21,0.9,6.11,0.9,1.967,1.28,5,-61.682085396039604,-68.60806357860565,2.7043444701062453,1.6158197327047041,True,high,,data\processed\audio\phase3_verification\batch0_1CO_pilot\mfa_corpus_test\speaker1\1CO_003_seg_009.wav,data\processed\audio\phase3_verification\batch0_1CO_pilot\mfa_corpus_test\speaker1\1CO_003_seg_009.txt,data\processed\audio\phase3_verification\batch0_1CO_pilot\textgrids_test\speaker1\1CO_003_seg_009.TextGrid
1CO_002_seg_021,batch0_1CO_pilot,1CO,1CO_002,True,,9.551,8.16,0.36,8.52,0.36,1.031,1.95,11,-58.50763252617801,-65.0760414518159,2.7043429090065607,1.8947674050139494,True,high,,data\processed\audio\phase3_verification\batch0_1CO_pilot\mfa_corpus_test\speaker1\1CO_002_seg_021.wav,data\processed\audio\phase3_verification\batch0_1CO_pilot\mfa_corpus_test\speaker1\1CO_002_seg_021.txt,data\processed\audio\phase3_verification\batch0_1CO_pilot\textgrids_test\speaker1\1CO_002_seg_021.TextGrid
1CO_001_seg_042,batch0_1CO_pilot,1CO,1CO_001,True,,10.034,8.88,0.33,9.21,0.33,0.824,1.25,13,-62.03895734670987,-67.57629019214261,2.6704494469842155,0.9058362002505707,True,high,,data\processed\audio\phase3_verification\batch0_1CO_pilot\mfa_corpus_test\speaker1\1CO_001_seg_042.wav,data\processed\audio\phase3_verification\batch0_1CO_pilot\mfa_corpus_test\speaker1\1CO_001_seg_042.txt,data\processed\audio\phase3_verification\batch0_1CO_pilot\textgrids_test\speaker1\1CO_001_seg_042.TextGrid
1CO_003_seg_018,batch0_1CO_pilot,1CO,1CO_003,True,,5.213,3.59,0.33,3.92,0.33,1.293,0.72,9,-60.32667421425144,-66.97473735435337,2.6584014685361312,2.5509994728155565,True,high,,data\processed\audio\phase3_verification\batch0_1CO_pilot\mfa_corpus_test\speaker1\1CO_003_seg_018.wav,data\processed\audio\phase3_verification\batch0_1CO_pilot\mfa_corpus_test\speaker1\1CO_003_seg_018.txt,data\processed\audio\phase3_verification\batch0_1CO_pilot\textgrids_test\speaker1\1CO_003_seg_018.TextGrid
1CO_003_seg_023,batch0_1CO_pilot,1CO,1CO_003,True,,12.917,10.85,0.3,11.15,0.3,1.767,1.94,12,-61.115833010835914,-65.5175307701374,2.6338713961533635,1.077344140516809,True,high,,data\processed\audio\phase3_verification\batch0_1CO_pilot\mfa_corpus_test\speaker1\1CO_003_seg_023.wav,data\processed\audio\phase3_verification\batch0_1CO_pilot\mfa_corpus_test\speaker1\1CO_003_seg_023.txt,data\processed\audio\phase3_verification\batch0_1CO_pilot\textgrids_test\speaker1\1CO_003_seg_023.TextGrid
1CO_001_seg_013,batch0_1CO_pilot,1CO,1CO_001,True,,9.165,7.91,0.31,8.22,0.31,0.945,1.7,8,-60.193825824700106,-63.834491548084074,2.5065557785172805,0.24518341014915812,True,high,,data\processed\audio\phase3_verification\batch0_1CO_pilot\mfa_corpus_test\speaker1\1CO_001_seg_013.wav,data\processed\audio\phase3_verification\batch0_1CO_pilot\mfa_corpus_test\speaker1\1CO_001_seg_013.txt,data\processed\audio\phase3_verification\batch0_1CO_pilot\textgrids_test\speaker1\1CO_001_seg_013.TextGrid
1CO_001_seg_012,batch0_1CO_pilot,1CO,1CO_001,True,,7.822,5.75,1.47,7.22,1.47,0.602,1.96,4,-60.14274796195652,-63.85122458140055,2.459299052166504,2.244742479276489,True,high,,data\processed\audio\phase3_verification\batch0_1CO_pilot\mfa_corpus_test\speaker1\1CO_001_seg_012.wav,data\processed\audio\phase3_verification\batch0_1CO_pilot\mfa_corpus_test\speaker1\1CO_001_seg_012.txt,data\processed\audio\phase3_verification\batch0_1CO_pilot\textgrids_test\speaker1\1CO_001_seg_012.TextGrid
1CO_001_seg_041,batch0_1CO_pilot,1CO,1CO_001,True,,10.07,9.48,0.33,9.81,0.33,0.26,1.25,16,-59.97305579692155,-64.88771438598633,2.4560292868827576,1.669030835146744,True,high,,data\processed\audio\phase3_verification\batch0_1CO_pilot\mfa_corpus_test\speaker1\1CO_001_seg_041.wav,data\processed\audio\phase3_verification\batch0_1CO_pilot\mfa_corpus_test\speaker1\1CO_001_seg_041.txt,data\processed\audio\phase3_verification\batch0_1CO_pilot\textgrids_test\speaker1\1CO_001_seg_041.TextGrid
1CO_001_seg_047,batch0_1CO_pilot,1CO,1CO_001,True,,4.089,3.33,0.39,3.72,0.39,0.369,0.84,16,-63.26344743276284,-65.08420473734537,2.4082117586369542,5.2470783792537325,True,high,,data\processed\audio\phase3_verification\batch0_1CO_pilot\mfa_corpus_test\speaker1\1CO_001_seg_047.wav,data\processed\audio\phase3_verification\batch0_1CO_pilot\mfa_corpus_test\speaker1\1CO_001_seg_047.txt,data\processed\audio\phase3_verification\batch0_1CO_pilot\textgrids_test\speaker1\1CO_001_seg_047.TextGrid
1CO_001_seg_004,batch0_1CO_pilot,1CO,1CO_001,True,,5.644,4.19,0.44,4.63,0.44,1.014,1.54,5,-60.494583887411345,-66.40119770595005,2.278438930956941,1.2485878789251785,True,high,,data\processed\audio\phase3_verification\batch0_1CO_pilot\mfa_corpus_test\speaker1\1CO_001_seg_004.wav,data\processed\audio\phase3_verification\batch0_1CO_pilot\mfa_corpus_test\speaker1\1CO_001_seg_004.txt,data\processed\audio\phase3_verification\batch0_1CO_pilot\textgrids_test\speaker1\1CO_001_seg_004.TextGrid
1CO_003_seg_001,batch0_1CO_pilot,1CO,1CO_003,True,,9.747,8.5,0.32,8.82,0.32,0.927,1.71,15,-63.47844951923077,-69.49798040520655,2.2784308536266353,1.8541581653691583,True,high,,data\processed\audio\phase3_verification\batch0_1CO_pilot\mfa_corpus_test\speaker1\1CO_003_seg_001.wav,data\processed\audio\phase3_verification\batch0_1CO_pilot\mfa_corpus_test\speaker1\1CO_003_seg_001.txt,data\processed\audio\phase3_verification\batch0_1CO_pilot\textgrids_test\speaker1\1CO_003_seg_001.TextGrid
1CO_003_seg_035,batch0_1CO_pilot,1CO,1CO_003,True,,4.234,2.984,1.25,4.234,1.25,0.0,0.31,27,-68.98491060874704,-71.41646331395859,2.17873892232185,3.1047795765267807,True,high,,data\processed\audio\phase3_verification\batch0_1CO_pilot\mfa_corpus_test\speaker1\1CO_003_seg_035.wav,data\processed\audio\phase3_verification\batch0_1CO_pilot\mfa_corpus_test\speaker1\1CO_003_seg_035.txt,data\processed\audio\phase3_verification\batch0_1CO_pilot\textgrids_test\speaker1\1CO_003_seg_035.TextGrid
1CO_001_seg_048,batch0_1CO_pilot,1CO,1CO_001,True,,7.741,5.46,1.23,6.69,1.23,1.051,1.18,9,-64.72358486757106,-66.26118095397949,2.050594613771728,1.8874656964973102,True,high,,data\processed\audio\phase3_verification\batch0_1CO_pilot\mfa_corpus_test\speaker1\1CO_001_seg_048.wav,data\processed\audio\phase3_verification\batch0_1CO_pilot\mfa_corpus_test\speaker1\1CO_001_seg_048.txt,data\processed\audio\phase3_verification\batch0_1CO_pilot\textgrids_test\speaker1\1CO_001_seg_048.TextGrid
1CO_001_seg_028,batch0_1CO_pilot,1CO,1CO_001,True,,2.519,1.71,0.3,2.01,0.3,0.509,0.65,6,-61.108030288938494,-64.01992246839735,1.7304672639882603,1.87667157348646,True,high,,data\processed\audio\phase3_verification\batch0_1CO_pilot\mfa_corpus_test\speaker1\1CO_001_seg_028.wav,data\processed\audio\phase3_verification\batch0_1CO_pilot\mfa_corpus_test\speaker1\1CO_001_seg_028.txt,data\processed\audio\phase3_verification\batch0_1CO_pilot\textgrids_test\speaker1\1CO_001_seg_028.TextGrid
1CO_001_seg_024,batch0_1CO_pilot,1CO,1CO_001,True,,14.599,12.04,2.24,14.28,2.24,0.319,2.64,10,-60.85478381849315,-67.18821685791016,1.7008692476708618,-2.217546818443548,True,high,,data\processed\audio\phase3_verification\batch0_1CO_pilot\mfa_corpus_test\speaker1\1CO_001_seg_024.wav,data\processed\audio\phase3_verification\batch0_1CO_pilot\mfa_corpus_test\speaker1\1CO_001_seg_024.txt,data\processed\audio\phase3_verification\batch0_1CO_pilot\textgrids_test\speaker1\1CO_001_seg_024.TextGrid
1CO_003_seg_011,batch0_1CO_pilot,1CO,1CO_003,True,,12.043,7.65,2.64,10.29,2.64,1.753,2.85,6,-61.88520686254153,-63.49641494750976,1.6950393598339042,0.42931052443815965,True,high,,data\processed\audio\phase3_verification\batch0_1CO_pilot\mfa_corpus_test\speaker1\1CO_003_seg_011.wav,data\processed\audio\phase3_verification\batch0_1CO_pilot\mfa_corpus_test\speaker1\1CO_003_seg_011.txt,data\processed\audio\phase3_verification\batch0_1CO_pilot\textgrids_test\speaker1\1CO_003_seg_011.TextGrid
1CO_003_seg_016,batch0_1CO_pilot,1CO,1CO_003,True,,2.618,1.91,0.42,2.33,0.42,0.288,0.28,11,-65.2172590648855,-69.26968494214509,1.6567064729878433,5.590482785174634,True,high,,data\processed\audio\phase3_verification\batch0_1CO_pilot\mfa_corpus_test\speaker1\1CO_003_seg_016.wav,data\processed\audio\phase3_verification\batch0_1CO_pilot\mfa_corpus_test\speaker1\1CO_003_seg_016.txt,data\processed\audio\phase3_verification\batch0_1CO_pilot\textgrids_test\speaker1\1CO_003_seg_016.TextGrid
1CO_003_seg_008,batch0_1CO_pilot,1CO,1CO_003,True,,9.717,7.65,1.26,8.91,1.26,0.807,2.82,6,-62.49150832690329,-69.3476950122464,1.5399765013900986,-2.5878374920434233,True,high,,data\processed\audio\phase3_verification\batch0_1CO_pilot\mfa_corpus_test\speaker1\1CO_003_seg_008.wav,data\processed\audio\phase3_verification\batch0_1CO_pilot\mfa_corpus_test\speaker1\1CO_003_seg_008.txt,data\processed\audio\phase3_verification\batch0_1CO_pilot\textgrids_test\speaker1\1CO_003_seg_008.TextGrid
1CO_003_seg_033,batch0_1CO_pilot,1CO,1CO_003,True,,2.172,2.0,0.06,2.06,0.06,0.112,0.57,19,-66.24840239775345,-65.31635066441127,1.4889777852362036,-1.497206454645056,True,high,,data\processed\audio\phase3_verification\batch0_1CO_pilot\mfa_corpus_test\speaker1\1CO_003_seg_033.wav,data\processed\audio\phase3_verification\batch0_1CO_pilot\mfa_corpus_test\speaker1\1CO_003_seg_033.txt,data\processed\audio\phase3_verification\batch0_1CO_pilot\textgrids_test\speaker1\1CO_003_seg_033.TextGrid
1CO_001_seg_029,batch0_1CO_pilot,1CO,1CO_001,True,,2.205,1.71,0.35,2.06,0.35,0.145,0.33,11,-62.86773543552036,-64.50720304601333,1.3691081957661515,8.127029058742213,True,high,,data\processed\audio\phase3_verification\batch0_1CO_pilot\mfa_corpus_test\speaker1\1CO_001_seg_029.wav,data\processed\audio\phase3_verification\batch0_1CO_pilot\mfa_corpus_test\speaker1\1CO_001_seg_029.txt,data\processed\audio\phase3_verification\batch0_1CO_pilot\textgrids_test\speaker1\1CO_001_seg_029.TextGrid
1CO_002_seg_008,batch0_1CO_pilot,1CO,1CO_002,True,,12.965,7.72,3.43,11.15,3.43,1.815,2.9,6,-61.22865265998458,-67.07029490317068,1.0282972253924942,0.0008271323074389159,True,high,,data\processed\audio\phase3_verification\batch0_1CO_pilot\mfa_corpus_test\speaker1\1CO_002_seg_008.wav,data\processed\audio\phase3_verification\batch0_1CO_pilot\mfa_corpus_test\speaker1\1CO_002_seg_008.txt,data\processed\audio\phase3_verification\batch0_1CO_pilot\textgrids_test\speaker1\1CO_002_seg_008.TextGrid
1CO_003_seg_003,batch0_1CO_pilot,1CO,1CO_003,True,,3.331,2.34,0.3,2.64,0.3,0.691,1.4,8,-62.93851468656156,-68.45477851661477,0.7326415203886025,1.8271143963824468,True,high,,data\processed\audio\phase3_verification\batch0_1CO_pilot\mfa_corpus_test\speaker1\1CO_003_seg_003.wav,data\processed\audio\phase3_verification\batch0_1CO_pilot\mfa_corpus_test\speaker1\1CO_003_seg_003.txt,data\processed\audio\phase3_verification\batch0_1CO_pilot\textgrids_test\speaker1\1CO_003_seg_003.TextGrid
1CO_002_seg_009,batch0_1CO_pilot,1CO,1CO_002,False,too_short,1.689,0.91,0.6,1.51,0.6,0.179,0.0,13,-67.67032058986686,-62.23122718117454,0.5358714368266642,4.7739664931817,True,high,,data\processed\audio\phase3_verification\batch0_1CO_pilot\mfa_corpus_test\speaker1\1CO_002_seg_009.wav,data\processed\audio\phase3_verification\batch0_1CO_pilot\mfa_corpus_test\speaker1\1CO_002_seg_009.txt,data\processed\audio\phase3_verification\batch0_1CO_pilot\textgrids_test\speaker1\1CO_002_seg_009.TextGrid
1CO_002_seg_006,batch0_1CO_pilot,1CO,1CO_002,True,,10.561,5.87,3.08,8.95,3.08,1.611,2.03,5,-58.825069543087125,-67.79457356379582,0.5103281198236098,-11.387566596096306,True,high,,data\processed\audio\phase3_verification\batch0_1CO_pilot\mfa_corpus_test\speaker1\1CO_002_seg_006.wav,data\processed\audio\phase3_verification\batch0_1CO_pilot\mfa_corpus_test\speaker1\1CO_002_seg_006.txt,data\processed\audio\phase3_verification\batch0_1CO_pilot\textgrids_test\speaker1\1CO_002_seg_006.TextGrid
1CO_003_seg_036,batch0_1CO_pilot,1CO,1CO_003,True,,10.152,7.47,1.21,8.68,1.21,1.472,1.93,6,-59.929787561576354,-69.2839478386773,0.5103250960518774,-7.850131573976256,True,high,,data\processed\audio\phase3_verification\batch0_1CO_pilot\mfa_corpus_test\speaker1\1CO_003_seg_036.wav,data\processed\audio\phase3_verification\batch0_1CO_pilot\mfa_corpus_test\speaker1\1CO_003_seg_036.txt,data\processed\audio\phase3_verification\batch0_1CO_pilot\textgrids_test\speaker1\1CO_003_seg_036.TextGrid
1CO_003_seg_019,batch0_1CO_pilot,1CO,1CO_003,True,,7.707,5.05,1.04,6.09,1.04,1.617,1.68,6,-57.20313006647211,-67.4913491821289,0.5062266714250905,-13.397263473223294,True,high,,data\processed\audio\phase3_verification\batch0_1CO_pilot\mfa_corpus_test\speaker1\1CO_003_seg_019.wav,data\processed\audio\phase3_verification\batch0_1CO_pilot\mfa_corpus_test\speaker1\1CO_003_seg_019.txt,data\processed\audio\phase3_verification\batch0_1CO_pilot\textgrids_test\speaker1\1CO_003_seg_019.TextGrid
1CO_003_seg_014,batch0_1CO_pilot,1CO,1CO_003,True,,11.957,9.93,1.08,11.01,1.08,0.947,1.54,10,-61.42150266513378,-70.34932090496194,0.49958973250369315,-6.055199327501283,True,high,,data\processed\audio\phase3_verification\batch0_1CO_pilot\mfa_corpus_test\speaker1\1CO_003_seg_014.wav,data\processed\audio\phase3_verification\batch0_1CO_pilot\mfa_corpus_test\speaker1\1CO_003_seg_014.txt,data\processed\audio\phase3_verification\batch0_1CO_pilot\textgrids_test\speaker1\1CO_003_seg_014.TextGrid
1CO_001_seg_045,batch0_1CO_pilot,1CO,1CO_001,False,alignment_failed,14.749,,,,,,,,,,,,False,high,,data\processed\audio\phase3_verification\batch0_1CO_pilot\mfa_corpus_test\speaker1\1CO_001_seg_045.wav,data\processed\audio\phase3_verification\batch0_1CO_pilot\mfa_corpus_test\speaker1\1CO_001_seg_045.txt,
1CO_002_seg_011,batch0_1CO_pilot,1CO,1CO_002,False,alignment_failed,1.998,,,,,,,,,,,,False,high,,data\processed\audio\phase3_verification\batch0_1CO_pilot\mfa_corpus_test\speaker1\1CO_002_seg_011.wav,data\processed\audio\phase3_verification\batch0_1CO_pilot\mfa_corpus_test\speaker1\1CO_002_seg_011.txt,
1CO_001_seg_049,batch0_1CO_pilot,1CO,1CO_001,False,alignment_failed,1.104,,,,,,,,,,,,False,low,duration_outlier,data\processed\audio\phase3_verification\batch0_1CO_pilot\mfa_corpus_test\speaker1\1CO_001_seg_049.wav,data\processed\audio\phase3_verification\batch0_1CO_pilot\mfa_corpus_test\speaker1\1CO_001_seg_049.txt,
1CO_001_seg_005,batch0_1CO_pilot,1CO,1CO_001,False,alignment_failed,5.796,,,,,,,,,,,,False,high,,data\processed\audio\phase3_verification\batch0_1CO_pilot\mfa_corpus_test\speaker1\1CO_001_seg_005.wav,data\processed\audio\phase3_verification\batch0_1CO_pilot\mfa_corpus_test\speaker1\1CO_001_seg_005.txt,
1CO_001_seg_046,batch0_1CO_pilot,1CO,1CO_001,False,alignment_failed,1.675,,,,,,,,,,,,False,high,,data\processed\audio\phase3_verification\batch0_1CO_pilot\mfa_corpus_test\speaker1\1CO_001_seg_046.wav,data\processed\audio\phase3_verification\batch0_1CO_pilot\mfa_corpus_test\speaker1\1CO_001_seg_046.txt,
1CO_002_seg_002,batch0_1CO_pilot,1CO,1CO_002,False,alignment_failed,8.765,,,,,,,,,,,,False,high,,data\processed\audio\phase3_verification\batch0_1CO_pilot\mfa_corpus_test\speaker1\1CO_002_seg_002.wav,data\processed\audio\phase3_verification\batch0_1CO_pilot\mfa_corpus_test\speaker1\1CO_002_seg_002.txt,
1CO_001_seg_039,batch0_1CO_pilot,1CO,1CO_001,False,alignment_failed,14.19,,,,,,,,,,,,False,high,,data\processed\audio\phase3_verification\batch0_1CO_pilot\mfa_corpus_test\speaker1\1CO_001_seg_039.wav,data\processed\audio\phase3_verification\batch0_1CO_pilot\mfa_corpus_test\speaker1\1CO_001_seg_039.txt,
1CO_003_seg_038,batch0_1CO_pilot,1CO,1CO_003,False,alignment_failed,1.129,,,,,,,,,,,,False,low,duration_outlier,data\processed\audio\phase3_verification\batch0_1CO_pilot\mfa_corpus_test\speaker1\1CO_003_seg_038.wav,data\processed\audio\phase3_verification\batch0_1CO_pilot\mfa_corpus_test\speaker1\1CO_003_seg_038.txt,
1CO_002_seg_026,batch0_1CO_pilot,1CO,1CO_002,False,alignment_failed,1.132,,,,,,,,,,,,False,low,duration_outlier,data\processed\audio\phase3_verification\batch0_1CO_pilot\mfa_corpus_test\speaker1\1CO_002_seg_026.wav,data\processed\audio\phase3_verification\batch0_1CO_pilot\mfa_corpus_test\speaker1\1CO_002_seg_026.txt,
1CO_003_seg_006,batch0_1CO_pilot,1CO,1CO_003,False,alignment_failed,5.079,,,,,,,,,,,,False,high,,data\processed\audio\phase3_verification\batch0_1CO_pilot\mfa_corpus_test\speaker1\1CO_003_seg_006.wav,data\processed\audio\phase3_verification\batch0_1CO_pilot\mfa_corpus_test\speaker1\1CO_003_seg_006.txt,
1CO_003_seg_028,batch0_1CO_pilot,1CO,1CO_003,False,alignment_failed,3.828,,,,,,,,,,,,False,high,,data\processed\audio\phase3_verification\batch0_1CO_pilot\mfa_corpus_test\speaker1\1CO_003_seg_028.wav,data\processed\audio\phase3_verification\batch0_1CO_pilot\mfa_corpus_test\speaker1\1CO_003_seg_028.txt,
1CO_001_seg_023,batch0_1CO_pilot,1CO,1CO_001,False,alignment_failed,6.182,,,,,,,,,,,,False,high,,data\processed\audio\phase3_verification\batch0_1CO_pilot\mfa_corpus_test\speaker1\1CO_001_seg_023.wav,data\processed\audio\phase3_verification\batch0_1CO_pilot\mfa_corpus_test\speaker1\1CO_001_seg_023.txt,
MRK_001_seg_035,batch1,MRK,MRK_001,False,phone_duration_outlier,6.034,4.28,1.48,5.76,1.48,0.274,0.37,8,-61.28700248756219,-62.5547776222229,15.894422657709988,1.2613665807798071,True,high,,data\processed\audio\phase3_verification\batch1\mfa_corpus\speaker1\MRK_001_seg_035.wav,data\processed\audio\phase3_verification\batch1\mfa_corpus\speaker1\MRK_001_seg_035.txt,data\processed\audio\phase3_verification\batch1\textgrids\speaker1\MRK_001_seg_035.TextGrid
MAT_010_seg_010,batch1,MAT,MAT_010,False,phone_duration_outlier,7.096,6.74,0.0,6.74,0.0,0.356,1.44,5,-66.63753851232394,-58.38794791180155,12.363646712819722,-0.7176138988262561,True,high,,data\processed\audio\phase3_verification\batch1\mfa_corpus\speaker1\MAT_010_seg_010.wav,data\processed\audio\phase3_verification\batch1\mfa_corpus\speaker1\MAT_010_seg_010.txt,data\processed\audio\phase3_verification\batch1\textgrids\speaker1\MAT_010_seg_010.TextGrid
MRK_001_seg_026,batch1,MRK,MRK_001,False,phone_duration_outlier,6.723,5.32,0.95,6.27,0.95,0.453,1.18,6,-62.261910574776785,-63.32877152054398,11.710546915754541,1.8133786830063094,True,high,,data\processed\audio\phase3_verification\batch1\mfa_corpus\speaker1\MRK_001_seg_026.wav,data\processed\audio\phase3_verification\batch1\mfa_corpus\speaker1\MRK_001_seg_026.txt,data\processed\audio\phase3_verification\batch1\textgrids\speaker1\MRK_001_seg_026.TextGrid
MRK_001_seg_058,batch1,MRK,MRK_001,False,phone_duration_outlier,6.211,5.01,0.87,5.88,0.87,0.331,0.77,11,-61.19976600241546,-64.03359368506898,11.63760141023169,1.9989907834507807,True,high,,data\processed\audio\phase3_verification\batch1\mfa_corpus\speaker1\MRK_001_seg_058.wav,data\processed\audio\phase3_verification\batch1\mfa_corpus\speaker1\MRK_001_seg_058.txt,data\processed\audio\phase3_verification\batch1\textgrids\speaker1\MRK_001_seg_058.TextGrid
LUK_005_seg_043,batch1,LUK,LUK_005,False,phone_duration_outlier,9.813,8.02,1.48,9.5,1.48,0.313,1.54,10,-67.07168227573904,-62.12530987079327,11.428377302413491,0.6948235493736679,True,high,,data\processed\audio\phase3_verification\batch1\mfa_corpus\speaker1\LUK_005_seg_043.wav,data\processed\audio\phase3_verification\batch1\mfa_corpus\speaker1\LUK_005_seg_043.txt,data\processed\audio\phase3_verification\batch1\textgrids\speaker1\LUK_005_seg_043.TextGrid
MRK_001_seg_020,batch1,MRK,MRK_001,False,phone_duration_outlier,6.632,4.25,1.88,6.13,1.88,0.502,0.49,7,-59.58689786010558,-68.52503258841378,11.403430425713655,3.658521597331921,True,high,,data\processed\audio\phase3_verification\batch1\mfa_corpus\speaker1\MRK_001_seg_020.wav,data\processed\audio\phase3_verification\batch1\mfa_corpus\speaker1\MRK_001_seg_020.txt,data\processed\audio\phase3_verification\batch1\textgrids\speaker1\MRK_001_seg_020.TextGrid
MRK_001_seg_001,batch1,MRK,MRK_001,False,phone_duration_outlier,10.454,9.194,1.26,10.454,1.26,0.0,1.02,13,-59.82350478468899,-62.02426470243014,11.316238224206364,-1.6946001688074812,True,high,,data\processed\audio\phase3_verification\batch1\mfa_corpus\speaker1\MRK_001_seg_001.wav,data\processed\audio\phase3_verification\batch1\mfa_corpus\speaker1\MRK_001_seg_001.txt,data\processed\audio\phase3_verification\batch1\textgrids\speaker1\MRK_001_seg_001.TextGrid
MAT_001_seg_053,batch1,MAT,MAT_001,False,phone_duration_outlier,4.66,4.28,0.38,4.66,0.38,0.0,0.3,10,-64.02885260193133,-67.21100060836129,11.210438566775155,2.947419070511234,True,high,,data\processed\audio\phase3_verification\batch1\mfa_corpus\speaker1\MAT_001_seg_053.wav,data\processed\audio\phase3_verification\batch1\mfa_corpus\speaker1\MAT_001_seg_053.txt,data\processed\audio\phase3_verification\batch1\textgrids\speaker1\MAT_001_seg_053.TextGrid
MRK_001_seg_029,batch1,MRK,MRK_001,False,phone_duration_outlier,5.374,4.28,0.86,5.14,0.86,0.234,0.2,10,-60.6282624825419,-67.58030375038705,10.99592817480889,1.8721185434542313,True,high,,data\processed\audio\phase3_verification\batch1\mfa_corpus\speaker1\MRK_001_seg_029.wav,data\processed\audio\phase3_verification\batch1\mfa_corpus\speaker1\MRK_001_seg_029.txt,data\processed\audio\phase3_verification\batch1\textgrids\speaker1\MRK_001_seg_029.TextGrid
MRK_001_seg_016,batch1,MRK,MRK_001,False,phone_duration_outlier,15.0,11.6,0.06,11.66,0.06,3.34,3.1,7,-63.276875,-63.61299101511637,10.451722162938543,-7.132805669740815,True,high,,data\processed\audio\phase3_verification\batch1\mfa_corpus\speaker1\MRK_001_seg_016.wav,data\processed\audio\phase3_verification\batch1\mfa_corpus\speaker1\MRK_001_seg_016.txt,data\processed\audio\phase3_verification\batch1\textgrids\speaker1\MRK_001_seg_016.TextGrid
ACT_002_seg_046,batch1,ACT,ACT_002,False,phone_duration_outlier;long_internal_silence,11.262,10.71,0.46,11.17,0.46,0.092,3.56,7,-64.0327000999112,-70.9143422034479,10.356709125776904,0.8304755343502013,True,high,,data\processed\audio\phase3_verification\batch1\mfa_corpus\speaker1\ACT_002_seg_046.wav,data\processed\audio\phase3_verification\batch1\mfa_corpus\speaker1\ACT_002_seg_046.txt,data\processed\audio\phase3_verification\batch1\textgrids\speaker1\ACT_002_seg_046.TextGrid
MRK_001_seg_028,batch1,MRK,MRK_001,True,,6.966,6.26,0.41,6.67,0.41,0.296,1.46,9,-62.69133899748924,-63.942817781029675,9.963105995054555,2.6410937370589433,True,high,,data\processed\audio\phase3_verification\batch1\mfa_corpus\speaker1\MRK_001_seg_028.wav,data\processed\audio\phase3_verification\batch1\mfa_corpus\speaker1\MRK_001_seg_028.txt,data\processed\audio\phase3_verification\batch1\textgrids\speaker1\MRK_001_seg_028.TextGrid
LUK_005_seg_016,batch1,LUK,LUK_005,True,,19.682,18.53,0.85,19.38,0.85,0.302,2.67,17,-67.29358803353658,-74.38744529517922,9.483043638225748,0.49798355464346855,True,high,,data\processed\audio\phase3_verification\batch1\mfa_corpus\speaker1\LUK_005_seg_016.wav,data\processed\audio\phase3_verification\batch1\mfa_corpus\speaker1\LUK_005_seg_016.txt,data\processed\audio\phase3_verification\batch1\textgrids\speaker1\LUK_005_seg_016.TextGrid
MRK_001_seg_014,batch1,MRK,MRK_001,True,,4.109,3.33,0.53,3.86,0.53,0.249,0.19,13,-64.33138496046229,-64.91002851544005,9.427096402770362,18.161054871743623,True,high,,data\processed\audio\phase3_verification\batch1\mfa_corpus\speaker1\MRK_001_seg_014.wav,data\processed\audio\phase3_verification\batch1\mfa_corpus\speaker1\MRK_001_seg_014.txt,data\processed\audio\phase3_verification\batch1\textgrids\speaker1\MRK_001_seg_014.TextGrid
MRK_001_seg_066,batch1,MRK,MRK_001,True,,4.965,3.79,0.88,4.67,0.88,0.295,0.51,10,-61.69207039109658,-63.953732440346165,9.145360002277993,1.3384440127679937,True,high,,data\processed\audio\phase3_verification\batch1\mfa_corpus\speaker1\MRK_001_seg_066.wav,data\processed\audio\phase3_verification\batch1\mfa_corpus\speaker1\MRK_001_seg_066.txt,data\processed\audio\phase3_verification\batch1\textgrids\speaker1\MRK_001_seg_066.TextGrid
JHN_003_seg_033,batch1,JHN,JHN_003,True,,14.266,13.58,0.4,13.98,0.4,0.286,3.31,13,-62.79363940960056,-65.75524065571446,9.037360234631013,1.0491292513804797,True,high,,data\processed\audio\phase3_verification\batch1\mfa_corpus\speaker1\JHN_003_seg_033.wav,data\processed\audio\phase3_verification\batch1\mfa_corpus\speaker1\JHN_003_seg_033.txt,data\processed\audio\phase3_verification\batch1\textgrids\speaker1\JHN_003_seg_033.TextGrid
ACT_002_seg_009,batch1,ACT,ACT_002,True,,13.87,11.85,1.67,13.52,1.67,0.35,1.97,10,-64.38038482335978,-67.05753260073455,8.943412255427972,1.6524468243727313,True,high,,data\processed\audio\phase3_verification\batch1\mfa_corpus\speaker1\ACT_002_seg_009.wav,data\processed\audio\phase3_verification\batch1\mfa_corpus\speaker1\ACT_002_seg_009.txt,data\processed\audio\phase3_verification\batch1\textgrids\speaker1\ACT_002_seg_009.TextGrid
MRK_001_seg_037,batch1,MRK,MRK_001,False,low_likelihood,9.23,7.48,1.36,8.84,1.36,0.39,3.22,6,-70.42304729821235,-59.82042961120605,8.935881526175566,1.5027523034712917,True,high,,data\processed\audio\phase3_verification\batch1\mfa_corpus\speaker1\MRK_001_seg_037.wav,data\processed\audio\phase3_verification\batch1\mfa_corpus\speaker1\MRK_001_seg_037.txt,data\processed\audio\phase3_verification\batch1\textgrids\speaker1\MRK_001_seg_037.TextGrid
MRK_001_seg_007,batch1,MRK,MRK_001,True,,6.461,4.27,1.92,6.19,1.92,0.271,0.46,8,-60.38221991099071,-63.01229830486019,8.690265304158611,2.1947595862272493,True,high,,data\processed\audio\phase3_verification\batch1\mfa_corpus\speaker1\MRK_001_seg_007.wav,data\processed\audio\phase3_verification\batch1\mfa_corpus\speaker1\MRK_001_seg_007.txt,data\processed\audio\phase3_verification\batch1\textgrids\speaker1\MRK_001_seg_007.TextGrid
MRK_001_seg_054,batch1,MRK,MRK_001,True,,3.477,1.98,0.56,2.54,0.56,0.937,0.37,8,-65.3552105783046,-68.4613995022244,8.606655685055243,5.866422028702313,True,high,,data\processed\audio\phase3_verification\batch1\mfa_corpus\speaker1\MRK_001_seg_054.wav,data\processed\audio\phase3_verification\batch1\mfa_corpus\speaker1\MRK_001_seg_054.txt,data\processed\audio\phase3_verification\batch1\textgrids\speaker1\MRK_001_seg_054.TextGrid
ACT_002_seg_051,batch1,ACT,ACT_002,True,,10.186,9.99,0.0,9.99,0.0,0.196,1.89,29,-62.99029379293425,-66.68501784883696,8.511177660583554,-0.4067986495482909,True,high,,data\processed\audio\phase3_verification\batch1\mfa_corpus\speaker1\ACT_002_seg_051.wav,data\processed\audio\phase3_verification\batch1\mfa_corpus\speaker1\ACT_002_seg_051.txt,data\processed\audio\phase3_verification\batch1\textgrids\speaker1\ACT_002_seg_051.TextGrid
MAT_001_seg_045,batch1,MAT,MAT_001,True,,5.12,3.31,1.49,4.8,1.49,0.32,0.71,7,-62.9028205871582,-61.49340772628784,8.451951782983253,-0.2206435383246479,True,high,,data\processed\audio\phase3_verification\batch1\mfa_corpus\speaker1\MAT_001_seg_045.wav,data\processed\audio\phase3_verification\batch1\mfa_corpus\speaker1\MAT_001_seg_045.txt,data\processed\audio\phase3_verification\batch1\textgrids\speaker1\MAT_001_seg_045.TextGrid
LUK_005_seg_046,batch1,LUK,LUK_005,True,,13.75,12.57,0.89,13.46,0.89,0.29,1.51,12,-66.25389772727273,-63.70657800038656,8.3837336088537,-0.1307757708427264,True,high,,data\processed\audio\phase3_verification\batch1\mfa_corpus\speaker1\LUK_005_seg_046.wav,data\processed\audio\phase3_verification\batch1\mfa_corpus\speaker1\LUK_005_seg_046.txt,data\processed\audio\phase3_verification\batch1\textgrids\speaker1\LUK_005_seg_046.TextGrid
MRK_001_seg_003,batch1,MRK,MRK_001,False,too_long;long_internal_silence,28.129,27.66,0.15,27.81,0.15,0.319,4.16,12,-67.55895618556701,-67.36173372683318,8.300211667942875,-3.9608580074571673,True,low,duration_outlier,data\processed\audio\phase3_verification\batch1\mfa_corpus\speaker1\MRK_001_seg_003.wav,data\processed\audio\phase3_verification\batch1\mfa_corpus\speaker1\MRK_001_seg_003.txt,data\processed\audio\phase3_verification\batch1\textgrids\speaker1\MRK_001_seg_003.TextGrid
LUK_005_seg_023,batch1,LUK,LUK_005,True,,11.222,10.72,0.13,10.85,0.13,0.372,1.27,19,-62.33914744875223,-65.1020937760671,8.099935219391375,1.69531367768964,True,high,,data\processed\audio\phase3_verification\batch1\mfa_corpus\speaker1\LUK_005_seg_023.wav,data\processed\audio\phase3_verification\batch1\mfa_corpus\speaker1\LUK_005_seg_023.txt,data\processed\audio\phase3_verification\batch1\textgrids\speaker1\LUK_005_seg_023.TextGrid
MAT_001_seg_037,batch1,MAT,MAT_001,True,,4.654,4.13,0.33,4.46,0.33,0.194,1.66,4,-65.92609206989248,-63.48057693481445,8.085084805652864,1.4741110994998508,True,high,,data\processed\audio\phase3_verification\batch1\mfa_corpus\speaker1\MAT_001_seg_037.wav,data\processed\audio\phase3_verification\batch1\mfa_corpus\speaker1\MAT_001_seg_037.txt,data\processed\audio\phase3_verification\batch1\textgrids\speaker1\MAT_001_seg_037.TextGrid
MRK_001_seg_018,batch1,MRK,MRK_001,True,,5.951,5.46,0.27,5.73,0.27,0.221,1.91,7,-68.85132615546219,-67.53663624034209,8.057203449382287,-2.689806998850381,True,high,,data\processed\audio\phase3_verification\batch1\mfa_corpus\speaker1\MRK_001_seg_018.wav,data\processed\audio\phase3_verification\batch1\mfa_corpus\speaker1\MRK_001_seg_018.txt,data\processed\audio\phase3_verification\batch1\textgrids\speaker1\MRK_001_seg_018.TextGrid
MAT_010_seg_017,batch1,MAT,MAT_010,True,,5.437,4.61,0.39,5.0,0.39,0.437,1.21,12,-65.17615464154412,-65.81901709816673,7.9990764831990555,1.8560434152442777,True,high,,data\processed\audio\phase3_verification\batch1\mfa_corpus\speaker1\MAT_010_seg_017.wav,data\processed\audio\phase3_verification\batch1\mfa_corpus\speaker1\MAT_010_seg_017.txt,data\processed\audio\phase3_verification\batch1\textgrids\speaker1\MAT_010_seg_017.TextGrid
MAT_001_seg_044,batch1,MAT,MAT_001,True,,3.664,2.84,0.48,3.32,0.48,0.344,0.15,15,-63.04167200307377,-67.15230422973633,7.877713889254261,9.690107709641445,True,high,,data\processed\audio\phase3_verification\batch1\mfa_corpus\speaker1\MAT_001_seg_044.wav,data\processed\audio\phase3_verification\batch1\mfa_corpus\speaker1\MAT_001_seg_044.txt,data\processed\audio\phase3_verification\batch1\textgrids\speaker1\MAT_001_seg_044.TextGrid
MRK_001_seg_009,batch1,MRK,MRK_001,True,,6.904,6.26,0.41,6.67,0.41,0.234,1.63,9,-65.46659873188406,-60.43936866937682,7.843948923231853,1.020096961626276,True,high,,data\processed\audio\phase3_verification\batch1\mfa_corpus\speaker1\MRK_001_seg_009.wav,data\processed\audio\phase3_verification\batch1\mfa_corpus\speaker1\MRK_001_seg_009.txt,data\processed\audio\phase3_verification\batch1\textgrids\speaker1\MRK_001_seg_009.TextGrid
MRK_001_seg_064,batch1,MRK,MRK_001,False,too_few_words,3.134,1.75,1.02,2.77,1.02,0.364,0.72,2,-65.76269843250799,-64.25806843150745,7.758278156998314,2.775458918495742,True,high,,data\processed\audio\phase3_verification\batch1\mfa_corpus\speaker1\MRK_001_seg_064.wav,data\processed\audio\phase3_verification\batch1\mfa_corpus\speaker1\MRK_001_seg_064.txt,data\processed\audio\phase3_verification\batch1\textgrids\speaker1\MRK_001_seg_064.TextGrid
MRK_001_seg_011,batch1,MRK,MRK_001,True,,6.217,5.17,0.76,5.93,0.76,0.287,0.94,10,-60.077214379019296,-64.18204186179422,7.6821529611991854,1.9242889138159054,True,high,,data\processed\audio\phase3_verification\batch1\mfa_corpus\speaker1\MRK_001_seg_011.wav,data\processed\audio\phase3_verification\batch1\mfa_corpus\speaker1\MRK_001_seg_011.txt,data\processed\audio\phase3_verification\batch1\textgrids\speaker1\MRK_001_seg_011.TextGrid
ACT_002_seg_056,batch1,ACT,ACT_002,True,,9.598,9.0,0.37,9.37,0.37,0.228,0.79,35,-65.04944661458333,-66.9986765631314,7.63527134897298,1.1757308354674727,True,high,,data\processed\audio\phase3_verification\batch1\mfa_corpus\speaker1\ACT_002_seg_056.wav,data\processed\audio\phase3_verification\batch1\mfa_corpus\speaker1\ACT_002_seg_056.txt,data\processed\audio\phase3_verification\batch1\textgrids\speaker1\ACT_002_seg_056.TextGrid
ACT_002_seg_052,batch1,ACT,ACT_002,True,,9.589,9.06,0.38,9.44,0.38,0.149,1.45,25,-62.53204021115746,-66.57588175964355,7.633950529848306,0.9521623845021026,True,high,,data\processed\audio\phase3_verification\batch1\mfa_corpus\speaker1\ACT_002_seg_052.wav,data\processed\audio\phase3_verification\batch1\mfa_corpus\speaker1\ACT_002_seg_052.txt,data\processed\audio\phase3_verification\batch1\textgrids\speaker1\ACT_002_seg_052.TextGrid
MRK_001_seg_030,batch1,MRK,MRK_001,False,low_likelihood,12.171,11.33,0.77,12.1,0.77,0.071,1.59,23,-71.07824697000822,-72.06053643856409,7.418055996712711,-0.04147470759176031,True,high,,data\processed\audio\phase3_verification\batch1\mfa_corpus\speaker1\MRK_001_seg_030.wav,data\processed\audio\phase3_verification\batch1\mfa_corpus\speaker1\MRK_001_seg_030.txt,data\processed\audio\phase3_verification\batch1\textgrids\speaker1\MRK_001_seg_030.TextGrid
ACT_002_seg_029,batch1,ACT,ACT_002,True,,4.719,4.02,0.42,4.44,0.42,0.279,0.33,25,-64.36779992055085,-66.4952203310453,7.3581911933173725,3.9868119361370233,True,high,,data\processed\audio\phase3_verification\batch1\mfa_corpus\speaker1\ACT_002_seg_029.wav,data\processed\audio\phase3_verification\batch1\mfa_corpus\speaker1\ACT_002_seg_029.txt,data\processed\audio\phase3_verification\batch1\textgrids\speaker1\ACT_002_seg_029.TextGrid
JHN_003_seg_042,batch1,JHN,JHN_003,True,,5.594,4.49,0.79,5.28,0.79,0.314,0.56,19,-64.04834246422182,-67.32408432527022,7.340756221051378,1.0199288116886631,True,high,,data\processed\audio\phase3_verification\batch1\mfa_corpus\speaker1\JHN_003_seg_042.wav,data\processed\audio\phase3_verification\batch1\mfa_corpus\speaker1\JHN_003_seg_042.txt,data\processed\audio\phase3_verification\batch1\textgrids\speaker1\JHN_003_seg_042.TextGrid
LUK_005_seg_041,batch1,LUK,LUK_005,True,,11.85,11.25,0.37,11.62,0.37,0.23,2.0,21,-62.93236418776371,-70.52933869271908,7.276816090136531,1.568381595813097,True,high,,data\processed\audio\phase3_verification\batch1\mfa_corpus\speaker1\LUK_005_seg_041.wav,data\processed\audio\phase3_verification\batch1\mfa_corpus\speaker1\LUK_005_seg_041.txt,data\processed\audio\phase3_verification\batch1\textgrids\speaker1\LUK_005_seg_041.TextGrid
ACT_002_seg_010,batch1,ACT,ACT_002,False,too_long,21.944,21.0,0.6,21.6,0.6,0.344,2.67,20,-64.44885198268004,-64.24092389097308,7.260305172827079,1.1439402242792855,True,low,duration_outlier,data\processed\audio\phase3_verification\batch1\mfa_corpus\speaker1\ACT_002_seg_010.wav,data\processed\audio\phase3_verification\batch1\mfa_corpus\speaker1\ACT_002_seg_010.txt,data\processed\audio\phase3_verification\batch1\textgrids\speaker1\ACT_002_seg_010.TextGrid
LUK_005_seg_032,batch1,LUK,LUK_005,True,,10.253,9.55,0.42,9.97,0.42,0.283,2.17,13,-63.65818978658537,-62.314011911245494,7.188218831012494,1.4547852309644558,True,high,,data\processed\audio\phase3_verification\batch1\mfa_corpus\speaker1\LUK_005_seg_032.wav,data\processed\audio\phase3_verification\batch1\mfa_corpus\speaker1\LUK_005_seg_032.txt,data\processed\audio\phase3_verification\batch1\textgrids\speaker1\LUK_005_seg_032.TextGrid
MAT_010_seg_033,batch1,MAT,MAT_010,True,,6.311,5.96,0.0,5.96,0.0,0.351,1.5,10,-66.3836234647385,-63.28076485527886,7.188218831012494,-1.1031081931979667,True,high,,data\processed\audio\phase3_verification\batch1\mfa_corpus\speaker1\MAT_010_seg_033.wav,data\processed\audio\phase3_verification\batch1\mfa_corpus\speaker1\MAT_010_seg_033.txt,data\processed\audio\phase3_verification\batch1\textgrids\speaker1\MAT_010_seg_033.TextGrid
MRK_001_seg_063,batch1,MRK,MRK_001,True,,5.727,4.88,0.46,5.34,0.46,0.387,1.49,14,-66.78476767015707,-66.69625683488518,7.135622071408395,2.808446424892031,True,high,,data\processed\audio\phase3_verification\batch1\mfa_corpus\speaker1\MRK_001_seg_063.wav,data\processed\audio\phase3_verification\batch1\mfa_corpus\speaker1\MRK_001_seg_063.txt,data\processed\audio\phase3_verification\batch1\textgrids\speaker1\MRK_001_seg_063.TextGrid
JHN_003_seg_016,batch1,JHN,JHN_003,True,,10.856,9.83,0.71,10.54,0.71,0.316,2.38,10,-65.58057809622468,-65.34270858764648,7.082445687055299,-0.2697504809424185,True,high,,data\processed\audio\phase3_verification\batch1\mfa_corpus\speaker1\JHN_003_seg_016.wav,data\processed\audio\phase3_verification\batch1\mfa_corpus\speaker1\JHN_003_seg_016.txt,data\processed\audio\phase3_verification\batch1\textgrids\speaker1\JHN_003_seg_016.TextGrid
ACT_002_seg_054,batch1,ACT,ACT_002,True,,6.566,5.78,0.39,6.17,0.39,0.396,1.17,10,-63.26044044901065,-66.42304515838623,7.0544387413348515,0.7209037174955171,True,high,,data\processed\audio\phase3_verification\batch1\mfa_corpus\speaker1\ACT_002_seg_054.wav,data\processed\audio\phase3_verification\batch1\mfa_corpus\speaker1\ACT_002_seg_054.txt,data\processed\audio\phase3_verification\batch1\textgrids\speaker1\ACT_002_seg_054.TextGrid
MRK_001_seg_047,batch1,MRK,MRK_001,False,alignment_failed,8.258,,,,,,,,,-60.370528327094185,6.928202620776845,2.140018650384855,False,high,,data\processed\audio\phase3_verification\batch1\mfa_corpus\speaker1\MRK_001_seg_047.wav,data\processed\audio\phase3_verification\batch1\mfa_corpus\speaker1\MRK_001_seg_047.txt,
MRK_001_seg_022,batch1,MRK,MRK_001,True,,17.811,16.25,1.1,17.35,1.1,0.461,1.86,16,-63.700690447782144,-66.47211426083405,6.915260216252725,2.1222610503303656,True,high,,data\processed\audio\phase3_verification\batch1\mfa_corpus\speaker1\MRK_001_seg_022.wav,data\processed\audio\phase3_verification\batch1\mfa_corpus\speaker1\MRK_001_seg_022.txt,data\processed\audio\phase3_verification\batch1\textgrids\speaker1\MRK_001_seg_022.TextGrid
LUK_005_seg_017,batch1,LUK,LUK_005,True,,6.798,6.31,0.22,6.53,0.22,0.268,0.88,22,-65.43728170955882,-65.50350635609728,6.859943930417298,1.5033081105638928,True,high,,data\processed\audio\phase3_verification\batch1\mfa_corpus\speaker1\LUK_005_seg_017.wav,data\processed\audio\phase3_verification\batch1\mfa_corpus\speaker1\LUK_005_seg_017.txt,data\processed\audio\phase3_verification\batch1\textgrids\speaker1\LUK_005_seg_017.TextGrid
LUK_005_seg_014,batch1,LUK,LUK_005,True,,11.976,11.41,0.28,11.69,0.28,0.286,2.02,23,-63.255758295075125,-64.87490459324158,6.822106806125654,0.5774368745445226,True,high,,data\processed\audio\phase3_verification\batch1\mfa_corpus\speaker1\LUK_005_seg_014.wav,data\processed\audio\phase3_verification\batch1\mfa_corpus\speaker1\LUK_005_seg_014.txt,data\processed\audio\phase3_verification\batch1\textgrids\speaker1\LUK_005_seg_014.TextGrid
LUK_005_seg_024,batch1,LUK,LUK_005,True,,9.364,8.36,0.35,8.71,0.35,0.654,1.73,15,-68.07956897702991,-67.52944847206017,6.805445407655333,2.85837215380365,True,high,,data\processed\audio\phase3_verification\batch1\mfa_corpus\speaker1\LUK_005_seg_024.wav,data\processed\audio\phase3_verification\batch1\mfa_corpus\speaker1\LUK_005_seg_024.txt,data\processed\audio\phase3_verification\batch1\textgrids\speaker1\LUK_005_seg_024.TextGrid
LUK_005_seg_042,batch1,LUK,LUK_005,False,too_long,26.577,25.91,0.35,26.26,0.35,0.317,3.45,23,-65.02307303423626,-66.51519640030399,6.6917331775404545,0.6895333614315167,True,low,duration_outlier,data\processed\audio\phase3_verification\batch1\mfa_corpus\speaker1\LUK_005_seg_042.wav,data\processed\audio\phase3_verification\batch1\mfa_corpus\speaker1\LUK_005_seg_042.txt,data\processed\audio\phase3_verification\batch1\textgrids\speaker1\LUK_005_seg_042.TextGrid
MAT_001_seg_048,batch1,MAT,MAT_001,True,,4.43,3.0,1.43,4.43,1.43,0.0,1.08,8,-62.62865494497743,-65.03077042621115,6.683088731433546,-1.9969303202663298,True,high,,data\processed\audio\phase3_verification\batch1\mfa_corpus\speaker1\MAT_001_seg_048.wav,data\processed\audio\phase3_verification\batch1\mfa_corpus\speaker1\MAT_001_seg_048.txt,data\processed\audio\phase3_verification\batch1\textgrids\speaker1\MAT_001_seg_048.TextGrid
MAT_010_seg_004,batch1,MAT,MAT_010,True,,10.383,9.06,0.94,10.0,0.94,0.383,1.91,13,-64.1037828155106,-61.925095200538635,6.642261914917627,-0.9919916679253618,True,high,,data\processed\audio\phase3_verification\batch1\mfa_corpus\speaker1\MAT_010_seg_004.wav,data\processed\audio\phase3_verification\batch1\mfa_corpus\speaker1\MAT_010_seg_004.txt,data\processed\audio\phase3_verification\batch1\textgrids\speaker1\MAT_010_seg_004.TextGrid
MAT_010_seg_018,batch1,MAT,MAT_010,True,,17.197,16.43,0.51,16.94,0.51,0.257,1.72,37,-66.2390261627907,-67.60795946915944,6.602348990183321,1.1199535288908713,True,high,,data\processed\audio\phase3_verification\batch1\mfa_corpus\speaker1\MAT_010_seg_018.wav,data\processed\audio\phase3_verification\batch1\mfa_corpus\speaker1\MAT_010_seg_018.txt,data\processed\audio\phase3_verification\batch1\textgrids\speaker1\MAT_010_seg_018.TextGrid
MAT_010_seg_032,batch1,MAT,MAT_010,True,,16.734,15.94,0.42,16.36,0.42,0.374,1.92,14,-68.63917270621637,-63.98882567714637,6.6023260968212085,-1.07613715983757,True,high,,data\processed\audio\phase3_verification\batch1\mfa_corpus\speaker1\MAT_010_seg_032.wav,data\processed\audio\phase3_verification\batch1\mfa_corpus\speaker1\MAT_010_seg_032.txt,data\processed\audio\phase3_verification\batch1\textgrids\speaker1\MAT_010_seg_032.TextGrid
MRK_001_seg_046,batch1,MRK,MRK_001,True,,9.277,7.88,1.03,8.91,1.03,0.367,3.15,9,-63.72119140625,-67.75560474395752,6.37599330195447,1.6711318277871783,True,high,,data\processed\audio\phase3_verification\batch1\mfa_corpus\speaker1\MRK_001_seg_046.wav,data\processed\audio\phase3_verification\batch1\mfa_corpus\speaker1\MRK_001_seg_046.txt,data\processed\audio\phase3_verification\batch1\textgrids\speaker1\MRK_001_seg_046.TextGrid
LUK_005_seg_022,batch1,LUK,LUK_005,True,,7.216,5.72,1.15,6.87,1.15,0.346,1.24,16,-63.20660924515236,-65.54755260519785,6.236867990012593,2.3892935631023917,True,high,,data\processed\audio\phase3_verification\batch1\mfa_corpus\speaker1\LUK_005_seg_022.wav,data\processed\audio\phase3_verification\batch1\mfa_corpus\speaker1\LUK_005_seg_022.txt,data\processed\audio\phase3_verification\batch1\textgrids\speaker1\LUK_005_seg_022.TextGrid
LUK_005_seg_026,batch1,LUK,LUK_005,True,,12.706,9.31,1.8,11.11,1.8,1.596,1.98,8,-66.48647103658537,-63.39098399026053,6.206893991433609,-0.6202032419455001,True,high,,data\processed\audio\phase3_verification\batch1\mfa_corpus\speaker1\LUK_005_seg_026.wav,data\processed\audio\phase3_verification\batch1\mfa_corpus\speaker1\LUK_005_seg_026.txt,data\processed\audio\phase3_verification\batch1\textgrids\speaker1\LUK_005_seg_026.TextGrid
JHN_003_seg_035,batch1,JHN,JHN_003,True,,13.442,12.25,1.15,13.4,1.15,0.042,2.28,11,-60.98424130394345,-64.08709979587131,6.19490654687545,-0.031849922598476965,True,high,,data\processed\audio\phase3_verification\batch1\mfa_corpus\speaker1\JHN_003_seg_035.wav,data\processed\audio\phase3_verification\batch1\mfa_corpus\speaker1\JHN_003_seg_035.txt,data\processed\audio\phase3_verification\batch1\textgrids\speaker1\JHN_003_seg_035.TextGrid
MRK_001_seg_067,batch1,MRK,MRK_001,True,,8.511,7.04,0.49,7.53,0.49,0.981,0.82,33,-64.00135869565217,-65.84480900387112,6.173449591905065,5.436540364222367,True,high,,data\processed\audio\phase3_verification\batch1\mfa_corpus\speaker1\MRK_001_seg_067.wav,data\processed\audio\phase3_verification\batch1\mfa_corpus\speaker1\MRK_001_seg_067.txt,data\processed\audio\phase3_verification\batch1\textgrids\speaker1\MRK_001_seg_067.TextGrid
JHN_003_seg_021,batch1,JHN,JHN_003,True,,9.88,8.58,1.02,9.6,1.02,0.28,1.13,20,-65.82825942560729,-63.84598186404206,6.070360126150593,0.9455061438107002,True,high,,data\processed\audio\phase3_verification\batch1\mfa_corpus\speaker1\JHN_003_seg_021.wav,data\processed\audio\phase3_verification\batch1\mfa_corpus\speaker1\JHN_003_seg_021.txt,data\processed\audio\phase3_verification\batch1\textgrids\speaker1\JHN_003_seg_021.TextGrid
ACT_002_seg_057,batch1,ACT,ACT_002,True,,7.083,6.4,0.28,6.68,0.28,0.403,1.82,11,-64.28443900070621,-68.71703461238316,6.008947802508597,0.6413129384084666,True,high,,data\processed\audio\phase3_verification\batch1\mfa_corpus\speaker1\ACT_002_seg_057.wav,data\processed\audio\phase3_verification\batch1\mfa_corpus\speaker1\ACT_002_seg_057.txt,data\processed\audio\phase3_verification\batch1\textgrids\speaker1\ACT_002_seg_057.TextGrid
MAT_010_seg_037,batch1,MAT,MAT_010,True,,7.804,5.57,1.83,7.4,1.83,0.404,1.23,13,-65.58993890224359,-63.22605765949596,5.989211975933937,0.3914023038815664,True,high,,data\processed\audio\phase3_verification\batch1\mfa_corpus\speaker1\MAT_010_seg_037.wav,data\processed\audio\phase3_verification\batch1\mfa_corpus\speaker1\MAT_010_seg_037.txt,data\processed\audio\phase3_verification\batch1\textgrids\speaker1\MAT_010_seg_037.TextGrid
MAT_010_seg_002,batch1,MAT,MAT_010,True,,9.856,8.44,1.09,9.53,1.09,0.326,2.24,9,-64.66353955375254,-66.1258309258355,5.913350109465879,1.1083082988488187,True,high,,data\processed\audio\phase3_verification\batch1\mfa_corpus\speaker1\MAT_010_seg_002.wav,data\processed\audio\phase3_verification\batch1\mfa_corpus\speaker1\MAT_010_seg_002.txt,data\processed\audio\phase3_verification\batch1\textgrids\speaker1\MAT_010_seg_002.TextGrid
LUK_005_seg_033,batch1,LUK,LUK_005,True,,7.323,6.71,0.26,6.97,0.26,0.353,1.51,10,-68.72115671960383,-67.22784992292816,5.810573322573277,0.7874784571518134,True,high,,data\processed\audio\phase3_verification\batch1\mfa_corpus\speaker1\LUK_005_seg_033.wav,data\processed\audio\phase3_verification\batch1\mfa_corpus\speaker1\LUK_005_seg_033.txt,data\processed\audio\phase3_verification\batch1\textgrids\speaker1\LUK_005_seg_033.TextGrid
MRK_001_seg_006,batch1,MRK,MRK_001,True,,3.026,2.86,0.09,2.95,0.09,0.076,0.4,23,-67.18679094471948,-69.36283724532169,5.742940909711605,-2.8132607170076387,True,high,,data\processed\audio\phase3_verification\batch1\mfa_corpus\speaker1\MRK_001_seg_006.wav,data\processed\audio\phase3_verification\batch1\mfa_corpus\speaker1\MRK_001_seg_006.txt,data\processed\audio\phase3_verification\batch1\textgrids\speaker1\MRK_001_seg_006.TextGrid
ACT_002_seg_005,batch1,ACT,ACT_002,True,,12.155,11.58,0.3,11.88,0.3,0.275,2.58,12,-62.91469212582237,-67.68884178687786,5.729267576266911,0.6837433995258912,True,high,,data\processed\audio\phase3_verification\batch1\mfa_corpus\speaker1\ACT_002_seg_005.wav,data\processed\audio\phase3_verification\batch1\mfa_corpus\speaker1\ACT_002_seg_005.txt,data\processed\audio\phase3_verification\batch1\textgrids\speaker1\ACT_002_seg_005.TextGrid
LUK_005_seg_020,batch1,LUK,LUK_005,True,,7.305,4.66,2.3,6.96,2.3,0.345,0.89,9,-67.85493437927497,-65.58674992741766,5.696759320005085,1.3269725158589978,True,high,,data\processed\audio\phase3_verification\batch1\mfa_corpus\speaker1\LUK_005_seg_020.wav,data\processed\audio\phase3_verification\batch1\mfa_corpus\speaker1\LUK_005_seg_020.txt,data\processed\audio\phase3_verification\batch1\textgrids\speaker1\LUK_005_seg_020.TextGrid
LUK_005_seg_055,batch1,LUK,LUK_005,True,,2.861,2.19,0.33,2.52,0.33,0.341,0.32,15,-66.24849759615384,-64.94328723234288,5.623904262381528,6.315865835044184,True,high,,data\processed\audio\phase3_verification\batch1\mfa_corpus\speaker1\LUK_005_seg_055.wav,data\processed\audio\phase3_verification\batch1\mfa_corpus\speaker1\LUK_005_seg_055.txt,data\processed\audio\phase3_verification\batch1\textgrids\speaker1\LUK_005_seg_055.TextGrid
JHN_003_seg_023,batch1,JHN,JHN_003,True,,3.478,2.98,0.24,3.22,0.24,0.258,1.75,6,-64.43549636314656,-64.74419437755238,5.596492851901821,-1.2903482252812903,True,high,,data\processed\audio\phase3_verification\batch1\mfa_corpus\speaker1\JHN_003_seg_023.wav,data\processed\audio\phase3_verification\batch1\mfa_corpus\speaker1\JHN_003_seg_023.txt,data\processed\audio\phase3_verification\batch1\textgrids\speaker1\JHN_003_seg_023.TextGrid
MRK_001_seg_031,batch1,MRK,MRK_001,False,low_likelihood,4.51,3.4,0.84,4.24,0.84,0.27,1.89,7,-72.325959672949,-70.6748914410991,5.579397028448372,-0.464506844413215,True,high,,data\processed\audio\phase3_verification\batch1\mfa_corpus\speaker1\MRK_001_seg_031.wav,data\processed\audio\phase3_verification\batch1\mfa_corpus\speaker1\MRK_001_seg_031.txt,data\processed\audio\phase3_verification\batch1\textgrids\speaker1\MRK_001_seg_031.TextGrid
LUK_005_seg_001,batch1,LUK,LUK_005,True,,9.472,7.95,1.18,9.13,1.18,0.342,1.06,17,-61.86180867212249,-64.3698430928317,5.573942043408963,0.9263512922064923,True,high,,data\processed\audio\phase3_verification\batch1\mfa_corpus\speaker1\LUK_005_seg_001.wav,data\processed\audio\phase3_verification\batch1\mfa_corpus\speaker1\LUK_005_seg_001.txt,data\processed\audio\phase3_verification\batch1\textgrids\speaker1\LUK_005_seg_001.TextGrid
MRK_001_seg_036,batch1,MRK,MRK_001,False,long_internal_silence,19.352,15.97,3.0,18.97,3.0,0.382,5.55,7,-63.916149870801036,-68.54784819659065,5.565803974342562,0.8592253312203209,True,high,,data\processed\audio\phase3_verification\batch1\mfa_corpus\speaker1\MRK_001_seg_036.wav,data\processed\audio\phase3_verification\batch1\mfa_corpus\speaker1\MRK_001_seg_036.txt,data\processed\audio\phase3_verification\batch1\textgrids\speaker1\MRK_001_seg_036.TextGrid
LUK_005_seg_040,batch1,LUK,LUK_005,True,,6.833,6.5,0.0,6.5,0.0,0.333,0.85,19,-62.12533743594436,-66.20308975739913,5.544281162475068,-0.16277490461956923,True,high,,data\processed\audio\phase3_verification\batch1\mfa_corpus\speaker1\LUK_005_seg_040.wav,data\processed\audio\phase3_verification\batch1\mfa_corpus\speaker1\LUK_005_seg_040.txt,data\processed\audio\phase3_verification\batch1\textgrids\speaker1\LUK_005_seg_040.TextGrid
MAT_001_seg_054,batch1,MAT,MAT_001,True,,3.229,2.099,1.13,3.229,1.13,0.0,0.85,4,-61.31165949109907,-66.22339884440105,5.528628137907973,-3.3337192681381573,True,high,,data\processed\audio\phase3_verification\batch1\mfa_corpus\speaker1\MAT_001_seg_054.wav,data\processed\audio\phase3_verification\batch1\mfa_corpus\speaker1\MAT_001_seg_054.txt,data\processed\audio\phase3_verification\batch1\textgrids\speaker1\MAT_001_seg_054.TextGrid
MAT_001_seg_007,batch1,MAT,MAT_001,True,,4.833,4.01,0.57,4.58,0.57,0.253,0.27,9,-59.54227322722567,-62.76538569132487,5.50293992802846,9.034287699621535,True,high,,data\processed\audio\phase3_verification\batch1\mfa_corpus\speaker1\MAT_001_seg_007.wav,data\processed\audio\phase3_verification\batch1\mfa_corpus\speaker1\MAT_001_seg_007.txt,data\processed\audio\phase3_verification\batch1\textgrids\speaker1\MAT_001_seg_007.TextGrid
JHN_003_seg_037,batch1,JHN,JHN_003,True,,6.363,5.69,0.49,6.18,0.49,0.183,0.53,20,-64.03920376375787,-71.13265138513901,5.494565991804169,5.410490356763354,True,high,,data\processed\audio\phase3_verification\batch1\mfa_corpus\speaker1\JHN_003_seg_037.wav,data\processed\audio\phase3_verification\batch1\mfa_corpus\speaker1\JHN_003_seg_037.txt,data\processed\audio\phase3_verification\batch1\textgrids\speaker1\JHN_003_seg_037.TextGrid
LUK_005_seg_013,batch1,LUK,LUK_005,True,,9.566,8.63,0.72,9.35,0.72,0.216,2.0,10,-63.31659809299895,-68.61084325262841,5.491189302530639,1.460723698593604,True,high,,data\processed\audio\phase3_verification\batch1\mfa_corpus\speaker1\LUK_005_seg_013.wav,data\processed\audio\phase3_verification\batch1\mfa_corpus\speaker1\LUK_005_seg_013.txt,data\processed\audio\phase3_verification\batch1\textgrids\speaker1\LUK_005_seg_013.TextGrid
MRK_001_seg_045,batch1,MRK,MRK_001,True,,4.58,3.37,0.78,4.15,0.78,0.43,0.44,10,-61.14537561408297,-64.55116848829316,5.4380613901755614,2.566971266665913,True,high,,data\processed\audio\phase3_verification\batch1\mfa_corpus\speaker1\MRK_001_seg_045.wav,data\processed\audio\phase3_verification\batch1\mfa_corpus\speaker1\MRK_001_seg_045.txt,data\processed\audio\phase3_verification\batch1\textgrids\speaker1\MRK_001_seg_045.TextGrid
ACT_002_seg_060,batch1,ACT,ACT_002,True,,13.947,11.54,1.38,12.92,1.38,1.027,3.04,7,-65.93287410394265,-63.95180630683899,5.372150165662504,-0.7665839622472532,True,high,,data\processed\audio\phase3_verification\batch1\mfa_corpus\speaker1\ACT_002_seg_060.wav,data\processed\audio\phase3_verification\batch1\mfa_corpus\speaker1\ACT_002_seg_060.txt,data\processed\audio\phase3_verification\batch1\textgrids\speaker1\ACT_002_seg_060.TextGrid
ACT_002_seg_001,batch1,ACT,ACT_002,True,,8.692,8.09,0.36,8.45,0.36,0.242,0.82,26,-64.00650891829689,-67.90390449273782,5.31194922726587,3.687645352825651,True,high,,data\processed\audio\phase3_verification\batch1\mfa_corpus\speaker1\ACT_002_seg_001.wav,data\processed\audio\phase3_verification\batch1\mfa_corpus\speaker1\ACT_002_seg_001.txt,data\processed\audio\phase3_verification\batch1\textgrids\speaker1\ACT_002_seg_001.TextGrid
JHN_003_seg_032,batch1,JHN,JHN_003,True,,22.19,18.63,3.24,21.87,3.24,0.32,2.61,12,-62.672015829202344,-64.56308857899792,5.2474940759889614,-0.2892984025001546,True,low,duration_outlier,data\processed\audio\phase3_verification\batch1\mfa_corpus\speaker1\JHN_003_seg_032.wav,data\processed\audio\phase3_verification\batch1\mfa_corpus\speaker1\JHN_003_seg_032.txt,data\processed\audio\phase3_verification\batch1\textgrids\speaker1\JHN_003_seg_032.TextGrid
MAT_001_seg_039,batch1,MAT,MAT_001,True,,7.499,3.21,4.03,7.24,4.03,0.259,1.67,3,-65.01505729166666,-65.20061075119744,5.239473404462025,-1.6909395396132112,True,high,,data\processed\audio\phase3_verification\batch1\mfa_corpus\speaker1\MAT_001_seg_039.wav,data\processed\audio\phase3_verification\batch1\mfa_corpus\speaker1\MAT_001_seg_039.txt,data\processed\audio\phase3_verification\batch1\textgrids\speaker1\MAT_001_seg_039.TextGrid
ACT_002_seg_043,batch1,ACT,ACT_002,True,,8.248,7.54,0.4,7.94,0.4,0.308,3.2,7,-65.07593276515152,-67.41134814212197,5.195783259661272,-0.18761679871901293,True,high,,data\processed\audio\phase3_verification\batch1\mfa_corpus\speaker1\ACT_002_seg_043.wav,data\processed\audio\phase3_verification\batch1\mfa_corpus\speaker1\ACT_002_seg_043.txt,data\processed\audio\phase3_verification\batch1\textgrids\speaker1\ACT_002_seg_043.TextGrid
MRK_001_seg_038,batch1,MRK,MRK_001,True,,5.189,3.71,0.99,4.7,0.99,0.489,0.27,25,-61.879071832851636,-63.490268082454286,5.16764255836257,4.680531275276895,True,high,,data\processed\audio\phase3_verification\batch1\mfa_corpus\speaker1\MRK_001_seg_038.wav,data\processed\audio\phase3_verification\batch1\mfa_corpus\speaker1\MRK_001_seg_038.txt,data\processed\audio\phase3_verification\batch1\textgrids\speaker1\MRK_001_seg_038.TextGrid
ACT_002_seg_018,batch1,ACT,ACT_002,True,,8.876,8.546,0.33,8.876,0.33,0.0,2.11,17,-65.17743524774775,-67.5238779703776,5.118476128965901,-8.464641028795695,True,high,,data\processed\audio\phase3_verification\batch1\mfa_corpus\speaker1\ACT_002_seg_018.wav,data\processed\audio\phase3_verification\batch1\mfa_corpus\speaker1\ACT_002_seg_018.txt,data\processed\audio\phase3_verification\batch1\textgrids\speaker1\ACT_002_seg_018.TextGrid
ACT_002_seg_019,batch1,ACT,ACT_002,True,,13.931,11.29,2.37,13.66,2.37,0.271,2.27,9,-61.83392408470926,-63.71070925394694,5.07823249009346,-0.8671734055356488,True,high,,data\processed\audio\phase3_verification\batch1\mfa_corpus\speaker1\ACT_002_seg_019.wav,data\processed\audio\phase3_verification\batch1\mfa_corpus\speaker1\ACT_002_seg_019.txt,data\processed\audio\phase3_verification\batch1\textgrids\speaker1\ACT_002_seg_019.TextGrid
MRK_001_seg_002,batch1,MRK,MRK_001,False,too_long;long_internal_silence,38.039,36.68,1.07,37.75,1.07,0.289,5.83,27,-65.03204275105152,-67.79367639160157,5.00963447246862,-2.2154308750642357,True,low,duration_outlier,data\processed\audio\phase3_verification\batch1\mfa_corpus\speaker1\MRK_001_seg_002.wav,data\processed\audio\phase3_verification\batch1\mfa_corpus\speaker1\MRK_001_seg_002.txt,data\processed\audio\phase3_verification\batch1\textgrids\speaker1\MRK_001_seg_002.TextGrid
JHN_003_seg_038,batch1,JHN,JHN_003,True,,8.978,8.32,0.35,8.67,0.35,0.308,2.63,7,-64.42407607182628,-67.15300880990377,5.006109811099853,1.4360882006135487,True,high,,data\processed\audio\phase3_verification\batch1\mfa_corpus\speaker1\JHN_003_seg_038.wav,data\processed\audio\phase3_verification\batch1\mfa_corpus\speaker1\JHN_003_seg_038.txt,data\processed\audio\phase3_verification\batch1\textgrids\speaker1\JHN_003_seg_038.TextGrid
MRK_001_seg_013,batch1,MRK,MRK_001,True,,4.375,3.03,0.9,3.93,0.9,0.445,0.2,16,-64.08919270833333,-66.63708696609888,5.006109811099853,4.369671991876752,True,high,,data\processed\audio\phase3_verification\batch1\mfa_corpus\speaker1\MRK_001_seg_013.wav,data\processed\audio\phase3_verification\batch1\mfa_corpus\speaker1\MRK_001_seg_013.txt,data\processed\audio\phase3_verification\batch1\textgrids\speaker1\MRK_001_seg_013.TextGrid
LUK_005_seg_031,batch1,LUK,LUK_005,True,,10.992,10.18,0.53,10.71,0.53,0.282,2.14,7,-67.9788728389445,-69.35080067704364,4.986003635790292,-1.1403332479875683,True,high,,data\processed\audio\phase3_verification\batch1\mfa_corpus\speaker1\LUK_005_seg_031.wav,data\processed\audio\phase3_verification\batch1\mfa_corpus\speaker1\LUK_005_seg_031.txt,data\processed\audio\phase3_verification\batch1\textgrids\speaker1\LUK_005_seg_031.TextGrid
MAT_001_seg_034,batch1,MAT,MAT_001,False,long_internal_silence,8.002,5.98,1.77,7.75,1.77,0.252,3.57,3,-62.8270556640625,-62.54816089976918,4.96277455951473,-0.44573071477753423,True,high,,data\processed\audio\phase3_verification\batch1\mfa_corpus\speaker1\MAT_001_seg_034.wav,data\processed\audio\phase3_verification\batch1\mfa_corpus\speaker1\MAT_001_seg_034.txt,data\processed\audio\phase3_verification\batch1\textgrids\speaker1\MAT_001_seg_034.TextGrid
MAT_001_seg_010,batch1,MAT,MAT_001,True,,5.522,3.64,1.44,5.08,1.44,0.442,0.27,7,-64.22702247509058,-63.81409581502279,4.96277455951473,2.0246082626861526,True,high,,data\processed\audio\phase3_verification\batch1\mfa_corpus\speaker1\MAT_001_seg_010.wav,data\processed\audio\phase3_verification\batch1\mfa_corpus\speaker1\MAT_001_seg_010.txt,data\processed\audio\phase3_verification\batch1\textgrids\speaker1\MAT_001_seg_010.TextGrid
ACT_002_seg_023,batch1,ACT,ACT_002,True,,15.608,15.05,0.29,15.34,0.29,0.268,2.05,28,-63.14568986226778,-66.45055624154898,4.89212162639176,1.3411785700045176,True,high,,data\processed\audio\phase3_verification\batch1\mfa_corpus\speaker1\ACT_002_seg_023.wav,data\processed\audio\phase3_verification\batch1\mfa_corpus\speaker1\ACT_002_seg_023.txt,data\processed\audio\phase3_verification\batch1\textgrids\speaker1\ACT_002_seg_023.TextGrid
LUK_005_seg_058,batch1,LUK,LUK_005,True,,3.638,1.82,0.8,2.62,0.8,1.018,0.66,4,-66.71950120192308,-73.21663992745536,4.872288694497355,5.958513806045966,True,high,,data\processed\audio\phase3_verification\batch1\mfa_corpus\speaker1\LUK_005_seg_058.wav,data\processed\audio\phase3_verification\batch1\mfa_corpus\speaker1\LUK_005_seg_058.txt,data\processed\audio\phase3_verification\batch1\textgrids\speaker1\LUK_005_seg_058.TextGrid
ACT_002_seg_048,batch1,ACT,ACT_002,True,,5.444,4.55,0.56,5.11,0.56,0.334,1.59,12,-64.30649701286765,-64.11223797087973,4.847285356847475,4.102587825153163,True,high,,data\processed\audio\phase3_verification\batch1\mfa_corpus\speaker1\ACT_002_seg_048.wav,data\processed\audio\phase3_verification\batch1\mfa_corpus\speaker1\ACT_002_seg_048.txt,data\processed\audio\phase3_verification\batch1\textgrids\speaker1\ACT_002_seg_048.TextGrid
LUK_005_seg_048,batch1,LUK,LUK_005,True,,2.8,2.03,0.45,2.48,0.45,0.32,0.21,7,-62.81949637276786,-68.3013143828421,4.847285010645583,6.581119176967713,True,high,,data\processed\audio\phase3_verification\batch1\mfa_corpus\speaker1\LUK_005_seg_048.wav,data\processed\audio\phase3_verification\batch1\mfa_corpus\speaker1\LUK_005_seg_048.txt,data\processed\audio\phase3_verification\batch1\textgrids\speaker1\LUK_005_seg_048.TextGrid
JHN_003_seg_006,batch1,JHN,JHN_003,True,,10.674,10.07,0.27,10.34,0.27,0.334,1.22,35,-66.62972996719775,-63.833484115114636,4.804341209158985,1.9348121491472643,True,high,,data\processed\audio\phase3_verification\batch1\mfa_corpus\speaker1\JHN_003_seg_006.wav,data\processed\audio\phase3_verification\batch1\mfa_corpus\speaker1\JHN_003_seg_006.txt,data\processed\audio\phase3_verification\batch1\textgrids\speaker1\JHN_003_seg_006.TextGrid
JHN_003_seg_022,batch1,JHN,JHN_003,True,,9.316,7.91,1.1,9.01,1.1,0.306,2.05,9,-65.44931095761802,-64.5506300718888,4.791951159474056,-0.8947831861007742,True,high,,data\processed\audio\phase3_verification\batch1\mfa_corpus\speaker1\JHN_003_seg_022.wav,data\processed\audio\phase3_verification\batch1\mfa_corpus\speaker1\JHN_003_seg_022.txt,data\processed\audio\phase3_verification\batch1\textgrids\speaker1\JHN_003_seg_022.TextGrid
MRK_001_seg_015,batch1,MRK,MRK_001,True,,6.762,5.52,0.43,5.95,0.43,0.812,0.25,29,-68.67334273298816,-68.00059285481771,4.760499444895936,9.387859928158154,True,high,,data\processed\audio\phase3_verification\batch1\mfa_corpus\speaker1\MRK_001_seg_015.wav,data\processed\audio\phase3_verification\batch1\mfa_corpus\speaker1\MRK_001_seg_015.txt,data\processed\audio\phase3_verification\batch1\textgrids\speaker1\MRK_001_seg_015.TextGrid
LUK_005_seg_037,batch1,LUK,LUK_005,True,,9.941,8.69,1.02,9.71,1.02,0.231,1.77,19,-65.36568630533199,-66.13969865137217,4.741531090689769,0.7419807038260178,True,high,,data\processed\audio\phase3_verification\batch1\mfa_corpus\speaker1\LUK_005_seg_037.wav,data\processed\audio\phase3_verification\batch1\mfa_corpus\speaker1\LUK_005_seg_037.txt,data\processed\audio\phase3_verification\batch1\textgrids\speaker1\LUK_005_seg_037.TextGrid
MRK_001_seg_044,batch1,MRK,MRK_001,True,,8.642,8.27,0.03,8.3,0.03,0.342,1.3,15,-63.24834074797454,-65.07166196222175,4.716411928704169,0.2695063623344165,True,high,,data\processed\audio\phase3_verification\batch1\mfa_corpus\speaker1\MRK_001_seg_044.wav,data\processed\audio\phase3_verification\batch1\mfa_corpus\speaker1\MRK_001_seg_044.txt,data\processed\audio\phase3_verification\batch1\textgrids\speaker1\MRK_001_seg_044.TextGrid
LUK_005_seg_030,batch1,LUK,LUK_005,False,low_likelihood,9.149,8.39,0.45,8.84,0.45,0.309,0.72,39,-70.79761782786885,-64.58360683441163,4.712521512267625,3.9532910174367686,True,high,,data\processed\audio\phase3_verification\batch1\mfa_corpus\speaker1\LUK_005_seg_030.wav,data\processed\audio\phase3_verification\batch1\mfa_corpus\speaker1\LUK_005_seg_030.txt,data\processed\audio\phase3_verification\batch1\textgrids\speaker1\LUK_005_seg_030.TextGrid
ACT_002_seg_022,batch1,ACT,ACT_002,True,,11.438,10.86,0.34,11.2,0.34,0.238,2.08,10,-63.03103146853147,-66.70520951027093,4.683112097966559,-1.6612821233506985,True,high,,data\processed\audio\phase3_verification\batch1\mfa_corpus\speaker1\ACT_002_seg_022.wav,data\processed\audio\phase3_verification\batch1\mfa_corpus\speaker1\ACT_002_seg_022.txt,data\processed\audio\phase3_verification\batch1\textgrids\speaker1\ACT_002_seg_022.TextGrid
MAT_010_seg_031,batch1,MAT,MAT_010,False,long_internal_silence,14.711,12.72,1.68,14.4,1.68,0.311,5.48,8,-69.9260547671652,-64.84582120318746,4.683112097966559,-1.4351531374092907,True,high,,data\processed\audio\phase3_verification\batch1\mfa_corpus\speaker1\MAT_010_seg_031.wav,data\processed\audio\phase3_verification\batch1\mfa_corpus\speaker1\MAT_010_seg_031.txt,data\processed\audio\phase3_verification\batch1\textgrids\speaker1\MAT_010_seg_031.TextGrid
ACT_002_seg_008,batch1,ACT,ACT_002,False,too_short,1.634,1.47,0.0,1.47,0.0,0.164,0.37,10,-60.49899947277607,-63.62407600402832,4.657894767615621,25.68432158835513,True,high,,data\processed\audio\phase3_verification\batch1\mfa_corpus\speaker1\ACT_002_seg_008.wav,data\processed\audio\phase3_verification\batch1\mfa_corpus\speaker1\ACT_002_seg_008.txt,data\processed\audio\phase3_verification\batch1\textgrids\speaker1\ACT_002_seg_008.TextGrid
MRK_001_seg_049,batch1,MRK,MRK_001,True,,6.099,4.02,1.52,5.54,1.52,0.559,0.7,4,-58.482389856557376,-61.45242110542629,4.645913524691698,2.1063245271472173,True,high,,data\processed\audio\phase3_verification\batch1\mfa_corpus\speaker1\MRK_001_seg_049.wav,data\processed\audio\phase3_verification\batch1\mfa_corpus\speaker1\MRK_001_seg_049.txt,data\processed\audio\phase3_verification\batch1\textgrids\speaker1\MRK_001_seg_049.TextGrid
LUK_005_seg_029,batch1,LUK,LUK_005,True,,9.175,7.11,1.66,8.77,1.66,0.405,2.02,17,-67.02355664488017,-69.0330405831337,4.5742704414692765,-0.11213098380206432,True,high,,data\processed\audio\phase3_verification\batch1\mfa_corpus\speaker1\LUK_005_seg_029.wav,data\processed\audio\phase3_verification\batch1\mfa_corpus\speaker1\LUK_005_seg_029.txt,data\processed\audio\phase3_verification\batch1\textgrids\speaker1\LUK_005_seg_029.TextGrid
MRK_001_seg_055,batch1,MRK,MRK_001,True,,6.228,4.69,1.18,5.87,1.18,0.358,1.46,7,-66.10591392455859,-63.948732693990074,4.5742678464794935,1.3353424682406008,True,high,,data\processed\audio\phase3_verification\batch1\mfa_corpus\speaker1\MRK_001_seg_055.wav,data\processed\audio\phase3_verification\batch1\mfa_corpus\speaker1\MRK_001_seg_055.txt,data\processed\audio\phase3_verification\batch1\textgrids\speaker1\MRK_001_seg_055.TextGrid
MRK_001_seg_051,batch1,MRK,MRK_001,True,,11.575,10.42,0.82,11.24,0.82,0.335,1.39,18,-63.69155467400691,-65.26527818819372,4.568474398060755,1.1165195801906975,True,high,,data\processed\audio\phase3_verification\batch1\mfa_corpus\speaker1\MRK_001_seg_051.wav,data\processed\audio\phase3_verification\batch1\mfa_corpus\speaker1\MRK_001_seg_051.txt,data\processed\audio\phase3_verification\batch1\textgrids\speaker1\MRK_001_seg_051.TextGrid
LUK_005_seg_036,batch1,LUK,LUK_005,True,,5.804,5.31,0.29,5.6,0.29,0.204,0.92,18,-68.19524515086206,-69.6950438148097,4.542038472892169,5.205222751175883,True,high,,data\processed\audio\phase3_verification\batch1\mfa_corpus\speaker1\LUK_005_seg_036.wav,data\processed\audio\phase3_verification\batch1\mfa_corpus\speaker1\LUK_005_seg_036.txt,data\processed\audio\phase3_verification\batch1\textgrids\speaker1\LUK_005_seg_036.TextGrid
JHN_003_seg_029,batch1,JHN,JHN_003,True,,7.78,7.2,0.4,7.6,0.4,0.18,1.75,11,-63.999181595437015,-67.52855869875116,4.535916449384763,0.06979669374854502,True,high,,data\processed\audio\phase3_verification\batch1\mfa_corpus\speaker1\JHN_003_seg_029.wav,data\processed\audio\phase3_verification\batch1\mfa_corpus\speaker1\JHN_003_seg_029.txt,data\processed\audio\phase3_verification\batch1\textgrids\speaker1\JHN_003_seg_029.TextGrid
ACT_002_seg_027,batch1,ACT,ACT_002,True,,8.632,8.45,0.0,8.45,0.0,0.182,1.39,25,-65.05846248551565,-69.57755400005139,4.519893243059516,-4.094300382050079,True,high,,data\processed\audio\phase3_verification\batch1\mfa_corpus\speaker1\ACT_002_seg_027.wav,data\processed\audio\phase3_verification\batch1\mfa_corpus\speaker1\ACT_002_seg_027.txt,data\processed\audio\phase3_verification\batch1\textgrids\speaker1\ACT_002_seg_027.TextGrid
MAT_001_seg_041,batch1,MAT,MAT_001,False,long_internal_silence,11.988,11.66,0.22,11.88,0.22,0.108,3.99,12,-62.91644078398666,-66.66622572678786,4.519893243059516,-0.10026597591627429,True,high,,data\processed\audio\phase3_verification\batch1\mfa_corpus\speaker1\MAT_001_seg_041.wav,data\processed\audio\phase3_verification\batch1\mfa_corpus\speaker1\MAT_001_seg_041.txt,data\processed\audio\phase3_verification\batch1\textgrids\speaker1\MAT_001_seg_041.TextGrid
MAT_001_seg_040,batch1,MAT,MAT_001,True,,7.422,6.64,0.47,7.11,0.47,0.312,0.9,14,-64.93327261623989,-68.08631836740594,4.5167276527224285,0.5707239967348361,True,high,,data\processed\audio\phase3_verification\batch1\mfa_corpus\speaker1\MAT_001_seg_040.wav,data\processed\audio\phase3_verification\batch1\mfa_corpus\speaker1\MAT_001_seg_040.txt,data\processed\audio\phase3_verification\batch1\textgrids\speaker1\MAT_001_seg_040.TextGrid
MRK_001_seg_048,batch1,MRK,MRK_001,True,,9.819,8.4,1.05,9.45,1.05,0.369,2.0,11,-68.97776381109979,-66.72062070979628,4.48748206296544,2.2758125259731887,True,high,,data\processed\audio\phase3_verification\batch1\mfa_corpus\speaker1\MRK_001_seg_048.wav,data\processed\audio\phase3_verification\batch1\mfa_corpus\speaker1\MRK_001_seg_048.txt,data\processed\audio\phase3_verification\batch1\textgrids\speaker1\MRK_001_seg_048.TextGrid
MAT_001_seg_001,batch1,MAT,MAT_001,True,,6.308,6.11,0.0,6.11,0.0,0.198,1.0,31,-65.10098058637084,-68.80402452517778,4.483947581961571,0.8904923564774343,True,high,,data\processed\audio\phase3_verification\batch1\mfa_corpus\speaker1\MAT_001_seg_001.wav,data\processed\audio\phase3_verification\batch1\mfa_corpus\speaker1\MAT_001_seg_001.txt,data\processed\audio\phase3_verification\batch1\textgrids\speaker1\MAT_001_seg_001.TextGrid
MRK_001_seg_032,batch1,MRK,MRK_001,True,,3.955,3.42,0.15,3.57,0.15,0.385,1.37,14,-63.07647766729798,-65.56381503018466,4.451784594242257,4.563712195346742,True,high,,data\processed\audio\phase3_verification\batch1\mfa_corpus\speaker1\MRK_001_seg_032.wav,data\processed\audio\phase3_verification\batch1\mfa_corpus\speaker1\MRK_001_seg_032.txt,data\processed\audio\phase3_verification\batch1\textgrids\speaker1\MRK_001_seg_032.TextGrid
LUK_005_seg_008,batch1,LUK,LUK_005,True,,6.483,5.62,0.45,6.07,0.45,0.413,1.45,9,-63.43817515432099,-62.87033490436833,4.449048707014014,2.900052672678047,True,high,,data\processed\audio\phase3_verification\batch1\mfa_corpus\speaker1\LUK_005_seg_008.wav,data\processed\audio\phase3_verification\batch1\mfa_corpus\speaker1\LUK_005_seg_008.txt,data\processed\audio\phase3_verification\batch1\textgrids\speaker1\LUK_005_seg_008.TextGrid
MAT_010_seg_043,batch1,MAT,MAT_010,True,,2.37,1.53,0.44,1.97,0.44,0.4,0.0,13,-65.57465552478902,-66.66735408924244,4.449048707014014,21.63104642032569,True,high,,data\processed\audio\phase3_verification\batch1\mfa_corpus\speaker1\MAT_010_seg_043.wav,data\processed\audio\phase3_verification\batch1\mfa_corpus\speaker1\MAT_010_seg_043.txt,data\processed\audio\phase3_verification\batch1\textgrids\speaker1\MAT_010_seg_043.TextGrid
MAT_001_seg_008,batch1,MAT,MAT_001,True,,4.264,2.28,1.73,4.01,1.73,0.254,0.88,3,-63.16434217282864,-61.76277810555917,4.449045566170425,0.7651429713973474,True,high,,data\processed\audio\phase3_verification\batch1\mfa_corpus\speaker1\MAT_001_seg_008.wav,data\processed\audio\phase3_verification\batch1\mfa_corpus\speaker1\MAT_001_seg_008.txt,data\processed\audio\phase3_verification\batch1\textgrids\speaker1\MAT_001_seg_008.TextGrid
MAT_001_seg_006,batch1,MAT,MAT_001,True,,3.002,2.23,0.35,2.58,0.35,0.422,0.26,3,-59.39517578125,-62.029098163951524,4.4302385980454275,15.750077497637877,True,high,,data\processed\audio\phase3_verification\batch1\mfa_corpus\speaker1\MAT_001_seg_006.wav,data\processed\audio\phase3_verification\batch1\mfa_corpus\speaker1\MAT_001_seg_006.txt,data\processed\audio\phase3_verification\batch1\textgrids\speaker1\MAT_001_seg_006.TextGrid
JHN_003_seg_001,batch1,JHN,JHN_003,True,,5.755,5.13,0.28,5.41,0.28,0.345,0.74,11,-63.4227294921875,-63.930183749728734,4.404211710974771,1.01799395753671,True,high,,data\processed\audio\phase3_verification\batch1\mfa_corpus\speaker1\JHN_003_seg_001.wav,data\processed\audio\phase3_verification\batch1\mfa_corpus\speaker1\JHN_003_seg_001.txt,data\processed\audio\phase3_verification\batch1\textgrids\speaker1\JHN_003_seg_001.TextGrid
JHN_003_seg_055,batch1,JHN,JHN_003,True,,14.815,14.12,0.29,14.41,0.29,0.405,2.46,9,-68.746415317139,-69.83375705018335,4.404211710974771,-3.614804381518649,True,high,,data\processed\audio\phase3_verification\batch1\mfa_corpus\speaker1\JHN_003_seg_055.wav,data\processed\audio\phase3_verification\batch1\mfa_corpus\speaker1\JHN_003_seg_055.txt,data\processed\audio\phase3_verification\batch1\textgrids\speaker1\JHN_003_seg_055.TextGrid
LUK_005_seg_012,batch1,LUK,LUK_005,True,,12.653,10.36,2.0,12.36,2.0,0.293,2.67,8,-63.42978013833992,-62.54921307283289,4.375195275937406,0.3326972169036164,True,high,,data\processed\audio\phase3_verification\batch1\mfa_corpus\speaker1\LUK_005_seg_012.wav,data\processed\audio\phase3_verification\batch1\mfa_corpus\speaker1\LUK_005_seg_012.txt,data\processed\audio\phase3_verification\batch1\textgrids\speaker1\LUK_005_seg_012.TextGrid
ACT_002_seg_031,batch1,ACT,ACT_002,True,,13.882,13.29,0.33,13.62,0.33,0.262,2.65,8,-64.22280822226224,-63.526429956609554,4.356589723464498,-3.5543917019595934,True,high,,data\processed\audio\phase3_verification\batch1\mfa_corpus\speaker1\ACT_002_seg_031.wav,data\processed\audio\phase3_verification\batch1\mfa_corpus\speaker1\ACT_002_seg_031.txt,data\processed\audio\phase3_verification\batch1\textgrids\speaker1\ACT_002_seg_031.TextGrid
MAT_001_seg_058,batch1,MAT,MAT_001,False,low_likelihood,7.432,4.41,2.02,6.43,2.02,1.002,1.27,6,-70.53367366251682,-62.90532316984954,4.356581938495147,1.215374017548637,True,high,,data\processed\audio\phase3_verification\batch1\mfa_corpus\speaker1\MAT_001_seg_058.wav,data\processed\audio\phase3_verification\batch1\mfa_corpus\speaker1\MAT_001_seg_058.txt,data\processed\audio\phase3_verification\batch1\textgrids\speaker1\MAT_001_seg_058.TextGrid
MAT_010_seg_027,batch1,MAT,MAT_010,True,,11.851,10.72,0.81,11.53,0.81,0.321,1.7,23,-64.85998154008439,-64.9234505101254,4.355428500796128,1.7790467011343782,True,high,,data\processed\audio\phase3_verification\batch1\mfa_corpus\speaker1\MAT_010_seg_027.wav,data\processed\audio\phase3_verification\batch1\mfa_corpus\speaker1\MAT_010_seg_027.txt,data\processed\audio\phase3_verification\batch1\textgrids\speaker1\MAT_010_seg_027.TextGrid
ACT_002_seg_016,batch1,ACT,ACT_002,False,too_long;long_internal_silence,24.074,20.57,1.94,22.51,1.94,1.564,6.61,9,-63.06864094308268,-64.43690823286008,4.333784598000765,-3.3394714275813673,True,low,duration_outlier,data\processed\audio\phase3_verification\batch1\mfa_corpus\speaker1\ACT_002_seg_016.wav,data\processed\audio\phase3_verification\batch1\mfa_corpus\speaker1\ACT_002_seg_016.txt,data\processed\audio\phase3_verification\batch1\textgrids\speaker1\ACT_002_seg_016.TextGrid
MAT_001_seg_019,batch1,MAT,MAT_001,True,,3.208,3.09,0.0,3.09,0.0,0.118,1.39,3,-63.406189154984425,-70.78470412544583,4.329052489868667,-2.1823156696830477,True,high,,data\processed\audio\phase3_verification\batch1\mfa_corpus\speaker1\MAT_001_seg_019.wav,data\processed\audio\phase3_verification\batch1\mfa_corpus\speaker1\MAT_001_seg_019.txt,data\processed\audio\phase3_verification\batch1\textgrids\speaker1\MAT_001_seg_019.TextGrid
MRK_001_seg_053,batch1,MRK,MRK_001,True,,5.644,2.85,2.36,5.21,2.36,0.434,0.52,10,-59.32920545212766,-61.23003680207009,4.269278712488102,-0.2665324175798869,True,high,,data\processed\audio\phase3_verification\batch1\mfa_corpus\speaker1\MRK_001_seg_053.wav,data\processed\audio\phase3_verification\batch1\mfa_corpus\speaker1\MRK_001_seg_053.txt,data\processed\audio\phase3_verification\batch1\textgrids\speaker1\MRK_001_seg_053.TextGrid
LUK_005_seg_004,batch1,LUK,LUK_005,True,,6.377,5.02,0.98,6.0,0.98,0.377,1.84,11,-60.64077806622257,-64.12339505282316,4.266455518824482,0.9149668501897974,True,high,,data\processed\audio\phase3_verification\batch1\mfa_corpus\speaker1\LUK_005_seg_004.wav,data\processed\audio\phase3_verification\batch1\mfa_corpus\speaker1\LUK_005_seg_004.txt,data\processed\audio\phase3_verification\batch1\textgrids\speaker1\LUK_005_seg_004.TextGrid
LUK_005_seg_027,batch1,LUK,LUK_005,True,,5.4,4.63,0.43,5.06,0.43,0.34,0.26,32,-69.08739872685184,-66.57058710291766,4.266455518824482,7.119255322231288,True,high,,data\processed\audio\phase3_verification\batch1\mfa_corpus\speaker1\LUK_005_seg_027.wav,data\processed\audio\phase3_verification\batch1\mfa_corpus\speaker1\LUK_005_seg_027.txt,data\processed\audio\phase3_verification\batch1\textgrids\speaker1\LUK_005_seg_027.TextGrid
ACT_002_seg_055,batch1,ACT,ACT_002,False,too_short,2.765,1.28,1.11,2.39,1.11,0.375,0.17,6,-62.634046423736464,-67.04270376477923,4.266454134016914,1.554806179668116,True,high,,data\processed\audio\phase3_verification\batch1\mfa_corpus\speaker1\ACT_002_seg_055.wav,data\processed\audio\phase3_verification\batch1\mfa_corpus\speaker1\ACT_002_seg_055.txt,data\processed\audio\phase3_verification\batch1\textgrids\speaker1\ACT_002_seg_055.TextGrid
JHN_003_seg_036,batch1,JHN,JHN_003,True,,12.124,11.57,0.27,11.84,0.27,0.284,2.76,10,-64.7425033518977,-67.29965591430664,4.265180223227084,0.6481261372078091,True,high,,data\processed\audio\phase3_verification\batch1\mfa_corpus\speaker1\JHN_003_seg_036.wav,data\processed\audio\phase3_verification\batch1\mfa_corpus\speaker1\JHN_003_seg_036.txt,data\processed\audio\phase3_verification\batch1\textgrids\speaker1\JHN_003_seg_036.TextGrid
JHN_003_seg_027,batch1,JHN,JHN_003,True,,11.757,9.88,1.51,11.39,1.51,0.367,1.43,14,-65.3878481079932,-64.23628172233923,4.2579459651858365,0.11047549648779409,True,high,,data\processed\audio\phase3_verification\batch1\mfa_corpus\speaker1\JHN_003_seg_027.wav,data\processed\audio\phase3_verification\batch1\mfa_corpus\speaker1\JHN_003_seg_027.txt,data\processed\audio\phase3_verification\batch1\textgrids\speaker1\JHN_003_seg_027.TextGrid
MAT_010_seg_041,batch1,MAT,MAT_010,True,,19.125,14.8,1.93,16.73,1.93,2.395,3.24,9,-65.35661019994772,-67.27392022269113,4.247745471977432,-1.4271142026447148,True,high,,data\processed\audio\phase3_verification\batch1\mfa_corpus\speaker1\MAT_010_seg_041.wav,data\processed\audio\phase3_verification\batch1\mfa_corpus\speaker1\MAT_010_seg_041.txt,data\processed\audio\phase3_verification\batch1\textgrids\speaker1\MAT_010_seg_041.TextGrid
MAT_001_seg_057,batch1,MAT,MAT_001,True,,11.049,10.75,0.0,10.75,0.0,0.299,1.33,16,-63.92404553167421,-65.64730391631255,4.2477402819978645,-0.638844789500105,True,high,,data\processed\audio\phase3_verification\batch1\mfa_corpus\speaker1\MAT_001_seg_057.wav,data\processed\audio\phase3_verification\batch1\mfa_corpus\speaker1\MAT_001_seg_057.txt,data\processed\audio\phase3_verification\batch1\textgrids\speaker1\MAT_001_seg_057.TextGrid
MRK_001_seg_043,batch1,MRK,MRK_001,True,,5.617,4.07,1.29,5.36,1.29,0.257,0.27,12,-62.76121830516014,-70.19249565818093,4.2477402819978645,1.1495481807193482,True,high,,data\processed\audio\phase3_verification\batch1\mfa_corpus\speaker1\MRK_001_seg_043.wav,data\processed\audio\phase3_verification\batch1\mfa_corpus\speaker1\MRK_001_seg_043.txt,data\processed\audio\phase3_verification\batch1\textgrids\speaker1\MRK_001_seg_043.TextGrid
MAT_001_seg_014,batch1,MAT,MAT_001,True,,5.073,4.41,0.48,4.89,0.48,0.183,0.57,16,-62.16346153846154,-66.08883554795209,4.2477402819978645,2.5289556759329077,True,high,,data\processed\audio\phase3_verification\batch1\mfa_corpus\speaker1\MAT_001_seg_014.wav,data\processed\audio\phase3_verification\batch1\mfa_corpus\speaker1\MAT_001_seg_014.txt,data\processed\audio\phase3_verification\batch1\textgrids\speaker1\MAT_001_seg_014.TextGrid
MAT_001_seg_046,batch1,MAT,MAT_001,True,,2.569,2.569,0.0,2.569,0.0,0.0,0.17,22,-66.92907192363813,-66.00599952980325,4.245286756980968,-3.1410916976111647,True,high,,data\processed\audio\phase3_verification\batch1\mfa_corpus\speaker1\MAT_001_seg_046.wav,data\processed\audio\phase3_verification\batch1\mfa_corpus\speaker1\MAT_001_seg_046.txt,data\processed\audio\phase3_verification\batch1\textgrids\speaker1\MAT_001_seg_046.TextGrid
JHN_003_seg_002,batch1,JHN,JHN_003,True,,5.894,4.78,0.79,5.57,0.79,0.324,1.87,5,-64.54270346986418,-63.18449540571733,4.24528537312976,0.43706342778932594,True,high,,data\processed\audio\phase3_verification\batch1\mfa_corpus\speaker1\JHN_003_seg_002.wav,data\processed\audio\phase3_verification\batch1\mfa_corpus\speaker1\JHN_003_seg_002.txt,data\processed\audio\phase3_verification\batch1\textgrids\speaker1\JHN_003_seg_002.TextGrid
MAT_010_seg_029,batch1,MAT,MAT_010,False,too_long,27.61,25.64,1.58,27.22,1.58,0.39,2.08,32,-66.89008737776167,-63.8709147993926,4.226122016800966,0.5813095917584477,True,low,duration_outlier,data\processed\audio\phase3_verification\batch1\mfa_corpus\speaker1\MAT_010_seg_029.wav,data\processed\audio\phase3_verification\batch1\mfa_corpus\speaker1\MAT_010_seg_029.txt,data\processed\audio\phase3_verification\batch1\textgrids\speaker1\MAT_010_seg_029.TextGrid
LUK_005_seg_019,batch1,LUK,LUK_005,True,,3.921,2.36,1.15,3.51,1.15,0.411,0.78,5,-67.76530113998724,-64.91645490206204,4.201796825737099,1.7984162623595292,True,high,,data\processed\audio\phase3_verification\batch1\mfa_corpus\speaker1\LUK_005_seg_019.wav,data\processed\audio\phase3_verification\batch1\mfa_corpus\speaker1\LUK_005_seg_019.txt,data\processed\audio\phase3_verification\batch1\textgrids\speaker1\LUK_005_seg_019.TextGrid
MAT_010_seg_003,batch1,MAT,MAT_010,False,low_likelihood,8.346,8.24,0.0,8.24,0.0,0.106,1.01,40,-73.40339633233533,-67.6729235823866,4.1855759017604015,-0.25266008203299606,True,high,,data\processed\audio\phase3_verification\batch1\mfa_corpus\speaker1\MAT_010_seg_003.wav,data\processed\audio\phase3_verification\batch1\mfa_corpus\speaker1\MAT_010_seg_003.txt,data\processed\audio\phase3_verification\batch1\textgrids\speaker1\MAT_010_seg_003.TextGrid
MAT_010_seg_036,batch1,MAT,MAT_010,True,,14.728,14.15,0.18,14.33,0.18,0.398,1.86,24,-64.58244229463679,-60.653684824163264,4.185569620073225,0.9357921282061579,True,high,,data\processed\audio\phase3_verification\batch1\mfa_corpus\speaker1\MAT_010_seg_036.wav,data\processed\audio\phase3_verification\batch1\mfa_corpus\speaker1\MAT_010_seg_036.txt,data\processed\audio\phase3_verification\batch1\textgrids\speaker1\MAT_010_seg_036.TextGrid
ACT_002_seg_011,batch1,ACT,ACT_002,True,,5.707,5.04,0.21,5.25,0.21,0.457,1.33,7,-69.16370676444834,-64.74040042652803,4.170622916771895,2.699105335584896,True,high,,data\processed\audio\phase3_verification\batch1\mfa_corpus\speaker1\ACT_002_seg_011.wav,data\processed\audio\phase3_verification\batch1\mfa_corpus\speaker1\ACT_002_seg_011.txt,data\processed\audio\phase3_verification\batch1\textgrids\speaker1\ACT_002_seg_011.TextGrid
LUK_005_seg_010,batch1,LUK,LUK_005,True,,4.639,3.77,0.8,4.57,0.8,0.069,1.24,12,-62.687028556034484,-66.10044247763497,4.150286781604748,1.9328118868490733,True,high,,data\processed\audio\phase3_verification\batch1\mfa_corpus\speaker1\LUK_005_seg_010.wav,data\processed\audio\phase3_verification\batch1\mfa_corpus\speaker1\LUK_005_seg_010.txt,data\processed\audio\phase3_verification\batch1\textgrids\speaker1\LUK_005_seg_010.TextGrid
MAT_010_seg_044,batch1,MAT,MAT_010,True,,14.085,13.02,0.77,13.79,0.77,0.295,1.58,22,-65.86986005145494,-63.706112446504484,4.102683599621771,1.8203103342904612,True,high,,data\processed\audio\phase3_verification\batch1\mfa_corpus\speaker1\MAT_010_seg_044.wav,data\processed\audio\phase3_verification\batch1\mfa_corpus\speaker1\MAT_010_seg_044.txt,data\processed\audio\phase3_verification\batch1\textgrids\speaker1\MAT_010_seg_044.TextGrid
JHN_003_seg_028,batch1,JHN,JHN_003,True,,18.315,17.14,0.89,18.03,0.89,0.285,2.83,15,-64.68278776610262,-67.44560138599293,4.084687971363723,-0.10727858934944479,True,high,,data\processed\audio\phase3_verification\batch1\mfa_corpus\speaker1\JHN_003_seg_028.wav,data\processed\audio\phase3_verification\batch1\mfa_corpus\speaker1\JHN_003_seg_028.txt,data\processed\audio\phase3_verification\batch1\textgrids\speaker1\JHN_003_seg_028.TextGrid
MRK_001_seg_027,batch1,MRK,MRK_001,True,,3.827,3.27,0.28,3.55,0.28,0.277,0.52,8,-60.51817477154047,-62.76043016770307,4.069773777087703,4.144420596930168,True,high,,data\processed\audio\phase3_verification\batch1\mfa_corpus\speaker1\MRK_001_seg_027.wav,data\processed\audio\phase3_verification\batch1\mfa_corpus\speaker1\MRK_001_seg_027.txt,data\processed\audio\phase3_verification\batch1\textgrids\speaker1\MRK_001_seg_027.TextGrid
LUK_005_seg_006,batch1,LUK,LUK_005,True,,3.307,2.45,0.45,2.9,0.45,0.407,0.67,5,-63.41590351208459,-65.22934246063232,4.034123583615284,17.925271061204572,True,high,,data\processed\audio\phase3_verification\batch1\mfa_corpus\speaker1\LUK_005_seg_006.wav,data\processed\audio\phase3_verification\batch1\mfa_corpus\speaker1\LUK_005_seg_006.txt,data\processed\audio\phase3_verification\batch1\textgrids\speaker1\LUK_005_seg_006.TextGrid
ACT_002_seg_045,batch1,ACT,ACT_002,False,long_internal_silence,19.444,16.53,2.62,19.15,2.62,0.294,6.1,6,-62.38720904063786,-62.666171293992264,4.03412081400015,-0.5568889222997413,True,high,,data\processed\audio\phase3_verification\batch1\mfa_corpus\speaker1\ACT_002_seg_045.wav,data\processed\audio\phase3_verification\batch1\mfa_corpus\speaker1\ACT_002_seg_045.txt,data\processed\audio\phase3_verification\batch1\textgrids\speaker1\ACT_002_seg_045.TextGrid
LUK_005_seg_009,batch1,LUK,LUK_005,True,,8.419,7.81,0.39,8.2,0.39,0.219,1.65,15,-66.64092191211401,-67.64504379696317,4.03412081400015,1.1058070258925632,True,high,,data\processed\audio\phase3_verification\batch1\mfa_corpus\speaker1\LUK_005_seg_009.wav,data\processed\audio\phase3_verification\batch1\mfa_corpus\speaker1\LUK_005_seg_009.txt,data\processed\audio\phase3_verification\batch1\textgrids\speaker1\LUK_005_seg_009.TextGrid
LUK_005_seg_018,batch1,LUK,LUK_005,True,,8.109,7.63,0.0,7.63,0.0,0.479,1.97,10,-64.76870279747226,-65.24976231501653,4.030059563993086,0.7560138821418381,True,high,,data\processed\audio\phase3_verification\batch1\mfa_corpus\speaker1\LUK_005_seg_018.wav,data\processed\audio\phase3_verification\batch1\mfa_corpus\speaker1\LUK_005_seg_018.txt,data\processed\audio\phase3_verification\batch1\textgrids\speaker1\LUK_005_seg_018.TextGrid
MRK_001_seg_005,batch1,MRK,MRK_001,True,,6.117,5.47,0.37,5.84,0.37,0.277,1.24,12,-65.27070567810458,-62.66568981517445,4.030059563993086,-0.0521262101718829,True,high,,data\processed\audio\phase3_verification\batch1\mfa_corpus\speaker1\MRK_001_seg_005.wav,data\processed\audio\phase3_verification\batch1\mfa_corpus\speaker1\MRK_001_seg_005.txt,data\processed\audio\phase3_verification\batch1\textgrids\speaker1\MRK_001_seg_005.TextGrid
MAT_001_seg_043,batch1,MAT,MAT_001,True,,3.033,1.913,1.12,3.033,1.12,0.0,0.0,16,-63.25530502268977,-62.44143502977159,4.013115272161789,-0.31858675669719183,True,high,,data\processed\audio\phase3_verification\batch1\mfa_corpus\speaker1\MAT_001_seg_043.wav,data\processed\audio\phase3_verification\batch1\mfa_corpus\speaker1\MAT_001_seg_043.txt,data\processed\audio\phase3_verification\batch1\textgrids\speaker1\MAT_001_seg_043.TextGrid
MAT_010_seg_019,batch1,MAT,MAT_010,False,low_likelihood,9.499,9.24,0.0,9.24,0.0,0.259,1.97,12,-70.20199835526316,-64.91522497060348,4.012197120934094,-0.013524538327937208,True,high,,data\processed\audio\phase3_verification\batch1\mfa_corpus\speaker1\MAT_010_seg_019.wav,data\processed\audio\phase3_verification\batch1\mfa_corpus\speaker1\MAT_010_seg_019.txt,data\processed\audio\phase3_verification\batch1\textgrids\speaker1\MAT_010_seg_019.TextGrid
MRK_001_seg_033,batch1,MRK,MRK_001,True,,2.653,2.18,0.13,2.31,0.13,0.343,0.69,5,-68.48553213443397,-67.45804945627849,4.012193343675122,3.7532309241014215,True,high,,data\processed\audio\phase3_verification\batch1\mfa_corpus\speaker1\MRK_001_seg_033.wav,data\processed\audio\phase3_verification\batch1\mfa_corpus\speaker1\MRK_001_seg_033.txt,data\processed\audio\phase3_verification\batch1\textgrids\speaker1\MRK_001_seg_033.TextGrid
MRK_001_seg_060,batch1,MRK,MRK_001,True,,5.463,4.67,0.47,5.14,0.47,0.323,1.16,8,-65.02971897893772,-64.2806056408172,3.994441845432043,3.7712150236246433,True,high,,data\processed\audio\phase3_verification\batch1\mfa_corpus\speaker1\MRK_001_seg_060.wav,data\processed\audio\phase3_verification\batch1\mfa_corpus\speaker1\MRK_001_seg_060.txt,data\processed\audio\phase3_verification\batch1\textgrids\speaker1\MRK_001_seg_060.TextGrid
LUK_005_seg_038,batch1,LUK,LUK_005,True,,11.637,9.14,1.54,10.68,1.54,0.957,2.1,11,-68.14206131872852,-63.160670586352076,3.962566452975805,1.6316618291311062,True,high,,data\processed\audio\phase3_verification\batch1\mfa_corpus\speaker1\LUK_005_seg_038.wav,data\processed\audio\phase3_verification\batch1\mfa_corpus\speaker1\LUK_005_seg_038.txt,data\processed\audio\phase3_verification\batch1\textgrids\speaker1\LUK_005_seg_038.TextGrid
LUK_005_seg_044,batch1,LUK,LUK_005,False,long_internal_silence,14.301,13.75,0.31,14.06,0.31,0.241,4.2,12,-65.23521634615385,-66.15306814511617,3.945415660842553,0.04096767251278699,True,high,,data\processed\audio\phase3_verification\batch1\mfa_corpus\speaker1\LUK_005_seg_044.wav,data\processed\audio\phase3_verification\batch1\mfa_corpus\speaker1\LUK_005_seg_044.txt,data\processed\audio\phase3_verification\batch1\textgrids\speaker1\LUK_005_seg_044.TextGrid
LUK_005_seg_051,batch1,LUK,LUK_005,True,,10.317,9.55,0.37,9.92,0.37,0.397,2.11,9,-68.34446160368218,-64.0435461631188,3.92210309650679,-0.2759057560343283,True,high,,data\processed\audio\phase3_verification\batch1\mfa_corpus\speaker1\LUK_005_seg_051.wav,data\processed\audio\phase3_verification\batch1\mfa_corpus\speaker1\LUK_005_seg_051.txt,data\processed\audio\phase3_verification\batch1\textgrids\speaker1\LUK_005_seg_051.TextGrid
JHN_003_seg_026,batch1,JHN,JHN_003,True,,7.084,5.7,0.97,6.67,0.97,0.414,0.94,24,-66.28813559322033,-64.42620136863307,3.9220999556632017,2.2019317049898746,True,high,,data\processed\audio\phase3_verification\batch1\mfa_corpus\speaker1\JHN_003_seg_026.wav,data\processed\audio\phase3_verification\batch1\mfa_corpus\speaker1\JHN_003_seg_026.txt,data\processed\audio\phase3_verification\batch1\textgrids\speaker1\JHN_003_seg_026.TextGrid
MAT_010_seg_030,batch1,MAT,MAT_010,True,,10.856,9.84,0.71,10.55,0.71,0.306,1.36,25,-65.9584915976059,-65.22800452492454,3.9212230974753712,1.3500252561507722,True,high,,data\processed\audio\phase3_verification\batch1\mfa_corpus\speaker1\MAT_010_seg_030.wav,data\processed\audio\phase3_verification\batch1\mfa_corpus\speaker1\MAT_010_seg_030.txt,data\processed\audio\phase3_verification\batch1\textgrids\speaker1\MAT_010_seg_030.TextGrid
ACT_002_seg_004,batch1,ACT,ACT_002,True,,8.51,7.86,0.28,8.14,0.28,0.37,2.32,14,-62.23766616480611,-65.64225047826767,3.812378845988306,-1.6670445628384698,True,high,,data\processed\audio\phase3_verification\batch1\mfa_corpus\speaker1\ACT_002_seg_004.wav,data\processed\audio\phase3_verification\batch1\mfa_corpus\speaker1\ACT_002_seg_004.txt,data\processed\audio\phase3_verification\batch1\textgrids\speaker1\ACT_002_seg_004.TextGrid
ACT_002_seg_047,batch1,ACT,ACT_002,True,,8.863,8.68,0.0,8.68,0.0,0.183,1.83,25,-64.52181063064334,-70.31495735113569,3.775440913680925,-6.524935960612133,True,high,,data\processed\audio\phase3_verification\batch1\mfa_corpus\speaker1\ACT_002_seg_047.wav,data\processed\audio\phase3_verification\batch1\mfa_corpus\speaker1\ACT_002_seg_047.txt,data\processed\audio\phase3_verification\batch1\textgrids\speaker1\ACT_002_seg_047.TextGrid
JHN_003_seg_046,batch1,JHN,JHN_003,True,,11.448,9.75,1.38,11.13,1.38,0.318,1.93,9,-68.21473799126638,-68.4380728231894,3.775440913680925,-0.4344463793804092,True,high,,data\processed\audio\phase3_verification\batch1\mfa_corpus\speaker1\JHN_003_seg_046.wav,data\processed\audio\phase3_verification\batch1\mfa_corpus\speaker1\JHN_003_seg_046.txt,data\processed\audio\phase3_verification\batch1\textgrids\speaker1\JHN_003_seg_046.TextGrid
ACT_002_seg_033,batch1,ACT,ACT_002,True,,9.495,9.17,0.06,9.23,0.06,0.265,1.75,28,-66.97230674342106,-71.21760359597862,3.775440913680925,-1.9266373774950019,True,high,,data\processed\audio\phase3_verification\batch1\mfa_corpus\speaker1\ACT_002_seg_033.wav,data\processed\audio\phase3_verification\batch1\mfa_corpus\speaker1\ACT_002_seg_033.txt,data\processed\audio\phase3_verification\batch1\textgrids\speaker1\ACT_002_seg_033.TextGrid
ACT_002_seg_059,batch1,ACT,ACT_002,True,,10.69,8.91,1.61,10.52,1.61,0.17,2.03,11,-63.43941475678204,-68.46149578429105,3.7351338592118744,-0.7137358322875151,True,high,,data\processed\audio\phase3_verification\batch1\mfa_corpus\speaker1\ACT_002_seg_059.wav,data\processed\audio\phase3_verification\batch1\mfa_corpus\speaker1\ACT_002_seg_059.txt,data\processed\audio\phase3_verification\batch1\textgrids\speaker1\ACT_002_seg_059.TextGrid
JHN_003_seg_011,batch1,JHN,JHN_003,True,,8.471,6.39,1.8,8.19,1.8,0.281,1.52,11,-65.13284017119244,-65.85290793010167,3.7035345945012406,1.595054183470177,True,high,,data\processed\audio\phase3_verification\batch1\mfa_corpus\speaker1\JHN_003_seg_011.wav,data\processed\audio\phase3_verification\batch1\mfa_corpus\speaker1\JHN_003_seg_011.txt,data\processed\audio\phase3_verification\batch1\textgrids\speaker1\JHN_003_seg_011.TextGrid
MAT_001_seg_012,batch1,MAT,MAT_001,False,too_short,2.921,1.47,1.11,2.58,1.11,0.341,0.13,3,-59.28292888484589,-63.33508320858604,3.664858044933022,0.9669019535590522,True,high,,data\processed\audio\phase3_verification\batch1\mfa_corpus\speaker1\MAT_001_seg_012.wav,data\processed\audio\phase3_verification\batch1\mfa_corpus\speaker1\MAT_001_seg_012.txt,data\processed\audio\phase3_verification\batch1\textgrids\speaker1\MAT_001_seg_012.TextGrid
MAT_010_seg_028,batch1,MAT,MAT_010,True,,5.089,4.39,0.36,4.75,0.36,0.339,0.46,25,-69.02126565569745,-64.94177426478659,3.65862715040959,5.971729790784483,True,high,,data\processed\audio\phase3_verification\batch1\mfa_corpus\speaker1\MAT_010_seg_028.wav,data\processed\audio\phase3_verification\batch1\mfa_corpus\speaker1\MAT_010_seg_028.txt,data\processed\audio\phase3_verification\batch1\textgrids\speaker1\MAT_010_seg_028.TextGrid
MAT_010_seg_015,batch1,MAT,MAT_010,False,too_short,1.944,1.4,0.22,1.62,0.22,0.324,0.16,12,-63.47371335373711,-63.065306712005096,3.65862715040959,18.73951306889851,True,high,,data\processed\audio\phase3_verification\batch1\mfa_corpus\speaker1\MAT_010_seg_015.wav,data\processed\audio\phase3_verification\batch1\mfa_corpus\speaker1\MAT_010_seg_015.txt,data\processed\audio\phase3_verification\batch1\textgrids\speaker1\MAT_010_seg_015.TextGrid
LUK_005_seg_005,batch1,LUK,LUK_005,True,,8.846,5.65,1.74,7.39,1.74,1.456,1.95,5,-66.58992761299434,-61.19407291412354,3.636900204676364,0.7681074043714453,True,high,,data\processed\audio\phase3_verification\batch1\mfa_corpus\speaker1\LUK_005_seg_005.wav,data\processed\audio\phase3_verification\batch1\mfa_corpus\speaker1\LUK_005_seg_005.txt,data\processed\audio\phase3_verification\batch1\textgrids\speaker1\LUK_005_seg_005.TextGrid
MAT_001_seg_017,batch1,MAT,MAT_001,True,,3.023,2.33,0.34,2.67,0.34,0.353,0.27,4,-58.04448209850993,-60.05675033569336,3.594691640509067,12.585760952748979,True,high,,data\processed\audio\phase3_verification\batch1\mfa_corpus\speaker1\MAT_001_seg_017.wav,data\processed\audio\phase3_verification\batch1\mfa_corpus\speaker1\MAT_001_seg_017.txt,data\processed\audio\phase3_verification\batch1\textgrids\speaker1\MAT_001_seg_017.TextGrid
LUK_005_seg_015,batch1,LUK,LUK_005,True,,15.064,13.03,0.99,14.02,0.99,1.044,3.2,7,-64.9734499501992,-64.39109327986434,3.586516282595208,2.367662192317134,True,high,,data\processed\audio\phase3_verification\batch1\mfa_corpus\speaker1\LUK_005_seg_015.wav,data\processed\audio\phase3_verification\batch1\mfa_corpus\speaker1\LUK_005_seg_015.txt,data\processed\audio\phase3_verification\batch1\textgrids\speaker1\LUK_005_seg_015.TextGrid
JHN_003_seg_049,batch1,JHN,JHN_003,True,,13.996,10.81,2.87,13.68,2.87,0.316,2.26,8,-66.56599330357143,-66.23745320638021,3.5609293459605795,0.22334950124444575,True,high,,data\processed\audio\phase3_verification\batch1\mfa_corpus\speaker1\JHN_003_seg_049.wav,data\processed\audio\phase3_verification\batch1\mfa_corpus\speaker1\JHN_003_seg_049.txt,data\processed\audio\phase3_verification\batch1\textgrids\speaker1\JHN_003_seg_049.TextGrid
MAT_001_seg_030,batch1,MAT,MAT_001,False,too_short,2.677,1.32,1.33,2.65,1.33,0.027,0.0,3,-64.12744869402985,-71.06664796309038,3.5369046243848037,-0.8723739018421846,True,high,,data\processed\audio\phase3_verification\batch1\mfa_corpus\speaker1\MAT_001_seg_030.wav,data\processed\audio\phase3_verification\batch1\mfa_corpus\speaker1\MAT_001_seg_030.txt,data\processed\audio\phase3_verification\batch1\textgrids\speaker1\MAT_001_seg_030.TextGrid
JHN_003_seg_013,batch1,JHN,JHN_003,True,,6.978,6.4,0.32,6.72,0.32,0.258,0.82,22,-64.87757991583095,-66.29113696319888,3.5109118537230724,1.261831018676407,True,high,,data\processed\audio\phase3_verification\batch1\mfa_corpus\speaker1\JHN_003_seg_013.wav,data\processed\audio\phase3_verification\batch1\mfa_corpus\speaker1\JHN_003_seg_013.txt,data\processed\audio\phase3_verification\batch1\textgrids\speaker1\JHN_003_seg_013.TextGrid
MAT_010_seg_008,batch1,MAT,MAT_010,True,,3.981,3.42,0.19,3.61,0.19,0.371,1.45,5,-66.18742638976131,-64.44674221674602,3.5109063741034436,-0.5258404305606259,True,high,,data\processed\audio\phase3_verification\batch1\mfa_corpus\speaker1\MAT_010_seg_008.wav,data\processed\audio\phase3_verification\batch1\mfa_corpus\speaker1\MAT_010_seg_008.txt,data\processed\audio\phase3_verification\batch1\textgrids\speaker1\MAT_010_seg_008.TextGrid
MAT_001_seg_015,batch1,MAT,MAT_001,True,,2.917,2.28,0.31,2.59,0.31,0.327,0.3,3,-60.400571222174655,-62.89004866282145,3.4973419968731916,13.391171025518865,True,high,,data\processed\audio\phase3_verification\batch1\mfa_corpus\speaker1\MAT_001_seg_015.wav,data\processed\audio\phase3_verification\batch1\mfa_corpus\speaker1\MAT_001_seg_015.txt,data\processed\audio\phase3_verification\batch1\textgrids\speaker1\MAT_001_seg_015.TextGrid
ACT_002_seg_042,batch1,ACT,ACT_002,True,,8.299,7.92,0.3,8.22,0.3,0.079,1.62,17,-64.76811464608434,-69.84801163784293,3.403205874419837,-1.441977167304973,True,high,,data\processed\audio\phase3_verification\batch1\mfa_corpus\speaker1\ACT_002_seg_042.wav,data\processed\audio\phase3_verification\batch1\mfa_corpus\speaker1\ACT_002_seg_042.txt,data\processed\audio\phase3_verification\batch1\textgrids\speaker1\ACT_002_seg_042.TextGrid
JHN_003_seg_034,batch1,JHN,JHN_003,True,,8.896,8.21,0.26,8.47,0.26,0.426,1.61,14,-62.53820224719101,-65.15715314264168,3.4001455922336623,0.2018728276401287,True,high,,data\processed\audio\phase3_verification\batch1\mfa_corpus\speaker1\JHN_003_seg_034.wav,data\processed\audio\phase3_verification\batch1\mfa_corpus\speaker1\JHN_003_seg_034.txt,data\processed\audio\phase3_verification\batch1\textgrids\speaker1\JHN_003_seg_034.TextGrid
MRK_001_seg_039,batch1,MRK,MRK_001,True,,4.914,4.3,0.39,4.69,0.39,0.224,0.71,20,-64.36831323192465,-65.07664930964091,3.395157485999567,3.3149756501685186,True,high,,data\processed\audio\phase3_verification\batch1\mfa_corpus\speaker1\MRK_001_seg_039.wav,data\processed\audio\phase3_verification\batch1\mfa_corpus\speaker1\MRK_001_seg_039.txt,data\processed\audio\phase3_verification\batch1\textgrids\speaker1\MRK_001_seg_039.TextGrid
ACT_002_seg_025,batch1,ACT,ACT_002,False,long_internal_silence,17.906,13.14,4.42,17.56,4.42,0.346,3.81,6,-64.33325917783361,-65.01091262817383,3.392285740376384,1.4905598566986864,True,high,,data\processed\audio\phase3_verification\batch1\mfa_corpus\speaker1\ACT_002_seg_025.wav,data\processed\audio\phase3_verification\batch1\mfa_corpus\speaker1\ACT_002_seg_025.txt,data\processed\audio\phase3_verification\batch1\textgrids\speaker1\ACT_002_seg_025.TextGrid
MAT_001_seg_029,batch1,MAT,MAT_001,True,,3.549,2.24,1.05,3.29,1.05,0.259,0.65,3,-61.923767605633806,-59.020777660867445,3.3922756877055695,1.7723592245506978,True,high,,data\processed\audio\phase3_verification\batch1\mfa_corpus\speaker1\MAT_001_seg_029.wav,data\processed\audio\phase3_verification\batch1\mfa_corpus\speaker1\MAT_001_seg_029.txt,data\processed\audio\phase3_verification\batch1\textgrids\speaker1\MAT_001_seg_029.TextGrid
MAT_001_seg_051,batch1,MAT,MAT_001,True,,4.335,3.11,1.08,4.19,1.08,0.145,1.51,5,-66.00110707085254,-63.505349389437974,3.378475051288031,1.2488905830435968,True,high,,data\processed\audio\phase3_verification\batch1\mfa_corpus\speaker1\MAT_001_seg_051.wav,data\processed\audio\phase3_verification\batch1\mfa_corpus\speaker1\MAT_001_seg_051.txt,data\processed\audio\phase3_verification\batch1\textgrids\speaker1\MAT_001_seg_051.TextGrid
JHN_003_seg_012,batch1,JHN,JHN_003,True,,4.745,3.56,0.92,4.48,0.92,0.265,1.13,11,-66.92605263157894,-67.7919942070456,3.3366899566676302,1.2751857784223652,True,high,,data\processed\audio\phase3_verification\batch1\mfa_corpus\speaker1\JHN_003_seg_012.wav,data\processed\audio\phase3_verification\batch1\mfa_corpus\speaker1\JHN_003_seg_012.txt,data\processed\audio\phase3_verification\batch1\textgrids\speaker1\JHN_003_seg_012.TextGrid
JHN_003_seg_044,batch1,JHN,JHN_003,True,,4.391,4.11,0.0,4.11,0.0,0.281,1.14,14,-64.09159666856492,-64.88887144389905,3.316599433853047,-0.5605684315319852,True,high,,data\processed\audio\phase3_verification\batch1\mfa_corpus\speaker1\JHN_003_seg_044.wav,data\processed\audio\phase3_verification\batch1\mfa_corpus\speaker1\JHN_003_seg_044.txt,data\processed\audio\phase3_verification\batch1\textgrids\speaker1\JHN_003_seg_044.TextGrid
ACT_002_seg_013,batch1,ACT,ACT_002,True,,2.388,2.388,0.0,2.388,0.0,0.0,0.23,19,-66.8767774254707,-67.51387252807618,3.31514590592983,2.158516868649185,True,high,,data\processed\audio\phase3_verification\batch1\mfa_corpus\speaker1\ACT_002_seg_013.wav,data\processed\audio\phase3_verification\batch1\mfa_corpus\speaker1\ACT_002_seg_013.txt,data\processed\audio\phase3_verification\batch1\textgrids\speaker1\ACT_002_seg_013.TextGrid
MAT_001_seg_027,batch1,MAT,MAT_001,False,too_short,2.627,1.44,0.97,2.41,0.97,0.217,0.14,4,-61.45495559054182,-64.2957175682331,3.2724717621599186,-0.8658007163895647,True,high,,data\processed\audio\phase3_verification\batch1\mfa_corpus\speaker1\MAT_001_seg_027.wav,data\processed\audio\phase3_verification\batch1\mfa_corpus\speaker1\MAT_001_seg_027.txt,data\processed\audio\phase3_verification\batch1\textgrids\speaker1\MAT_001_seg_027.TextGrid
JHN_003_seg_039,batch1,JHN,JHN_003,True,,4.07,3.65,0.12,3.77,0.12,0.3,0.58,19,-62.083802019348894,-65.39163117361541,3.2458583724853547,1.9854862382597265,True,high,,data\processed\audio\phase3_verification\batch1\mfa_corpus\speaker1\JHN_003_seg_039.wav,data\processed\audio\phase3_verification\batch1\mfa_corpus\speaker1\JHN_003_seg_039.txt,data\processed\audio\phase3_verification\batch1\textgrids\speaker1\JHN_003_seg_039.TextGrid
ACT_002_seg_053,batch1,ACT,ACT_002,True,,7.298,7.15,0.0,7.15,0.0,0.148,1.08,28,-64.9627033390411,-65.9151341494392,3.2293946147139594,0.0012618601171521249,True,high,,data\processed\audio\phase3_verification\batch1\mfa_corpus\speaker1\ACT_002_seg_053.wav,data\processed\audio\phase3_verification\batch1\mfa_corpus\speaker1\ACT_002_seg_053.txt,data\processed\audio\phase3_verification\batch1\textgrids\speaker1\ACT_002_seg_053.TextGrid
ACT_002_seg_015,batch1,ACT,ACT_002,True,,8.166,4.09,3.8,7.89,3.8,0.276,1.39,7,-65.3413546129131,-67.66201824612088,3.2236180083822332,-2.8477924575606295,True,high,,data\processed\audio\phase3_verification\batch1\mfa_corpus\speaker1\ACT_002_seg_015.wav,data\processed\audio\phase3_verification\batch1\mfa_corpus\speaker1\ACT_002_seg_015.txt,data\processed\audio\phase3_verification\batch1\textgrids\speaker1\ACT_002_seg_015.TextGrid
MAT_001_seg_025,batch1,MAT,MAT_001,True,,3.287,2.05,0.91,2.96,0.91,0.327,0.33,7,-64.40420189019757,-65.89935292137994,3.182226174137579,3.7685750360990458,True,high,,data\processed\audio\phase3_verification\batch1\mfa_corpus\speaker1\MAT_001_seg_025.wav,data\processed\audio\phase3_verification\batch1\mfa_corpus\speaker1\MAT_001_seg_025.txt,data\processed\audio\phase3_verification\batch1\textgrids\speaker1\MAT_001_seg_025.TextGrid
LUK_005_seg_011,batch1,LUK,LUK_005,True,,4.223,2.37,1.48,3.85,1.48,0.373,1.58,4,-63.291015625,-70.93694964322177,3.16656186392525,1.3328652747830478,True,high,,data\processed\audio\phase3_verification\batch1\mfa_corpus\speaker1\LUK_005_seg_011.wav,data\processed\audio\phase3_verification\batch1\mfa_corpus\speaker1\LUK_005_seg_011.txt,data\processed\audio\phase3_verification\batch1\textgrids\speaker1\LUK_005_seg_011.TextGrid
LUK_005_seg_047,batch1,LUK,LUK_005,True,,2.026,1.78,0.22,2.0,0.22,0.026,0.45,7,-63.15564866841133,-68.64080361758961,3.1593250145199407,-1.740109820429545,True,high,,data\processed\audio\phase3_verification\batch1\mfa_corpus\speaker1\LUK_005_seg_047.wav,data\processed\audio\phase3_verification\batch1\mfa_corpus\speaker1\LUK_005_seg_047.txt,data\processed\audio\phase3_verification\batch1\textgrids\speaker1\LUK_005_seg_047.TextGrid
JHN_003_seg_024,batch1,JHN,JHN_003,False,low_likelihood,3.654,2.56,0.97,3.53,0.97,0.124,0.42,9,-72.7802814640411,-67.86214423666195,3.1593237170250488,0.8177631734011204,True,high,,data\processed\audio\phase3_verification\batch1\mfa_corpus\speaker1\JHN_003_seg_024.wav,data\processed\audio\phase3_verification\batch1\mfa_corpus\speaker1\JHN_003_seg_024.txt,data\processed\audio\phase3_verification\batch1\textgrids\speaker1\JHN_003_seg_024.TextGrid
MRK_001_seg_041,batch1,MRK,MRK_001,True,,5.127,4.16,0.55,4.71,0.55,0.417,0.37,17,-62.81732379995127,-65.14609151137502,3.13295415883214,8.898128695321173,True,high,,data\processed\audio\phase3_verification\batch1\mfa_corpus\speaker1\MRK_001_seg_041.wav,data\processed\audio\phase3_verification\batch1\mfa_corpus\speaker1\MRK_001_seg_041.txt,data\processed\audio\phase3_verification\batch1\textgrids\speaker1\MRK_001_seg_041.TextGrid
MRK_001_seg_021,batch1,MRK,MRK_001,True,,3.786,3.02,0.43,3.45,0.43,0.336,0.19,12,-63.08456670514512,-66.9106877849948,3.1316846807459546,15.223743534753853,True,high,,data\processed\audio\phase3_verification\batch1\mfa_corpus\speaker1\MRK_001_seg_021.wav,data\processed\audio\phase3_verification\batch1\mfa_corpus\speaker1\MRK_001_seg_021.txt,data\processed\audio\phase3_verification\batch1\textgrids\speaker1\MRK_001_seg_021.TextGrid
LUK_005_seg_049,batch1,LUK,LUK_005,True,,4.482,3.98,0.23,4.21,0.23,0.272,1.32,17,-65.54058401925224,-70.13756022135416,3.1316815399023663,-1.1354781535335707,True,high,,data\processed\audio\phase3_verification\batch1\mfa_corpus\speaker1\LUK_005_seg_049.wav,data\processed\audio\phase3_verification\batch1\mfa_corpus\speaker1\LUK_005_seg_049.txt,data\processed\audio\phase3_verification\batch1\textgrids\speaker1\LUK_005_seg_049.TextGrid
ACT_002_seg_017,batch1,ACT,ACT_002,True,,6.404,4.67,1.46,6.13,1.46,0.274,1.46,6,-62.456512451171875,-59.03030640738351,3.091982737752603,-1.561167996440064,True,high,,data\processed\audio\phase3_verification\batch1\mfa_corpus\speaker1\ACT_002_seg_017.wav,data\processed\audio\phase3_verification\batch1\mfa_corpus\speaker1\ACT_002_seg_017.txt,data\processed\audio\phase3_verification\batch1\textgrids\speaker1\ACT_002_seg_017.TextGrid
MAT_010_seg_040,batch1,MAT,MAT_010,True,,7.473,5.92,1.21,7.13,1.21,0.343,1.32,23,-67.68882300033466,-68.934289210051,3.0919805861152394,-0.5965723149345568,True,high,,data\processed\audio\phase3_verification\batch1\mfa_corpus\speaker1\MAT_010_seg_040.wav,data\processed\audio\phase3_verification\batch1\mfa_corpus\speaker1\MAT_010_seg_040.txt,data\processed\audio\phase3_verification\batch1\textgrids\speaker1\MAT_010_seg_040.TextGrid
MAT_010_seg_034,batch1,MAT,MAT_010,True,,9.866,7.45,2.01,9.46,2.01,0.406,3.17,5,-63.80123638551165,-57.45491809844971,3.091978434477876,-0.09318092940339717,True,high,,data\processed\audio\phase3_verification\batch1\mfa_corpus\speaker1\MAT_010_seg_034.wav,data\processed\audio\phase3_verification\batch1\mfa_corpus\speaker1\MAT_010_seg_034.txt,data\processed\audio\phase3_verification\batch1\textgrids\speaker1\MAT_010_seg_034.TextGrid
ACT_002_seg_028,batch1,ACT,ACT_002,True,,9.995,9.47,0.23,9.7,0.23,0.295,2.51,10,-63.5173984375,-66.27823114395142,3.091978434477876,-0.6858834475056224,True,high,,data\processed\audio\phase3_verification\batch1\mfa_corpus\speaker1\ACT_002_seg_028.wav,data\processed\audio\phase3_verification\batch1\mfa_corpus\speaker1\ACT_002_seg_028.txt,data\processed\audio\phase3_verification\batch1\textgrids\speaker1\ACT_002_seg_028.TextGrid
ACT_002_seg_038,batch1,ACT,ACT_002,False,long_internal_silence,12.795,12.25,0.27,12.52,0.27,0.275,5.75,8,-62.17415161132813,-63.330503603307214,3.0616196823534585,-0.38029765762570733,True,high,,data\processed\audio\phase3_verification\batch1\mfa_corpus\speaker1\ACT_002_seg_038.wav,data\processed\audio\phase3_verification\batch1\mfa_corpus\speaker1\ACT_002_seg_038.txt,data\processed\audio\phase3_verification\batch1\textgrids\speaker1\ACT_002_seg_038.TextGrid
MAT_010_seg_022,batch1,MAT,MAT_010,False,too_short,1.978,0.998,0.98,1.978,0.98,0.0,0.0,9,-65.86652659406566,-64.96446063471775,3.061615905094486,-0.24832328205791931,True,high,,data\processed\audio\phase3_verification\batch1\mfa_corpus\speaker1\MAT_010_seg_022.wav,data\processed\audio\phase3_verification\batch1\mfa_corpus\speaker1\MAT_010_seg_022.txt,data\processed\audio\phase3_verification\batch1\textgrids\speaker1\MAT_010_seg_022.TextGrid
MAT_001_seg_052,batch1,MAT,MAT_001,True,,3.887,1.79,1.72,3.51,1.72,0.377,0.82,5,-62.11477747429306,-60.635763549804686,3.054966360661386,1.7377246032182558,True,high,,data\processed\audio\phase3_verification\batch1\mfa_corpus\speaker1\MAT_001_seg_052.wav,data\processed\audio\phase3_verification\batch1\mfa_corpus\speaker1\MAT_001_seg_052.txt,data\processed\audio\phase3_verification\batch1\textgrids\speaker1\MAT_001_seg_052.TextGrid
ACT_002_seg_039,batch1,ACT,ACT_002,True,,8.97,8.93,0.0,8.93,0.0,0.04,1.08,14,-62.537059294871796,-65.36540655362404,3.054966360661386,-3.4424339498501144,True,high,,data\processed\audio\phase3_verification\batch1\mfa_corpus\speaker1\ACT_002_seg_039.wav,data\processed\audio\phase3_verification\batch1\mfa_corpus\speaker1\ACT_002_seg_039.txt,data\processed\audio\phase3_verification\batch1\textgrids\speaker1\ACT_002_seg_039.TextGrid
LUK_005_seg_028,batch1,LUK,LUK_005,True,,4.067,2.34,1.4,3.74,1.4,0.327,1.56,5,-63.16300195792383,-69.55500510886863,3.0404815223853157,2.0510118422878527,True,high,,data\processed\audio\phase3_verification\batch1\mfa_corpus\speaker1\LUK_005_seg_028.wav,data\processed\audio\phase3_verification\batch1\mfa_corpus\speaker1\LUK_005_seg_028.txt,data\processed\audio\phase3_verification\batch1\textgrids\speaker1\LUK_005_seg_028.TextGrid
MAT_010_seg_045,batch1,MAT,MAT_010,False,too_short,2.563,1.1,0.53,1.63,0.53,0.933,0.0,10,-67.16806030273438,-63.18272227332706,3.0309874749808596,15.21680524618563,True,high,,data\processed\audio\phase3_verification\batch1\mfa_corpus\speaker1\MAT_010_seg_045.wav,data\processed\audio\phase3_verification\batch1\mfa_corpus\speaker1\MAT_010_seg_045.txt,data\processed\audio\phase3_verification\batch1\textgrids\speaker1\MAT_010_seg_045.TextGrid
MAT_010_seg_001,batch1,MAT,MAT_010,True,,8.287,8.07,0.05,8.12,0.05,0.167,1.24,23,-64.48629278498191,-66.47694719754733,3.0309797097305413,-0.38846431941351334,True,high,,data\processed\audio\phase3_verification\batch1\mfa_corpus\speaker1\MAT_010_seg_001.wav,data\processed\audio\phase3_verification\batch1\mfa_corpus\speaker1\MAT_010_seg_001.txt,data\processed\audio\phase3_verification\batch1\textgrids\speaker1\MAT_010_seg_001.TextGrid
MAT_001_seg_031,batch1,MAT,MAT_001,False,too_short,2.575,1.29,1.0,2.29,1.0,0.285,0.11,3,-64.67390382751938,-67.4438081741333,3.0158470406733144,0.884578933313005,True,high,,data\processed\audio\phase3_verification\batch1\mfa_corpus\speaker1\MAT_001_seg_031.wav,data\processed\audio\phase3_verification\batch1\mfa_corpus\speaker1\MAT_001_seg_031.txt,data\processed\audio\phase3_verification\batch1\textgrids\speaker1\MAT_001_seg_031.TextGrid
MAT_001_seg_032,batch1,MAT,MAT_001,False,too_short,2.646,1.43,0.89,2.32,0.89,0.326,0.35,3,-65.09021963443396,-66.45839004516601,2.9995369033921775,1.0148080105631276,True,high,,data\processed\audio\phase3_verification\batch1\mfa_corpus\speaker1\MAT_001_seg_032.wav,data\processed\audio\phase3_verification\batch1\mfa_corpus\speaker1\MAT_001_seg_032.txt,data\processed\audio\phase3_verification\batch1\textgrids\speaker1\MAT_001_seg_032.TextGrid
LUK_005_seg_002,batch1,LUK,LUK_005,True,,5.07,3.83,0.98,4.81,0.98,0.26,1.95,7,-64.2487788153353,-66.63552462670111,2.9500397800308464,2.458309545303363,True,high,,data\processed\audio\phase3_verification\batch1\mfa_corpus\speaker1\LUK_005_seg_002.wav,data\processed\audio\phase3_verification\batch1\mfa_corpus\speaker1\LUK_005_seg_002.txt,data\processed\audio\phase3_verification\batch1\textgrids\speaker1\LUK_005_seg_002.TextGrid
MAT_001_seg_011,batch1,MAT,MAT_001,True,,6.024,5.63,0.21,5.84,0.21,0.184,2.03,7,-61.88149527616279,-64.73316606794084,2.941645594010053,-0.418226480372482,True,high,,data\processed\audio\phase3_verification\batch1\mfa_corpus\speaker1\MAT_001_seg_011.wav,data\processed\audio\phase3_verification\batch1\mfa_corpus\speaker1\MAT_001_seg_011.txt,data\processed\audio\phase3_verification\batch1\textgrids\speaker1\MAT_001_seg_011.TextGrid
MAT_001_seg_002,batch1,MAT,MAT_001,True,,8.653,2.91,1.79,4.7,1.79,3.953,1.94,3,-62.7040823699422,-65.8434681892395,2.9416429990202695,-0.9656517832581333,True,high,,data\processed\audio\phase3_verification\batch1\mfa_corpus\speaker1\MAT_001_seg_002.wav,data\processed\audio\phase3_verification\batch1\mfa_corpus\speaker1\MAT_001_seg_002.txt,data\processed\audio\phase3_verification\batch1\textgrids\speaker1\MAT_001_seg_002.TextGrid
MAT_010_seg_021,batch1,MAT,MAT_010,True,,3.265,2.82,0.07,2.89,0.07,0.375,0.9,10,-68.74605791284404,-66.93640551359758,2.9416404040304855,-3.954719057884393,True,high,,data\processed\audio\phase3_verification\batch1\mfa_corpus\speaker1\MAT_010_seg_021.wav,data\processed\audio\phase3_verification\batch1\mfa_corpus\speaker1\MAT_010_seg_021.txt,data\processed\audio\phase3_verification\batch1\textgrids\speaker1\MAT_010_seg_021.TextGrid
MAT_001_seg_003,batch1,MAT,MAT_001,False,long_internal_silence,11.125,6.12,4.65,10.77,4.65,0.355,4.32,3,-62.645924584456424,-63.09374445134943,2.9416404040304855,-0.7865139974550814,True,high,,data\processed\audio\phase3_verification\batch1\mfa_corpus\speaker1\MAT_001_seg_003.wav,data\processed\audio\phase3_verification\batch1\mfa_corpus\speaker1\MAT_001_seg_003.txt,data\processed\audio\phase3_verification\batch1\textgrids\speaker1\MAT_001_seg_003.TextGrid
MRK_001_seg_024,batch1,MRK,MRK_001,True,,12.045,9.95,1.12,11.07,1.12,0.975,2.44,6,-66.63755835062241,-66.48430569966634,2.941635214050918,1.363787541780587,True,high,,data\processed\audio\phase3_verification\batch1\mfa_corpus\speaker1\MRK_001_seg_024.wav,data\processed\audio\phase3_verification\batch1\mfa_corpus\speaker1\MRK_001_seg_024.txt,data\processed\audio\phase3_verification\batch1\textgrids\speaker1\MRK_001_seg_024.TextGrid
MAT_010_seg_014,batch1,MAT,MAT_010,True,,7.802,7.39,0.12,7.51,0.12,0.292,1.35,8,-65.43362880608974,-65.7599928595803,2.911487796342538,0.8098501024413434,True,high,,data\processed\audio\phase3_verification\batch1\mfa_corpus\speaker1\MAT_010_seg_014.wav,data\processed\audio\phase3_verification\batch1\mfa_corpus\speaker1\MAT_010_seg_014.txt,data\processed\audio\phase3_verification\batch1\textgrids\speaker1\MAT_010_seg_014.TextGrid
MRK_001_seg_019,batch1,MRK,MRK_001,True,,3.04,2.19,0.4,2.59,0.4,0.45,0.11,9,-59.3946533203125,-67.31254034042358,2.9114872584331972,13.965329212539942,True,high,,data\processed\audio\phase3_verification\batch1\mfa_corpus\speaker1\MRK_001_seg_019.wav,data\processed\audio\phase3_verification\batch1\mfa_corpus\speaker1\MRK_001_seg_019.txt,data\processed\audio\phase3_verification\batch1\textgrids\speaker1\MRK_001_seg_019.TextGrid
JHN_003_seg_025,batch1,JHN,JHN_003,False,low_likelihood,3.663,2.99,0.33,3.32,0.33,0.343,0.22,24,-70.4090409409153,-67.90250261013324,2.868211875492343,19.903146448023733,True,high,,data\processed\audio\phase3_verification\batch1\mfa_corpus\speaker1\JHN_003_seg_025.wav,data\processed\audio\phase3_verification\batch1\mfa_corpus\speaker1\JHN_003_seg_025.txt,data\processed\audio\phase3_verification\batch1\textgrids\speaker1\JHN_003_seg_025.TextGrid
JHN_003_seg_008,batch1,JHN,JHN_003,True,,8.759,7.68,0.73,8.41,0.73,0.349,1.69,12,-65.62780928938356,-65.15144660949707,2.8328013425229877,1.9447759147107018,True,high,,data\processed\audio\phase3_verification\batch1\mfa_corpus\speaker1\JHN_003_seg_008.wav,data\processed\audio\phase3_verification\batch1\mfa_corpus\speaker1\JHN_003_seg_008.txt,data\processed\audio\phase3_verification\batch1\textgrids\speaker1\JHN_003_seg_008.TextGrid
LUK_005_seg_050,batch1,LUK,LUK_005,True,,7.93,6.99,0.79,7.78,0.79,0.15,1.27,14,-64.96943962799496,-64.86718382486482,2.8328013425229877,0.5547436358582445,True,high,,data\processed\audio\phase3_verification\batch1\mfa_corpus\speaker1\LUK_005_seg_050.wav,data\processed\audio\phase3_verification\batch1\mfa_corpus\speaker1\LUK_005_seg_050.txt,data\processed\audio\phase3_verification\batch1\textgrids\speaker1\LUK_005_seg_050.TextGrid
JHN_003_seg_020,batch1,JHN,JHN_003,True,,4.488,2.6,1.57,4.17,1.57,0.318,1.0,6,-67.67558550250557,-63.228900562633164,2.82785383616186,0.26631479733573826,True,high,,data\processed\audio\phase3_verification\batch1\mfa_corpus\speaker1\JHN_003_seg_020.wav,data\processed\audio\phase3_verification\batch1\mfa_corpus\speaker1\JHN_003_seg_020.txt,data\processed\audio\phase3_verification\batch1\textgrids\speaker1\JHN_003_seg_020.TextGrid
ACT_002_seg_007,batch1,ACT,ACT_002,False,low_likelihood,4.848,3.15,1.39,4.54,1.39,0.308,1.13,17,-70.62661082474227,-69.45554420275566,2.82785383616186,0.14289486615481195,True,high,,data\processed\audio\phase3_verification\batch1\mfa_corpus\speaker1\ACT_002_seg_007.wav,data\processed\audio\phase3_verification\batch1\mfa_corpus\speaker1\ACT_002_seg_007.txt,data\processed\audio\phase3_verification\batch1\textgrids\speaker1\ACT_002_seg_007.TextGrid
MAT_010_seg_012,batch1,MAT,MAT_010,True,,13.332,8.22,4.83,13.05,4.83,0.282,3.19,7,-64.42236144973744,-61.30703671773275,2.8212422083201982,-0.6533275834282115,True,high,,data\processed\audio\phase3_verification\batch1\mfa_corpus\speaker1\MAT_010_seg_012.wav,data\processed\audio\phase3_verification\batch1\mfa_corpus\speaker1\MAT_010_seg_012.txt,data\processed\audio\phase3_verification\batch1\textgrids\speaker1\MAT_010_seg_012.TextGrid
JHN_003_seg_003,batch1,JHN,JHN_003,True,,5.51,4.92,0.41,5.33,0.41,0.18,0.47,22,-65.78099478221415,-67.11995408972915,2.768566320791089,5.412057047927474,True,high,,data\processed\audio\phase3_verification\batch1\mfa_corpus\speaker1\JHN_003_seg_003.wav,data\processed\audio\phase3_verification\batch1\mfa_corpus\speaker1\JHN_003_seg_003.txt,data\processed\audio\phase3_verification\batch1\textgrids\speaker1\JHN_003_seg_003.TextGrid
MAT_010_seg_016,batch1,MAT,MAT_010,True,,10.666,9.92,0.44,10.36,0.44,0.306,1.63,14,-64.98213448922212,-63.43192899227142,2.768566320791089,1.1378272717189013,True,high,,data\processed\audio\phase3_verification\batch1\mfa_corpus\speaker1\MAT_010_seg_016.wav,data\processed\audio\phase3_verification\batch1\mfa_corpus\speaker1\MAT_010_seg_016.txt,data\processed\audio\phase3_verification\batch1\textgrids\speaker1\MAT_010_seg_016.TextGrid
MAT_001_seg_055,batch1,MAT,MAT_001,True,,6.302,4.51,1.45,5.96,1.45,0.342,1.51,5,-64.32787078373016,-63.56356938680013,2.756295170349564,1.1593446051840903,True,high,,data\processed\audio\phase3_verification\batch1\mfa_corpus\speaker1\MAT_001_seg_055.wav,data\processed\audio\phase3_verification\batch1\mfa_corpus\speaker1\MAT_001_seg_055.txt,data\processed\audio\phase3_verification\batch1\textgrids\speaker1\MAT_001_seg_055.TextGrid
LUK_005_seg_003,batch1,LUK,LUK_005,True,,5.122,4.67,0.08,4.75,0.08,0.372,1.73,8,-63.78434753417969,-60.753002066361276,2.756295170349564,-2.011845879430913,True,high,,data\processed\audio\phase3_verification\batch1\mfa_corpus\speaker1\LUK_005_seg_003.wav,data\processed\audio\phase3_verification\batch1\mfa_corpus\speaker1\LUK_005_seg_003.txt,data\processed\audio\phase3_verification\batch1\textgrids\speaker1\LUK_005_seg_003.TextGrid
ACT_002_seg_014,batch1,ACT,ACT_002,True,,12.736,9.18,1.73,10.91,1.73,1.826,2.05,7,-62.65788731357928,-64.08937023532006,2.753221038134049,-0.883961852700363,True,high,,data\processed\audio\phase3_verification\batch1\mfa_corpus\speaker1\ACT_002_seg_014.wav,data\processed\audio\phase3_verification\batch1\mfa_corpus\speaker1\ACT_002_seg_014.txt,data\processed\audio\phase3_verification\batch1\textgrids\speaker1\ACT_002_seg_014.TextGrid
LUK_005_seg_054,batch1,LUK,LUK_005,True,,3.52,3.03,0.19,3.22,0.19,0.3,0.58,12,-67.42437744140625,-66.50546741485596,2.744755814586197,2.7695926428976403,True,high,,data\processed\audio\phase3_verification\batch1\mfa_corpus\speaker1\LUK_005_seg_054.wav,data\processed\audio\phase3_verification\batch1\mfa_corpus\speaker1\LUK_005_seg_054.txt,data\processed\audio\phase3_verification\batch1\textgrids\speaker1\LUK_005_seg_054.TextGrid
JHN_003_seg_009,batch1,JHN,JHN_003,True,,3.069,2.77,0.0,2.77,0.0,0.299,0.84,7,-64.43379733306189,-68.73847132715686,2.7239575370497917,-1.9978453015181703,True,high,,data\processed\audio\phase3_verification\batch1\mfa_corpus\speaker1\JHN_003_seg_009.wav,data\processed\audio\phase3_verification\batch1\mfa_corpus\speaker1\JHN_003_seg_009.txt,data\processed\audio\phase3_verification\batch1\textgrids\speaker1\JHN_003_seg_009.TextGrid
MRK_001_seg_065,batch1,MRK,MRK_001,True,,9.239,7.56,1.37,8.93,1.37,0.309,3.03,4,-61.81900618912338,-63.26880726061369,2.7239570910359223,-0.17398327715448936,True,high,,data\processed\audio\phase3_verification\batch1\mfa_corpus\speaker1\MRK_001_seg_065.wav,data\processed\audio\phase3_verification\batch1\mfa_corpus\speaker1\MRK_001_seg_065.txt,data\processed\audio\phase3_verification\batch1\textgrids\speaker1\MRK_001_seg_065.TextGrid
MAT_010_seg_026,batch1,MAT,MAT_010,False,low_likelihood,2.891,2.12,0.32,2.44,0.32,0.451,0.86,7,-73.6444298767301,-68.58339629634735,2.7239570910359223,1.373711517882679,True,high,,data\processed\audio\phase3_verification\batch1\mfa_corpus\speaker1\MAT_010_seg_026.wav,data\processed\audio\phase3_verification\batch1\mfa_corpus\speaker1\MAT_010_seg_026.txt,data\processed\audio\phase3_verification\batch1\textgrids\speaker1\MAT_010_seg_026.TextGrid
MAT_001_seg_005,batch1,MAT,MAT_001,True,,2.823,2.7,0.0,2.7,0.0,0.123,0.63,15,-60.179209607712764,-64.22749078924005,2.7176540178159585,1.4858599118759575,True,high,,data\processed\audio\phase3_verification\batch1\mfa_corpus\speaker1\MAT_001_seg_005.wav,data\processed\audio\phase3_verification\batch1\mfa_corpus\speaker1\MAT_001_seg_005.txt,data\processed\audio\phase3_verification\batch1\textgrids\speaker1\MAT_001_seg_005.TextGrid
JHN_003_seg_045,batch1,JHN,JHN_003,True,,6.384,4.74,1.36,6.1,1.36,0.284,2.15,14,-67.05059757053291,-62.451161434775905,2.717651002014714,0.2614907642119615,True,high,,data\processed\audio\phase3_verification\batch1\mfa_corpus\speaker1\JHN_003_seg_045.wav,data\processed\audio\phase3_verification\batch1\mfa_corpus\speaker1\JHN_003_seg_045.txt,data\processed\audio\phase3_verification\batch1\textgrids\speaker1\JHN_003_seg_045.TextGrid
ACT_002_seg_026,batch1,ACT,ACT_002,True,,11.523,10.01,1.28,11.29,1.28,0.233,2.27,14,-63.581746419270836,-66.69494869834499,2.6200877470979282,-2.8881757660193106,True,high,,data\processed\audio\phase3_verification\batch1\mfa_corpus\speaker1\ACT_002_seg_026.wav,data\processed\audio\phase3_verification\batch1\mfa_corpus\speaker1\ACT_002_seg_026.txt,data\processed\audio\phase3_verification\batch1\textgrids\speaker1\ACT_002_seg_026.TextGrid
LUK_005_seg_056,batch1,LUK,LUK_005,True,,2.205,1.87,0.0,1.87,0.0,0.335,0.52,10,-67.3511603860294,-64.14858730022723,2.615115434538641,8.464170622953137,True,high,,data\processed\audio\phase3_verification\batch1\mfa_corpus\speaker1\LUK_005_seg_056.wav,data\processed\audio\phase3_verification\batch1\mfa_corpus\speaker1\LUK_005_seg_056.txt,data\processed\audio\phase3_verification\batch1\textgrids\speaker1\LUK_005_seg_056.TextGrid
MRK_001_seg_017,batch1,MRK,MRK_001,False,low_likelihood,2.996,2.8,0.0,2.8,0.0,0.196,1.16,21,-72.25345052083334,-71.662919921875,2.6047390702387316,-4.988396405690898,True,high,,data\processed\audio\phase3_verification\batch1\mfa_corpus\speaker1\MRK_001_seg_017.wav,data\processed\audio\phase3_verification\batch1\mfa_corpus\speaker1\MRK_001_seg_017.txt,data\processed\audio\phase3_verification\batch1\textgrids\speaker1\MRK_001_seg_017.TextGrid
MRK_001_seg_010,batch1,MRK,MRK_001,True,,2.513,1.96,0.42,2.38,0.42,0.133,0.14,12,-60.27954976967131,-63.26101781966838,2.5863724017705634,9.29255915579159,True,high,,data\processed\audio\phase3_verification\batch1\mfa_corpus\speaker1\MRK_001_seg_010.wav,data\processed\audio\phase3_verification\batch1\mfa_corpus\speaker1\MRK_001_seg_010.txt,data\processed\audio\phase3_verification\batch1\textgrids\speaker1\MRK_001_seg_010.TextGrid
MAT_001_seg_022,batch1,MAT,MAT_001,True,,3.009,1.77,0.91,2.68,0.91,0.329,0.47,3,-65.02912816652824,-63.293025207519534,2.586327185804168,2.5386650802376867,True,high,,data\processed\audio\phase3_verification\batch1\mfa_corpus\speaker1\MAT_001_seg_022.wav,data\processed\audio\phase3_verification\batch1\mfa_corpus\speaker1\MAT_001_seg_022.txt,data\processed\audio\phase3_verification\batch1\textgrids\speaker1\MAT_001_seg_022.TextGrid
MAT_001_seg_042,batch1,MAT,MAT_001,True,,3.423,3.083,0.34,3.423,0.34,0.0,0.98,9,-69.94600351790936,-68.48402150472005,2.5505038305251575,-1.552260693970073,True,high,,data\processed\audio\phase3_verification\batch1\mfa_corpus\speaker1\MAT_001_seg_042.wav,data\processed\audio\phase3_verification\batch1\mfa_corpus\speaker1\MAT_001_seg_042.txt,data\processed\audio\phase3_verification\batch1\textgrids\speaker1\MAT_001_seg_042.TextGrid
JHN_003_seg_019,batch1,JHN,JHN_003,True,,3.691,3.15,0.21,3.36,0.21,0.331,0.93,13,-63.09015603827913,-64.69106840318248,2.550501678887794,2.3748991518308795,True,high,,data\processed\audio\phase3_verification\batch1\mfa_corpus\speaker1\JHN_003_seg_019.wav,data\processed\audio\phase3_verification\batch1\mfa_corpus\speaker1\JHN_003_seg_019.txt,data\processed\audio\phase3_verification\batch1\textgrids\speaker1\JHN_003_seg_019.TextGrid
LUK_005_seg_034,batch1,LUK,LUK_005,True,,6.99,6.27,0.42,6.69,0.42,0.3,1.12,10,-67.44310510550787,-64.82556480407715,2.550501678887794,1.9393748179383525,True,high,,data\processed\audio\phase3_verification\batch1\mfa_corpus\speaker1\LUK_005_seg_034.wav,data\processed\audio\phase3_verification\batch1\mfa_corpus\speaker1\LUK_005_seg_034.txt,data\processed\audio\phase3_verification\batch1\textgrids\speaker1\LUK_005_seg_034.TextGrid
MAT_010_seg_025,batch1,MAT,MAT_010,True,,12.321,11.11,0.88,11.99,0.88,0.331,1.42,22,-65.9546976461039,-64.59809122206289,2.550501678887794,0.1771087298926517,True,high,,data\processed\audio\phase3_verification\batch1\mfa_corpus\speaker1\MAT_010_seg_025.wav,data\processed\audio\phase3_verification\batch1\mfa_corpus\speaker1\MAT_010_seg_025.txt,data\processed\audio\phase3_verification\batch1\textgrids\speaker1\MAT_010_seg_025.TextGrid
MAT_010_seg_009,batch1,MAT,MAT_010,True,,7.485,5.94,1.18,7.12,1.18,0.365,1.83,5,-65.49449265687583,-60.37139288584391,2.550059943981119,0.8204848557627038,True,high,,data\processed\audio\phase3_verification\batch1\mfa_corpus\speaker1\MAT_010_seg_009.wav,data\processed\audio\phase3_verification\batch1\mfa_corpus\speaker1\MAT_010_seg_009.txt,data\processed\audio\phase3_verification\batch1\textgrids\speaker1\MAT_010_seg_009.TextGrid
MAT_001_seg_004,batch1,MAT,MAT_001,True,,3.076,1.89,1.09,2.98,1.09,0.096,0.22,7,-62.60272930194805,-68.62176831563313,2.5489973437597038,1.8146142248871318,True,high,,data\processed\audio\phase3_verification\batch1\mfa_corpus\speaker1\MAT_001_seg_004.wav,data\processed\audio\phase3_verification\batch1\mfa_corpus\speaker1\MAT_001_seg_004.txt,data\processed\audio\phase3_verification\batch1\textgrids\speaker1\MAT_001_seg_004.TextGrid
MRK_001_seg_034,batch1,MRK,MRK_001,False,too_short,1.994,1.4,0.41,1.81,0.41,0.184,0.14,12,-63.15519001256281,-66.89045088169938,2.527571057391949,18.74216370845228,True,high,,data\processed\audio\phase3_verification\batch1\mfa_corpus\speaker1\MRK_001_seg_034.wav,data\processed\audio\phase3_verification\batch1\mfa_corpus\speaker1\MRK_001_seg_034.txt,data\processed\audio\phase3_verification\batch1\textgrids\speaker1\MRK_001_seg_034.TextGrid
MAT_010_seg_038,batch1,MAT,MAT_010,False,too_short,3.025,1.47,1.12,2.59,1.12,0.435,0.1,9,-66.67389903052805,-63.898052946050115,2.5062737780413595,2.620799351824953,True,high,,data\processed\audio\phase3_verification\batch1\mfa_corpus\speaker1\MAT_010_seg_038.wav,data\processed\audio\phase3_verification\batch1\mfa_corpus\speaker1\MAT_010_seg_038.txt,data\processed\audio\phase3_verification\batch1\textgrids\speaker1\MAT_010_seg_038.TextGrid
MAT_001_seg_049,batch1,MAT,MAT_001,False,too_short,1.901,1.3,0.44,1.74,0.44,0.161,0.0,12,-65.26685855263158,-68.73530218736181,2.5062737780413595,17.018809074311157,True,high,,data\processed\audio\phase3_verification\batch1\mfa_corpus\speaker1\MAT_001_seg_049.wav,data\processed\audio\phase3_verification\batch1\mfa_corpus\speaker1\MAT_001_seg_049.txt,data\processed\audio\phase3_verification\batch1\textgrids\speaker1\MAT_001_seg_049.TextGrid
MAT_001_seg_013,batch1,MAT,MAT_001,True,,9.787,4.97,1.36,6.33,1.36,3.457,3.12,3,-65.67533436542391,-64.9771449440404,2.460257704593477,0.3316841419239722,True,high,,data\processed\audio\phase3_verification\batch1\mfa_corpus\speaker1\MAT_001_seg_013.wav,data\processed\audio\phase3_verification\batch1\mfa_corpus\speaker1\MAT_001_seg_013.txt,data\processed\audio\phase3_verification\batch1\textgrids\speaker1\MAT_001_seg_013.TextGrid
MAT_001_seg_021,batch1,MAT,MAT_001,True,,6.357,4.62,1.55,6.17,1.55,0.187,2.21,3,-64.6637861143868,-62.646090134330414,2.46025340131875,0.41703772022276553,True,high,,data\processed\audio\phase3_verification\batch1\mfa_corpus\speaker1\MAT_001_seg_021.wav,data\processed\audio\phase3_verification\batch1\mfa_corpus\speaker1\MAT_001_seg_021.txt,data\processed\audio\phase3_verification\batch1\textgrids\speaker1\MAT_001_seg_021.TextGrid
JHN_003_seg_041,batch1,JHN,JHN_003,False,too_short;low_likelihood,2.045,1.44,0.28,1.72,0.28,0.325,0.18,9,-70.05452076981707,-74.69949382284413,2.440618995963444,7.192432889480038,True,high,,data\processed\audio\phase3_verification\batch1\mfa_corpus\speaker1\JHN_003_seg_041.wav,data\processed\audio\phase3_verification\batch1\mfa_corpus\speaker1\JHN_003_seg_041.txt,data\processed\audio\phase3_verification\batch1\textgrids\speaker1\JHN_003_seg_041.TextGrid
MRK_001_seg_057,batch1,MRK,MRK_001,True,,2.489,2.06,0.14,2.2,0.14,0.289,0.21,13,-63.10917890311245,-63.0052303251673,2.3974321215440777,12.526316529158581,True,high,,data\processed\audio\phase3_verification\batch1\mfa_corpus\speaker1\MRK_001_seg_057.wav,data\processed\audio\phase3_verification\batch1\mfa_corpus\speaker1\MRK_001_seg_057.txt,data\processed\audio\phase3_verification\batch1\textgrids\speaker1\MRK_001_seg_057.TextGrid
MRK_001_seg_023,batch1,MRK,MRK_001,True,,10.381,4.4,5.54,9.94,5.54,0.441,1.04,7,-63.667155888728324,-64.87920792897542,2.3974243365747268,-1.1725822219164765,True,high,,data\processed\audio\phase3_verification\batch1\mfa_corpus\speaker1\MRK_001_seg_023.wav,data\processed\audio\phase3_verification\batch1\mfa_corpus\speaker1\MRK_001_seg_023.txt,data\processed\audio\phase3_verification\batch1\textgrids\speaker1\MRK_001_seg_023.TextGrid
ACT_002_seg_021,batch1,ACT,ACT_002,True,,8.024,5.07,2.67,7.74,2.67,0.284,3.11,6,-65.46953417238154,-65.05065573415449,2.387910726873919,-2.1660168715456134,True,high,,data\processed\audio\phase3_verification\batch1\mfa_corpus\speaker1\ACT_002_seg_021.wav,data\processed\audio\phase3_verification\batch1\mfa_corpus\speaker1\ACT_002_seg_021.txt,data\processed\audio\phase3_verification\batch1\textgrids\speaker1\ACT_002_seg_021.TextGrid
ACT_002_seg_035,batch1,ACT,ACT_002,True,,3.213,1.97,1.02,2.99,1.02,0.223,0.91,5,-63.2320628894081,-67.62074508666993,2.3803436855046938,2.8969455218198963,True,high,,data\processed\audio\phase3_verification\batch1\mfa_corpus\speaker1\ACT_002_seg_035.wav,data\processed\audio\phase3_verification\batch1\mfa_corpus\speaker1\ACT_002_seg_035.txt,data\processed\audio\phase3_verification\batch1\textgrids\speaker1\ACT_002_seg_035.TextGrid
MAT_001_seg_016,batch1,MAT,MAT_001,True,,5.511,4.75,0.55,5.3,0.55,0.211,1.33,8,-62.889816810344826,-61.65483005230244,2.3700115786617966,2.879117825266036,True,high,,data\processed\audio\phase3_verification\batch1\mfa_corpus\speaker1\MAT_001_seg_016.wav,data\processed\audio\phase3_verification\batch1\mfa_corpus\speaker1\MAT_001_seg_016.txt,data\processed\audio\phase3_verification\batch1\textgrids\speaker1\MAT_001_seg_016.TextGrid
MAT_001_seg_024,batch1,MAT,MAT_001,True,,3.099,1.84,1.02,2.86,1.02,0.239,0.63,3,-64.77642389112903,-63.82989640669389,2.370010502843115,2.299653078402809,True,high,,data\processed\audio\phase3_verification\batch1\mfa_corpus\speaker1\MAT_001_seg_024.wav,data\processed\audio\phase3_verification\batch1\mfa_corpus\speaker1\MAT_001_seg_024.txt,data\processed\audio\phase3_verification\batch1\textgrids\speaker1\MAT_001_seg_024.TextGrid
JHN_003_seg_047,batch1,JHN,JHN_003,True,,10.233,7.53,2.4,9.93,2.4,0.303,2.72,5,-68.21617638074291,-63.74700463336447,2.370009427024433,-0.5042721153773844,True,high,,data\processed\audio\phase3_verification\batch1\mfa_corpus\speaker1\JHN_003_seg_047.wav,data\processed\audio\phase3_verification\batch1\mfa_corpus\speaker1\JHN_003_seg_047.txt,data\processed\audio\phase3_verification\batch1\textgrids\speaker1\JHN_003_seg_047.TextGrid
MRK_001_seg_012,batch1,MRK,MRK_001,True,,4.007,2.99,0.68,3.67,0.68,0.337,0.95,6,-61.80209145105985,-66.09194819132487,2.3250237254889723,2.5376981279165136,True,high,,data\processed\audio\phase3_verification\batch1\mfa_corpus\speaker1\MRK_001_seg_012.wav,data\processed\audio\phase3_verification\batch1\mfa_corpus\speaker1\MRK_001_seg_012.txt,data\processed\audio\phase3_verification\batch1\textgrids\speaker1\MRK_001_seg_012.TextGrid
ACT_002_seg_030,batch1,ACT,ACT_002,True,,9.485,8.82,0.29,9.11,0.29,0.375,1.75,11,-63.27344573234984,-66.62946436356525,2.2817060370767175,-3.1135869191490926,True,high,,data\processed\audio\phase3_verification\batch1\mfa_corpus\speaker1\ACT_002_seg_030.wav,data\processed\audio\phase3_verification\batch1\mfa_corpus\speaker1\ACT_002_seg_030.txt,data\processed\audio\phase3_verification\batch1\textgrids\speaker1\ACT_002_seg_030.TextGrid
JHN_003_seg_050,batch1,JHN,JHN_003,False,low_likelihood,4.481,3.83,0.38,4.21,0.38,0.271,1.26,9,-72.93280029296875,-65.42013786934517,2.221982391806676,-0.6395228797773704,True,high,,data\processed\audio\phase3_verification\batch1\mfa_corpus\speaker1\JHN_003_seg_050.wav,data\processed\audio\phase3_verification\batch1\mfa_corpus\speaker1\JHN_003_seg_050.txt,data\processed\audio\phase3_verification\batch1\textgrids\speaker1\JHN_003_seg_050.TextGrid
LUK_005_seg_057,batch1,LUK,LUK_005,True,,2.794,1.95,0.46,2.41,0.46,0.384,0.41,9,-69.01192176299283,-70.37044491975203,2.2199109132962898,8.05249723460638,True,high,,data\processed\audio\phase3_verification\batch1\mfa_corpus\speaker1\LUK_005_seg_057.wav,data\processed\audio\phase3_verification\batch1\mfa_corpus\speaker1\LUK_005_seg_057.txt,data\processed\audio\phase3_verification\batch1\textgrids\speaker1\LUK_005_seg_057.TextGrid
ACT_002_seg_041,batch1,ACT,ACT_002,True,,5.107,4.95,0.03,4.98,0.03,0.127,2.58,19,-67.55740887964775,-73.07253932952881,2.200737704347209,-2.981837234956158,True,high,,data\processed\audio\phase3_verification\batch1\mfa_corpus\speaker1\ACT_002_seg_041.wav,data\processed\audio\phase3_verification\batch1\mfa_corpus\speaker1\ACT_002_seg_041.txt,data\processed\audio\phase3_verification\batch1\textgrids\speaker1\ACT_002_seg_041.TextGrid
MAT_010_seg_013,batch1,MAT,MAT_010,True,,5.555,4.52,0.77,5.29,0.77,0.265,1.3,16,-63.286357632643885,-64.15516506257605,2.1895171751610727,1.9778443649239303,True,high,,data\processed\audio\phase3_verification\batch1\mfa_corpus\speaker1\MAT_010_seg_013.wav,data\processed\audio\phase3_verification\batch1\mfa_corpus\speaker1\MAT_010_seg_013.txt,data\processed\audio\phase3_verification\batch1\textgrids\speaker1\MAT_010_seg_013.TextGrid
ACT_002_seg_003,batch1,ACT,ACT_002,True,,9.786,9.13,0.26,9.39,0.26,0.396,2.82,10,-62.57857986465781,-60.35249133639866,2.1754625627114352,0.5110519480199489,True,high,,data\processed\audio\phase3_verification\batch1\mfa_corpus\speaker1\ACT_002_seg_003.wav,data\processed\audio\phase3_verification\batch1\mfa_corpus\speaker1\ACT_002_seg_003.txt,data\processed\audio\phase3_verification\batch1\textgrids\speaker1\ACT_002_seg_003.TextGrid
JHN_003_seg_048,batch1,JHN,JHN_003,True,,4.991,4.39,0.31,4.7,0.31,0.291,1.4,8,-67.36451809869739,-68.84564500106008,2.170706402560581,-10.287813134826397,True,high,,data\processed\audio\phase3_verification\batch1\mfa_corpus\speaker1\JHN_003_seg_048.wav,data\processed\audio\phase3_verification\batch1\mfa_corpus\speaker1\JHN_003_seg_048.txt,data\processed\audio\phase3_verification\batch1\textgrids\speaker1\JHN_003_seg_048.TextGrid
MAT_010_seg_020,batch1,MAT,MAT_010,True,,4.333,2.53,1.34,3.87,1.34,0.463,1.58,6,-66.37637575779446,-65.1007937113444,2.099271049229392,-0.25023061587507023,True,high,,data\processed\audio\phase3_verification\batch1\mfa_corpus\speaker1\MAT_010_seg_020.wav,data\processed\audio\phase3_verification\batch1\mfa_corpus\speaker1\MAT_010_seg_020.txt,data\processed\audio\phase3_verification\batch1\textgrids\speaker1\MAT_010_seg_020.TextGrid
MRK_001_seg_062,batch1,MRK,MRK_001,True,,3.962,2.76,0.95,3.71,0.95,0.252,1.19,23,-68.12292357165404,-65.68497559518525,2.0842709964155293,2.0362101457012756,True,high,,data\processed\audio\phase3_verification\batch1\mfa_corpus\speaker1\MRK_001_seg_062.wav,data\processed\audio\phase3_verification\batch1\mfa_corpus\speaker1\MRK_001_seg_062.txt,data\processed\audio\phase3_verification\batch1\textgrids\speaker1\MRK_001_seg_062.TextGrid
MRK_001_seg_056,batch1,MRK,MRK_001,True,,4.128,3.99,0.0,3.99,0.0,0.138,1.04,34,-68.83540783898304,-68.70415603175307,2.080795628733811,-2.142660761114712,True,high,,data\processed\audio\phase3_verification\batch1\mfa_corpus\speaker1\MRK_001_seg_056.wav,data\processed\audio\phase3_verification\batch1\mfa_corpus\speaker1\MRK_001_seg_056.txt,data\processed\audio\phase3_verification\batch1\textgrids\speaker1\MRK_001_seg_056.TextGrid
MAT_010_seg_011,batch1,MAT,MAT_010,True,,11.164,9.64,1.45,11.09,1.45,0.074,1.95,13,-64.69438844086021,-64.96366317183883,2.070907152052233,-2.849997408593639,True,high,,data\processed\audio\phase3_verification\batch1\mfa_corpus\speaker1\MAT_010_seg_011.wav,data\processed\audio\phase3_verification\batch1\mfa_corpus\speaker1\MAT_010_seg_011.txt,data\processed\audio\phase3_verification\batch1\textgrids\speaker1\MAT_010_seg_011.TextGrid
MAT_001_seg_020,batch1,MAT,MAT_001,True,,6.955,2.0,1.02,3.02,1.02,3.935,1.12,3,-63.843054058908045,-66.67854804992676,2.070907152052233,-0.25207218519476804,True,high,,data\processed\audio\phase3_verification\batch1\mfa_corpus\speaker1\MAT_001_seg_020.wav,data\processed\audio\phase3_verification\batch1\mfa_corpus\speaker1\MAT_001_seg_020.txt,data\processed\audio\phase3_verification\batch1\textgrids\speaker1\MAT_001_seg_020.TextGrid
ACT_002_seg_006,batch1,ACT,ACT_002,False,low_likelihood,5.171,4.42,0.48,4.9,0.48,0.271,0.89,39,-73.58879352030948,-71.62021057204444,2.009928874571855,0.25294806790644664,True,high,,data\processed\audio\phase3_verification\batch1\mfa_corpus\speaker1\ACT_002_seg_006.wav,data\processed\audio\phase3_verification\batch1\mfa_corpus\speaker1\ACT_002_seg_006.txt,data\processed\audio\phase3_verification\batch1\textgrids\speaker1\ACT_002_seg_006.TextGrid
MAT_001_seg_028,batch1,MAT,MAT_001,True,,2.642,1.87,0.44,2.31,0.44,0.332,0.45,4,-66.30136570785984,-69.95237180921767,2.0090259991163935,2.985286290786153,True,high,,data\processed\audio\phase3_verification\batch1\mfa_corpus\speaker1\MAT_001_seg_028.wav,data\processed\audio\phase3_verification\batch1\mfa_corpus\speaker1\MAT_001_seg_028.txt,data\processed\audio\phase3_verification\batch1\textgrids\speaker1\MAT_001_seg_028.TextGrid
MRK_001_seg_050,batch1,MRK,MRK_001,True,,5.787,5.34,0.14,5.48,0.14,0.307,2.56,10,-63.29532329447323,-61.37311496734619,2.0090249232977118,-0.7812010013152122,True,high,,data\processed\audio\phase3_verification\batch1\mfa_corpus\speaker1\MRK_001_seg_050.wav,data\processed\audio\phase3_verification\batch1\mfa_corpus\speaker1\MRK_001_seg_050.txt,data\processed\audio\phase3_verification\batch1\textgrids\speaker1\MRK_001_seg_050.TextGrid
MRK_001_seg_008,batch1,MRK,MRK_001,True,,10.271,5.84,4.14,9.98,4.14,0.291,3.35,4,-62.88040104673807,-62.13702451265775,2.0090249232977118,-0.10252843389128508,True,high,,data\processed\audio\phase3_verification\batch1\mfa_corpus\speaker1\MRK_001_seg_008.wav,data\processed\audio\phase3_verification\batch1\mfa_corpus\speaker1\MRK_001_seg_008.txt,data\processed\audio\phase3_verification\batch1\textgrids\speaker1\MRK_001_seg_008.TextGrid
MAT_001_seg_023,batch1,MAT,MAT_001,True,,3.397,1.67,1.39,3.06,1.39,0.337,1.0,3,-64.60624425551471,-70.48318045479911,1.9620654955549515,0.0005381350030013721,True,high,,data\processed\audio\phase3_verification\batch1\mfa_corpus\speaker1\MAT_001_seg_023.wav,data\processed\audio\phase3_verification\batch1\mfa_corpus\speaker1\MAT_001_seg_023.txt,data\processed\audio\phase3_verification\batch1\textgrids\speaker1\MAT_001_seg_023.TextGrid
JHN_003_seg_015,batch1,JHN,JHN_003,False,too_short,1.947,1.19,0.47,1.66,0.47,0.287,0.48,6,-69.10777243589743,-69.93719438406137,1.9526070047875912,4.913577512792234,True,high,,data\processed\audio\phase3_verification\batch1\mfa_corpus\speaker1\JHN_003_seg_015.wav,data\processed\audio\phase3_verification\batch1\mfa_corpus\speaker1\JHN_003_seg_015.txt,data\processed\audio\phase3_verification\batch1\textgrids\speaker1\JHN_003_seg_015.TextGrid
MAT_001_seg_047,batch1,MAT,MAT_001,True,,2.805,1.865,0.94,2.805,0.94,0.0,0.77,4,-63.46617826957296,-65.64305413287619,1.9526051161581046,-4.080037829378879,True,high,,data\processed\audio\phase3_verification\batch1\mfa_corpus\speaker1\MAT_001_seg_047.wav,data\processed\audio\phase3_verification\batch1\mfa_corpus\speaker1\MAT_001_seg_047.txt,data\processed\audio\phase3_verification\batch1\textgrids\speaker1\MAT_001_seg_047.TextGrid
JHN_003_seg_053,batch1,JHN,JHN_003,False,low_likelihood;long_internal_silence,9.82,9.13,0.41,9.54,0.41,0.28,3.97,7,-70.02438422861508,-71.81181104255445,1.9233946089022584,-2.783825456517139,True,high,,data\processed\audio\phase3_verification\batch1\mfa_corpus\speaker1\JHN_003_seg_053.wav,data\processed\audio\phase3_verification\batch1\mfa_corpus\speaker1\JHN_003_seg_053.txt,data\processed\audio\phase3_verification\batch1\textgrids\speaker1\JHN_003_seg_053.TextGrid
MRK_001_seg_042,batch1,MRK,MRK_001,True,,2.97,2.97,0.0,2.97,0.0,0.0,0.97,26,-66.61910116792929,-64.66313410169296,1.9199254398294459,-3.0970478639952113,True,high,,data\processed\audio\phase3_verification\batch1\mfa_corpus\speaker1\MRK_001_seg_042.wav,data\processed\audio\phase3_verification\batch1\mfa_corpus\speaker1\MRK_001_seg_042.txt,data\processed\audio\phase3_verification\batch1\textgrids\speaker1\MRK_001_seg_042.TextGrid
LUK_005_seg_007,batch1,LUK,LUK_005,True,,9.992,9.41,0.29,9.7,0.29,0.292,3.22,11,-63.909002752752755,-65.67255640029907,1.9187766457286681,-1.5602415863108288,True,high,,data\processed\audio\phase3_verification\batch1\mfa_corpus\speaker1\LUK_005_seg_007.wav,data\processed\audio\phase3_verification\batch1\mfa_corpus\speaker1\LUK_005_seg_007.txt,data\processed\audio\phase3_verification\batch1\textgrids\speaker1\LUK_005_seg_007.TextGrid
JHN_003_seg_010,batch1,JHN,JHN_003,True,,2.794,2.35,0.28,2.63,0.28,0.164,0.73,11,-66.61862259184588,-64.27384929656982,1.8532238390576699,1.383358450025023,True,high,,data\processed\audio\phase3_verification\batch1\mfa_corpus\speaker1\JHN_003_seg_010.wav,data\processed\audio\phase3_verification\batch1\mfa_corpus\speaker1\JHN_003_seg_010.txt,data\processed\audio\phase3_verification\batch1\textgrids\speaker1\JHN_003_seg_010.TextGrid
JHN_003_seg_014,batch1,JHN,JHN_003,True,,5.163,2.88,1.92,4.8,1.92,0.363,1.46,4,-68.1293453246124,-64.97661999293736,1.7443821825603882,-1.7328669117394107,True,high,,data\processed\audio\phase3_verification\batch1\mfa_corpus\speaker1\JHN_003_seg_014.wav,data\processed\audio\phase3_verification\batch1\mfa_corpus\speaker1\JHN_003_seg_014.txt,data\processed\audio\phase3_verification\batch1\textgrids\speaker1\JHN_003_seg_014.TextGrid
MAT_010_seg_005,batch1,MAT,MAT_010,True,,3.969,2.53,1.14,3.67,1.14,0.299,0.44,18,-63.47272020623426,-65.3987393098719,1.6754028066679354,0.9228588934223723,True,high,,data\processed\audio\phase3_verification\batch1\mfa_corpus\speaker1\MAT_010_seg_005.wav,data\processed\audio\phase3_verification\batch1\mfa_corpus\speaker1\MAT_010_seg_005.txt,data\processed\audio\phase3_verification\batch1\textgrids\speaker1\MAT_010_seg_005.TextGrid
JHN_003_seg_018,batch1,JHN,JHN_003,False,low_likelihood,3.341,2.78,0.28,3.06,0.28,0.281,0.95,12,-70.21630566991018,-65.56426465511322,1.6480404195709903,0.77631355747803,True,high,,data\processed\audio\phase3_verification\batch1\mfa_corpus\speaker1\JHN_003_seg_018.wav,data\processed\audio\phase3_verification\batch1\mfa_corpus\speaker1\JHN_003_seg_018.txt,data\processed\audio\phase3_verification\batch1\textgrids\speaker1\JHN_003_seg_018.TextGrid
ACT_002_seg_024,batch1,ACT,ACT_002,True,,3.637,3.35,0.24,3.59,0.24,0.047,1.1,18,-66.50500085851648,-70.45383631664774,1.6480404195709903,-3.7473460218444785,True,high,,data\processed\audio\phase3_verification\batch1\mfa_corpus\speaker1\ACT_002_seg_024.wav,data\processed\audio\phase3_verification\batch1\mfa_corpus\speaker1\ACT_002_seg_024.txt,data\processed\audio\phase3_verification\batch1\textgrids\speaker1\ACT_002_seg_024.TextGrid
LUK_005_seg_053,batch1,LUK,LUK_005,False,too_short,2.367,1.01,1.03,2.04,1.03,0.327,0.28,6,-69.33057258702532,-67.33216778985386,1.635747858594046,3.922671257013441,True,high,,data\processed\audio\phase3_verification\batch1\mfa_corpus\speaker1\LUK_005_seg_053.wav,data\processed\audio\phase3_verification\batch1\mfa_corpus\speaker1\LUK_005_seg_053.txt,data\processed\audio\phase3_verification\batch1\textgrids\speaker1\LUK_005_seg_053.TextGrid
MAT_001_seg_050,batch1,MAT,MAT_001,True,,4.058,2.76,1.24,4.0,1.24,0.058,1.25,15,-65.0455857450739,-64.41490361227918,1.617915097794434,-2.2538508216254822,True,high,,data\processed\audio\phase3_verification\batch1\mfa_corpus\speaker1\MAT_001_seg_050.wav,data\processed\audio\phase3_verification\batch1\mfa_corpus\speaker1\MAT_001_seg_050.txt,data\processed\audio\phase3_verification\batch1\textgrids\speaker1\MAT_001_seg_050.TextGrid
MAT_001_seg_036,batch1,MAT,MAT_001,False,low_likelihood,5.434,3.48,1.12,4.6,1.12,0.834,1.81,3,-79.13566845073665,-69.13467199152166,1.5577942936393099,1.0937251764582925,True,high,,data\processed\audio\phase3_verification\batch1\mfa_corpus\speaker1\MAT_001_seg_036.wav,data\processed\audio\phase3_verification\batch1\mfa_corpus\speaker1\MAT_001_seg_036.txt,data\processed\audio\phase3_verification\batch1\textgrids\speaker1\MAT_001_seg_036.TextGrid
JHN_003_seg_031,batch1,JHN,JHN_003,True,,4.22,2.38,1.56,3.94,1.56,0.28,0.58,7,-62.6599294653436,-66.66628565932766,1.5577932178206284,0.5775294099148116,True,high,,data\processed\audio\phase3_verification\batch1\mfa_corpus\speaker1\JHN_003_seg_031.wav,data\processed\audio\phase3_verification\batch1\mfa_corpus\speaker1\JHN_003_seg_031.txt,data\processed\audio\phase3_verification\batch1\textgrids\speaker1\JHN_003_seg_031.TextGrid
ACT_002_seg_040,batch1,ACT,ACT_002,False,long_internal_silence,12.877,12.26,0.35,12.61,0.35,0.267,4.14,5,-62.94155789013975,-69.40647576072,1.5577921420019467,-5.278318145812063,True,high,,data\processed\audio\phase3_verification\batch1\mfa_corpus\speaker1\ACT_002_seg_040.wav,data\processed\audio\phase3_verification\batch1\mfa_corpus\speaker1\ACT_002_seg_040.txt,data\processed\audio\phase3_verification\batch1\textgrids\speaker1\ACT_002_seg_040.TextGrid
MAT_001_seg_035,batch1,MAT,MAT_001,False,alignment_failed,6.348,,,,,,,,,-59.472899561342984,1.5390113387799276,2.3518981003791897,False,high,,data\processed\audio\phase3_verification\batch1\mfa_corpus\speaker1\MAT_001_seg_035.wav,data\processed\audio\phase3_verification\batch1\mfa_corpus\speaker1\MAT_001_seg_035.txt,
MAT_001_seg_009,batch1,MAT,MAT_001,False,alignment_failed,7.26,,,,,,,,,-103.1078249613444,1.5285477509973713,-2.730605950785332,False,high,,data\processed\audio\phase3_verification\batch1\mfa_corpus\speaker1\MAT_001_seg_009.wav,data\processed\audio\phase3_verification\batch1\mfa_corpus\speaker1\MAT_001_seg_009.txt,
ACT_002_seg_032,batch1,ACT,ACT_002,True,,8.345,6.29,1.69,7.98,1.69,0.365,2.37,4,-65.9120555763473,-67.67772723782447,1.4437564743698224,-3.993423074343905,True,high,,data\processed\audio\phase3_verification\batch1\mfa_corpus\speaker1\ACT_002_seg_032.wav,data\processed\audio\phase3_verification\batch1\mfa_corpus\speaker1\ACT_002_seg_032.txt,data\processed\audio\phase3_verification\batch1\textgrids\speaker1\ACT_002_seg_032.TextGrid
MRK_001_seg_040,batch1,MRK,MRK_001,True,,2.868,2.6,0.0,2.6,0.0,0.268,0.39,14,-65.59947326872822,-67.07971031435075,1.4135540918606933,-0.6949420973583429,True,high,,data\processed\audio\phase3_verification\batch1\mfa_corpus\speaker1\MRK_001_seg_040.wav,data\processed\audio\phase3_verification\batch1\mfa_corpus\speaker1\MRK_001_seg_040.txt,data\processed\audio\phase3_verification\batch1\textgrids\speaker1\MRK_001_seg_040.TextGrid
MRK_001_seg_059,batch1,MRK,MRK_001,True,,3.073,2.74,0.0,2.74,0.0,0.333,1.25,7,-64.8331891286645,-61.26664397295784,1.3773020417759492,1.287694626589147,True,high,,data\processed\audio\phase3_verification\batch1\mfa_corpus\speaker1\MRK_001_seg_059.wav,data\processed\audio\phase3_verification\batch1\mfa_corpus\speaker1\MRK_001_seg_059.txt,data\processed\audio\phase3_verification\batch1\textgrids\speaker1\MRK_001_seg_059.TextGrid
ACT_002_seg_012,batch1,ACT,ACT_002,False,low_likelihood,3.781,3.2,0.54,3.74,0.54,0.041,1.01,27,-73.82474061673281,-69.56191920374965,1.3559686245575553,-3.6458222523301558,True,high,,data\processed\audio\phase3_verification\batch1\mfa_corpus\speaker1\ACT_002_seg_012.wav,data\processed\audio\phase3_verification\batch1\mfa_corpus\speaker1\ACT_002_seg_012.txt,data\processed\audio\phase3_verification\batch1\textgrids\speaker1\ACT_002_seg_012.TextGrid
JHN_003_seg_052,batch1,JHN,JHN_003,False,low_likelihood,10.162,9.43,0.45,9.88,0.45,0.282,2.76,11,-71.7076156496063,-71.90807242142527,1.287055915844269,-3.872711039669298,True,high,,data\processed\audio\phase3_verification\batch1\mfa_corpus\speaker1\JHN_003_seg_052.wav,data\processed\audio\phase3_verification\batch1\mfa_corpus\speaker1\JHN_003_seg_052.txt,data\processed\audio\phase3_verification\batch1\textgrids\speaker1\JHN_003_seg_052.TextGrid
MAT_010_seg_042,batch1,MAT,MAT_010,True,,3.696,2.83,0.53,3.36,0.53,0.336,0.9,11,-66.9842430320946,-62.23287247638313,1.2001739000739804,1.8836891638343936,True,high,,data\processed\audio\phase3_verification\batch1\mfa_corpus\speaker1\MAT_010_seg_042.wav,data\processed\audio\phase3_verification\batch1\mfa_corpus\speaker1\MAT_010_seg_042.txt,data\processed\audio\phase3_verification\batch1\textgrids\speaker1\MAT_010_seg_042.TextGrid
MAT_010_seg_006,batch1,MAT,MAT_010,True,,7.533,5.32,1.87,7.19,1.87,0.343,1.72,7,-65.83113898572377,-60.642636732621625,1.1698577608558556,1.0081840428112585,True,high,,data\processed\audio\phase3_verification\batch1\mfa_corpus\speaker1\MAT_010_seg_006.wav,data\processed\audio\phase3_verification\batch1\mfa_corpus\speaker1\MAT_010_seg_006.txt,data\processed\audio\phase3_verification\batch1\textgrids\speaker1\MAT_010_seg_006.TextGrid
JHN_003_seg_004,batch1,JHN,JHN_003,False,low_likelihood,2.226,1.67,0.31,1.98,0.31,0.246,0.32,18,-74.56579316143498,-70.30345916748047,1.1212704622688736,3.0414700688558796,True,high,,data\processed\audio\phase3_verification\batch1\mfa_corpus\speaker1\JHN_003_seg_004.wav,data\processed\audio\phase3_verification\batch1\mfa_corpus\speaker1\JHN_003_seg_004.txt,data\processed\audio\phase3_verification\batch1\textgrids\speaker1\JHN_003_seg_004.TextGrid
JHN_003_seg_043,batch1,JHN,JHN_003,True,,12.215,5.51,4.44,9.95,4.44,2.265,2.9,3,-65.69729439443535,-64.03754425048828,1.0913244586073478,-5.124526894464202,True,high,,data\processed\audio\phase3_verification\batch1\mfa_corpus\speaker1\JHN_003_seg_043.wav,data\processed\audio\phase3_verification\batch1\mfa_corpus\speaker1\JHN_003_seg_043.txt,data\processed\audio\phase3_verification\batch1\textgrids\speaker1\JHN_003_seg_043.TextGrid
LUK_005_seg_035,batch1,LUK,LUK_005,True,,3.057,2.67,0.07,2.74,0.07,0.317,0.44,25,-69.57608251633987,-70.1687994677611,1.0020295662069554,-3.2250950075472193,True,high,,data\processed\audio\phase3_verification\batch1\mfa_corpus\speaker1\LUK_005_seg_035.wav,data\processed\audio\phase3_verification\batch1\mfa_corpus\speaker1\LUK_005_seg_035.txt,data\processed\audio\phase3_verification\batch1\textgrids\speaker1\LUK_005_seg_035.TextGrid
JHN_003_seg_051,batch1,JHN,JHN_003,True,,3.744,3.67,0.0,3.67,0.0,0.074,2.3,9,-67.24175405247327,-68.35946413365807,0.997409019951502,-6.889927608143104,True,high,,data\processed\audio\phase3_verification\batch1\mfa_corpus\speaker1\JHN_003_seg_051.wav,data\processed\audio\phase3_verification\batch1\mfa_corpus\speaker1\JHN_003_seg_051.txt,data\processed\audio\phase3_verification\batch1\textgrids\speaker1\JHN_003_seg_051.TextGrid
JHN_003_seg_056,batch1,JHN,JHN_003,False,low_likelihood,3.301,2.15,0.19,2.34,0.19,0.961,1.33,9,-78.25057410037878,-69.60873719920282,0.9837402412253115,-1.357376978751745,True,high,,data\processed\audio\phase3_verification\batch1\mfa_corpus\speaker1\JHN_003_seg_056.wav,data\processed\audio\phase3_verification\batch1\mfa_corpus\speaker1\JHN_003_seg_056.txt,data\processed\audio\phase3_verification\batch1\textgrids\speaker1\JHN_003_seg_056.TextGrid
MRK_001_seg_052,batch1,MRK,MRK_001,False,too_short,1.483,1.13,0.0,1.13,0.0,0.353,0.28,11,-64.15896194045608,-65.19226334311746,0.8690865069981346,22.309314003665087,True,low,duration_outlier,data\processed\audio\phase3_verification\batch1\mfa_corpus\speaker1\MRK_001_seg_052.wav,data\processed\audio\phase3_verification\batch1\mfa_corpus\speaker1\MRK_001_seg_052.txt,data\processed\audio\phase3_verification\batch1\textgrids\speaker1\MRK_001_seg_052.TextGrid
JHN_003_seg_007,batch1,JHN,JHN_003,True,,2.887,2.6,0.0,2.6,0.0,0.287,0.94,14,-68.5523491565744,-66.74855076639275,0.8358231345485039,-3.666112798413087,True,high,,data\processed\audio\phase3_verification\batch1\mfa_corpus\speaker1\JHN_003_seg_007.wav,data\processed\audio\phase3_verification\batch1\mfa_corpus\speaker1\JHN_003_seg_007.txt,data\processed\audio\phase3_verification\batch1\textgrids\speaker1\JHN_003_seg_007.TextGrid
ACT_002_seg_036,batch1,ACT,ACT_002,True,,6.607,6.35,0.0,6.35,0.0,0.257,2.66,25,-69.01510495461422,-70.63734995990718,0.7614442354286788,-1.7730666141047386,True,high,,data\processed\audio\phase3_verification\batch1\mfa_corpus\speaker1\ACT_002_seg_036.wav,data\processed\audio\phase3_verification\batch1\mfa_corpus\speaker1\ACT_002_seg_036.txt,data\processed\audio\phase3_verification\batch1\textgrids\speaker1\ACT_002_seg_036.TextGrid
JHN_003_seg_017,batch1,JHN,JHN_003,True,,3.065,2.74,0.19,2.93,0.19,0.135,0.98,18,-65.22741500407166,-64.28873039427258,0.760974295549299,-1.5449202388775714,True,high,,data\processed\audio\phase3_verification\batch1\mfa_corpus\speaker1\JHN_003_seg_017.wav,data\processed\audio\phase3_verification\batch1\mfa_corpus\speaker1\JHN_003_seg_017.txt,data\processed\audio\phase3_verification\batch1\textgrids\speaker1\JHN_003_seg_017.TextGrid
ACT_002_seg_037,batch1,ACT,ACT_002,True,,4.335,4.155,0.18,4.335,0.18,0.0,2.26,18,-66.6538828485023,-72.39776703551576,0.760974295549299,-6.57616600108377,True,high,,data\processed\audio\phase3_verification\batch1\mfa_corpus\speaker1\ACT_002_seg_037.wav,data\processed\audio\phase3_verification\batch1\mfa_corpus\speaker1\ACT_002_seg_037.txt,data\processed\audio\phase3_verification\batch1\textgrids\speaker1\ACT_002_seg_037.TextGrid
JHN_003_seg_054,batch1,JHN,JHN_003,False,low_likelihood,5.927,5.76,0.0,5.76,0.0,0.167,2.49,18,-73.58014729131534,-72.72128622872489,0.6382205689535998,-8.256420583908216,True,high,,data\processed\audio\phase3_verification\batch1\mfa_corpus\speaker1\JHN_003_seg_054.wav,data\processed\audio\phase3_verification\batch1\mfa_corpus\speaker1\JHN_003_seg_054.txt,data\processed\audio\phase3_verification\batch1\textgrids\speaker1\JHN_003_seg_054.TextGrid
JHN_003_seg_030,batch1,JHN,JHN_003,False,too_short;low_likelihood,1.202,1.202,0.0,1.202,0.0,0.0,0.56,7,-71.00948079427083,-69.52782010017557,0.6343815075369439,-17.872983565187724,True,low,duration_outlier,data\processed\audio\phase3_verification\batch1\mfa_corpus\speaker1\JHN_003_seg_030.wav,data\processed\audio\phase3_verification\batch1\mfa_corpus\speaker1\JHN_003_seg_030.txt,data\processed\audio\phase3_verification\batch1\textgrids\speaker1\JHN_003_seg_030.TextGrid
LUK_005_seg_052,batch1,LUK,LUK_005,False,low_likelihood,2.061,1.85,0.16,2.01,0.16,0.051,0.37,20,-72.58225879854369,-69.78467882895956,0.6010853461594085,-1.4636573986436385,True,high,,data\processed\audio\phase3_verification\batch1\mfa_corpus\speaker1\LUK_005_seg_052.wav,data\processed\audio\phase3_verification\batch1\mfa_corpus\speaker1\LUK_005_seg_052.txt,data\processed\audio\phase3_verification\batch1\textgrids\speaker1\LUK_005_seg_052.TextGrid
ACT_002_seg_034,batch1,ACT,ACT_002,False,too_few_words,4.487,2.86,1.4,4.26,1.4,0.227,2.63,2,-62.31383108296214,-62.98101102388822,0.5471239610902908,-6.892616882371922,True,high,,data\processed\audio\phase3_verification\batch1\mfa_corpus\speaker1\ACT_002_seg_034.wav,data\processed\audio\phase3_verification\batch1\mfa_corpus\speaker1\ACT_002_seg_034.txt,data\processed\audio\phase3_verification\batch1\textgrids\speaker1\ACT_002_seg_034.TextGrid
MAT_001_seg_033,batch1,MAT,MAT_001,False,too_short,3.094,0.23,2.6,2.83,2.6,0.264,0.0,3,-63.467618578074436,-67.75411243438721,0.5393368186909794,-0.6593832239220596,True,high,,data\processed\audio\phase3_verification\batch1\mfa_corpus\speaker1\MAT_001_seg_033.wav,data\processed\audio\phase3_verification\batch1\mfa_corpus\speaker1\MAT_001_seg_033.txt,data\processed\audio\phase3_verification\batch1\textgrids\speaker1\MAT_001_seg_033.TextGrid
ACT_002_seg_020,batch1,ACT,ACT_002,True,,2.181,1.68,0.33,2.01,0.33,0.171,1.33,3,-63.98699111238532,-66.22514114379882,0.5190392410866488,-7.344517147328251,True,high,,data\processed\audio\phase3_verification\batch1\mfa_corpus\speaker1\ACT_002_seg_020.wav,data\processed\audio\phase3_verification\batch1\mfa_corpus\speaker1\ACT_002_seg_020.txt,data\processed\audio\phase3_verification\batch1\textgrids\speaker1\ACT_002_seg_020.TextGrid
MRK_001_seg_061,batch1,MRK,MRK_001,False,too_short,1.971,0.29,1.27,1.56,1.27,0.411,0.0,4,-69.12759259993655,-67.45992793207583,0.5178687544267015,-0.09138436909799275,True,high,,data\processed\audio\phase3_verification\batch1\mfa_corpus\speaker1\MRK_001_seg_061.wav,data\processed\audio\phase3_verification\batch1\mfa_corpus\speaker1\MRK_001_seg_061.txt,data\processed\audio\phase3_verification\batch1\textgrids\speaker1\MRK_001_seg_061.TextGrid
LUK_005_seg_025,batch1,LUK,LUK_005,False,alignment_failed,20.192,,,,,,,,,,,,False,low,duration_outlier,data\processed\audio\phase3_verification\batch1\mfa_corpus\speaker1\LUK_005_seg_025.wav,data\processed\audio\phase3_verification\batch1\mfa_corpus\speaker1\LUK_005_seg_025.txt,
MAT_001_seg_018,batch1,MAT,MAT_001,False,alignment_failed,14.709,,,,,,,,,,,,False,high,,data\processed\audio\phase3_verification\batch1\mfa_corpus\speaker1\MAT_001_seg_018.wav,data\processed\audio\phase3_verification\batch1\mfa_corpus\speaker1\MAT_001_seg_018.txt,
ACT_002_seg_061,batch1,ACT,ACT_002,False,alignment_failed,1.167,,,,,,,,,,,,False,low,duration_outlier,data\processed\audio\phase3_verification\batch1\mfa_corpus\speaker1\ACT_002_seg_061.wav,data\processed\audio\phase3_verification\batch1\mfa_corpus\speaker1\ACT_002_seg_061.txt,
MAT_010_seg_024,batch1,MAT,MAT_010,False,alignment_failed,21.48,,,,,,,,,,,,False,low,duration_outlier,data\processed\audio\phase3_verification\batch1\mfa_corpus\speaker1\MAT_010_seg_024.wav,data\processed\audio\phase3_verification\batch1\mfa_corpus\speaker1\MAT_010_seg_024.txt,
ACT_002_seg_049,batch1,ACT,ACT_002,False,alignment_failed,4.768,,,,,,,,,,,,False,high,,data\processed\audio\phase3_verification\batch1\mfa_corpus\speaker1\ACT_002_seg_049.wav,data\processed\audio\phase3_verification\batch1\mfa_corpus\speaker1\ACT_002_seg_049.txt,
MAT_010_seg_023,batch1,MAT,MAT_010,False,alignment_failed,3.355,,,,,,,,,,,,False,high,,data\processed\audio\phase3_verification\batch1\mfa_corpus\speaker1\MAT_010_seg_023.wav,data\processed\audio\phase3_verification\batch1\mfa_corpus\speaker1\MAT_010_seg_023.txt,
MAT_010_seg_039,batch1,MAT,MAT_010,False,alignment_failed,3.731,,,,,,,,,,,,False,high,,data\processed\audio\phase3_verification\batch1\mfa_corpus\speaker1\MAT_010_seg_039.wav,data\processed\audio\phase3_verification\batch1\mfa_corpus\speaker1\MAT_010_seg_039.txt,
LUK_005_seg_021,batch1,LUK,LUK_005,False,alignment_failed,2.777,,,,,,,,,,,,False,high,,data\processed\audio\phase3_verification\batch1\mfa_corpus\speaker1\LUK_005_seg_021.wav,data\processed\audio\phase3_verification\batch1\mfa_corpus\speaker1\LUK_005_seg_021.txt,
MAT_010_seg_046,batch1,MAT,MAT_010,False,alignment_failed,1.127,,,,,,,,,,,,False,low,duration_outlier,data\processed\audio\phase3_verification\batch1\mfa_corpus\speaker1\MAT_010_seg_046.wav,data\processed\audio\phase3_verification\batch1\mfa_corpus\speaker1\MAT_010_seg_046.txt,
MAT_001_seg_026,batch1,MAT,MAT_001,False,alignment_failed,3.069,,,,,,,,,,,,False,high,,data\processed\audio\phase3_verification\batch1\mfa_corpus\speaker1\MAT_001_seg_026.wav,data\processed\audio\phase3_verification\batch1\mfa_corpus\speaker1\MAT_001_seg_026.txt,
JHN_003_seg_040,batch1,JHN,JHN_003,False,alignment_failed,3.512,,,,,,,,,,,,False,high,,data\processed\audio\phase3_verification\batch1\mfa_corpus\speaker1\JHN_003_seg_040.wav,data\processed\audio\phase3_verification\batch1\mfa_corpus\speaker1\JHN_003_seg_040.txt,
MRK_001_seg_004,batch1,MRK,MRK_001,False,alignment_failed,4.775,,,,,,,,,,,,False,high,,data\processed\audio\phase3_verification\batch1\mfa_corpus\speaker1\MRK_001_seg_004.wav,data\processed\audio\phase3_verification\batch1\mfa_corpus\speaker1\MRK_001_seg_004.txt,
JHN_003_seg_057,batch1,JHN,JHN_003,False,alignment_failed,1.1,,,,,,,,,,,,False,low,duration_outlier,data\processed\audio\phase3_verification\batch1\mfa_corpus\speaker1\JHN_003_seg_057.wav,data\processed\audio\phase3_verification\batch1\mfa_corpus\speaker1\JHN_003_seg_057.txt,
ACT_002_seg_044,batch1,ACT,ACT_002,False,alignment_failed,1.807,,,,,,,,,,,,False,high,,data\processed\audio\phase3_verification\batch1\mfa_corpus\speaker1\ACT_002_seg_044.wav,data\processed\audio\phase3_verification\batch1\mfa_corpus\speaker1\ACT_002_seg_044.txt,
ACT_002_seg_002,batch1,ACT,ACT_002,False,alignment_failed,8.274,,,,,,,,,,,,False,high,,data\processed\audio\phase3_verification\batch1\mfa_corpus\speaker1\ACT_002_seg_002.wav,data\processed\audio\phase3_verification\batch1\mfa_corpus\speaker1\ACT_002_seg_002.txt,
MAT_010_seg_007,batch1,MAT,MAT_010,False,alignment_failed,2.307,,,,,,,,,,,,False,high,,data\processed\audio\phase3_verification\batch1\mfa_corpus\speaker1\MAT_010_seg_007.wav,data\processed\audio\phase3_verification\batch1\mfa_corpus\speaker1\MAT_010_seg_007.txt,
MRK_001_seg_025,batch1,MRK,MRK_001,False,alignment_failed,4.341,,,,,,,,,,,,False,high,,data\processed\audio\phase3_verification\batch1\mfa_corpus\speaker1\MRK_001_seg_025.wav,data\processed\audio\phase3_verification\batch1\mfa_corpus\speaker1\MRK_001_seg_025.txt,
MAT_001_seg_059,batch1,MAT,MAT_001,False,alignment_failed,1.187,,,,,,,,,,,,False,low,duration_outlier,data\processed\audio\phase3_verification\batch1\mfa_corpus\speaker1\MAT_001_seg_059.wav,data\processed\audio\phase3_verification\batch1\mfa_corpus\speaker1\MAT_001_seg_059.txt,
LUK_005_seg_045,batch1,LUK,LUK_005,False,alignment_failed,1.577,,,,,,,,,,,,False,high,,data\processed\audio\phase3_verification\batch1\mfa_corpus\speaker1\LUK_005_seg_045.wav,data\processed\audio\phase3_verification\batch1\mfa_corpus\speaker1\LUK_005_seg_045.txt,
JHN_003_seg_005,batch1,JHN,JHN_003,False,alignment_failed,2.712,,,,,,,,,,,,False,high,,data\processed\audio\phase3_verification\batch1\mfa_corpus\speaker1\JHN_003_seg_005.wav,data\processed\audio\phase3_verification\batch1\mfa_corpus\speaker1\JHN_003_seg_005.txt,
LUK_005_seg_039,batch1,LUK,LUK_005,False,alignment_failed,12.386,,,,,,,,,,,,False,high,,data\processed\audio\phase3_verification\batch1\mfa_corpus\speaker1\LUK_005_seg_039.wav,data\processed\audio\phase3_verification\batch1\mfa_corpus\speaker1\LUK_005_seg_039.txt,
MAT_001_seg_056,batch1,MAT,MAT_001,False,alignment_failed,1.783,,,,,,,,,,,,False,high,,data\processed\audio\phase3_verification\batch1\mfa_corpus\speaker1\MAT_001_seg_056.wav,data\processed\audio\phase3_verification\batch1\mfa_corpus\speaker1\MAT_001_seg_056.txt,
MAT_001_seg_038,batch1,MAT,MAT_001,False,alignment_failed,15.508,,,,,,,,,,,,False,high,,data\processed\audio\phase3_verification\batch1\mfa_corpus\speaker1\MAT_001_seg_038.wav,data\processed\audio\phase3_verification\batch1\mfa_corpus\speaker1\MAT_001_seg_038.txt,
LUK_005_seg_059,batch1,LUK,LUK_005,False,alignment_failed,1.157,,,,,,,,,,,,False,low,duration_outlier,data\processed\audio\phase3_verification\batch1\mfa_corpus\speaker1\LUK_005_seg_059.wav,data\processed\audio\phase3_verification\batch1\mfa_corpus\speaker1\LUK_005_seg_059.txt,
ACT_002_seg_058,batch1,ACT,ACT_002,False,alignment_failed,4.173,,,,,,,,,,,,False,high,,data\processed\audio\phase3_verification\batch1\mfa_corpus\speaker1\ACT_002_seg_058.wav,data\processed\audio\phase3_verification\batch1\mfa_corpus\speaker1\ACT_002_seg_058.txt,
MRK_001_seg_068,batch1,MRK,MRK_001,False,alignment_failed,1.101,,,,,,,,,,,,False,low,duration_outlier,data\processed\audio\phase3_verification\batch1\mfa_corpus\speaker1\MRK_001_seg_068.wav,data\processed\audio\phase3_verification\batch1\mfa_corpus\speaker1\MRK_001_seg_068.txt,
ACT_002_seg_050,batch1,ACT,ACT_002,False,alignment_failed,22.801,,,,,,,,,,,,False,low,duration_outlier,data\processed\audio\phase3_verification\batch1\mfa_corpus\speaker1\ACT_002_seg_050.wav,data\processed\audio\phase3_verification\batch1\mfa_corpus\speaker1\ACT_002_seg_050.txt,
MAT_010_seg_035,batch1,MAT,MAT_010,False,alignment_failed,38.428,,,,,,,,,,,,False,low,duration_outlier,data\processed\audio\phase3_verification\batch1\mfa_corpus\speaker1\MAT_010_seg_035.wav,data\processed\audio\phase3_verification\batch1\mfa_corpus\speaker1\MAT_010_seg_035.txt,
EPH_004_seg_013,batch2,EPH,EPH_004,False,phone_duration_outlier,10.246,9.43,0.49,9.92,0.49,0.326,0.11,7,-65.46979420731708,-68.34726433132006,15.595141795651308,5.366298591140557,True,high,,data\processed\audio\phase3_verification\batch2\mfa_corpus\speaker1\EPH_004_seg_013.wav,data\processed\audio\phase3_verification\batch2\mfa_corpus\speaker1\EPH_004_seg_013.txt,data\processed\audio\phase3_verification\batch2\textgrids\speaker1\EPH_004_seg_013.TextGrid
HEB_011_seg_059,batch2,HEB,HEB_011,False,phone_duration_outlier,5.453,4.29,0.84,5.13,0.84,0.323,0.99,10,-64.1833070527523,-67.79656925607235,10.536073721079841,3.6721139517825474,True,high,,data\processed\audio\phase3_verification\batch2\mfa_corpus\speaker1\HEB_011_seg_059.wav,data\processed\audio\phase3_verification\batch2\mfa_corpus\speaker1\HEB_011_seg_059.txt,data\processed\audio\phase3_verification\batch2\textgrids\speaker1\HEB_011_seg_059.TextGrid
PHP_002_seg_014,batch2,PHP,PHP_002,False,phone_duration_outlier,6.54,5.61,0.66,6.27,0.66,0.27,1.05,9,-59.81011085626911,-60.655566120147704,10.169844383062172,2.954367625342311,True,high,,data\processed\audio\phase3_verification\batch2\mfa_corpus\speaker1\PHP_002_seg_014.wav,data\processed\audio\phase3_verification\batch2\mfa_corpus\speaker1\PHP_002_seg_014.txt,data\processed\audio\phase3_verification\batch2\textgrids\speaker1\PHP_002_seg_014.TextGrid
HEB_011_seg_074,batch2,HEB,HEB_011,True,,7.054,6.15,0.55,6.7,0.55,0.354,1.42,5,-64.69899711879432,-61.56067865035113,9.588445398433961,1.765485178507923,True,high,,data\processed\audio\phase3_verification\batch2\mfa_corpus\speaker1\HEB_011_seg_074.wav,data\processed\audio\phase3_verification\batch2\mfa_corpus\speaker1\HEB_011_seg_074.txt,data\processed\audio\phase3_verification\batch2\textgrids\speaker1\HEB_011_seg_074.TextGrid
HEB_011_seg_041,batch2,HEB,HEB_011,True,,8.443,7.48,0.58,8.06,0.58,0.383,1.48,9,-64.31149566795024,-64.93299738566081,9.041651854070393,2.433565204734178,True,high,,data\processed\audio\phase3_verification\batch2\mfa_corpus\speaker1\HEB_011_seg_041.wav,data\processed\audio\phase3_verification\batch2\mfa_corpus\speaker1\HEB_011_seg_041.txt,data\processed\audio\phase3_verification\batch2\textgrids\speaker1\HEB_011_seg_041.TextGrid
HEB_011_seg_024,batch2,HEB,HEB_011,True,,3.509,2.38,0.9,3.28,0.9,0.229,0.56,9,-66.66146389779202,-69.03611140348474,8.66421784020158,3.074728195347003,True,high,,data\processed\audio\phase3_verification\batch2\mfa_corpus\speaker1\HEB_011_seg_024.wav,data\processed\audio\phase3_verification\batch2\mfa_corpus\speaker1\HEB_011_seg_024.txt,data\processed\audio\phase3_verification\batch2\textgrids\speaker1\HEB_011_seg_024.TextGrid
JAS_001_seg_033,batch2,JAS,JAS_001,True,,13.009,12.02,0.66,12.68,0.66,0.329,1.67,22,-65.78398227325134,-68.17397917988144,8.65306877006223,0.6445027124235434,True,high,,data\processed\audio\phase3_verification\batch2\mfa_corpus\speaker1\JAS_001_seg_033.wav,data\processed\audio\phase3_verification\batch2\mfa_corpus\speaker1\JAS_001_seg_033.txt,data\processed\audio\phase3_verification\batch2\textgrids\speaker1\JAS_001_seg_033.TextGrid
HEB_011_seg_079,batch2,HEB,HEB_011,True,,17.247,15.84,1.03,16.87,1.03,0.377,1.03,20,-64.76176177536232,-65.71677784004596,8.495172987475913,1.5196940245772925,True,high,,data\processed\audio\phase3_verification\batch2\mfa_corpus\speaker1\HEB_011_seg_079.wav,data\processed\audio\phase3_verification\batch2\mfa_corpus\speaker1\HEB_011_seg_079.txt,data\processed\audio\phase3_verification\batch2\textgrids\speaker1\HEB_011_seg_079.TextGrid
HEB_011_seg_007,batch2,HEB,HEB_011,True,,9.208,7.63,1.23,8.86,1.23,0.348,1.34,8,-67.23986326004344,-67.69979772027934,8.347855818483955,1.9805526451066182,True,high,,data\processed\audio\phase3_verification\batch2\mfa_corpus\speaker1\HEB_011_seg_007.wav,data\processed\audio\phase3_verification\batch2\mfa_corpus\speaker1\HEB_011_seg_007.txt,data\processed\audio\phase3_verification\batch2\textgrids\speaker1\HEB_011_seg_007.TextGrid
JAS_001_seg_024,batch2,JAS,JAS_001,True,,12.284,10.1,1.8,11.9,1.8,0.384,2.42,12,-66.9212324409609,-65.37595272064209,8.221249620951907,0.9827410282725886,True,high,,data\processed\audio\phase3_verification\batch2\mfa_corpus\speaker1\JAS_001_seg_024.wav,data\processed\audio\phase3_verification\batch2\mfa_corpus\speaker1\JAS_001_seg_024.txt,data\processed\audio\phase3_verification\batch2\textgrids\speaker1\JAS_001_seg_024.TextGrid
ROM_008_seg_045,batch2,ROM,ROM_008,True,,6.871,5.721,1.15,6.871,1.15,0.0,0.42,25,-63.62629639737991,-65.67487783599319,8.117906698927364,-1.383197154026563,True,high,,data\processed\audio\phase3_verification\batch2\mfa_corpus\speaker1\ROM_008_seg_045.wav,data\processed\audio\phase3_verification\batch2\mfa_corpus\speaker1\ROM_008_seg_045.txt,data\processed\audio\phase3_verification\batch2\textgrids\speaker1\ROM_008_seg_045.TextGrid
GAL_001_seg_020,batch2,GAL,GAL_001,True,,7.305,5.5,1.45,6.95,1.45,0.355,1.01,8,-60.31488329343365,-61.34217643737793,8.078617643034635,1.2754332728950413,True,high,,data\processed\audio\phase3_verification\batch2\mfa_corpus\speaker1\GAL_001_seg_020.wav,data\processed\audio\phase3_verification\batch2\mfa_corpus\speaker1\GAL_001_seg_020.txt,data\processed\audio\phase3_verification\batch2\textgrids\speaker1\GAL_001_seg_020.TextGrid
GAL_001_seg_014,batch2,GAL,GAL_001,True,,16.568,15.44,0.81,16.25,0.81,0.318,2.09,28,-62.56888390162945,-66.32690399650514,7.998921076254907,1.6761523797045488,True,high,,data\processed\audio\phase3_verification\batch2\mfa_corpus\speaker1\GAL_001_seg_014.wav,data\processed\audio\phase3_verification\batch2\mfa_corpus\speaker1\GAL_001_seg_014.txt,data\processed\audio\phase3_verification\batch2\textgrids\speaker1\GAL_001_seg_014.TextGrid
HEB_011_seg_049,batch2,HEB,HEB_011,True,,16.16,14.57,1.21,15.78,1.21,0.38,1.96,28,-67.11016785272277,-66.19827192863532,7.905192251335821,0.6588029872128995,True,high,,data\processed\audio\phase3_verification\batch2\mfa_corpus\speaker1\HEB_011_seg_049.wav,data\processed\audio\phase3_verification\batch2\mfa_corpus\speaker1\HEB_011_seg_049.txt,data\processed\audio\phase3_verification\batch2\textgrids\speaker1\HEB_011_seg_049.TextGrid
HEB_011_seg_055,batch2,HEB,HEB_011,True,,10.493,9.23,0.88,10.11,0.88,0.383,1.54,17,-65.9378351406101,-64.26464515396312,7.905192251335821,1.3165904234802657,True,high,,data\processed\audio\phase3_verification\batch2\mfa_corpus\speaker1\HEB_011_seg_055.wav,data\processed\audio\phase3_verification\batch2\mfa_corpus\speaker1\HEB_011_seg_055.txt,data\processed\audio\phase3_verification\batch2\textgrids\speaker1\HEB_011_seg_055.TextGrid
EPH_004_seg_039,batch2,EPH,EPH_004,False,too_short,2.484,1.45,0.84,2.29,0.84,0.194,0.49,9,-64.42826597152218,-67.8910159111023,7.778212748203144,0.89831747352628,True,high,,data\processed\audio\phase3_verification\batch2\mfa_corpus\speaker1\EPH_004_seg_039.wav,data\processed\audio\phase3_verification\batch2\mfa_corpus\speaker1\EPH_004_seg_039.txt,data\processed\audio\phase3_verification\batch2\textgrids\speaker1\EPH_004_seg_039.TextGrid
HEB_011_seg_017,batch2,HEB,HEB_011,True,,5.83,4.57,0.89,5.46,0.89,0.37,1.38,6,-65.56305612135506,-67.8384757408729,7.778212748203144,2.7683984939308584,True,high,,data\processed\audio\phase3_verification\batch2\mfa_corpus\speaker1\HEB_011_seg_017.wav,data\processed\audio\phase3_verification\batch2\mfa_corpus\speaker1\HEB_011_seg_017.txt,data\processed\audio\phase3_verification\batch2\textgrids\speaker1\HEB_011_seg_017.TextGrid
HEB_011_seg_053,batch2,HEB,HEB_011,True,,5.525,4.66,0.56,5.22,0.56,0.305,0.8,23,-65.49369914104882,-62.55164164417195,7.778191624049577,3.60335667815205,True,high,,data\processed\audio\phase3_verification\batch2\mfa_corpus\speaker1\HEB_011_seg_053.wav,data\processed\audio\phase3_verification\batch2\mfa_corpus\speaker1\HEB_011_seg_053.txt,data\processed\audio\phase3_verification\batch2\textgrids\speaker1\HEB_011_seg_053.TextGrid
HEB_011_seg_062,batch2,HEB,HEB_011,True,,7.665,5.21,2.17,7.38,2.17,0.285,1.04,7,-64.56136937744459,-67.42357778549194,7.4979336137951575,0.10716180838248235,True,high,,data\processed\audio\phase3_verification\batch2\mfa_corpus\speaker1\HEB_011_seg_062.wav,data\processed\audio\phase3_verification\batch2\mfa_corpus\speaker1\HEB_011_seg_062.txt,data\processed\audio\phase3_verification\batch2\textgrids\speaker1\HEB_011_seg_062.TextGrid
HEB_011_seg_036,batch2,HEB,HEB_011,True,,7.783,7.23,0.37,7.6,0.37,0.183,1.32,11,-67.93895103631105,-69.14505483336367,7.470856834763304,3.664199958446872,True,high,,data\processed\audio\phase3_verification\batch2\mfa_corpus\speaker1\HEB_011_seg_036.wav,data\processed\audio\phase3_verification\batch2\mfa_corpus\speaker1\HEB_011_seg_036.txt,data\processed\audio\phase3_verification\batch2\textgrids\speaker1\HEB_011_seg_036.TextGrid
HEB_011_seg_039,batch2,HEB,HEB_011,True,,4.4,3.67,0.37,4.04,0.37,0.36,0.0,17,-64.82288707386364,-72.55322469075521,7.429755397980797,14.412727349437938,True,high,,data\processed\audio\phase3_verification\batch2\mfa_corpus\speaker1\HEB_011_seg_039.wav,data\processed\audio\phase3_verification\batch2\mfa_corpus\speaker1\HEB_011_seg_039.txt,data\processed\audio\phase3_verification\batch2\textgrids\speaker1\HEB_011_seg_039.TextGrid
HEB_011_seg_065,batch2,HEB,HEB_011,True,,6.645,4.93,1.36,6.29,1.36,0.355,1.02,7,-64.92739661654136,-66.51924527924636,7.324690337476529,1.2141715166565117,True,high,,data\processed\audio\phase3_verification\batch2\mfa_corpus\speaker1\HEB_011_seg_065.wav,data\processed\audio\phase3_verification\batch2\mfa_corpus\speaker1\HEB_011_seg_065.txt,data\processed\audio\phase3_verification\batch2\textgrids\speaker1\HEB_011_seg_065.TextGrid
PHP_002_seg_010,batch2,PHP,PHP_002,True,,10.429,9.06,1.05,10.11,1.05,0.319,1.31,12,-60.32365696907958,-63.35614458719889,7.216378355041728,0.7256225988208183,True,high,,data\processed\audio\phase3_verification\batch2\mfa_corpus\speaker1\PHP_002_seg_010.wav,data\processed\audio\phase3_verification\batch2\mfa_corpus\speaker1\PHP_002_seg_010.txt,data\processed\audio\phase3_verification\batch2\textgrids\speaker1\PHP_002_seg_010.TextGrid
HEB_011_seg_077,batch2,HEB,HEB_011,True,,6.859,4.69,1.77,6.46,1.77,0.399,0.99,11,-68.7686543367347,-66.53426216125489,7.090679831160408,1.7076922899671327,True,high,,data\processed\audio\phase3_verification\batch2\mfa_corpus\speaker1\HEB_011_seg_077.wav,data\processed\audio\phase3_verification\batch2\mfa_corpus\speaker1\HEB_011_seg_077.txt,data\processed\audio\phase3_verification\batch2\textgrids\speaker1\HEB_011_seg_077.TextGrid
HEB_011_seg_047,batch2,HEB,HEB_011,True,,9.25,7.72,1.07,8.79,1.07,0.46,1.31,11,-66.02846283783784,-68.1507329633159,7.090674976254493,1.0895373578563898,True,high,,data\processed\audio\phase3_verification\batch2\mfa_corpus\speaker1\HEB_011_seg_047.wav,data\processed\audio\phase3_verification\batch2\mfa_corpus\speaker1\HEB_011_seg_047.txt,data\processed\audio\phase3_verification\batch2\textgrids\speaker1\HEB_011_seg_047.TextGrid
ROM_008_seg_010,batch2,ROM,ROM_008,True,,10.212,9.46,0.44,9.9,0.44,0.312,1.02,22,-62.22497474902057,-64.31842614850427,7.075812053323853,4.127114307913207,True,high,,data\processed\audio\phase3_verification\batch2\mfa_corpus\speaker1\ROM_008_seg_010.wav,data\processed\audio\phase3_verification\batch2\mfa_corpus\speaker1\ROM_008_seg_010.txt,data\processed\audio\phase3_verification\batch2\textgrids\speaker1\ROM_008_seg_010.TextGrid
EPH_004_seg_020,batch2,EPH,EPH_004,True,,10.431,9.55,0.56,10.11,0.56,0.321,0.77,17,-62.566473663710454,-65.03153723639412,6.937282729810374,1.4191415872535398,True,high,,data\processed\audio\phase3_verification\batch2\mfa_corpus\speaker1\EPH_004_seg_020.wav,data\processed\audio\phase3_verification\batch2\mfa_corpus\speaker1\EPH_004_seg_020.txt,data\processed\audio\phase3_verification\batch2\textgrids\speaker1\EPH_004_seg_020.TextGrid
HEB_011_seg_029,batch2,HEB,HEB_011,True,,6.29,4.77,1.38,6.15,1.38,0.14,1.38,14,-66.85674185214626,-69.65651811135781,6.892197094127924,-0.45575735214185364,True,high,,data\processed\audio\phase3_verification\batch2\mfa_corpus\speaker1\HEB_011_seg_029.wav,data\processed\audio\phase3_verification\batch2\mfa_corpus\speaker1\HEB_011_seg_029.txt,data\processed\audio\phase3_verification\batch2\textgrids\speaker1\HEB_011_seg_029.TextGrid
ROM_008_seg_001,batch2,ROM,ROM_008,True,,11.416,10.58,0.5,11.08,0.5,0.336,1.01,29,-63.398635890980735,-66.74185902955102,6.861772386484633,2.306460089781238,True,high,,data\processed\audio\phase3_verification\batch2\mfa_corpus\speaker1\ROM_008_seg_001.wav,data\processed\audio\phase3_verification\batch2\mfa_corpus\speaker1\ROM_008_seg_001.txt,data\processed\audio\phase3_verification\batch2\textgrids\speaker1\ROM_008_seg_001.TextGrid
EPH_004_seg_038,batch2,EPH,EPH_004,True,,15.439,12.95,2.19,15.14,2.19,0.299,1.48,14,-60.9964580634715,-59.79046121077104,6.6550205439594325,1.2717074297657476,True,high,,data\processed\audio\phase3_verification\batch2\mfa_corpus\speaker1\EPH_004_seg_038.wav,data\processed\audio\phase3_verification\batch2\mfa_corpus\speaker1\EPH_004_seg_038.txt,data\processed\audio\phase3_verification\batch2\textgrids\speaker1\EPH_004_seg_038.TextGrid
HEB_011_seg_083,batch2,HEB,HEB_011,True,,7.851,6.46,1.04,7.5,1.04,0.351,0.99,10,-64.00567277070064,-64.30801282610211,6.589156978540138,4.046726180111868,True,high,,data\processed\audio\phase3_verification\batch2\mfa_corpus\speaker1\HEB_011_seg_083.wav,data\processed\audio\phase3_verification\batch2\mfa_corpus\speaker1\HEB_011_seg_083.txt,data\processed\audio\phase3_verification\batch2\textgrids\speaker1\HEB_011_seg_083.TextGrid
HEB_011_seg_009,batch2,HEB,HEB_011,True,,7.659,6.4,0.98,7.38,0.98,0.279,2.48,5,-64.51558930319844,-66.83956441571635,6.5770662969144835,1.8966410490111674,True,high,,data\processed\audio\phase3_verification\batch2\mfa_corpus\speaker1\HEB_011_seg_009.wav,data\processed\audio\phase3_verification\batch2\mfa_corpus\speaker1\HEB_011_seg_009.txt,data\processed\audio\phase3_verification\batch2\textgrids\speaker1\HEB_011_seg_009.TextGrid
HEB_011_seg_064,batch2,HEB,HEB_011,True,,9.284,8.13,0.86,8.99,0.86,0.294,1.99,14,-66.34506751751077,-68.78703457376231,6.459095723484861,2.403736296522773,True,high,,data\processed\audio\phase3_verification\batch2\mfa_corpus\speaker1\HEB_011_seg_064.wav,data\processed\audio\phase3_verification\batch2\mfa_corpus\speaker1\HEB_011_seg_064.txt,data\processed\audio\phase3_verification\batch2\textgrids\speaker1\HEB_011_seg_064.TextGrid
EPH_004_seg_031,batch2,EPH,EPH_004,True,,5.915,4.65,0.91,5.56,0.91,0.355,1.17,7,-63.76128325591216,-62.023557376861575,6.449197188647902,1.633760036440215,True,high,,data\processed\audio\phase3_verification\batch2\mfa_corpus\speaker1\EPH_004_seg_031.wav,data\processed\audio\phase3_verification\batch2\mfa_corpus\speaker1\EPH_004_seg_031.txt,data\processed\audio\phase3_verification\batch2\textgrids\speaker1\EPH_004_seg_031.TextGrid
HEB_011_seg_058,batch2,HEB,HEB_011,True,,11.225,10.11,0.72,10.83,0.72,0.395,1.05,27,-65.53037344167409,-67.77353185017904,6.449186626571119,0.5500759892324076,True,high,,data\processed\audio\phase3_verification\batch2\mfa_corpus\speaker1\HEB_011_seg_058.wav,data\processed\audio\phase3_verification\batch2\mfa_corpus\speaker1\HEB_011_seg_058.txt,data\processed\audio\phase3_verification\batch2\textgrids\speaker1\HEB_011_seg_058.TextGrid
GAL_001_seg_013,batch2,GAL,GAL_001,True,,8.918,7.57,1.08,8.65,1.08,0.268,0.75,17,-63.35821013172646,-68.39119042789235,6.339586730444035,2.6896044446165277,True,high,,data\processed\audio\phase3_verification\batch2\mfa_corpus\speaker1\GAL_001_seg_013.wav,data\processed\audio\phase3_verification\batch2\mfa_corpus\speaker1\GAL_001_seg_013.txt,data\processed\audio\phase3_verification\batch2\textgrids\speaker1\GAL_001_seg_013.TextGrid
GAL_001_seg_006,batch2,GAL,GAL_001,True,,11.959,10.51,1.11,11.62,1.11,0.339,1.13,17,-62.62761287625418,-67.81074453655042,6.339102855065873,1.2071081843862501,True,high,,data\processed\audio\phase3_verification\batch2\mfa_corpus\speaker1\GAL_001_seg_006.wav,data\processed\audio\phase3_verification\batch2\mfa_corpus\speaker1\GAL_001_seg_006.txt,data\processed\audio\phase3_verification\batch2\textgrids\speaker1\GAL_001_seg_006.TextGrid
HEB_011_seg_066,batch2,HEB,HEB_011,True,,21.564,19.77,1.38,21.15,1.38,0.414,3.29,18,-63.077943819573285,-64.52781235088001,6.155340934761414,0.7074863505171738,True,low,duration_outlier,data\processed\audio\phase3_verification\batch2\mfa_corpus\speaker1\HEB_011_seg_066.wav,data\processed\audio\phase3_verification\batch2\mfa_corpus\speaker1\HEB_011_seg_066.txt,data\processed\audio\phase3_verification\batch2\textgrids\speaker1\HEB_011_seg_066.TextGrid
HEB_011_seg_056,batch2,HEB,HEB_011,True,,5.32,3.99,0.98,4.97,0.98,0.35,0.64,26,-65.14045612077068,-67.17304805346897,6.150215721550191,3.793848634033562,True,high,,data\processed\audio\phase3_verification\batch2\mfa_corpus\speaker1\HEB_011_seg_056.wav,data\processed\audio\phase3_verification\batch2\mfa_corpus\speaker1\HEB_011_seg_056.txt,data\processed\audio\phase3_verification\batch2\textgrids\speaker1\HEB_011_seg_056.TextGrid
HEB_011_seg_016,batch2,HEB,HEB_011,True,,6.397,4.95,1.13,6.08,1.13,0.317,1.25,7,-64.11613159179687,-65.9472165358694,6.065239626213586,2.0257344902757115,True,high,,data\processed\audio\phase3_verification\batch2\mfa_corpus\speaker1\HEB_011_seg_016.wav,data\processed\audio\phase3_verification\batch2\mfa_corpus\speaker1\HEB_011_seg_016.txt,data\processed\audio\phase3_verification\batch2\textgrids\speaker1\HEB_011_seg_016.TextGrid
EPH_004_seg_004,batch2,EPH,EPH_004,True,,3.095,2.26,0.58,2.84,0.58,0.255,0.14,9,-62.87474168346774,-65.42618135972457,6.03475330903148,5.8987538456133155,True,high,,data\processed\audio\phase3_verification\batch2\mfa_corpus\speaker1\EPH_004_seg_004.wav,data\processed\audio\phase3_verification\batch2\mfa_corpus\speaker1\EPH_004_seg_004.txt,data\processed\audio\phase3_verification\batch2\textgrids\speaker1\EPH_004_seg_004.TextGrid
HEB_011_seg_081,batch2,HEB,HEB_011,True,,10.461,8.89,1.19,10.08,1.19,0.381,1.75,9,-64.25399587715106,-64.05622838891071,6.0091918618955535,0.7347051681886967,True,high,,data\processed\audio\phase3_verification\batch2\mfa_corpus\speaker1\HEB_011_seg_081.wav,data\processed\audio\phase3_verification\batch2\mfa_corpus\speaker1\HEB_011_seg_081.txt,data\processed\audio\phase3_verification\batch2\textgrids\speaker1\HEB_011_seg_081.TextGrid
HEB_011_seg_046,batch2,HEB,HEB_011,True,,6.896,5.36,1.17,6.53,1.17,0.366,1.03,16,-66.93968523550724,-67.47589836657887,6.006192002129487,1.9338379650668092,True,high,,data\processed\audio\phase3_verification\batch2\mfa_corpus\speaker1\HEB_011_seg_046.wav,data\processed\audio\phase3_verification\batch2\mfa_corpus\speaker1\HEB_011_seg_046.txt,data\processed\audio\phase3_verification\batch2\textgrids\speaker1\HEB_011_seg_046.TextGrid
JAS_001_seg_009,batch2,JAS,JAS_001,True,,15.393,13.26,1.86,15.12,1.86,0.273,2.41,12,-66.58636898960364,-68.01134173075359,5.960598135950714,0.18510232035998975,True,high,,data\processed\audio\phase3_verification\batch2\mfa_corpus\speaker1\JAS_001_seg_009.wav,data\processed\audio\phase3_verification\batch2\mfa_corpus\speaker1\JAS_001_seg_009.txt,data\processed\audio\phase3_verification\batch2\textgrids\speaker1\JAS_001_seg_009.TextGrid
HEB_011_seg_078,batch2,HEB,HEB_011,False,too_short,2.211,1.32,0.61,1.93,0.61,0.281,0.37,7,-67.34045354920815,-69.66526696341379,5.868899063632502,5.9296883825438655,True,high,,data\processed\audio\phase3_verification\batch2\mfa_corpus\speaker1\HEB_011_seg_078.wav,data\processed\audio\phase3_verification\batch2\mfa_corpus\speaker1\HEB_011_seg_078.txt,data\processed\audio\phase3_verification\batch2\textgrids\speaker1\HEB_011_seg_078.TextGrid
HEB_011_seg_080,batch2,HEB,HEB_011,True,,11.167,10.32,0.51,10.83,0.51,0.337,1.88,14,-63.42717658907789,-66.24576745104434,5.863028849492961,3.6406092158403016,True,high,,data\processed\audio\phase3_verification\batch2\mfa_corpus\speaker1\HEB_011_seg_080.wav,data\processed\audio\phase3_verification\batch2\mfa_corpus\speaker1\HEB_011_seg_080.txt,data\processed\audio\phase3_verification\batch2\textgrids\speaker1\HEB_011_seg_080.TextGrid
ROM_008_seg_003,batch2,ROM,ROM_008,False,too_long,22.285,21.02,0.87,21.89,0.87,0.395,2.26,24,-63.607405226558996,-63.993893975610135,5.788766929826154,2.5106746989589723,True,low,duration_outlier,data\processed\audio\phase3_verification\batch2\mfa_corpus\speaker1\ROM_008_seg_003.wav,data\processed\audio\phase3_verification\batch2\mfa_corpus\speaker1\ROM_008_seg_003.txt,data\processed\audio\phase3_verification\batch2\textgrids\speaker1\ROM_008_seg_003.TextGrid
ROM_008_seg_002,batch2,ROM,ROM_008,True,,17.071,15.54,1.21,16.75,1.21,0.321,1.97,16,-64.377205990041,-65.61719281160379,5.788759270577297,1.8426363086690927,True,high,,data\processed\audio\phase3_verification\batch2\mfa_corpus\speaker1\ROM_008_seg_002.wav,data\processed\audio\phase3_verification\batch2\mfa_corpus\speaker1\ROM_008_seg_002.txt,data\processed\audio\phase3_verification\batch2\textgrids\speaker1\ROM_008_seg_002.TextGrid
HEB_011_seg_015,batch2,HEB,HEB_011,True,,5.086,4.01,0.77,4.78,0.77,0.306,1.08,8,-65.59695788310412,-67.26618734995525,5.762843798369931,1.0719516880943765,True,high,,data\processed\audio\phase3_verification\batch2\mfa_corpus\speaker1\HEB_011_seg_015.wav,data\processed\audio\phase3_verification\batch2\mfa_corpus\speaker1\HEB_011_seg_015.txt,data\processed\audio\phase3_verification\batch2\textgrids\speaker1\HEB_011_seg_015.TextGrid
HEB_011_seg_006,batch2,HEB,HEB_011,True,,9.965,8.68,0.93,9.61,0.93,0.355,1.31,19,-67.52510656970912,-69.14968011644152,5.747048931581919,0.6568165126680316,True,high,,data\processed\audio\phase3_verification\batch2\mfa_corpus\speaker1\HEB_011_seg_006.wav,data\processed\audio\phase3_verification\batch2\mfa_corpus\speaker1\HEB_011_seg_006.txt,data\processed\audio\phase3_verification\batch2\textgrids\speaker1\HEB_011_seg_006.TextGrid
HEB_011_seg_045,batch2,HEB,HEB_011,True,,18.159,17.21,0.57,17.78,0.57,0.379,2.19,20,-64.53655871420705,-65.09106288486056,5.739319119592383,1.812868132673474,True,high,,data\processed\audio\phase3_verification\batch2\mfa_corpus\speaker1\HEB_011_seg_045.wav,data\processed\audio\phase3_verification\batch2\mfa_corpus\speaker1\HEB_011_seg_045.txt,data\processed\audio\phase3_verification\batch2\textgrids\speaker1\HEB_011_seg_045.TextGrid
HEB_011_seg_072,batch2,HEB,HEB_011,True,,11.853,5.1,1.92,7.02,1.92,4.833,1.17,7,-64.49729034810126,-62.05359536630136,5.670451661846444,1.0241752243099462,True,high,,data\processed\audio\phase3_verification\batch2\mfa_corpus\speaker1\HEB_011_seg_072.wav,data\processed\audio\phase3_verification\batch2\mfa_corpus\speaker1\HEB_011_seg_072.txt,data\processed\audio\phase3_verification\batch2\textgrids\speaker1\HEB_011_seg_072.TextGrid
HEB_011_seg_019,batch2,HEB,HEB_011,False,long_internal_silence,12.618,11.38,0.89,12.27,0.89,0.348,4.81,7,-63.67198023969889,-65.55938199361165,5.670451661846444,1.2246915541357222,True,high,,data\processed\audio\phase3_verification\batch2\mfa_corpus\speaker1\HEB_011_seg_019.wav,data\processed\audio\phase3_verification\batch2\mfa_corpus\speaker1\HEB_011_seg_019.txt,data\processed\audio\phase3_verification\batch2\textgrids\speaker1\HEB_011_seg_019.TextGrid
EPH_004_seg_027,batch2,EPH,EPH_004,True,,9.776,8.29,1.17,9.46,1.17,0.316,1.67,12,-63.967120398773005,-66.4005428762997,5.563197377687857,1.9090863874187658,True,high,,data\processed\audio\phase3_verification\batch2\mfa_corpus\speaker1\EPH_004_seg_027.wav,data\processed\audio\phase3_verification\batch2\mfa_corpus\speaker1\EPH_004_seg_027.txt,data\processed\audio\phase3_verification\batch2\textgrids\speaker1\EPH_004_seg_027.TextGrid
HEB_011_seg_052,batch2,HEB,HEB_011,True,,4.467,3.65,0.46,4.11,0.46,0.357,0.79,13,-66.2925973503915,-68.03926014255833,5.563186815611073,3.749545948607514,True,high,,data\processed\audio\phase3_verification\batch2\mfa_corpus\speaker1\HEB_011_seg_052.wav,data\processed\audio\phase3_verification\batch2\mfa_corpus\speaker1\HEB_011_seg_052.txt,data\processed\audio\phase3_verification\batch2\textgrids\speaker1\HEB_011_seg_052.TextGrid
HEB_011_seg_076,batch2,HEB,HEB_011,False,low_likelihood,6.191,5.22,0.66,5.88,0.66,0.311,0.86,15,-71.5735435177706,-62.67444479643409,5.563186815611073,2.4607718384310378,True,high,,data\processed\audio\phase3_verification\batch2\mfa_corpus\speaker1\HEB_011_seg_076.wav,data\processed\audio\phase3_verification\batch2\mfa_corpus\speaker1\HEB_011_seg_076.txt,data\processed\audio\phase3_verification\batch2\textgrids\speaker1\HEB_011_seg_076.TextGrid
JAS_001_seg_023,batch2,JAS,JAS_001,True,,5.431,4.46,0.75,5.21,0.75,0.221,1.53,8,-65.09997266344384,-66.55369292858035,5.563181534572681,2.0677046468616282,True,high,,data\processed\audio\phase3_verification\batch2\mfa_corpus\speaker1\JAS_001_seg_023.wav,data\processed\audio\phase3_verification\batch2\mfa_corpus\speaker1\JAS_001_seg_023.txt,data\processed\audio\phase3_verification\batch2\textgrids\speaker1\JAS_001_seg_023.TextGrid
HEB_011_seg_057,batch2,HEB,HEB_011,True,,5.823,4.54,1.04,5.58,1.04,0.243,1.1,10,-65.75928237757732,-66.5252292950948,5.56317625353429,3.4185010003464438,True,high,,data\processed\audio\phase3_verification\batch2\mfa_corpus\speaker1\HEB_011_seg_057.wav,data\processed\audio\phase3_verification\batch2\mfa_corpus\speaker1\HEB_011_seg_057.txt,data\processed\audio\phase3_verification\batch2\textgrids\speaker1\HEB_011_seg_057.TextGrid
JAS_001_seg_008,batch2,JAS,JAS_001,True,,12.143,11.41,0.41,11.82,0.41,0.323,2.17,16,-66.7478634678748,-68.28278438154473,5.563155129380724,1.9131349578693975,True,high,,data\processed\audio\phase3_verification\batch2\mfa_corpus\speaker1\JAS_001_seg_008.wav,data\processed\audio\phase3_verification\batch2\mfa_corpus\speaker1\JAS_001_seg_008.txt,data\processed\audio\phase3_verification\batch2\textgrids\speaker1\JAS_001_seg_008.TextGrid
HEB_011_seg_085,batch2,HEB,HEB_011,False,long_internal_silence,11.686,8.85,2.44,11.29,2.44,0.396,4.57,5,-63.2324502780154,-67.46853903065558,5.489591336299408,-1.885911833882778,True,high,,data\processed\audio\phase3_verification\batch2\mfa_corpus\speaker1\HEB_011_seg_085.wav,data\processed\audio\phase3_verification\batch2\mfa_corpus\speaker1\HEB_011_seg_085.txt,data\processed\audio\phase3_verification\batch2\textgrids\speaker1\HEB_011_seg_085.TextGrid
HEB_011_seg_018,batch2,HEB,HEB_011,True,,5.03,4.06,0.63,4.69,0.63,0.34,1.26,9,-63.79751180417495,-68.6198970960534,5.424525872748453,1.7250226635537356,True,high,,data\processed\audio\phase3_verification\batch2\mfa_corpus\speaker1\HEB_011_seg_018.wav,data\processed\audio\phase3_verification\batch2\mfa_corpus\speaker1\HEB_011_seg_018.txt,data\processed\audio\phase3_verification\batch2\textgrids\speaker1\HEB_011_seg_018.TextGrid
PHP_002_seg_015,batch2,PHP,PHP_002,True,,6.327,5.18,0.83,6.01,0.83,0.317,2.58,4,-62.967935426540286,-62.708306884765626,5.3631393305993225,0.8307557121670648,True,high,,data\processed\audio\phase3_verification\batch2\mfa_corpus\speaker1\PHP_002_seg_015.wav,data\processed\audio\phase3_verification\batch2\mfa_corpus\speaker1\PHP_002_seg_015.txt,data\processed\audio\phase3_verification\batch2\textgrids\speaker1\PHP_002_seg_015.TextGrid
HEB_011_seg_063,batch2,HEB,HEB_011,True,,3.229,2.26,0.59,2.85,0.59,0.379,0.15,14,-64.51487519349845,-70.06171411938138,5.363134639253979,7.066899068225769,True,high,,data\processed\audio\phase3_verification\batch2\mfa_corpus\speaker1\HEB_011_seg_063.wav,data\processed\audio\phase3_verification\batch2\mfa_corpus\speaker1\HEB_011_seg_063.txt,data\processed\audio\phase3_verification\batch2\textgrids\speaker1\HEB_011_seg_063.TextGrid
GAL_001_seg_024,batch2,GAL,GAL_001,True,,14.089,13.06,0.77,13.83,0.77,0.259,0.97,28,-63.98283356990773,-66.86315905253092,5.363129947908636,2.905376258565566,True,high,,data\processed\audio\phase3_verification\batch2\mfa_corpus\speaker1\GAL_001_seg_024.wav,data\processed\audio\phase3_verification\batch2\mfa_corpus\speaker1\GAL_001_seg_024.txt,data\processed\audio\phase3_verification\batch2\textgrids\speaker1\GAL_001_seg_024.TextGrid
JAS_001_seg_028,batch2,JAS,JAS_001,True,,11.528,10.23,1.04,11.27,1.04,0.258,2.95,10,-64.61993847571553,-65.0809383392334,5.154040365193326,1.191712471520697,True,high,,data\processed\audio\phase3_verification\batch2\mfa_corpus\speaker1\JAS_001_seg_028.wav,data\processed\audio\phase3_verification\batch2\mfa_corpus\speaker1\JAS_001_seg_028.txt,data\processed\audio\phase3_verification\batch2\textgrids\speaker1\JAS_001_seg_028.TextGrid
PHP_002_seg_020,batch2,PHP,PHP_002,True,,14.742,12.74,1.7,14.44,1.7,0.302,2.47,10,-62.74829863466757,-64.53526744842529,5.146255521027137,0.8750136388859424,True,high,,data\processed\audio\phase3_verification\batch2\mfa_corpus\speaker1\PHP_002_seg_020.wav,data\processed\audio\phase3_verification\batch2\mfa_corpus\speaker1\PHP_002_seg_020.txt,data\processed\audio\phase3_verification\batch2\textgrids\speaker1\PHP_002_seg_020.TextGrid
JAS_001_seg_026,batch2,JAS,JAS_001,True,,9.528,7.8,1.42,9.22,1.42,0.308,1.14,7,-63.721623327649525,-64.48659115302854,5.1233963530530895,2.2801200421822116,True,high,,data\processed\audio\phase3_verification\batch2\mfa_corpus\speaker1\JAS_001_seg_026.wav,data\processed\audio\phase3_verification\batch2\mfa_corpus\speaker1\JAS_001_seg_026.txt,data\processed\audio\phase3_verification\batch2\textgrids\speaker1\JAS_001_seg_026.TextGrid
GAL_001_seg_007,batch2,GAL,GAL_001,True,,9.337,9.02,0.0,9.02,0.0,0.317,1.29,21,-63.053478820931474,-65.00135895446107,5.120181629092659,0.7863271385686144,True,high,,data\processed\audio\phase3_verification\batch2\mfa_corpus\speaker1\GAL_001_seg_007.wav,data\processed\audio\phase3_verification\batch2\mfa_corpus\speaker1\GAL_001_seg_007.txt,data\processed\audio\phase3_verification\batch2\textgrids\speaker1\GAL_001_seg_007.TextGrid
ROM_008_seg_022,batch2,ROM,ROM_008,True,,15.727,12.8,2.63,15.43,2.63,0.297,1.54,15,-62.44933546567069,-62.999311124361476,5.120181629092659,0.9412487455898937,True,high,,data\processed\audio\phase3_verification\batch2\mfa_corpus\speaker1\ROM_008_seg_022.wav,data\processed\audio\phase3_verification\batch2\mfa_corpus\speaker1\ROM_008_seg_022.txt,data\processed\audio\phase3_verification\batch2\textgrids\speaker1\ROM_008_seg_022.TextGrid
ROM_008_seg_026,batch2,ROM,ROM_008,True,,13.747,12.71,0.66,13.37,0.66,0.377,1.47,16,-60.94264772727273,-63.24449989123222,5.120181629092659,1.312133998721059,True,high,,data\processed\audio\phase3_verification\batch2\mfa_corpus\speaker1\ROM_008_seg_026.wav,data\processed\audio\phase3_verification\batch2\mfa_corpus\speaker1\ROM_008_seg_026.txt,data\processed\audio\phase3_verification\batch2\textgrids\speaker1\ROM_008_seg_026.TextGrid
HEB_011_seg_070,batch2,HEB,HEB_011,True,,4.627,3.54,0.71,4.25,0.71,0.377,0.88,8,-64.3405313512419,-62.637019801784206,5.120181629092659,2.040214764861858,True,high,,data\processed\audio\phase3_verification\batch2\mfa_corpus\speaker1\HEB_011_seg_070.wav,data\processed\audio\phase3_verification\batch2\mfa_corpus\speaker1\HEB_011_seg_070.txt,data\processed\audio\phase3_verification\batch2\textgrids\speaker1\HEB_011_seg_070.TextGrid
ROM_008_seg_048,batch2,ROM,ROM_008,True,,16.947,14.92,1.02,15.94,1.02,1.007,1.08,28,-65.4263689159292,-64.56987626585241,5.120181629092659,2.0225696370268853,True,high,,data\processed\audio\phase3_verification\batch2\mfa_corpus\speaker1\ROM_008_seg_048.wav,data\processed\audio\phase3_verification\batch2\mfa_corpus\speaker1\ROM_008_seg_048.txt,data\processed\audio\phase3_verification\batch2\textgrids\speaker1\ROM_008_seg_048.TextGrid
HEB_011_seg_031,batch2,HEB,HEB_011,True,,5.565,4.19,1.08,5.27,1.08,0.295,0.7,14,-63.07440108842011,-64.9561299085617,5.1201710670158755,2.520796072075548,True,high,,data\processed\audio\phase3_verification\batch2\mfa_corpus\speaker1\HEB_011_seg_031.wav,data\processed\audio\phase3_verification\batch2\mfa_corpus\speaker1\HEB_011_seg_031.txt,data\processed\audio\phase3_verification\batch2\textgrids\speaker1\HEB_011_seg_031.TextGrid
HEB_011_seg_068,batch2,HEB,HEB_011,True,,4.441,3.57,0.54,4.11,0.54,0.331,1.01,21,-65.61841920045045,-67.22407278008417,5.1201710670158755,0.3906692625643835,True,high,,data\processed\audio\phase3_verification\batch2\mfa_corpus\speaker1\HEB_011_seg_068.wav,data\processed\audio\phase3_verification\batch2\mfa_corpus\speaker1\HEB_011_seg_068.txt,data\processed\audio\phase3_verification\batch2\textgrids\speaker1\HEB_011_seg_068.TextGrid
HEB_011_seg_025,batch2,HEB,HEB_011,True,,5.042,4.35,0.4,4.75,0.4,0.292,1.34,12,-64.78097873263889,-66.96049186706543,5.1201710670158755,3.0930364740577083,True,high,,data\processed\audio\phase3_verification\batch2\mfa_corpus\speaker1\HEB_011_seg_025.wav,data\processed\audio\phase3_verification\batch2\mfa_corpus\speaker1\HEB_011_seg_025.txt,data\processed\audio\phase3_verification\batch2\textgrids\speaker1\HEB_011_seg_025.TextGrid
JAS_001_seg_019,batch2,JAS,JAS_001,True,,15.953,14.34,1.34,15.68,1.34,0.273,2.82,11,-64.51355309561129,-68.25597457885742,5.120160504939093,0.19229670031329604,True,high,,data\processed\audio\phase3_verification\batch2\mfa_corpus\speaker1\JAS_001_seg_019.wav,data\processed\audio\phase3_verification\batch2\mfa_corpus\speaker1\JAS_001_seg_019.txt,data\processed\audio\phase3_verification\batch2\textgrids\speaker1\JAS_001_seg_019.TextGrid
JAS_001_seg_002,batch2,JAS,JAS_001,True,,7.539,6.52,0.86,7.38,0.86,0.159,1.82,11,-64.9072395142573,-62.27024196443104,5.116425261981193,-1.2272341123690342,True,high,,data\processed\audio\phase3_verification\batch2\mfa_corpus\speaker1\JAS_001_seg_002.wav,data\processed\audio\phase3_verification\batch2\mfa_corpus\speaker1\JAS_001_seg_002.txt,data\processed\audio\phase3_verification\batch2\textgrids\speaker1\JAS_001_seg_002.TextGrid
ROM_008_seg_019,batch2,ROM,ROM_008,True,,14.607,13.48,0.8,14.28,0.8,0.327,1.75,33,-63.41105728097194,-66.80262119687836,5.111987262511633,1.7608326140225472,True,high,,data\processed\audio\phase3_verification\batch2\mfa_corpus\speaker1\ROM_008_seg_019.wav,data\processed\audio\phase3_verification\batch2\mfa_corpus\speaker1\ROM_008_seg_019.txt,data\processed\audio\phase3_verification\batch2\textgrids\speaker1\ROM_008_seg_019.TextGrid
ROM_008_seg_007,batch2,ROM,ROM_008,True,,7.659,5.76,1.59,7.35,1.59,0.309,1.06,20,-62.053341220626635,-65.95986731847127,5.11198596130944,2.162747417269605,True,high,,data\processed\audio\phase3_verification\batch2\mfa_corpus\speaker1\ROM_008_seg_007.wav,data\processed\audio\phase3_verification\batch2\mfa_corpus\speaker1\ROM_008_seg_007.txt,data\processed\audio\phase3_verification\batch2\textgrids\speaker1\ROM_008_seg_007.TextGrid
JAS_001_seg_013,batch2,JAS,JAS_001,True,,16.097,13.88,0.91,14.79,0.91,1.307,1.61,21,-67.47809588509317,-68.34118036790328,5.010887496080871,1.308304149647057,True,high,,data\processed\audio\phase3_verification\batch2\mfa_corpus\speaker1\JAS_001_seg_013.wav,data\processed\audio\phase3_verification\batch2\mfa_corpus\speaker1\JAS_001_seg_013.txt,data\processed\audio\phase3_verification\batch2\textgrids\speaker1\JAS_001_seg_013.TextGrid
PHP_002_seg_016,batch2,PHP,PHP_002,True,,12.934,10.37,1.27,11.64,1.27,1.294,1.63,13,-61.439880607115235,-64.74232477041392,5.002834615321799,1.1163526336531255,True,high,,data\processed\audio\phase3_verification\batch2\mfa_corpus\speaker1\PHP_002_seg_016.wav,data\processed\audio\phase3_verification\batch2\mfa_corpus\speaker1\PHP_002_seg_016.txt,data\processed\audio\phase3_verification\batch2\textgrids\speaker1\PHP_002_seg_016.TextGrid
JAS_001_seg_022,batch2,JAS,JAS_001,True,,4.458,3.3,0.9,4.2,0.9,0.258,0.73,8,-64.70048433996637,-64.75220184326172,4.943145041638137,1.1018318414315775,True,high,,data\processed\audio\phase3_verification\batch2\mfa_corpus\speaker1\JAS_001_seg_022.wav,data\processed\audio\phase3_verification\batch2\mfa_corpus\speaker1\JAS_001_seg_022.txt,data\processed\audio\phase3_verification\batch2\textgrids\speaker1\JAS_001_seg_022.TextGrid
ROM_008_seg_035,batch2,ROM,ROM_008,True,,18.341,16.75,1.28,18.03,1.28,0.311,1.81,24,-62.56273428980371,-64.05921603893411,4.897606467790524,1.3653834730492331,True,high,,data\processed\audio\phase3_verification\batch2\mfa_corpus\speaker1\ROM_008_seg_035.wav,data\processed\audio\phase3_verification\batch2\mfa_corpus\speaker1\ROM_008_seg_035.txt,data\processed\audio\phase3_verification\batch2\textgrids\speaker1\ROM_008_seg_035.TextGrid
ROM_008_seg_023,batch2,ROM,ROM_008,True,,11.757,10.72,0.74,11.46,0.74,0.297,1.85,10,-62.11469626913265,-63.81930660671658,4.8976040030847665,0.8304114779892231,True,high,,data\processed\audio\phase3_verification\batch2\mfa_corpus\speaker1\ROM_008_seg_023.wav,data\processed\audio\phase3_verification\batch2\mfa_corpus\speaker1\ROM_008_seg_023.txt,data\processed\audio\phase3_verification\batch2\textgrids\speaker1\ROM_008_seg_023.TextGrid
ROM_008_seg_017,batch2,ROM,ROM_008,True,,14.952,13.73,0.88,14.61,0.88,0.342,2.89,12,-61.64170673076923,-61.586073272082274,4.893684570536352,0.6989985148897304,True,high,,data\processed\audio\phase3_verification\batch2\mfa_corpus\speaker1\ROM_008_seg_017.wav,data\processed\audio\phase3_verification\batch2\mfa_corpus\speaker1\ROM_008_seg_017.txt,data\processed\audio\phase3_verification\batch2\textgrids\speaker1\ROM_008_seg_017.TextGrid
ROM_008_seg_006,batch2,ROM,ROM_008,True,,15.016,13.47,1.18,14.65,1.18,0.366,2.47,23,-61.206724367509985,-64.30144795127536,4.82501896474977,1.1870886154643774,True,high,,data\processed\audio\phase3_verification\batch2\mfa_corpus\speaker1\ROM_008_seg_006.wav,data\processed\audio\phase3_verification\batch2\mfa_corpus\speaker1\ROM_008_seg_006.txt,data\processed\audio\phase3_verification\batch2\textgrids\speaker1\ROM_008_seg_006.TextGrid
HEB_011_seg_001,batch2,HEB,HEB_011,True,,10.8,9.91,0.56,10.47,0.56,0.33,1.36,21,-65.47318431712964,-68.03617340890985,4.802631533290931,1.6770034464183379,True,high,,data\processed\audio\phase3_verification\batch2\mfa_corpus\speaker1\HEB_011_seg_001.wav,data\processed\audio\phase3_verification\batch2\mfa_corpus\speaker1\HEB_011_seg_001.txt,data\processed\audio\phase3_verification\batch2\textgrids\speaker1\HEB_011_seg_001.TextGrid
GAL_001_seg_002,batch2,GAL,GAL_001,True,,6.473,5.3,0.75,6.05,0.75,0.423,0.92,7,-60.32139924652241,-63.538065733733,4.78459490520866,3.688368242821598,True,high,,data\processed\audio\phase3_verification\batch2\mfa_corpus\speaker1\GAL_001_seg_002.wav,data\processed\audio\phase3_verification\batch2\mfa_corpus\speaker1\GAL_001_seg_002.txt,data\processed\audio\phase3_verification\batch2\textgrids\speaker1\GAL_001_seg_002.TextGrid
GAL_001_seg_028,batch2,GAL,GAL_001,False,long_internal_silence,15.477,14.16,0.99,15.15,0.99,0.327,3.66,10,-62.249227834302324,-66.88517482106279,4.711893373214996,0.6322255050398606,True,high,,data\processed\audio\phase3_verification\batch2\mfa_corpus\speaker1\GAL_001_seg_028.wav,data\processed\audio\phase3_verification\batch2\mfa_corpus\speaker1\GAL_001_seg_028.txt,data\processed\audio\phase3_verification\batch2\textgrids\speaker1\GAL_001_seg_028.TextGrid
JAS_001_seg_025,batch2,JAS,JAS_001,True,,11.163,9.44,1.42,10.86,1.42,0.303,1.69,11,-66.74263552867383,-67.15958332565596,4.677208128804595,0.9328360476881397,True,high,,data\processed\audio\phase3_verification\batch2\mfa_corpus\speaker1\JAS_001_seg_025.wav,data\processed\audio\phase3_verification\batch2\mfa_corpus\speaker1\JAS_001_seg_025.txt,data\processed\audio\phase3_verification\batch2\textgrids\speaker1\JAS_001_seg_025.TextGrid
GAL_001_seg_012,batch2,GAL,GAL_001,True,,18.908,17.25,1.35,18.6,1.35,0.308,2.08,31,-62.33894516790058,-64.98105897243667,4.677176442574245,0.8455204843479827,True,high,,data\processed\audio\phase3_verification\batch2\mfa_corpus\speaker1\GAL_001_seg_012.wav,data\processed\audio\phase3_verification\batch2\mfa_corpus\speaker1\GAL_001_seg_012.txt,data\processed\audio\phase3_verification\batch2\textgrids\speaker1\GAL_001_seg_012.TextGrid
JAS_001_seg_007,batch2,JAS,JAS_001,True,,6.705,4.13,2.36,6.49,2.36,0.215,0.95,14,-65.51703381147541,-65.87357711791992,4.677176442574245,-0.14651368867086134,True,high,,data\processed\audio\phase3_verification\batch2\mfa_corpus\speaker1\JAS_001_seg_007.wav,data\processed\audio\phase3_verification\batch2\mfa_corpus\speaker1\JAS_001_seg_007.txt,data\processed\audio\phase3_verification\batch2\textgrids\speaker1\JAS_001_seg_007.TextGrid
EPH_004_seg_036,batch2,EPH,EPH_004,True,,11.199,9.94,0.93,10.87,0.93,0.329,1.34,26,-64.30979352678571,-69.01706581784968,4.677165880497462,1.0829705529967981,True,high,,data\processed\audio\phase3_verification\batch2\mfa_corpus\speaker1\EPH_004_seg_036.wav,data\processed\audio\phase3_verification\batch2\mfa_corpus\speaker1\EPH_004_seg_036.txt,data\processed\audio\phase3_verification\batch2\textgrids\speaker1\EPH_004_seg_036.TextGrid
EPH_004_seg_003,batch2,EPH,EPH_004,True,,8.124,5.8,2.0,7.8,2.0,0.324,1.04,7,-63.32948160406404,-63.710716712765574,4.677165880497462,0.5894469291518245,True,high,,data\processed\audio\phase3_verification\batch2\mfa_corpus\speaker1\EPH_004_seg_003.wav,data\processed\audio\phase3_verification\batch2\mfa_corpus\speaker1\EPH_004_seg_003.txt,data\processed\audio\phase3_verification\batch2\textgrids\speaker1\EPH_004_seg_003.TextGrid
HEB_011_seg_043,batch2,HEB,HEB_011,True,,10.037,7.25,1.05,8.3,1.05,1.737,1.77,6,-66.19521134213147,-71.31365550648083,4.677165880497462,1.1269573444596954,True,high,,data\processed\audio\phase3_verification\batch2\mfa_corpus\speaker1\HEB_011_seg_043.wav,data\processed\audio\phase3_verification\batch2\mfa_corpus\speaker1\HEB_011_seg_043.txt,data\processed\audio\phase3_verification\batch2\textgrids\speaker1\HEB_011_seg_043.TextGrid
JAS_001_seg_018,batch2,JAS,JAS_001,True,,6.159,5.55,0.43,5.98,0.43,0.179,0.78,29,-68.5767489346591,-72.57189489200415,4.677165880497462,0.0997020693961268,True,high,,data\processed\audio\phase3_verification\batch2\mfa_corpus\speaker1\JAS_001_seg_018.wav,data\processed\audio\phase3_verification\batch2\mfa_corpus\speaker1\JAS_001_seg_018.txt,data\processed\audio\phase3_verification\batch2\textgrids\speaker1\JAS_001_seg_018.TextGrid
GAL_001_seg_019,batch2,GAL,GAL_001,True,,7.96,7.09,0.54,7.63,0.54,0.33,1.11,15,-62.08739007537689,-68.57431105563515,4.5842272522633625,1.6202306250506613,True,high,,data\processed\audio\phase3_verification\batch2\mfa_corpus\speaker1\GAL_001_seg_019.wav,data\processed\audio\phase3_verification\batch2\mfa_corpus\speaker1\GAL_001_seg_019.txt,data\processed\audio\phase3_verification\batch2\textgrids\speaker1\GAL_001_seg_019.TextGrid
GAL_001_seg_010,batch2,GAL,GAL_001,True,,13.256,11.83,1.1,12.93,1.1,0.326,1.6,20,-63.70277149321267,-61.886794544401624,4.4840953886228485,2.359118636359316,True,high,,data\processed\audio\phase3_verification\batch2\mfa_corpus\speaker1\GAL_001_seg_010.wav,data\processed\audio\phase3_verification\batch2\mfa_corpus\speaker1\GAL_001_seg_010.txt,data\processed\audio\phase3_verification\batch2\textgrids\speaker1\GAL_001_seg_010.TextGrid
GAL_001_seg_030,batch2,GAL,GAL_001,True,,6.002,3.99,1.04,5.03,1.04,0.972,1.46,6,-66.3084765625,-60.059271195355585,4.446421212905642,1.6359446778993352,True,high,,data\processed\audio\phase3_verification\batch2\mfa_corpus\speaker1\GAL_001_seg_030.wav,data\processed\audio\phase3_verification\batch2\mfa_corpus\speaker1\GAL_001_seg_030.txt,data\processed\audio\phase3_verification\batch2\textgrids\speaker1\GAL_001_seg_030.TextGrid
HEB_011_seg_033,batch2,HEB,HEB_011,True,,10.052,9.31,0.44,9.75,0.44,0.302,1.7,23,-64.40747434701493,-67.61909843444825,4.443488977334264,1.8196586097561909,True,high,,data\processed\audio\phase3_verification\batch2\mfa_corpus\speaker1\HEB_011_seg_033.wav,data\processed\audio\phase3_verification\batch2\mfa_corpus\speaker1\HEB_011_seg_033.txt,data\processed\audio\phase3_verification\batch2\textgrids\speaker1\HEB_011_seg_033.TextGrid
EPH_004_seg_022,batch2,EPH,EPH_004,True,,9.283,7.96,0.99,8.95,0.99,0.333,1.06,16,-63.61031367860991,-64.34882626533508,4.370876155672297,1.0014854317313517,True,high,,data\processed\audio\phase3_verification\batch2\mfa_corpus\speaker1\EPH_004_seg_022.wav,data\processed\audio\phase3_verification\batch2\mfa_corpus\speaker1\EPH_004_seg_022.txt,data\processed\audio\phase3_verification\batch2\textgrids\speaker1\EPH_004_seg_022.TextGrid
PHP_002_seg_022,batch2,PHP,PHP_002,True,,6.262,5.21,0.72,5.93,0.72,0.332,0.87,18,-62.22147688698083,-63.8825792948405,4.359573232343229,1.4042231077928413,True,high,,data\processed\audio\phase3_verification\batch2\mfa_corpus\speaker1\PHP_002_seg_022.wav,data\processed\audio\phase3_verification\batch2\mfa_corpus\speaker1\PHP_002_seg_022.txt,data\processed\audio\phase3_verification\batch2\textgrids\speaker1\PHP_002_seg_022.TextGrid
PHP_002_seg_003,batch2,PHP,PHP_002,True,,10.24,8.9,0.99,9.89,0.99,0.35,1.05,28,-62.52943801879883,-64.3457011332554,4.277338616686132,0.6974690964246388,True,high,,data\processed\audio\phase3_verification\batch2\mfa_corpus\speaker1\PHP_002_seg_003.wav,data\processed\audio\phase3_verification\batch2\mfa_corpus\speaker1\PHP_002_seg_003.txt,data\processed\audio\phase3_verification\batch2\textgrids\speaker1\PHP_002_seg_003.TextGrid
EPH_004_seg_042,batch2,EPH,EPH_004,True,,8.297,7.19,0.84,8.03,0.84,0.267,1.7,11,-59.98891660391566,-62.15268502584318,4.234171256055831,0.41160461109886093,True,high,,data\processed\audio\phase3_verification\batch2\mfa_corpus\speaker1\EPH_004_seg_042.wav,data\processed\audio\phase3_verification\batch2\mfa_corpus\speaker1\EPH_004_seg_042.txt,data\processed\audio\phase3_verification\batch2\textgrids\speaker1\EPH_004_seg_042.TextGrid
GAL_001_seg_015,batch2,GAL,GAL_001,True,,6.439,5.06,1.12,6.18,1.12,0.259,1.31,14,-61.937597049689444,-65.69646083947384,4.234171256055831,1.7674530009413907,True,high,,data\processed\audio\phase3_verification\batch2\mfa_corpus\speaker1\GAL_001_seg_015.wav,data\processed\audio\phase3_verification\batch2\mfa_corpus\speaker1\GAL_001_seg_015.txt,data\processed\audio\phase3_verification\batch2\textgrids\speaker1\GAL_001_seg_015.TextGrid
HEB_011_seg_032,batch2,HEB,HEB_011,True,,6.189,4.85,1.02,5.87,1.02,0.319,0.67,15,-64.23421723546042,-65.12139994661572,4.234160693979048,4.15369483061254,True,high,,data\processed\audio\phase3_verification\batch2\mfa_corpus\speaker1\HEB_011_seg_032.wav,data\processed\audio\phase3_verification\batch2\mfa_corpus\speaker1\HEB_011_seg_032.txt,data\processed\audio\phase3_verification\batch2\textgrids\speaker1\HEB_011_seg_032.TextGrid
HEB_011_seg_061,batch2,HEB,HEB_011,True,,7.47,5.79,1.33,7.12,1.33,0.35,2.15,8,-65.58541980421687,-67.28905793894891,4.234150131902265,-0.8835571228215624,True,high,,data\processed\audio\phase3_verification\batch2\mfa_corpus\speaker1\HEB_011_seg_061.wav,data\processed\audio\phase3_verification\batch2\mfa_corpus\speaker1\HEB_011_seg_061.txt,data\processed\audio\phase3_verification\batch2\textgrids\speaker1\HEB_011_seg_061.TextGrid
HEB_011_seg_044,batch2,HEB,HEB_011,True,,12.264,9.93,1.95,11.88,1.95,0.384,1.52,12,-66.34016236745514,-67.23634239479348,4.234150131902265,1.6164618907441337,True,high,,data\processed\audio\phase3_verification\batch2\mfa_corpus\speaker1\HEB_011_seg_044.wav,data\processed\audio\phase3_verification\batch2\mfa_corpus\speaker1\HEB_011_seg_044.txt,data\processed\audio\phase3_verification\batch2\textgrids\speaker1\HEB_011_seg_044.TextGrid
GAL_001_seg_018,batch2,GAL,GAL_001,True,,14.264,13.27,0.66,13.93,0.66,0.334,1.29,15,-62.61945564516129,-61.97063027487861,4.182524744173019,2.0818553116040928,True,high,,data\processed\audio\phase3_verification\batch2\mfa_corpus\speaker1\GAL_001_seg_018.wav,data\processed\audio\phase3_verification\batch2\mfa_corpus\speaker1\GAL_001_seg_018.txt,data\processed\audio\phase3_verification\batch2\textgrids\speaker1\GAL_001_seg_018.TextGrid
PHP_002_seg_026,batch2,PHP,PHP_002,True,,9.703,8.41,1.0,9.41,1.0,0.293,1.44,13,-61.60067654639175,-63.49832000732422,4.182515361482332,0.8291909828967814,True,high,,data\processed\audio\phase3_verification\batch2\mfa_corpus\speaker1\PHP_002_seg_026.wav,data\processed\audio\phase3_verification\batch2\mfa_corpus\speaker1\PHP_002_seg_026.txt,data\processed\audio\phase3_verification\batch2\textgrids\speaker1\PHP_002_seg_026.TextGrid
GAL_001_seg_022,batch2,GAL,GAL_001,True,,14.741,13.01,1.32,14.33,1.32,0.411,1.15,24,-61.38276479816825,-65.19382076637417,4.182503726326326,1.8918153904540826,True,high,,data\processed\audio\phase3_verification\batch2\mfa_corpus\speaker1\GAL_001_seg_022.wav,data\processed\audio\phase3_verification\batch2\mfa_corpus\speaker1\GAL_001_seg_022.txt,data\processed\audio\phase3_verification\batch2\textgrids\speaker1\GAL_001_seg_022.TextGrid
PHP_002_seg_038,batch2,PHP,PHP_002,True,,11.625,9.41,1.14,10.55,1.14,1.075,1.87,8,-64.4105022033534,-65.8026647567749,4.173963927776411,0.959165908045378,True,high,,data\processed\audio\phase3_verification\batch2\mfa_corpus\speaker1\PHP_002_seg_038.wav,data\processed\audio\phase3_verification\batch2\mfa_corpus\speaker1\PHP_002_seg_038.txt,data\processed\audio\phase3_verification\batch2\textgrids\speaker1\PHP_002_seg_038.TextGrid
ROM_008_seg_020,batch2,ROM,ROM_008,True,,10.413,8.33,1.75,10.08,1.75,0.333,1.12,11,-60.08458663544668,-62.38746852874756,4.159433674611759,1.76926062254722,True,high,,data\processed\audio\phase3_verification\batch2\mfa_corpus\speaker1\ROM_008_seg_020.wav,data\processed\audio\phase3_verification\batch2\mfa_corpus\speaker1\ROM_008_seg_020.txt,data\processed\audio\phase3_verification\batch2\textgrids\speaker1\ROM_008_seg_020.TextGrid
HEB_011_seg_004,batch2,HEB,HEB_011,True,,9.604,8.24,0.97,9.21,0.97,0.394,1.59,10,-65.65370686848958,-66.97002242332282,4.159431272907241,1.0848710693386465,True,high,,data\processed\audio\phase3_verification\batch2\mfa_corpus\speaker1\HEB_011_seg_004.wav,data\processed\audio\phase3_verification\batch2\mfa_corpus\speaker1\HEB_011_seg_004.txt,data\processed\audio\phase3_verification\batch2\textgrids\speaker1\HEB_011_seg_004.TextGrid
JAS_001_seg_029,batch2,JAS,JAS_001,True,,7.767,5.1,2.41,7.51,2.41,0.257,1.37,15,-66.7089165057915,-70.7201800626867,4.159431272907241,0.3598517710472642,True,high,,data\processed\audio\phase3_verification\batch2\mfa_corpus\speaker1\JAS_001_seg_029.wav,data\processed\audio\phase3_verification\batch2\mfa_corpus\speaker1\JAS_001_seg_029.txt,data\processed\audio\phase3_verification\batch2\textgrids\speaker1\JAS_001_seg_029.TextGrid
EPH_004_seg_041,batch2,EPH,EPH_004,True,,7.391,6.25,0.81,7.06,0.81,0.331,1.69,8,-58.848533702638704,-61.04150238037109,4.140925383530648,1.9020309854045063,True,high,,data\processed\audio\phase3_verification\batch2\mfa_corpus\speaker1\EPH_004_seg_041.wav,data\processed\audio\phase3_verification\batch2\mfa_corpus\speaker1\EPH_004_seg_041.txt,data\processed\audio\phase3_verification\batch2\textgrids\speaker1\EPH_004_seg_041.TextGrid
ROM_008_seg_043,batch2,ROM,ROM_008,True,,12.328,11.04,0.9,11.94,0.9,0.388,1.58,13,-64.95315034468776,-68.74036598205566,4.130893208718625,0.8260262211780223,True,high,,data\processed\audio\phase3_verification\batch2\mfa_corpus\speaker1\ROM_008_seg_043.wav,data\processed\audio\phase3_verification\batch2\mfa_corpus\speaker1\ROM_008_seg_043.txt,data\processed\audio\phase3_verification\batch2\textgrids\speaker1\ROM_008_seg_043.TextGrid
PHP_002_seg_008,batch2,PHP,PHP_002,True,,9.945,8.77,0.85,9.62,0.85,0.325,1.96,8,-62.671505967336685,-65.03290261162653,4.109023912283295,1.9901546382018758,True,high,,data\processed\audio\phase3_verification\batch2\mfa_corpus\speaker1\PHP_002_seg_008.wav,data\processed\audio\phase3_verification\batch2\mfa_corpus\speaker1\PHP_002_seg_008.txt,data\processed\audio\phase3_verification\batch2\textgrids\speaker1\PHP_002_seg_008.TextGrid
HEB_011_seg_027,batch2,HEB,HEB_011,True,,12.443,11.3,0.76,12.06,0.76,0.383,1.31,22,-64.09245001004822,-64.22519705030653,4.070586774160931,3.193795924858847,True,high,,data\processed\audio\phase3_verification\batch2\mfa_corpus\speaker1\HEB_011_seg_027.wav,data\processed\audio\phase3_verification\batch2\mfa_corpus\speaker1\HEB_011_seg_027.txt,data\processed\audio\phase3_verification\batch2\textgrids\speaker1\HEB_011_seg_027.TextGrid
HEB_011_seg_022,batch2,HEB,HEB_011,True,,8.585,6.37,1.92,8.29,1.92,0.295,1.28,9,-63.07156759313155,-62.6984720927913,4.0362400496054285,1.4138443641846905,True,high,,data\processed\audio\phase3_verification\batch2\mfa_corpus\speaker1\HEB_011_seg_022.wav,data\processed\audio\phase3_verification\batch2\mfa_corpus\speaker1\HEB_011_seg_022.txt,data\processed\audio\phase3_verification\batch2\textgrids\speaker1\HEB_011_seg_022.TextGrid
PHP_002_seg_032,batch2,PHP,PHP_002,False,too_short,1.772,1.17,0.44,1.61,0.44,0.162,0.17,7,-68.05280058262711,-70.676025390625,4.036235194699515,3.120294125126245,True,high,,data\processed\audio\phase3_verification\batch2\mfa_corpus\speaker1\PHP_002_seg_032.wav,data\processed\audio\phase3_verification\batch2\mfa_corpus\speaker1\PHP_002_seg_032.txt,data\processed\audio\phase3_verification\batch2\textgrids\speaker1\PHP_002_seg_032.TextGrid
EPH_004_seg_035,batch2,EPH,EPH_004,True,,8.337,7.15,0.84,7.99,0.84,0.347,1.72,7,-62.38023175209832,-65.2949369093951,4.025410107387691,0.7613431449599126,True,high,,data\processed\audio\phase3_verification\batch2\mfa_corpus\speaker1\EPH_004_seg_035.wav,data\processed\audio\phase3_verification\batch2\mfa_corpus\speaker1\EPH_004_seg_035.txt,data\processed\audio\phase3_verification\batch2\textgrids\speaker1\EPH_004_seg_035.TextGrid
EPH_004_seg_029,batch2,EPH,EPH_004,True,,7.793,6.79,0.69,7.48,0.69,0.313,1.21,11,-64.30575557605906,-68.12493265999689,4.001833649536002,1.2992445521690517,True,high,,data\processed\audio\phase3_verification\batch2\mfa_corpus\speaker1\EPH_004_seg_029.wav,data\processed\audio\phase3_verification\batch2\mfa_corpus\speaker1\EPH_004_seg_029.txt,data\processed\audio\phase3_verification\batch2\textgrids\speaker1\EPH_004_seg_029.TextGrid
HEB_011_seg_035,batch2,HEB,HEB_011,True,,3.657,2.71,0.69,3.4,0.69,0.257,0.68,10,-66.24625917862022,-71.45552670225806,3.9672090043690122,4.45267997695823,True,high,,data\processed\audio\phase3_verification\batch2\mfa_corpus\speaker1\HEB_011_seg_035.wav,data\processed\audio\phase3_verification\batch2\mfa_corpus\speaker1\HEB_011_seg_035.txt,data\processed\audio\phase3_verification\batch2\textgrids\speaker1\HEB_011_seg_035.TextGrid
HEB_011_seg_040,batch2,HEB,HEB_011,True,,2.456,1.68,0.53,2.21,0.53,0.246,0.25,10,-65.24545461763212,-69.85318294324372,3.96285741499652,8.804171411857205,True,high,,data\processed\audio\phase3_verification\batch2\mfa_corpus\speaker1\HEB_011_seg_040.wav,data\processed\audio\phase3_verification\batch2\mfa_corpus\speaker1\HEB_011_seg_040.txt,data\processed\audio\phase3_verification\batch2\textgrids\speaker1\HEB_011_seg_040.TextGrid
HEB_011_seg_086,batch2,HEB,HEB_011,True,,13.823,12.53,0.92,13.45,0.92,0.373,2.14,11,-65.51106299746743,-65.7656108714916,3.96285741499652,2.1105045506705693,True,high,,data\processed\audio\phase3_verification\batch2\mfa_corpus\speaker1\HEB_011_seg_086.wav,data\processed\audio\phase3_verification\batch2\mfa_corpus\speaker1\HEB_011_seg_086.txt,data\processed\audio\phase3_verification\batch2\textgrids\speaker1\HEB_011_seg_086.TextGrid
HEB_011_seg_030,batch2,HEB,HEB_011,True,,7.327,5.91,1.04,6.95,1.04,0.377,1.76,6,-63.91489384379263,-64.01632205860035,3.962853930112337,1.7626673133856645,True,high,,data\processed\audio\phase3_verification\batch2\mfa_corpus\speaker1\HEB_011_seg_030.wav,data\processed\audio\phase3_verification\batch2\mfa_corpus\speaker1\HEB_011_seg_030.txt,data\processed\audio\phase3_verification\batch2\textgrids\speaker1\HEB_011_seg_030.TextGrid
PHP_002_seg_036,batch2,PHP,PHP_002,True,,8.555,5.25,2.98,8.23,2.98,0.325,1.28,6,-63.791161653037385,-66.95922826951549,3.918219798942778,0.15595567940433774,True,high,,data\processed\audio\phase3_verification\batch2\mfa_corpus\speaker1\PHP_002_seg_036.wav,data\processed\audio\phase3_verification\batch2\mfa_corpus\speaker1\PHP_002_seg_036.txt,data\processed\audio\phase3_verification\batch2\textgrids\speaker1\PHP_002_seg_036.TextGrid
JAS_001_seg_021,batch2,JAS,JAS_001,True,,10.275,8.34,1.68,10.02,1.68,0.255,1.58,12,-63.28786934581712,-66.18126803431018,3.861249936739031,-0.011075148976608773,True,high,,data\processed\audio\phase3_verification\batch2\mfa_corpus\speaker1\JAS_001_seg_021.wav,data\processed\audio\phase3_verification\batch2\mfa_corpus\speaker1\JAS_001_seg_021.txt,data\processed\audio\phase3_verification\batch2\textgrids\speaker1\JAS_001_seg_021.TextGrid
PHP_002_seg_019,batch2,PHP,PHP_002,True,,11.27,9.47,1.48,10.95,1.48,0.32,2.01,11,-61.98292618677906,-63.29846437242296,3.8572319985284365,0.23456427287461246,True,high,,data\processed\audio\phase3_verification\batch2\mfa_corpus\speaker1\PHP_002_seg_019.wav,data\processed\audio\phase3_verification\batch2\mfa_corpus\speaker1\PHP_002_seg_019.txt,data\processed\audio\phase3_verification\batch2\textgrids\speaker1\PHP_002_seg_019.TextGrid
JAS_001_seg_030,batch2,JAS,JAS_001,True,,13.213,10.52,2.32,12.84,2.32,0.373,1.91,10,-66.63340390802422,-69.46694407743566,3.8572319985284365,-0.0014798407201190855,True,high,,data\processed\audio\phase3_verification\batch2\mfa_corpus\speaker1\JAS_001_seg_030.wav,data\processed\audio\phase3_verification\batch2\mfa_corpus\speaker1\JAS_001_seg_030.txt,data\processed\audio\phase3_verification\batch2\textgrids\speaker1\JAS_001_seg_030.TextGrid
JAS_001_seg_015,batch2,JAS,JAS_001,False,long_internal_silence,9.51,8.05,1.18,9.23,1.18,0.28,4.2,4,-65.09721263801262,-70.33678603172302,3.8572259942671416,1.046428950176015,True,high,,data\processed\audio\phase3_verification\batch2\mfa_corpus\speaker1\JAS_001_seg_015.wav,data\processed\audio\phase3_verification\batch2\mfa_corpus\speaker1\JAS_001_seg_015.txt,data\processed\audio\phase3_verification\batch2\textgrids\speaker1\JAS_001_seg_015.TextGrid
JAS_001_seg_034,batch2,JAS,JAS_001,True,,10.197,9.07,0.86,9.93,0.86,0.267,1.51,11,-64.96516544117647,-66.69069629245334,3.850206851609102,0.9320724492208292,True,high,,data\processed\audio\phase3_verification\batch2\mfa_corpus\speaker1\JAS_001_seg_034.wav,data\processed\audio\phase3_verification\batch2\mfa_corpus\speaker1\JAS_001_seg_034.txt,data\processed\audio\phase3_verification\batch2\textgrids\speaker1\JAS_001_seg_034.TextGrid
EPH_004_seg_037,batch2,EPH,EPH_004,True,,14.824,13.7,0.79,14.49,0.79,0.334,1.11,19,-63.045409497300945,-65.29507681441633,3.8339277583242777,1.455248956377634,True,high,,data\processed\audio\phase3_verification\batch2\mfa_corpus\speaker1\EPH_004_seg_037.wav,data\processed\audio\phase3_verification\batch2\mfa_corpus\speaker1\EPH_004_seg_037.txt,data\processed\audio\phase3_verification\batch2\textgrids\speaker1\EPH_004_seg_037.TextGrid
HEB_011_seg_010,batch2,HEB,HEB_011,False,low_likelihood,4.022,3.53,0.38,3.91,0.38,0.112,0.79,19,-71.2079252176617,-70.85977689231315,3.7911607884990253,4.848068043687757,True,high,,data\processed\audio\phase3_verification\batch2\mfa_corpus\speaker1\HEB_011_seg_010.wav,data\processed\audio\phase3_verification\batch2\mfa_corpus\speaker1\HEB_011_seg_010.txt,data\processed\audio\phase3_verification\batch2\textgrids\speaker1\HEB_011_seg_010.TextGrid
EPH_004_seg_014,batch2,EPH,EPH_004,True,,11.173,10.49,0.39,10.88,0.39,0.293,1.22,32,-66.28927931960608,-67.88507837237734,3.7911581479798295,1.5121436127091261,True,high,,data\processed\audio\phase3_verification\batch2\mfa_corpus\speaker1\EPH_004_seg_014.wav,data\processed\audio\phase3_verification\batch2\mfa_corpus\speaker1\EPH_004_seg_014.txt,data\processed\audio\phase3_verification\batch2\textgrids\speaker1\EPH_004_seg_014.TextGrid
PHP_002_seg_037,batch2,PHP,PHP_002,True,,9.139,7.71,1.13,8.84,1.13,0.299,1.38,7,-63.184892984135665,-64.95476748492267,3.755802379222677,0.7189870179907825,True,high,,data\processed\audio\phase3_verification\batch2\mfa_corpus\speaker1\PHP_002_seg_037.wav,data\processed\audio\phase3_verification\batch2\mfa_corpus\speaker1\PHP_002_seg_037.txt,data\processed\audio\phase3_verification\batch2\textgrids\speaker1\PHP_002_seg_037.TextGrid
HEB_011_seg_021,batch2,HEB,HEB_011,True,,18.359,17.08,0.87,17.95,0.87,0.409,2.08,26,-65.3904633033769,-68.06088557285545,3.7400476352920067,1.3856205259168206,True,high,,data\processed\audio\phase3_verification\batch2\mfa_corpus\speaker1\HEB_011_seg_021.wav,data\processed\audio\phase3_verification\batch2\mfa_corpus\speaker1\HEB_011_seg_021.txt,data\processed\audio\phase3_verification\batch2\textgrids\speaker1\HEB_011_seg_021.TextGrid
HEB_011_seg_026,batch2,HEB,HEB_011,True,,7.357,5.99,1.03,7.02,1.03,0.337,2.06,8,-64.7076946756114,-67.34302287631564,3.719886704606197,-0.19275062357510464,True,high,,data\processed\audio\phase3_verification\batch2\mfa_corpus\speaker1\HEB_011_seg_026.wav,data\processed\audio\phase3_verification\batch2\mfa_corpus\speaker1\HEB_011_seg_026.txt,data\processed\audio\phase3_verification\batch2\textgrids\speaker1\HEB_011_seg_026.TextGrid
HEB_011_seg_042,batch2,HEB,HEB_011,True,,6.868,5.59,0.89,6.48,0.89,0.388,0.46,13,-65.50929084788937,-65.68831545511881,3.7124260708169143,2.358873280720184,True,high,,data\processed\audio\phase3_verification\batch2\mfa_corpus\speaker1\HEB_011_seg_042.wav,data\processed\audio\phase3_verification\batch2\mfa_corpus\speaker1\HEB_011_seg_042.txt,data\processed\audio\phase3_verification\batch2\textgrids\speaker1\HEB_011_seg_042.TextGrid
ROM_008_seg_042,batch2,ROM,ROM_008,True,,3.082,2.37,0.57,2.94,0.57,0.142,0.28,15,-63.12839260349026,-65.30505877408115,3.710192128650262,6.963063243472117,True,high,,data\processed\audio\phase3_verification\batch2\mfa_corpus\speaker1\ROM_008_seg_042.wav,data\processed\audio\phase3_verification\batch2\mfa_corpus\speaker1\ROM_008_seg_042.txt,data\processed\audio\phase3_verification\batch2\textgrids\speaker1\ROM_008_seg_042.TextGrid
EPH_004_seg_021,batch2,EPH,EPH_004,True,,15.669,13.47,0.98,14.45,0.98,1.219,1.28,15,-62.43101866624122,-62.11642954899715,3.7006259141637052,1.9720750401832792,True,high,,data\processed\audio\phase3_verification\batch2\mfa_corpus\speaker1\EPH_004_seg_021.wav,data\processed\audio\phase3_verification\batch2\mfa_corpus\speaker1\EPH_004_seg_021.txt,data\processed\audio\phase3_verification\batch2\textgrids\speaker1\EPH_004_seg_021.TextGrid
ROM_008_seg_033,batch2,ROM,ROM_008,True,,16.521,14.87,1.33,16.2,1.33,0.321,1.62,38,-65.38845433565375,-66.54048280830843,3.7006220845392774,1.2007358265776098,True,high,,data\processed\audio\phase3_verification\batch2\mfa_corpus\speaker1\ROM_008_seg_033.wav,data\processed\audio\phase3_verification\batch2\mfa_corpus\speaker1\ROM_008_seg_033.txt,data\processed\audio\phase3_verification\batch2\textgrids\speaker1\ROM_008_seg_033.TextGrid
EPH_004_seg_023,batch2,EPH,EPH_004,True,,14.627,11.72,1.55,13.27,1.55,1.357,1.59,12,-62.70221185064935,-62.96869224414491,3.657080624404772,0.8784553030329523,True,high,,data\processed\audio\phase3_verification\batch2\mfa_corpus\speaker1\EPH_004_seg_023.wav,data\processed\audio\phase3_verification\batch2\mfa_corpus\speaker1\EPH_004_seg_023.txt,data\processed\audio\phase3_verification\batch2\textgrids\speaker1\EPH_004_seg_023.TextGrid
HEB_011_seg_038,batch2,HEB,HEB_011,True,,4.581,3.67,0.57,4.24,0.57,0.341,1.1,10,-64.36382710152839,-69.98215982865314,3.657077543522574,3.679544749418394,True,high,,data\processed\audio\phase3_verification\batch2\mfa_corpus\speaker1\HEB_011_seg_038.wav,data\processed\audio\phase3_verification\batch2\mfa_corpus\speaker1\HEB_011_seg_038.txt,data\processed\audio\phase3_verification\batch2\textgrids\speaker1\HEB_011_seg_038.TextGrid
ROM_008_seg_021,batch2,ROM,ROM_008,True,,12.738,10.92,1.49,12.41,1.49,0.328,0.97,36,-63.693000637755105,-66.41168288110008,3.6570707655817394,1.7832365982402116,True,high,,data\processed\audio\phase3_verification\batch2\mfa_corpus\speaker1\ROM_008_seg_021.wav,data\processed\audio\phase3_verification\batch2\mfa_corpus\speaker1\ROM_008_seg_021.txt,data\processed\audio\phase3_verification\batch2\textgrids\speaker1\ROM_008_seg_021.TextGrid
JAS_001_seg_035,batch2,JAS,JAS_001,True,,20.745,18.85,0.94,19.79,0.94,0.955,1.99,19,-66.85353915662651,-68.03558773897132,3.5770195334049952,0.42769398100709033,True,low,duration_outlier,data\processed\audio\phase3_verification\batch2\mfa_corpus\speaker1\JAS_001_seg_035.wav,data\processed\audio\phase3_verification\batch2\mfa_corpus\speaker1\JAS_001_seg_035.txt,data\processed\audio\phase3_verification\batch2\textgrids\speaker1\JAS_001_seg_035.TextGrid
EPH_004_seg_033,batch2,EPH,EPH_004,True,,8.603,6.99,1.26,8.25,1.26,0.353,1.37,7,-61.243981649709305,-60.33882090250651,3.50977404179848,-0.1322324104414605,True,high,,data\processed\audio\phase3_verification\batch2\mfa_corpus\speaker1\EPH_004_seg_033.wav,data\processed\audio\phase3_verification\batch2\mfa_corpus\speaker1\EPH_004_seg_033.txt,data\processed\audio\phase3_verification\batch2\textgrids\speaker1\EPH_004_seg_033.TextGrid
PHP_002_seg_028,batch2,PHP,PHP_002,True,,10.899,9.44,1.1,10.54,1.1,0.359,1.52,9,-63.23608801605505,-61.20819873809815,3.4993699919183823,1.0649636480988658,True,high,,data\processed\audio\phase3_verification\batch2\mfa_corpus\speaker1\PHP_002_seg_028.wav,data\processed\audio\phase3_verification\batch2\mfa_corpus\speaker1\PHP_002_seg_028.txt,data\processed\audio\phase3_verification\batch2\textgrids\speaker1\PHP_002_seg_028.TextGrid
HEB_011_seg_071,batch2,HEB,HEB_011,True,,3.324,2.11,0.87,2.98,0.87,0.344,0.35,8,-64.7589008377259,-66.26762824588351,3.4808705923908234,6.185131265891096,True,high,,data\processed\audio\phase3_verification\batch2\mfa_corpus\speaker1\HEB_011_seg_071.wav,data\processed\audio\phase3_verification\batch2\mfa_corpus\speaker1\HEB_011_seg_071.txt,data\processed\audio\phase3_verification\batch2\textgrids\speaker1\HEB_011_seg_071.TextGrid
EPH_004_seg_009,batch2,EPH,EPH_004,True,,7.161,6.01,0.86,6.87,0.86,0.291,1.17,17,-62.93378469797486,-67.9153339798386,3.4728197868295934,1.0972716111037926,True,high,,data\processed\audio\phase3_verification\batch2\mfa_corpus\speaker1\EPH_004_seg_009.wav,data\processed\audio\phase3_verification\batch2\mfa_corpus\speaker1\EPH_004_seg_009.txt,data\processed\audio\phase3_verification\batch2\textgrids\speaker1\EPH_004_seg_009.TextGrid
ROM_008_seg_047,batch2,ROM,ROM_008,True,,14.033,12.77,0.96,13.73,0.96,0.303,1.81,13,-60.531099652530294,-58.25040387240323,3.454293228144649,1.4545615938970684,True,high,,data\processed\audio\phase3_verification\batch2\mfa_corpus\speaker1\ROM_008_seg_047.wav,data\processed\audio\phase3_verification\batch2\mfa_corpus\speaker1\ROM_008_seg_047.txt,data\processed\audio\phase3_verification\batch2\textgrids\speaker1\ROM_008_seg_047.TextGrid
JAS_001_seg_020,batch2,JAS,JAS_001,True,,6.521,4.92,1.33,6.25,1.33,0.271,1.59,6,-63.47114647239264,-64.99640289942424,3.4483947871208502,0.9627632595391518,True,high,,data\processed\audio\phase3_verification\batch2\mfa_corpus\speaker1\JAS_001_seg_020.wav,data\processed\audio\phase3_verification\batch2\mfa_corpus\speaker1\JAS_001_seg_020.txt,data\processed\audio\phase3_verification\batch2\textgrids\speaker1\JAS_001_seg_020.TextGrid
HEB_011_seg_050,batch2,HEB,HEB_011,True,,9.082,7.36,1.42,8.78,1.42,0.302,1.63,38,-67.45638594438326,-66.63974023167091,3.4483947871208502,1.8739994158557778,True,high,,data\processed\audio\phase3_verification\batch2\mfa_corpus\speaker1\HEB_011_seg_050.wav,data\processed\audio\phase3_verification\batch2\mfa_corpus\speaker1\HEB_011_seg_050.txt,data\processed\audio\phase3_verification\batch2\textgrids\speaker1\HEB_011_seg_050.TextGrid
HEB_011_seg_048,batch2,HEB,HEB_011,False,low_likelihood,14.17,12.31,1.44,13.75,1.44,0.42,1.86,20,-70.21568454481299,-68.49914928012424,3.37819142584942,0.9402578740085215,True,high,,data\processed\audio\phase3_verification\batch2\mfa_corpus\speaker1\HEB_011_seg_048.wav,data\processed\audio\phase3_verification\batch2\mfa_corpus\speaker1\HEB_011_seg_048.txt,data\processed\audio\phase3_verification\batch2\textgrids\speaker1\HEB_011_seg_048.TextGrid
HEB_011_seg_051,batch2,HEB,HEB_011,True,,9.023,7.98,0.72,8.7,0.72,0.323,1.53,13,-65.83431783536585,-67.60589924796683,3.348160883019003,2.3005876441429685,True,high,,data\processed\audio\phase3_verification\batch2\mfa_corpus\speaker1\HEB_011_seg_051.wav,data\processed\audio\phase3_verification\batch2\mfa_corpus\speaker1\HEB_011_seg_051.txt,data\processed\audio\phase3_verification\batch2\textgrids\speaker1\HEB_011_seg_051.TextGrid
PHP_002_seg_004,batch2,PHP,PHP_002,True,,4.417,3.5,0.62,4.12,0.62,0.297,1.05,10,-64.94681490384616,-67.76963599068777,3.256390959082262,1.2289790734081887,True,high,,data\processed\audio\phase3_verification\batch2\mfa_corpus\speaker1\PHP_002_seg_004.wav,data\processed\audio\phase3_verification\batch2\mfa_corpus\speaker1\PHP_002_seg_004.txt,data\processed\audio\phase3_verification\batch2\textgrids\speaker1\PHP_002_seg_004.TextGrid
ROM_008_seg_011,batch2,ROM,ROM_008,True,,17.443,15.09,2.02,17.11,2.02,0.333,1.42,23,-62.9522425100344,-66.23112686157226,3.2528190395437195,1.815366818287453,True,high,,data\processed\audio\phase3_verification\batch2\mfa_corpus\speaker1\ROM_008_seg_011.wav,data\processed\audio\phase3_verification\batch2\mfa_corpus\speaker1\ROM_008_seg_011.txt,data\processed\audio\phase3_verification\batch2\textgrids\speaker1\ROM_008_seg_011.TextGrid
HEB_011_seg_037,batch2,HEB,HEB_011,True,,6.238,5.76,0.21,5.97,0.21,0.268,1.74,10,-64.93013822115384,-63.70201605016535,3.2528166378392016,-0.14066129097344238,True,high,,data\processed\audio\phase3_verification\batch2\mfa_corpus\speaker1\HEB_011_seg_037.wav,data\processed\audio\phase3_verification\batch2\mfa_corpus\speaker1\HEB_011_seg_037.txt,data\processed\audio\phase3_verification\batch2\textgrids\speaker1\HEB_011_seg_037.TextGrid
HEB_011_seg_087,batch2,HEB,HEB_011,False,low_likelihood,5.695,3.84,0.89,4.73,0.89,0.965,0.41,21,-71.6336485745614,-71.4249839405022,3.241843082716472,4.432996996563601,True,high,,data\processed\audio\phase3_verification\batch2\mfa_corpus\speaker1\HEB_011_seg_087.wav,data\processed\audio\phase3_verification\batch2\mfa_corpus\speaker1\HEB_011_seg_087.txt,data\processed\audio\phase3_verification\batch2\textgrids\speaker1\HEB_011_seg_087.TextGrid
PHP_002_seg_029,batch2,PHP,PHP_002,True,,9.05,7.27,1.48,8.75,1.48,0.3,1.39,7,-63.789632251381214,-64.33949377877371,3.2187442723766573,0.770237810428668,True,high,,data\processed\audio\phase3_verification\batch2\mfa_corpus\speaker1\PHP_002_seg_029.wav,data\processed\audio\phase3_verification\batch2\mfa_corpus\speaker1\PHP_002_seg_029.txt,data\processed\audio\phase3_verification\batch2\textgrids\speaker1\PHP_002_seg_029.TextGrid
ROM_008_seg_027,batch2,ROM,ROM_008,True,,12.923,11.66,0.93,12.59,0.93,0.333,2.15,11,-63.970715218653254,-62.73578578867811,3.216595434918768,0.8874803127135049,True,high,,data\processed\audio\phase3_verification\batch2\mfa_corpus\speaker1\ROM_008_seg_027.wav,data\processed\audio\phase3_verification\batch2\mfa_corpus\speaker1\ROM_008_seg_027.txt,data\processed\audio\phase3_verification\batch2\textgrids\speaker1\ROM_008_seg_027.TextGrid
HEB_011_seg_005,batch2,HEB,HEB_011,False,alignment_failed,5.914,,,,,,,,,-111.13645353248651,3.2148117777764043,5.933335682906476,False,high,,data\processed\audio\phase3_verification\batch2\mfa_corpus\speaker1\HEB_011_seg_005.wav,data\processed\audio\phase3_verification\batch2\mfa_corpus\speaker1\HEB_011_seg_005.txt,
HEB_011_seg_084,batch2,HEB,HEB_011,False,long_internal_silence,11.695,9.13,1.17,10.3,1.17,1.395,4.04,5,-63.99994658119658,-64.65224383427547,3.1567280313475257,0.5007200527725075,True,high,,data\processed\audio\phase3_verification\batch2\mfa_corpus\speaker1\HEB_011_seg_084.wav,data\processed\audio\phase3_verification\batch2\mfa_corpus\speaker1\HEB_011_seg_084.txt,data\processed\audio\phase3_verification\batch2\textgrids\speaker1\HEB_011_seg_084.TextGrid
GAL_001_seg_029,batch2,GAL,GAL_001,True,,15.078,13.59,1.23,14.82,1.23,0.258,1.62,14,-61.56209590517241,-62.35375492156498,3.1520819452432547,-0.3857243319896728,True,high,,data\processed\audio\phase3_verification\batch2\mfa_corpus\speaker1\GAL_001_seg_029.wav,data\processed\audio\phase3_verification\batch2\mfa_corpus\speaker1\GAL_001_seg_029.txt,data\processed\audio\phase3_verification\batch2\textgrids\speaker1\GAL_001_seg_029.TextGrid
HEB_011_seg_008,batch2,HEB,HEB_011,True,,11.757,10.84,0.46,11.3,0.46,0.457,1.96,10,-65.96518255739795,-68.13235620866742,3.13654103081304,0.12713790990069995,True,high,,data\processed\audio\phase3_verification\batch2\mfa_corpus\speaker1\HEB_011_seg_008.wav,data\processed\audio\phase3_verification\batch2\mfa_corpus\speaker1\HEB_011_seg_008.txt,data\processed\audio\phase3_verification\batch2\textgrids\speaker1\HEB_011_seg_008.TextGrid
HEB_011_seg_020,batch2,HEB,HEB_011,True,,5.962,3.72,1.85,5.57,1.85,0.392,1.32,5,-64.76133205746645,-64.08447845458984,3.13654103081304,0.35391563350149724,True,high,,data\processed\audio\phase3_verification\batch2\mfa_corpus\speaker1\HEB_011_seg_020.wav,data\processed\audio\phase3_verification\batch2\mfa_corpus\speaker1\HEB_011_seg_020.txt,data\processed\audio\phase3_verification\batch2\textgrids\speaker1\HEB_011_seg_020.TextGrid
GAL_001_seg_016,batch2,GAL,GAL_001,True,,8.187,6.45,1.39,7.84,1.39,0.347,1.05,14,-62.42876221001221,-59.87789560953776,3.135065821440845,1.875990218631733,True,high,,data\processed\audio\phase3_verification\batch2\mfa_corpus\speaker1\GAL_001_seg_016.wav,data\processed\audio\phase3_verification\batch2\mfa_corpus\speaker1\GAL_001_seg_016.txt,data\processed\audio\phase3_verification\batch2\textgrids\speaker1\GAL_001_seg_016.TextGrid
PHP_002_seg_021,batch2,PHP,PHP_002,True,,9.968,7.87,1.75,9.62,1.75,0.348,1.27,10,-64.98252570210632,-64.00615310668945,3.101095938394847,2.0192897878347456,True,high,,data\processed\audio\phase3_verification\batch2\mfa_corpus\speaker1\PHP_002_seg_021.wav,data\processed\audio\phase3_verification\batch2\mfa_corpus\speaker1\PHP_002_seg_021.txt,data\processed\audio\phase3_verification\batch2\textgrids\speaker1\PHP_002_seg_021.TextGrid
HEB_011_seg_011,batch2,HEB,HEB_011,True,,6.411,4.19,1.91,6.1,1.91,0.311,1.05,8,-65.60346382605304,-71.68708826700846,3.0644530700950074,0.6292649119727702,True,high,,data\processed\audio\phase3_verification\batch2\mfa_corpus\speaker1\HEB_011_seg_011.wav,data\processed\audio\phase3_verification\batch2\mfa_corpus\speaker1\HEB_011_seg_011.txt,data\processed\audio\phase3_verification\batch2\textgrids\speaker1\HEB_011_seg_011.TextGrid
GAL_001_seg_023,batch2,GAL,GAL_001,True,,19.415,17.97,1.11,19.08,1.11,0.335,1.68,23,-63.358819837796084,-60.88414312868702,3.058137483111258,1.9275235996519378,True,high,,data\processed\audio\phase3_verification\batch2\mfa_corpus\speaker1\GAL_001_seg_023.wav,data\processed\audio\phase3_verification\batch2\mfa_corpus\speaker1\GAL_001_seg_023.txt,data\processed\audio\phase3_verification\batch2\textgrids\speaker1\GAL_001_seg_023.TextGrid
PHP_002_seg_030,batch2,PHP,PHP_002,True,,15.546,12.44,2.75,15.19,2.75,0.356,1.97,9,-64.84782958199357,-66.17972582862491,3.0581221646135455,-0.3245334602783245,True,high,,data\processed\audio\phase3_verification\batch2\mfa_corpus\speaker1\PHP_002_seg_030.wav,data\processed\audio\phase3_verification\batch2\mfa_corpus\speaker1\PHP_002_seg_030.txt,data\processed\audio\phase3_verification\batch2\textgrids\speaker1\PHP_002_seg_030.TextGrid
ROM_008_seg_036,batch2,ROM,ROM_008,True,,14.206,12.62,1.23,13.85,1.23,0.356,1.1,41,-63.669230515482056,-66.93327411960911,3.0407670491055727,1.2172771773887554,True,high,,data\processed\audio\phase3_verification\batch2\mfa_corpus\speaker1\ROM_008_seg_036.wav,data\processed\audio\phase3_verification\batch2\mfa_corpus\speaker1\ROM_008_seg_036.txt,data\processed\audio\phase3_verification\batch2\textgrids\speaker1\ROM_008_seg_036.TextGrid
ROM_008_seg_018,batch2,ROM,ROM_008,True,,21.301,18.25,2.73,20.98,2.73,0.321,1.76,24,-62.440962441314554,-65.28151457900302,3.0407670491055727,1.6986247035358524,True,low,duration_outlier,data\processed\audio\phase3_verification\batch2\mfa_corpus\speaker1\ROM_008_seg_018.wav,data\processed\audio\phase3_verification\batch2\mfa_corpus\speaker1\ROM_008_seg_018.txt,data\processed\audio\phase3_verification\batch2\textgrids\speaker1\ROM_008_seg_018.TextGrid
EPH_004_seg_030,batch2,EPH,EPH_004,True,,12.517,10.93,1.19,12.12,1.19,0.397,1.05,24,-63.33208741014377,-62.54650593663121,3.0368127733003796,1.8772974717936641,True,high,,data\processed\audio\phase3_verification\batch2\mfa_corpus\speaker1\EPH_004_seg_030.wav,data\processed\audio\phase3_verification\batch2\mfa_corpus\speaker1\EPH_004_seg_030.txt,data\processed\audio\phase3_verification\batch2\textgrids\speaker1\EPH_004_seg_030.TextGrid
GAL_001_seg_017,batch2,GAL,GAL_001,True,,5.693,3.25,2.18,5.43,2.18,0.263,0.83,6,-63.74470013181019,-64.85949172973633,3.030416846092832,0.76575689196825,True,high,,data\processed\audio\phase3_verification\batch2\mfa_corpus\speaker1\GAL_001_seg_017.wav,data\processed\audio\phase3_verification\batch2\mfa_corpus\speaker1\GAL_001_seg_017.txt,data\processed\audio\phase3_verification\batch2\textgrids\speaker1\GAL_001_seg_017.TextGrid
EPH_004_seg_002,batch2,EPH,EPH_004,True,,10.155,8.17,0.85,9.02,0.85,1.135,2.72,7,-63.839263195127955,-64.09643144607544,3.0019007750560283,0.6632924348713143,True,high,,data\processed\audio\phase3_verification\batch2\mfa_corpus\speaker1\EPH_004_seg_002.wav,data\processed\audio\phase3_verification\batch2\mfa_corpus\speaker1\EPH_004_seg_002.txt,data\processed\audio\phase3_verification\batch2\textgrids\speaker1\EPH_004_seg_002.TextGrid
ROM_008_seg_016,batch2,ROM,ROM_008,True,,8.79,7.89,0.57,8.46,0.57,0.33,1.64,20,-62.80092345705347,-68.69536469199441,2.9771879889165986,2.138662873839527,True,high,,data\processed\audio\phase3_verification\batch2\mfa_corpus\speaker1\ROM_008_seg_016.wav,data\processed\audio\phase3_verification\batch2\mfa_corpus\speaker1\ROM_008_seg_016.txt,data\processed\audio\phase3_verification\batch2\textgrids\speaker1\ROM_008_seg_016.TextGrid
HEB_011_seg_023,batch2,HEB,HEB_011,True,,4.245,3.37,0.55,3.92,0.55,0.325,0.66,10,-64.90653492647058,-68.77306129455566,2.969456455332046,4.025117015580596,True,high,,data\processed\audio\phase3_verification\batch2\mfa_corpus\speaker1\HEB_011_seg_023.wav,data\processed\audio\phase3_verification\batch2\mfa_corpus\speaker1\HEB_011_seg_023.txt,data\processed\audio\phase3_verification\batch2\textgrids\speaker1\HEB_011_seg_023.TextGrid
JAS_001_seg_027,batch2,JAS,JAS_001,True,,4.034,3.33,0.45,3.78,0.45,0.254,0.52,18,-67.80293792648884,-71.1463036139806,2.95061376090362,1.9859106853643915,True,high,,data\processed\audio\phase3_verification\batch2\mfa_corpus\speaker1\JAS_001_seg_027.wav,data\processed\audio\phase3_verification\batch2\mfa_corpus\speaker1\JAS_001_seg_027.txt,data\processed\audio\phase3_verification\batch2\textgrids\speaker1\JAS_001_seg_027.TextGrid
JAS_001_seg_005,batch2,JAS,JAS_001,True,,7.835,6.68,0.88,7.56,0.88,0.275,1.29,16,-66.34160255899235,-66.31743851686136,2.905166258577372,1.671802560618115,True,high,,data\processed\audio\phase3_verification\batch2\mfa_corpus\speaker1\JAS_001_seg_005.wav,data\processed\audio\phase3_verification\batch2\mfa_corpus\speaker1\JAS_001_seg_005.txt,data\processed\audio\phase3_verification\batch2\textgrids\speaker1\JAS_001_seg_005.TextGrid
EPH_004_seg_019,batch2,EPH,EPH_004,True,,7.355,6.57,0.57,7.14,0.57,0.215,0.98,18,-62.60030995244565,-66.6425237540739,2.9051451344238055,1.378153265367386,True,high,,data\processed\audio\phase3_verification\batch2\mfa_corpus\speaker1\EPH_004_seg_019.wav,data\processed\audio\phase3_verification\batch2\mfa_corpus\speaker1\EPH_004_seg_019.txt,data\processed\audio\phase3_verification\batch2\textgrids\speaker1\EPH_004_seg_019.TextGrid
HEB_011_seg_069,batch2,HEB,HEB_011,True,,3.796,3.18,0.32,3.5,0.32,0.296,0.51,30,-68.51528577302632,-71.59149339463976,2.9051451344238055,8.02051940950586,True,high,,data\processed\audio\phase3_verification\batch2\mfa_corpus\speaker1\HEB_011_seg_069.wav,data\processed\audio\phase3_verification\batch2\mfa_corpus\speaker1\HEB_011_seg_069.txt,data\processed\audio\phase3_verification\batch2\textgrids\speaker1\HEB_011_seg_069.TextGrid
HEB_011_seg_073,batch2,HEB,HEB_011,True,,7.582,5.68,1.52,7.2,1.52,0.382,2.19,6,-65.65870300131927,-61.8927614847819,2.8974923976015776,0.8659902337983265,True,high,,data\processed\audio\phase3_verification\batch2\mfa_corpus\speaker1\HEB_011_seg_073.wav,data\processed\audio\phase3_verification\batch2\mfa_corpus\speaker1\HEB_011_seg_073.txt,data\processed\audio\phase3_verification\batch2\textgrids\speaker1\HEB_011_seg_073.TextGrid
JAS_001_seg_031,batch2,JAS,JAS_001,True,,7.359,6.62,0.49,7.11,0.49,0.249,1.6,11,-64.12172533118206,-67.22271509523745,2.8974914401954703,0.4682355236416331,True,high,,data\processed\audio\phase3_verification\batch2\mfa_corpus\speaker1\JAS_001_seg_031.wav,data\processed\audio\phase3_verification\batch2\mfa_corpus\speaker1\JAS_001_seg_031.txt,data\processed\audio\phase3_verification\batch2\textgrids\speaker1\JAS_001_seg_031.TextGrid
ROM_008_seg_015,batch2,ROM,ROM_008,True,,7.928,5.51,2.08,7.59,2.08,0.338,1.65,5,-63.19879512137453,-63.99239236337167,2.868789968513536,1.699694344224696,True,high,,data\processed\audio\phase3_verification\batch2\mfa_corpus\speaker1\ROM_008_seg_015.wav,data\processed\audio\phase3_verification\batch2\mfa_corpus\speaker1\ROM_008_seg_015.txt,data\processed\audio\phase3_verification\batch2\textgrids\speaker1\ROM_008_seg_015.TextGrid
PHP_002_seg_011,batch2,PHP,PHP_002,True,,9.128,6.26,1.21,7.47,1.21,1.658,1.26,8,-62.8073529915115,-61.49875189128675,2.865068229375285,1.2363559179936523,True,high,,data\processed\audio\phase3_verification\batch2\mfa_corpus\speaker1\PHP_002_seg_011.wav,data\processed\audio\phase3_verification\batch2\mfa_corpus\speaker1\PHP_002_seg_011.txt,data\processed\audio\phase3_verification\batch2\textgrids\speaker1\PHP_002_seg_011.TextGrid
GAL_001_seg_001,batch2,GAL,GAL_001,False,too_short;low_likelihood,2.43,1.27,0.92,2.19,0.92,0.24,0.19,6,-79.73535558127573,-72.99873844269783,2.825271151684853,7.922998448869031,True,high,,data\processed\audio\phase3_verification\batch2\mfa_corpus\speaker1\GAL_001_seg_001.wav,data\processed\audio\phase3_verification\batch2\mfa_corpus\speaker1\GAL_001_seg_001.txt,data\processed\audio\phase3_verification\batch2\textgrids\speaker1\GAL_001_seg_001.TextGrid
EPH_004_seg_024,batch2,EPH,EPH_004,True,,6.764,5.0,1.57,6.57,1.57,0.194,0.76,15,-60.9563493897929,-61.766673155233896,2.8211188953968063,2.008134550863044,True,high,,data\processed\audio\phase3_verification\batch2\mfa_corpus\speaker1\EPH_004_seg_024.wav,data\processed\audio\phase3_verification\batch2\mfa_corpus\speaker1\EPH_004_seg_024.txt,data\processed\audio\phase3_verification\batch2\textgrids\speaker1\EPH_004_seg_024.TextGrid
ROM_008_seg_014,batch2,ROM,ROM_008,True,,9.388,2.33,2.55,4.88,2.55,4.508,1.35,3,-67.19230897231097,-66.91556930541992,2.7547696101728096,0.4630757021659857,True,high,,data\processed\audio\phase3_verification\batch2\mfa_corpus\speaker1\ROM_008_seg_014.wav,data\processed\audio\phase3_verification\batch2\mfa_corpus\speaker1\ROM_008_seg_014.txt,data\processed\audio\phase3_verification\batch2\textgrids\speaker1\ROM_008_seg_014.TextGrid
JAS_001_seg_032,batch2,JAS,JAS_001,True,,5.644,4.04,1.21,5.25,1.21,0.394,0.81,12,-68.69799285239361,-68.45103180199338,2.7481132426386266,0.9738647990190739,True,high,,data\processed\audio\phase3_verification\batch2\mfa_corpus\speaker1\JAS_001_seg_032.wav,data\processed\audio\phase3_verification\batch2\mfa_corpus\speaker1\JAS_001_seg_032.txt,data\processed\audio\phase3_verification\batch2\textgrids\speaker1\JAS_001_seg_032.TextGrid
PHP_002_seg_034,batch2,PHP,PHP_002,True,,12.345,11.37,0.67,12.04,0.67,0.305,1.75,9,-65.09220647773279,-68.46763384342194,2.7368702898384654,-0.13673854147852538,True,high,,data\processed\audio\phase3_verification\batch2\mfa_corpus\speaker1\PHP_002_seg_034.wav,data\processed\audio\phase3_verification\batch2\mfa_corpus\speaker1\PHP_002_seg_034.txt,data\processed\audio\phase3_verification\batch2\textgrids\speaker1\PHP_002_seg_034.TextGrid
PHP_002_seg_009,batch2,PHP,PHP_002,True,,9.852,8.34,1.2,9.54,1.2,0.312,1.53,10,-60.70171716370558,-65.37442346719595,2.7192365899388937,-0.6605684305201915,True,high,,data\processed\audio\phase3_verification\batch2\mfa_corpus\speaker1\PHP_002_seg_009.wav,data\processed\audio\phase3_verification\batch2\mfa_corpus\speaker1\PHP_002_seg_009.txt,data\processed\audio\phase3_verification\batch2\textgrids\speaker1\PHP_002_seg_009.TextGrid
GAL_001_seg_027,batch2,GAL,GAL_001,True,,8.755,7.23,1.2,8.43,1.2,0.325,1.5,7,-62.80320704908676,-62.154971793845846,2.710626421930899,-0.10084918212324823,True,high,,data\processed\audio\phase3_verification\batch2\mfa_corpus\speaker1\GAL_001_seg_027.wav,data\processed\audio\phase3_verification\batch2\mfa_corpus\speaker1\GAL_001_seg_027.txt,data\processed\audio\phase3_verification\batch2\textgrids\speaker1\GAL_001_seg_027.TextGrid
JAS_001_seg_011,batch2,JAS,JAS_001,True,,8.705,7.12,1.19,8.31,1.19,0.395,1.39,18,-64.72380435562572,-64.65265887716542,2.651182943948792,1.3330448486710544,True,high,,data\processed\audio\phase3_verification\batch2\mfa_corpus\speaker1\JAS_001_seg_011.wav,data\processed\audio\phase3_verification\batch2\mfa_corpus\speaker1\JAS_001_seg_011.txt,data\processed\audio\phase3_verification\batch2\textgrids\speaker1\JAS_001_seg_011.TextGrid
ROM_008_seg_032,batch2,ROM,ROM_008,True,,14.352,10.34,1.28,11.62,1.28,2.732,2.27,7,-66.00830792682927,-65.10294497013092,2.651170559293384,0.7683077137634005,True,high,,data\processed\audio\phase3_verification\batch2\mfa_corpus\speaker1\ROM_008_seg_032.wav,data\processed\audio\phase3_verification\batch2\mfa_corpus\speaker1\ROM_008_seg_032.txt,data\processed\audio\phase3_verification\batch2\textgrids\speaker1\ROM_008_seg_032.TextGrid
PHP_002_seg_018,batch2,PHP,PHP_002,True,,2.957,2.04,0.63,2.67,0.63,0.287,0.88,6,-65.07235140413852,-69.08432054519653,2.6233047750149017,1.9669101279794514,True,high,,data\processed\audio\phase3_verification\batch2\mfa_corpus\speaker1\PHP_002_seg_018.wav,data\processed\audio\phase3_verification\batch2\mfa_corpus\speaker1\PHP_002_seg_018.txt,data\processed\audio\phase3_verification\batch2\textgrids\speaker1\PHP_002_seg_018.TextGrid
HEB_011_seg_034,batch2,HEB,HEB_011,True,,10.318,8.33,1.6,9.93,1.6,0.388,2.17,14,-64.29674630571705,-66.52784385681153,2.6108396731190195,0.9495847328263078,True,high,,data\processed\audio\phase3_verification\batch2\mfa_corpus\speaker1\HEB_011_seg_034.wav,data\processed\audio\phase3_verification\batch2\mfa_corpus\speaker1\HEB_011_seg_034.txt,data\processed\audio\phase3_verification\batch2\textgrids\speaker1\HEB_011_seg_034.TextGrid
GAL_001_seg_011,batch2,GAL,GAL_001,True,,13.169,9.51,3.36,12.87,3.36,0.299,2.43,8,-61.74283409263477,-64.74269669631431,2.605467094680395,-0.23124986928783464,True,high,,data\processed\audio\phase3_verification\batch2\mfa_corpus\speaker1\GAL_001_seg_011.wav,data\processed\audio\phase3_verification\batch2\mfa_corpus\speaker1\GAL_001_seg_011.txt,data\processed\audio\phase3_verification\batch2\textgrids\speaker1\GAL_001_seg_011.TextGrid
ROM_008_seg_038,batch2,ROM,ROM_008,True,,3.144,2.12,0.79,2.91,0.79,0.234,0.56,11,-65.5264231687898,-68.84453692803017,2.6054641404818524,2.4345469499785377,True,high,,data\processed\audio\phase3_verification\batch2\mfa_corpus\speaker1\ROM_008_seg_038.wav,data\processed\audio\phase3_verification\batch2\mfa_corpus\speaker1\ROM_008_seg_038.txt,data\processed\audio\phase3_verification\batch2\textgrids\speaker1\ROM_008_seg_038.TextGrid
PHP_002_seg_023,batch2,PHP,PHP_002,True,,7.22,6.03,0.92,6.95,0.92,0.27,1.17,19,-63.28461521814405,-63.831862163543704,2.6054611862833092,1.0957106098541232,True,high,,data\processed\audio\phase3_verification\batch2\mfa_corpus\speaker1\PHP_002_seg_023.wav,data\processed\audio\phase3_verification\batch2\mfa_corpus\speaker1\PHP_002_seg_023.txt,data\processed\audio\phase3_verification\batch2\textgrids\speaker1\PHP_002_seg_023.TextGrid
HEB_011_seg_075,batch2,HEB,HEB_011,True,,3.983,3.0,0.64,3.64,0.64,0.343,0.88,11,-69.36455225345478,-67.65989625220205,2.588471528632294,1.6467366175342875,True,high,,data\processed\audio\phase3_verification\batch2\mfa_corpus\speaker1\HEB_011_seg_075.wav,data\processed\audio\phase3_verification\batch2\mfa_corpus\speaker1\HEB_011_seg_075.txt,data\processed\audio\phase3_verification\batch2\textgrids\speaker1\HEB_011_seg_075.TextGrid
HEB_011_seg_012,batch2,HEB,HEB_011,True,,8.675,7.77,0.58,8.35,0.58,0.325,1.31,11,-66.54837809619816,-64.74189182749966,2.547674390093703,1.7110895166465347,True,high,,data\processed\audio\phase3_verification\batch2\mfa_corpus\speaker1\HEB_011_seg_012.wav,data\processed\audio\phase3_verification\batch2\mfa_corpus\speaker1\HEB_011_seg_012.txt,data\processed\audio\phase3_verification\batch2\textgrids\speaker1\HEB_011_seg_012.TextGrid
JAS_001_seg_014,batch2,JAS,JAS_001,True,,15.679,10.7,4.03,14.73,4.03,0.949,3.36,6,-69.44964724170919,-68.45056671142578,2.547673789667573,-3.542224764596588,True,high,,data\processed\audio\phase3_verification\batch2\mfa_corpus\speaker1\JAS_001_seg_014.wav,data\processed\audio\phase3_verification\batch2\mfa_corpus\speaker1\JAS_001_seg_014.txt,data\processed\audio\phase3_verification\batch2\textgrids\speaker1\JAS_001_seg_014.TextGrid
PHP_002_seg_012,batch2,PHP,PHP_002,False,low_likelihood,4.653,2.89,1.63,4.52,1.63,0.133,1.16,16,-70.15394825268817,-64.47636050269718,2.492321127551231,1.1427205683601809,True,high,,data\processed\audio\phase3_verification\batch2\mfa_corpus\speaker1\PHP_002_seg_012.wav,data\processed\audio\phase3_verification\batch2\mfa_corpus\speaker1\PHP_002_seg_012.txt,data\processed\audio\phase3_verification\batch2\textgrids\speaker1\PHP_002_seg_012.TextGrid
EPH_004_seg_010,batch2,EPH,EPH_004,True,,7.382,6.54,0.61,7.15,0.61,0.232,1.92,11,-62.327749195460704,-67.68517929468399,2.4840487714427524,2.1845120238602362,True,high,,data\processed\audio\phase3_verification\batch2\mfa_corpus\speaker1\EPH_004_seg_010.wav,data\processed\audio\phase3_verification\batch2\mfa_corpus\speaker1\EPH_004_seg_010.txt,data\processed\audio\phase3_verification\batch2\textgrids\speaker1\EPH_004_seg_010.TextGrid
PHP_002_seg_033,batch2,PHP,PHP_002,True,,2.518,1.548,0.97,2.518,0.97,0.0,0.35,7,-64.97567894345238,-65.7913649559021,2.4621452289437826,0.3890478270979578,True,high,,data\processed\audio\phase3_verification\batch2\mfa_corpus\speaker1\PHP_002_seg_033.wav,data\processed\audio\phase3_verification\batch2\mfa_corpus\speaker1\PHP_002_seg_033.txt,data\processed\audio\phase3_verification\batch2\textgrids\speaker1\PHP_002_seg_033.TextGrid
GAL_001_seg_021,batch2,GAL,GAL_001,True,,2.559,1.7,0.55,2.25,0.55,0.309,0.21,14,-65.91781616210938,-70.65921027572067,2.462139947905391,6.4719604191267734,True,high,,data\processed\audio\phase3_verification\batch2\mfa_corpus\speaker1\GAL_001_seg_021.wav,data\processed\audio\phase3_verification\batch2\mfa_corpus\speaker1\GAL_001_seg_021.txt,data\processed\audio\phase3_verification\batch2\textgrids\speaker1\GAL_001_seg_021.TextGrid
EPH_004_seg_032,batch2,EPH,EPH_004,True,,8.83,6.78,1.78,8.56,1.78,0.27,1.92,8,-61.245956610985274,-63.058922599343695,2.4469414987761446,-0.27623422655209495,True,high,,data\processed\audio\phase3_verification\batch2\mfa_corpus\speaker1\EPH_004_seg_032.wav,data\processed\audio\phase3_verification\batch2\mfa_corpus\speaker1\EPH_004_seg_032.txt,data\processed\audio\phase3_verification\batch2\textgrids\speaker1\EPH_004_seg_032.TextGrid
ROM_008_seg_034,batch2,ROM,ROM_008,True,,14.758,13.6,0.85,14.45,0.85,0.308,2.25,14,-62.62282456808943,-64.3296405986204,2.4469414987761446,-0.8833832216542561,True,high,,data\processed\audio\phase3_verification\batch2\mfa_corpus\speaker1\ROM_008_seg_034.wav,data\processed\audio\phase3_verification\batch2\mfa_corpus\speaker1\ROM_008_seg_034.txt,data\processed\audio\phase3_verification\batch2\textgrids\speaker1\ROM_008_seg_034.TextGrid
PHP_002_seg_017,batch2,PHP,PHP_002,True,,6.122,4.75,1.06,5.81,1.06,0.312,0.82,7,-63.21841171364379,-64.60295521129261,2.439461331899279,3.0797848039136344,True,high,,data\processed\audio\phase3_verification\batch2\mfa_corpus\speaker1\PHP_002_seg_017.wav,data\processed\audio\phase3_verification\batch2\mfa_corpus\speaker1\PHP_002_seg_017.txt,data\processed\audio\phase3_verification\batch2\textgrids\speaker1\PHP_002_seg_017.TextGrid
PHP_002_seg_002,batch2,PHP,PHP_002,True,,12.09,10.77,0.97,11.74,0.97,0.35,1.4,11,-64.04883297146402,-65.35512293601522,2.439458177488065,1.5682783581987731,True,high,,data\processed\audio\phase3_verification\batch2\mfa_corpus\speaker1\PHP_002_seg_002.wav,data\processed\audio\phase3_verification\batch2\mfa_corpus\speaker1\PHP_002_seg_002.txt,data\processed\audio\phase3_verification\batch2\textgrids\speaker1\PHP_002_seg_002.TextGrid
HEB_011_seg_013,batch2,HEB,HEB_011,True,,3.15,2.03,0.86,2.89,0.86,0.26,0.16,14,-64.82058531746031,-69.36326217651367,2.4156145854389575,0.8392152866641673,True,high,,data\processed\audio\phase3_verification\batch2\mfa_corpus\speaker1\HEB_011_seg_013.wav,data\processed\audio\phase3_verification\batch2\mfa_corpus\speaker1\HEB_011_seg_013.txt,data\processed\audio\phase3_verification\batch2\textgrids\speaker1\HEB_011_seg_013.TextGrid
PHP_002_seg_027,batch2,PHP,PHP_002,True,,13.012,5.57,2.31,7.88,2.31,5.132,1.84,5,-62.423742553804765,-63.56633377075195,2.408234797886998,-0.15277356787540697,True,high,,data\processed\audio\phase3_verification\batch2\mfa_corpus\speaker1\PHP_002_seg_027.wav,data\processed\audio\phase3_verification\batch2\mfa_corpus\speaker1\PHP_002_seg_027.txt,data\processed\audio\phase3_verification\batch2\textgrids\speaker1\PHP_002_seg_027.TextGrid
ROM_008_seg_039,batch2,ROM,ROM_008,True,,4.503,2.92,1.28,4.2,1.28,0.303,0.97,6,-65.3950390625,-69.65760920597957,2.408233420869115,1.4335057528500972,True,high,,data\processed\audio\phase3_verification\batch2\mfa_corpus\speaker1\ROM_008_seg_039.wav,data\processed\audio\phase3_verification\batch2\mfa_corpus\speaker1\ROM_008_seg_039.txt,data\processed\audio\phase3_verification\batch2\textgrids\speaker1\ROM_008_seg_039.TextGrid
HEB_011_seg_002,batch2,HEB,HEB_011,True,,6.087,3.98,1.7,5.68,1.7,0.407,2.18,3,-66.34816297208539,-61.73793323223408,2.40823066683335,1.4521322493913686,True,high,,data\processed\audio\phase3_verification\batch2\mfa_corpus\speaker1\HEB_011_seg_002.wav,data\processed\audio\phase3_verification\batch2\mfa_corpus\speaker1\HEB_011_seg_002.txt,data\processed\audio\phase3_verification\batch2\textgrids\speaker1\HEB_011_seg_002.TextGrid
ROM_008_seg_030,batch2,ROM,ROM_008,True,,15.081,13.41,1.31,14.72,1.31,0.361,1.72,24,-64.03348806366047,-66.12250922066825,2.3831606731482373,-0.4488277947794863,True,high,,data\processed\audio\phase3_verification\batch2\mfa_corpus\speaker1\ROM_008_seg_030.wav,data\processed\audio\phase3_verification\batch2\mfa_corpus\speaker1\ROM_008_seg_030.txt,data\processed\audio\phase3_verification\batch2\textgrids\speaker1\ROM_008_seg_030.TextGrid
GAL_001_seg_009,batch2,GAL,GAL_001,True,,7.128,4.22,2.59,6.81,2.59,0.318,1.03,6,-63.67828497545582,-64.5547648343173,2.3576511957238973,1.0701144793541992,True,high,,data\processed\audio\phase3_verification\batch2\mfa_corpus\speaker1\GAL_001_seg_009.wav,data\processed\audio\phase3_verification\batch2\mfa_corpus\speaker1\GAL_001_seg_009.txt,data\processed\audio\phase3_verification\batch2\textgrids\speaker1\GAL_001_seg_009.TextGrid
EPH_004_seg_017,batch2,EPH,EPH_004,False,long_internal_silence,10.826,9.49,1.07,10.56,1.07,0.266,3.67,5,-62.361474203601105,-60.433572692871095,2.3576482415253546,1.3289481656872884,True,high,,data\processed\audio\phase3_verification\batch2\mfa_corpus\speaker1\EPH_004_seg_017.wav,data\processed\audio\phase3_verification\batch2\mfa_corpus\speaker1\EPH_004_seg_017.txt,data\processed\audio\phase3_verification\batch2\textgrids\speaker1\EPH_004_seg_017.TextGrid
PHP_002_seg_024,batch2,PHP,PHP_002,True,,4.799,4.06,0.45,4.51,0.45,0.289,1.05,9,-62.030269368489584,-66.05021550105168,2.3576482415253546,0.5353464437733724,True,high,,data\processed\audio\phase3_verification\batch2\mfa_corpus\speaker1\PHP_002_seg_024.wav,data\processed\audio\phase3_verification\batch2\mfa_corpus\speaker1\PHP_002_seg_024.txt,data\processed\audio\phase3_verification\batch2\textgrids\speaker1\PHP_002_seg_024.TextGrid
ROM_008_seg_012,batch2,ROM,ROM_008,True,,10.45,9.14,1.03,10.17,1.03,0.28,1.87,15,-60.819228468899524,-64.99714642479306,2.357645287326812,1.7654431518485865,True,high,,data\processed\audio\phase3_verification\batch2\mfa_corpus\speaker1\ROM_008_seg_012.wav,data\processed\audio\phase3_verification\batch2\mfa_corpus\speaker1\ROM_008_seg_012.txt,data\processed\audio\phase3_verification\batch2\textgrids\speaker1\ROM_008_seg_012.TextGrid
EPH_004_seg_026,batch2,EPH,EPH_004,True,,19.762,18.05,1.41,19.46,1.41,0.302,1.97,14,-62.95862458881579,-64.63705025649652,2.34620440447568,-1.259959466810587,True,high,,data\processed\audio\phase3_verification\batch2\mfa_corpus\speaker1\EPH_004_seg_026.wav,data\processed\audio\phase3_verification\batch2\mfa_corpus\speaker1\EPH_004_seg_026.txt,data\processed\audio\phase3_verification\batch2\textgrids\speaker1\EPH_004_seg_026.TextGrid
GAL_001_seg_003,batch2,GAL,GAL_001,True,,3.17,1.84,1.01,2.85,1.01,0.32,0.91,4,-64.85214166009463,-62.3805464108785,2.342907036020849,2.556985788980331,True,high,,data\processed\audio\phase3_verification\batch2\mfa_corpus\speaker1\GAL_001_seg_003.wav,data\processed\audio\phase3_verification\batch2\mfa_corpus\speaker1\GAL_001_seg_003.txt,data\processed\audio\phase3_verification\batch2\textgrids\speaker1\GAL_001_seg_003.TextGrid
HEB_011_seg_028,batch2,HEB,HEB_011,True,,7.768,7.14,0.16,7.3,0.16,0.468,1.07,35,-67.589798503861,-69.41693262445847,2.245469711879733,0.30001417365039096,True,high,,data\processed\audio\phase3_verification\batch2\mfa_corpus\speaker1\HEB_011_seg_028.wav,data\processed\audio\phase3_verification\batch2\mfa_corpus\speaker1\HEB_011_seg_028.txt,data\processed\audio\phase3_verification\batch2\textgrids\speaker1\HEB_011_seg_028.TextGrid
GAL_001_seg_025,batch2,GAL,GAL_001,True,,10.489,8.18,2.02,10.2,2.02,0.289,1.36,8,-63.05924541229743,-61.664856200522564,2.2377314525557943,0.5238798829436924,True,high,,data\processed\audio\phase3_verification\batch2\mfa_corpus\speaker1\GAL_001_seg_025.wav,data\processed\audio\phase3_verification\batch2\mfa_corpus\speaker1\GAL_001_seg_025.txt,data\processed\audio\phase3_verification\batch2\textgrids\speaker1\GAL_001_seg_025.TextGrid
EPH_004_seg_011,batch2,EPH,EPH_004,True,,3.698,2.23,1.11,3.34,1.11,0.358,0.89,6,-62.82902238175676,-65.39538642338344,2.233740292047106,1.4479500738734785,True,high,,data\processed\audio\phase3_verification\batch2\mfa_corpus\speaker1\EPH_004_seg_011.wav,data\processed\audio\phase3_verification\batch2\mfa_corpus\speaker1\EPH_004_seg_011.txt,data\processed\audio\phase3_verification\batch2\textgrids\speaker1\EPH_004_seg_011.TextGrid
EPH_004_seg_005,batch2,EPH,EPH_004,False,too_short,1.969,0.78,0.87,1.65,0.87,0.319,0.0,9,-64.66653117068527,-67.06520519256591,2.0616944775296555,3.946654636136051,True,high,,data\processed\audio\phase3_verification\batch2\mfa_corpus\speaker1\EPH_004_seg_005.wav,data\processed\audio\phase3_verification\batch2\mfa_corpus\speaker1\EPH_004_seg_005.txt,data\processed\audio\phase3_verification\batch2\textgrids\speaker1\EPH_004_seg_005.TextGrid
PHP_002_seg_025,batch2,PHP,PHP_002,True,,9.995,7.25,1.29,8.54,1.29,1.455,1.56,7,-61.77016015625,-65.70738656180245,1.9999565717139385,0.4676066707898823,True,high,,data\processed\audio\phase3_verification\batch2\mfa_corpus\speaker1\PHP_002_seg_025.wav,data\processed\audio\phase3_verification\batch2\mfa_corpus\speaker1\PHP_002_seg_025.txt,data\processed\audio\phase3_verification\batch2\textgrids\speaker1\PHP_002_seg_025.TextGrid
EPH_004_seg_008,batch2,EPH,EPH_004,True,,2.812,1.97,0.52,2.49,0.52,0.322,0.68,6,-63.14763817838078,-65.43466585332698,1.990076654306666,3.70275599794849,True,high,,data\processed\audio\phase3_verification\batch2\mfa_corpus\speaker1\EPH_004_seg_008.wav,data\processed\audio\phase3_verification\batch2\mfa_corpus\speaker1\EPH_004_seg_008.txt,data\processed\audio\phase3_verification\batch2\textgrids\speaker1\EPH_004_seg_008.TextGrid
ROM_008_seg_044,batch2,ROM,ROM_008,True,,2.357,1.64,0.48,2.12,0.48,0.237,0.33,19,-68.07238148834746,-66.24070386683687,1.9859243930906083,3.5433163770286757,True,high,,data\processed\audio\phase3_verification\batch2\mfa_corpus\speaker1\ROM_008_seg_044.wav,data\processed\audio\phase3_verification\batch2\mfa_corpus\speaker1\ROM_008_seg_044.txt,data\processed\audio\phase3_verification\batch2\textgrids\speaker1\ROM_008_seg_044.TextGrid
PHP_002_seg_035,batch2,PHP,PHP_002,True,,3.568,2.24,1.07,3.31,1.07,0.258,1.06,5,-66.26802674194678,-71.82992935180664,1.9510530705075708,-0.09135764708328509,True,high,,data\processed\audio\phase3_verification\batch2\mfa_corpus\speaker1\PHP_002_seg_035.wav,data\processed\audio\phase3_verification\batch2\mfa_corpus\speaker1\PHP_002_seg_035.txt,data\processed\audio\phase3_verification\batch2\textgrids\speaker1\PHP_002_seg_035.TextGrid
EPH_004_seg_012,batch2,EPH,EPH_004,True,,10.895,8.95,1.63,10.58,1.63,0.315,2.84,7,-63.532690653669725,-65.98163292624734,1.9461847094582285,-0.42868556576554084,True,high,,data\processed\audio\phase3_verification\batch2\mfa_corpus\speaker1\EPH_004_seg_012.wav,data\processed\audio\phase3_verification\batch2\mfa_corpus\speaker1\EPH_004_seg_012.txt,data\processed\audio\phase3_verification\batch2\textgrids\speaker1\EPH_004_seg_012.TextGrid
JAS_001_seg_006,batch2,JAS,JAS_001,True,,8.026,6.66,1.11,7.77,1.11,0.256,1.41,14,-67.34179930728519,-65.82622841222963,1.8792756222363107,1.1376971971108443,True,high,,data\processed\audio\phase3_verification\batch2\mfa_corpus\speaker1\JAS_001_seg_006.wav,data\processed\audio\phase3_verification\batch2\mfa_corpus\speaker1\JAS_001_seg_006.txt,data\processed\audio\phase3_verification\batch2\textgrids\speaker1\JAS_001_seg_006.TextGrid
PHP_002_seg_006,batch2,PHP,PHP_002,True,,5.635,3.95,1.38,5.33,1.38,0.305,0.62,19,-63.343874667553195,-67.04080442948775,1.8620164436123596,0.9132166527715011,True,high,,data\processed\audio\phase3_verification\batch2\mfa_corpus\speaker1\PHP_002_seg_006.wav,data\processed\audio\phase3_verification\batch2\mfa_corpus\speaker1\PHP_002_seg_006.txt,data\processed\audio\phase3_verification\batch2\textgrids\speaker1\PHP_002_seg_006.TextGrid
EPH_004_seg_034,batch2,EPH,EPH_004,True,,2.613,1.91,0.4,2.31,0.4,0.303,0.25,17,-63.2961566091954,-65.58797068277995,1.8620149665130883,4.2931118040110565,True,high,,data\processed\audio\phase3_verification\batch2\mfa_corpus\speaker1\EPH_004_seg_034.wav,data\processed\audio\phase3_verification\batch2\mfa_corpus\speaker1\EPH_004_seg_034.txt,data\processed\audio\phase3_verification\batch2\textgrids\speaker1\EPH_004_seg_034.TextGrid
GAL_001_seg_005,batch2,GAL,GAL_001,True,,5.686,5.33,0.0,5.33,0.0,0.356,1.27,17,-64.93763730228471,-66.18200429280598,1.8247049677784843,2.288138048587612,True,high,,data\processed\audio\phase3_verification\batch2\mfa_corpus\speaker1\GAL_001_seg_005.wav,data\processed\audio\phase3_verification\batch2\mfa_corpus\speaker1\GAL_001_seg_005.txt,data\processed\audio\phase3_verification\batch2\textgrids\speaker1\GAL_001_seg_005.TextGrid
JAS_001_seg_010,batch2,JAS,JAS_001,True,,2.985,1.99,0.75,2.74,0.75,0.245,0.84,13,-69.66020850752508,-69.03982947213309,1.8077150664120425,-1.5683811834687518,True,high,,data\processed\audio\phase3_verification\batch2\mfa_corpus\speaker1\JAS_001_seg_010.wav,data\processed\audio\phase3_verification\batch2\mfa_corpus\speaker1\JAS_001_seg_010.txt,data\processed\audio\phase3_verification\batch2\textgrids\speaker1\JAS_001_seg_010.TextGrid
EPH_004_seg_001,batch2,EPH,EPH_004,True,,14.061,10.62,3.1,13.72,3.1,0.341,3.04,9,-66.86214215860598,-61.900708841723066,1.7418010523090344,-0.3564538983587049,True,high,,data\processed\audio\phase3_verification\batch2\mfa_corpus\speaker1\EPH_004_seg_001.wav,data\processed\audio\phase3_verification\batch2\mfa_corpus\speaker1\EPH_004_seg_001.txt,data\processed\audio\phase3_verification\batch2\textgrids\speaker1\EPH_004_seg_001.TextGrid
JAS_001_seg_003,batch2,JAS,JAS_001,False,too_short,1.814,1.08,0.46,1.54,0.46,0.274,0.52,3,-61.97014200621547,-63.47063555036272,1.6645607778947202,3.6507828778723095,True,high,,data\processed\audio\phase3_verification\batch2\mfa_corpus\speaker1\JAS_001_seg_003.wav,data\processed\audio\phase3_verification\batch2\mfa_corpus\speaker1\JAS_001_seg_003.txt,data\processed\audio\phase3_verification\batch2\textgrids\speaker1\JAS_001_seg_003.TextGrid
JAS_001_seg_001,batch2,JAS,JAS_001,False,low_likelihood,3.591,2.28,1.01,3.29,1.01,0.301,0.94,11,-76.08560019150418,-69.10648712745079,1.624352317922973,3.651584091042009,True,high,,data\processed\audio\phase3_verification\batch2\mfa_corpus\speaker1\JAS_001_seg_001.wav,data\processed\audio\phase3_verification\batch2\mfa_corpus\speaker1\JAS_001_seg_001.txt,data\processed\audio\phase3_verification\batch2\textgrids\speaker1\JAS_001_seg_001.TextGrid
GAL_001_seg_026,batch2,GAL,GAL_001,True,,8.897,7.6,1.0,8.6,1.0,0.297,2.02,8,-64.12813377808989,-67.909054918987,1.537846988267404,0.8403967183158549,True,high,,data\processed\audio\phase3_verification\batch2\mfa_corpus\speaker1\GAL_001_seg_026.wav,data\processed\audio\phase3_verification\batch2\mfa_corpus\speaker1\GAL_001_seg_026.txt,data\processed\audio\phase3_verification\batch2\textgrids\speaker1\GAL_001_seg_026.TextGrid
ROM_008_seg_040,batch2,ROM,ROM_008,False,too_short,1.712,1.12,0.3,1.42,0.3,0.292,0.09,13,-66.42627238669591,-68.31173464716697,1.49029148735316,16.728553352272634,True,high,,data\processed\audio\phase3_verification\batch2\mfa_corpus\speaker1\ROM_008_seg_040.wav,data\processed\audio\phase3_verification\batch2\mfa_corpus\speaker1\ROM_008_seg_040.txt,data\processed\audio\phase3_verification\batch2\textgrids\speaker1\ROM_008_seg_040.TextGrid
JAS_001_seg_017,batch2,JAS,JAS_001,False,too_short,1.93,0.74,0.99,1.73,0.99,0.2,0.0,11,-66.04885342454664,-65.73428418343528,0.7453975266957923,1.191941247404399,True,high,,data\processed\audio\phase3_verification\batch2\mfa_corpus\speaker1\JAS_001_seg_017.wav,data\processed\audio\phase3_verification\batch2\mfa_corpus\speaker1\JAS_001_seg_017.txt,data\processed\audio\phase3_verification\batch2\textgrids\speaker1\JAS_001_seg_017.TextGrid
PHP_002_seg_013,batch2,PHP,PHP_002,False,too_short,2.2,1.28,0.68,1.96,0.68,0.24,0.31,15,-67.907421875,-68.48827273050944,0.6215706105866159,0.8699600999174706,True,high,,data\processed\audio\phase3_verification\batch2\mfa_corpus\speaker1\PHP_002_seg_013.wav,data\processed\audio\phase3_verification\batch2\mfa_corpus\speaker1\PHP_002_seg_013.txt,data\processed\audio\phase3_verification\batch2\textgrids\speaker1\PHP_002_seg_013.TextGrid
JAS_001_seg_036,batch2,JAS,JAS_001,False,alignment_failed,1.138,,,,,,,,,,,,False,low,duration_outlier,data\processed\audio\phase3_verification\batch2\mfa_corpus\speaker1\JAS_001_seg_036.wav,data\processed\audio\phase3_verification\batch2\mfa_corpus\speaker1\JAS_001_seg_036.txt,
EPH_004_seg_016,batch2,EPH,EPH_004,False,alignment_failed,22.152,,,,,,,,,,,,False,low,duration_outlier,data\processed\audio\phase3_verification\batch2\mfa_corpus\speaker1\EPH_004_seg_016.wav,data\processed\audio\phase3_verification\batch2\mfa_corpus\speaker1\EPH_004_seg_016.txt,
HEB_011_seg_088,batch2,HEB,HEB_011,False,alignment_failed,1.085,,,,,,,,,,,,False,low,duration_outlier,data\processed\audio\phase3_verification\batch2\mfa_corpus\speaker1\HEB_011_seg_088.wav,data\processed\audio\phase3_verification\batch2\mfa_corpus\speaker1\HEB_011_seg_088.txt,
EPH_004_seg_043,batch2,EPH,EPH_004,False,alignment_failed,4.585,,,,,,,,,,,,False,high,,data\processed\audio\phase3_verification\batch2\mfa_corpus\speaker1\EPH_004_seg_043.wav,data\processed\audio\phase3_verification\batch2\mfa_corpus\speaker1\EPH_004_seg_043.txt,
EPH_004_seg_015,batch2,EPH,EPH_004,False,alignment_failed,9.459,,,,,,,,,,,,False,high,,data\processed\audio\phase3_verification\batch2\mfa_corpus\speaker1\EPH_004_seg_015.wav,data\processed\audio\phase3_verification\batch2\mfa_corpus\speaker1\EPH_004_seg_015.txt,
ROM_008_seg_049,batch2,ROM,ROM_008,False,alignment_failed,1.1,,,,,,,,,,,,False,low,duration_outlier,data\processed\audio\phase3_verification\batch2\mfa_corpus\speaker1\ROM_008_seg_049.wav,data\processed\audio\phase3_verification\batch2\mfa_corpus\speaker1\ROM_008_seg_049.txt,
EPH_004_seg_044,batch2,EPH,EPH_004,False,alignment_failed,1.069,,,,,,,,,,,,False,low,duration_outlier,data\processed\audio\phase3_verification\batch2\mfa_corpus\speaker1\EPH_004_seg_044.wav,data\processed\audio\phase3_verification\batch2\mfa_corpus\speaker1\EPH_004_seg_044.txt,
HEB_011_seg_003,batch2,HEB,HEB_011,False,alignment_failed,16.012,,,,,,,,,,,,False,high,,data\processed\audio\phase3_verification\batch2\mfa_corpus\speaker1\HEB_011_seg_003.wav,data\processed\audio\phase3_verification\batch2\mfa_corpus\speaker1\HEB_011_seg_003.txt,
ROM_008_seg_041,batch2,ROM,ROM_008,False,alignment_failed,2.309,,,,,,,,,,,,False,high,,data\processed\audio\phase3_verification\batch2\mfa_corpus\speaker1\ROM_008_seg_041.wav,data\processed\audio\phase3_verification\batch2\mfa_corpus\speaker1\ROM_008_seg_041.txt,
GAL_001_seg_008,batch2,GAL,GAL_001,False,alignment_failed,16.853,,,,,,,,,,,,False,high,,data\processed\audio\phase3_verification\batch2\mfa_corpus\speaker1\GAL_001_seg_008.wav,data\processed\audio\phase3_verification\batch2\mfa_corpus\speaker1\GAL_001_seg_008.txt,
GAL_001_seg_004,batch2,GAL,GAL_001,False,alignment_failed,3.611,,,,,,,,,,,,False,high,,data\processed\audio\phase3_verification\batch2\mfa_corpus\speaker1\GAL_001_seg_004.wav,data\processed\audio\phase3_verification\batch2\mfa_corpus\speaker1\GAL_001_seg_004.txt,
ROM_008_seg_037,batch2,ROM,ROM_008,False,alignment_failed,22.151,,,,,,,,,,,,False,low,duration_outlier,data\processed\audio\phase3_verification\batch2\mfa_corpus\speaker1\ROM_008_seg_037.wav,data\processed\audio\phase3_verification\batch2\mfa_corpus\speaker1\ROM_008_seg_037.txt,
JAS_001_seg_004,batch2,JAS,JAS_001,False,alignment_failed,8.439,,,,,,,,,,,,False,high,,data\processed\audio\phase3_verification\batch2\mfa_corpus\speaker1\JAS_001_seg_004.wav,data\processed\audio\phase3_verification\batch2\mfa_corpus\speaker1\JAS_001_seg_004.txt,
ROM_008_seg_031,batch2,ROM,ROM_008,False,alignment_failed,16.973,,,,,,,,,,,,False,high,,data\processed\audio\phase3_verification\batch2\mfa_corpus\speaker1\ROM_008_seg_031.wav,data\processed\audio\phase3_verification\batch2\mfa_corpus\speaker1\ROM_008_seg_031.txt,
JAS_001_seg_016,batch2,JAS,JAS_001,False,alignment_failed,6.166,,,,,,,,,,,,False,high,,data\processed\audio\phase3_verification\batch2\mfa_corpus\speaker1\JAS_001_seg_016.wav,data\processed\audio\phase3_verification\batch2\mfa_corpus\speaker1\JAS_001_seg_016.txt,
HEB_011_seg_060,batch2,HEB,HEB_011,False,alignment_failed,3.633,,,,,,,,,,,,False,high,,data\processed\audio\phase3_verification\batch2\mfa_corpus\speaker1\HEB_011_seg_060.wav,data\processed\audio\phase3_verification\batch2\mfa_corpus\speaker1\HEB_011_seg_060.txt,
EPH_004_seg_006,batch2,EPH,EPH_004,False,alignment_failed,1.873,,,,,,,,,,,,False,high,,data\processed\audio\phase3_verification\batch2\mfa_corpus\speaker1\EPH_004_seg_006.wav,data\processed\audio\phase3_verification\batch2\mfa_corpus\speaker1\EPH_004_seg_006.txt,
PHP_002_seg_031,batch2,PHP,PHP_002,False,alignment_failed,12.835,,,,,,,,,,,,False,high,,data\processed\audio\phase3_verification\batch2\mfa_corpus\speaker1\PHP_002_seg_031.wav,data\processed\audio\phase3_verification\batch2\mfa_corpus\speaker1\PHP_002_seg_031.txt,
PHP_002_seg_007,batch2,PHP,PHP_002,False,alignment_failed,2.33,,,,,,,,,,,,False,high,,data\processed\audio\phase3_verification\batch2\mfa_corpus\speaker1\PHP_002_seg_007.wav,data\processed\audio\phase3_verification\batch2\mfa_corpus\speaker1\PHP_002_seg_007.txt,
PHP_002_seg_005,batch2,PHP,PHP_002,False,alignment_failed,9.36,,,,,,,,,,,,False,high,,data\processed\audio\phase3_verification\batch2\mfa_corpus\speaker1\PHP_002_seg_005.wav,data\processed\audio\phase3_verification\batch2\mfa_corpus\speaker1\PHP_002_seg_005.txt,
PHP_002_seg_039,batch2,PHP,PHP_002,False,alignment_failed,1.152,,,,,,,,,,,,False,low,duration_outlier,data\processed\audio\phase3_verification\batch2\mfa_corpus\speaker1\PHP_002_seg_039.wav,data\processed\audio\phase3_verification\batch2\mfa_corpus\speaker1\PHP_002_seg_039.txt,
GAL_001_seg_031,batch2,GAL,GAL_001,False,alignment_failed,1.079,,,,,,,,,,,,False,low,duration_outlier,data\processed\audio\phase3_verification\batch2\mfa_corpus\speaker1\GAL_001_seg_031.wav,data\processed\audio\phase3_verification\batch2\mfa_corpus\speaker1\GAL_001_seg_031.txt,
ROM_008_seg_029,batch2,ROM,ROM_008,False,alignment_failed,17.914,,,,,,,,,,,,False,high,,data\processed\audio\phase3_verification\batch2\mfa_corpus\speaker1\ROM_008_seg_029.wav,data\processed\audio\phase3_verification\batch2\mfa_corpus\speaker1\ROM_008_seg_029.txt,
EPH_004_seg_025,batch2,EPH,EPH_004,False,alignment_failed,8.734,,,,,,,,,,,,False,high,,data\processed\audio\phase3_verification\batch2\mfa_corpus\speaker1\EPH_004_seg_025.wav,data\processed\audio\phase3_verification\batch2\mfa_corpus\speaker1\EPH_004_seg_025.txt,
EPH_004_seg_040,batch2,EPH,EPH_004,False,alignment_failed,1.192,,,,,,,,,,,,False,low,duration_outlier,data\processed\audio\phase3_verification\batch2\mfa_corpus\speaker1\EPH_004_seg_040.wav,data\processed\audio\phase3_verification\batch2\mfa_corpus\speaker1\EPH_004_seg_040.txt,
ROM_008_seg_028,batch2,ROM,ROM_008,False,alignment_failed,9.756,,,,,,,,,,,,False,high,,data\processed\audio\phase3_verification\batch2\mfa_corpus\speaker1\ROM_008_seg_028.wav,data\processed\audio\phase3_verification\batch2\mfa_corpus\speaker1\ROM_008_seg_028.txt,
HEB_011_seg_054,batch2,HEB,HEB_011,False,alignment_failed,5.309,,,,,,,,,,,,False,high,,data\processed\audio\phase3_verification\batch2\mfa_corpus\speaker1\HEB_011_seg_054.wav,data\processed\audio\phase3_verification\batch2\mfa_corpus\speaker1\HEB_011_seg_054.txt,
HEB_011_seg_082,batch2,HEB,HEB_011,False,alignment_failed,7.551,,,,,,,,,,,,False,high,,data\processed\audio\phase3_verification\batch2\mfa_corpus\speaker1\HEB_011_seg_082.wav,data\processed\audio\phase3_verification\batch2\mfa_corpus\speaker1\HEB_011_seg_082.txt,
PHP_002_seg_001,batch2,PHP,PHP_002,False,alignment_failed,11.091,,,,,,,,,,,,False,high,,data\processed\audio\phase3_verification\batch2\mfa_corpus\speaker1\PHP_002_seg_001.wav,data\processed\audio\phase3_verification\batch2\mfa_corpus\speaker1\PHP_002_seg_001.txt,
ROM_008_seg_024,batch2,ROM,ROM_008,False,alignment_failed,1.243,,,,,,,,,,,,False,low,duration_outlier,data\processed\audio\phase3_verification\batch2\mfa_corpus\speaker1\ROM_008_seg_024.wav,data\processed\audio\phase3_verification\batch2\mfa_corpus\speaker1\ROM_008_seg_024.txt,
ROM_008_seg_008,batch2,ROM,ROM_008,False,alignment_failed,20.38,,,,,,,,,,,,False,low,duration_outlier,data\processed\audio\phase3_verification\batch2\mfa_corpus\speaker1\ROM_008_seg_008.wav,data\processed\audio\phase3_verification\batch2\mfa_corpus\speaker1\ROM_008_seg_008.txt,
ROM_008_seg_046,batch2,ROM,ROM_008,False,alignment_failed,16.449,,,,,,,,,,,,False,high,,data\processed\audio\phase3_verification\batch2\mfa_corpus\speaker1\ROM_008_seg_046.wav,data\processed\audio\phase3_verification\batch2\mfa_corpus\speaker1\ROM_008_seg_046.txt,
HEB_011_seg_067,batch2,HEB,HEB_011,False,alignment_failed,4.9,,,,,,,,,,,,False,high,,data\processed\audio\phase3_verification\batch2\mfa_corpus\speaker1\HEB_011_seg_067.wav,data\processed\audio\phase3_verification\batch2\mfa_corpus\speaker1\HEB_011_seg_067.txt,
HEB_011_seg_014,batch2,HEB,HEB_011,False,alignment_failed,15.859,,,,,,,,,,,,False,high,,data\processed\audio\phase3_verification\batch2\mfa_corpus\speaker1\HEB_011_seg_014.wav,data\processed\audio\phase3_verification\batch2\mfa_corpus\speaker1\HEB_011_seg_014.txt,
EPH_004_seg_018,batch2,EPH,EPH_004,False,alignment_failed,6.366,,,,,,,,,,,,False,high,,data\processed\audio\phase3_verification\batch2\mfa_corpus\speaker1\EPH_004_seg_018.wav,data\processed\audio\phase3_verification\batch2\mfa_corpus\speaker1\EPH_004_seg_018.txt,
ROM_008_seg_013,batch2,ROM,ROM_008,False,alignment_failed,13.227,,,,,,,,,,,,False,high,,data\processed\audio\phase3_verification\batch2\mfa_corpus\speaker1\ROM_008_seg_013.wav,data\processed\audio\phase3_verification\batch2\mfa_corpus\speaker1\ROM_008_seg_013.txt,
ROM_008_seg_009,batch2,ROM,ROM_008,False,alignment_failed,3.184,,,,,,,,,,,,False,high,,data\processed\audio\phase3_verification\batch2\mfa_corpus\speaker1\ROM_008_seg_009.wav,data\processed\audio\phase3_verification\batch2\mfa_corpus\speaker1\ROM_008_seg_009.txt,
JAS_001_seg_012,batch2,JAS,JAS_001,False,alignment_failed,10.426,,,,,,,,,,,,False,high,,data\processed\audio\phase3_verification\batch2\mfa_corpus\speaker1\JAS_001_seg_012.wav,data\processed\audio\phase3_verification\batch2\mfa_corpus\speaker1\JAS_001_seg_012.txt,
ROM_008_seg_025,batch2,ROM,ROM_008,False,alignment_failed,2.328,,,,,,,,,,,,False,high,,data\processed\audio\phase3_verification\batch2\mfa_corpus\speaker1\ROM_008_seg_025.wav,data\processed\audio\phase3_verification\batch2\mfa_corpus\speaker1\ROM_008_seg_025.txt,
ROM_008_seg_004,batch2,ROM,ROM_008,False,alignment_failed,20.485,,,,,,,,,,,,False,low,duration_outlier,data\processed\audio\phase3_verification\batch2\mfa_corpus\speaker1\ROM_008_seg_004.wav,data\processed\audio\phase3_verification\batch2\mfa_corpus\speaker1\ROM_008_seg_004.txt,
EPH_004_seg_028,batch2,EPH,EPH_004,False,alignment_failed,5.395,,,,,,,,,,,,False,high,,data\processed\audio\phase3_verification\batch2\mfa_corpus\speaker1\EPH_004_seg_028.wav,data\processed\audio\phase3_verification\batch2\mfa_corpus\speaker1\EPH_004_seg_028.txt,
EPH_004_seg_007,batch2,EPH,EPH_004,False,alignment_failed,1.132,,,,,,,,,,,,False,low,duration_outlier,data\processed\audio\phase3_verification\batch2\mfa_corpus\speaker1\EPH_004_seg_007.wav,data\processed\audio\phase3_verification\batch2\mfa_corpus\speaker1\EPH_004_seg_007.txt,
ROM_008_seg_005,batch2,ROM,ROM_008,False,alignment_failed,17.892,,,,,,,,,,,,False,high,,data\processed\audio\phase3_verification\batch2\mfa_corpus\speaker1\ROM_008_seg_005.wav,data\processed\audio\phase3_verification\batch2\mfa_corpus\speaker1\ROM_008_seg_005.txt,
REV_001_seg_003,batch3,REV,REV_001,False,phone_duration_outlier,9.257,8.05,0.97,9.02,0.97,0.237,1.3,9,-63.07166661042117,-63.7754862168256,15.201186251294537,1.160038382235708,True,high,,data\processed\audio\phase3_verification\batch3\mfa_corpus\speaker1\REV_001_seg_003.wav,data\processed\audio\phase3_verification\batch3\mfa_corpus\speaker1\REV_001_seg_003.txt,data\processed\audio\phase3_verification\batch3\textgrids\speaker1\REV_001_seg_003.TextGrid
REV_001_seg_043,batch3,REV,REV_001,False,phone_duration_outlier,8.991,7.401,1.59,8.991,1.59,0.0,0.55,14,-58.710750660456064,-61.008668397602285,10.385329056558366,-0.47628273173461544,True,high,,data\processed\audio\phase3_verification\batch3\mfa_corpus\speaker1\REV_001_seg_043.wav,data\processed\audio\phase3_verification\batch3\mfa_corpus\speaker1\REV_001_seg_043.txt,data\processed\audio\phase3_verification\batch3\textgrids\speaker1\REV_001_seg_043.TextGrid
REV_021_seg_013,batch3,REV,REV_021,False,phone_duration_outlier,5.27,5.27,0.0,5.27,0.0,0.0,0.9,3,-59.189197402751425,-61.93298488193088,10.108519030381197,-1.7436013077712147,True,high,,data\processed\audio\phase3_verification\batch3\mfa_corpus\speaker1\REV_021_seg_013.wav,data\processed\audio\phase3_verification\batch3\mfa_corpus\speaker1\REV_021_seg_013.txt,data\processed\audio\phase3_verification\batch3\textgrids\speaker1\REV_021_seg_013.TextGrid
REV_021_seg_035,batch3,REV,REV_021,True,,7.13,7.13,0.0,7.13,0.0,0.0,0.9,4,-56.53561645336606,-60.96241760253906,9.665334077262614,-0.8282086475800821,True,high,,data\processed\audio\phase3_verification\batch3\mfa_corpus\speaker1\REV_021_seg_035.wav,data\processed\audio\phase3_verification\batch3\mfa_corpus\speaker1\REV_021_seg_035.txt,data\processed\audio\phase3_verification\batch3\textgrids\speaker1\REV_021_seg_035.TextGrid
REV_021_seg_034,batch3,REV,REV_021,True,,1.74,1.74,0.0,1.74,0.0,0.0,0.26,4,-55.052683863146555,-55.402465986168906,9.62202742864566,-2.4970367267409213,True,high,,data\processed\audio\phase3_verification\batch3\mfa_corpus\speaker1\REV_021_seg_034.wav,data\processed\audio\phase3_verification\batch3\mfa_corpus\speaker1\REV_021_seg_034.txt,data\processed\audio\phase3_verification\batch3\textgrids\speaker1\REV_021_seg_034.TextGrid
REV_021_seg_051,batch3,REV,REV_021,True,,10.427,9.26,0.87,10.13,0.87,0.297,2.14,10,-60.89043773969319,-64.92045532573353,9.452145432169553,-1.6112695544272686,True,high,,data\processed\audio\phase3_verification\batch3\mfa_corpus\speaker1\REV_021_seg_051.wav,data\processed\audio\phase3_verification\batch3\mfa_corpus\speaker1\REV_021_seg_051.txt,data\processed\audio\phase3_verification\batch3\textgrids\speaker1\REV_021_seg_051.TextGrid
REV_001_seg_019,batch3,REV,REV_001,True,,4.444,3.744,0.7,4.444,0.7,0.0,0.45,11,-56.556495460304056,-60.5985243761981,9.351357900564105,-0.23430104142032881,True,high,,data\processed\audio\phase3_verification\batch3\mfa_corpus\speaker1\REV_001_seg_019.wav,data\processed\audio\phase3_verification\batch3\mfa_corpus\speaker1\REV_001_seg_019.txt,data\processed\audio\phase3_verification\batch3\textgrids\speaker1\REV_001_seg_019.TextGrid
REV_001_seg_018,batch3,REV,REV_001,True,,4.064,2.904,1.16,4.064,1.16,0.0,0.2,4,-60.23043026477833,-59.59042485555013,8.60043948023121,-1.2270849778715505,True,high,,data\processed\audio\phase3_verification\batch3\mfa_corpus\speaker1\REV_001_seg_018.wav,data\processed\audio\phase3_verification\batch3\mfa_corpus\speaker1\REV_001_seg_018.txt,data\processed\audio\phase3_verification\batch3\textgrids\speaker1\REV_001_seg_018.TextGrid
REV_001_seg_038,batch3,REV,REV_001,True,,10.507,9.087,1.42,10.507,1.42,0.0,0.88,12,-56.5256675190295,-60.654524245352114,8.341882782028256,-2.1978301734115977,True,high,,data\processed\audio\phase3_verification\batch3\mfa_corpus\speaker1\REV_001_seg_038.wav,data\processed\audio\phase3_verification\batch3\mfa_corpus\speaker1\REV_001_seg_038.txt,data\processed\audio\phase3_verification\batch3\textgrids\speaker1\REV_001_seg_038.TextGrid
REV_021_seg_005,batch3,REV,REV_021,True,,4.382,4.382,0.0,4.382,0.0,0.0,0.09,5,-58.643523473173516,-62.88126157124837,8.166094424422596,1.4779249831833372,True,high,,data\processed\audio\phase3_verification\batch3\mfa_corpus\speaker1\REV_021_seg_005.wav,data\processed\audio\phase3_verification\batch3\mfa_corpus\speaker1\REV_021_seg_005.txt,data\processed\audio\phase3_verification\batch3\textgrids\speaker1\REV_021_seg_005.TextGrid
1PE_002_seg_034,batch3,1PE,1PE_002,True,,11.232,8.23,2.73,10.96,2.73,0.272,3.02,13,-59.488103851291186,-60.23315903345744,8.153813471576475,-1.3117629538464257,True,high,,data\processed\audio\phase3_verification\batch3\mfa_corpus\speaker1\1PE_002_seg_034.wav,data\processed\audio\phase3_verification\batch3\mfa_corpus\speaker1\1PE_002_seg_034.txt,data\processed\audio\phase3_verification\batch3\textgrids\speaker1\1PE_002_seg_034.TextGrid
REV_001_seg_002,batch3,REV,REV_001,True,,13.794,12.71,0.75,13.46,0.75,0.334,2.31,15,-61.47145803118202,-65.1923604853013,8.149890576418109,-0.47645096941544196,True,high,,data\processed\audio\phase3_verification\batch3\mfa_corpus\speaker1\REV_001_seg_002.wav,data\processed\audio\phase3_verification\batch3\mfa_corpus\speaker1\REV_001_seg_002.txt,data\processed\audio\phase3_verification\batch3\textgrids\speaker1\REV_001_seg_002.TextGrid
REV_001_seg_037,batch3,REV,REV_001,True,,6.188,5.078,1.11,6.188,1.11,0.0,0.3,10,-58.446543063408726,-61.17160621849266,7.610851934323069,-0.942811675363938,True,high,,data\processed\audio\phase3_verification\batch3\mfa_corpus\speaker1\REV_001_seg_037.wav,data\processed\audio\phase3_verification\batch3\mfa_corpus\speaker1\REV_001_seg_037.txt,data\processed\audio\phase3_verification\batch3\textgrids\speaker1\REV_001_seg_037.TextGrid
REV_021_seg_009,batch3,REV,REV_021,True,,4.123,4.123,0.0,4.123,0.0,0.0,0.17,4,-59.72381295509709,-66.8403025088103,7.334361353693251,0.2972781874217354,True,high,,data\processed\audio\phase3_verification\batch3\mfa_corpus\speaker1\REV_021_seg_009.wav,data\processed\audio\phase3_verification\batch3\mfa_corpus\speaker1\REV_021_seg_009.txt,data\processed\audio\phase3_verification\batch3\textgrids\speaker1\REV_021_seg_009.TextGrid
REV_021_seg_062,batch3,REV,REV_021,True,,10.229,9.61,0.43,10.04,0.43,0.189,1.58,12,-62.03013883797654,-65.13746924627395,7.207537862094537,1.7747015304037141,True,high,,data\processed\audio\phase3_verification\batch3\mfa_corpus\speaker1\REV_021_seg_062.wav,data\processed\audio\phase3_verification\batch3\mfa_corpus\speaker1\REV_021_seg_062.txt,data\processed\audio\phase3_verification\batch3\textgrids\speaker1\REV_021_seg_062.TextGrid
REV_001_seg_020,batch3,REV,REV_001,True,,5.362,5.052,0.31,5.362,0.31,0.0,0.15,23,-59.560171554337686,-61.717046178952614,7.180418514368154,3.9101493617100616,True,high,,data\processed\audio\phase3_verification\batch3\mfa_corpus\speaker1\REV_001_seg_020.wav,data\processed\audio\phase3_verification\batch3\mfa_corpus\speaker1\REV_001_seg_020.txt,data\processed\audio\phase3_verification\batch3\textgrids\speaker1\REV_001_seg_020.TextGrid
REV_001_seg_042,batch3,REV,REV_001,True,,6.622,6.102,0.52,6.622,0.52,0.0,0.21,8,-55.54252029833837,-59.36682612101237,6.992553109185417,0.19468399590394192,True,high,,data\processed\audio\phase3_verification\batch3\mfa_corpus\speaker1\REV_001_seg_042.wav,data\processed\audio\phase3_verification\batch3\mfa_corpus\speaker1\REV_001_seg_042.txt,data\processed\audio\phase3_verification\batch3\textgrids\speaker1\REV_001_seg_042.TextGrid
1PE_002_seg_041,batch3,1PE,1PE_002,True,,4.049,2.91,0.87,3.78,0.87,0.269,0.69,10,-58.39710648148148,-59.776727986890215,6.872473601223354,1.6545345132536653,True,high,,data\processed\audio\phase3_verification\batch3\mfa_corpus\speaker1\1PE_002_seg_041.wav,data\processed\audio\phase3_verification\batch3\mfa_corpus\speaker1\1PE_002_seg_041.txt,data\processed\audio\phase3_verification\batch3\textgrids\speaker1\1PE_002_seg_041.TextGrid
1PE_002_seg_001,batch3,1PE,1PE_002,True,,13.337,10.6,2.45,13.05,2.45,0.287,1.69,14,-58.80068754685158,-62.32213004430135,6.872465963789767,-0.7094787207681108,True,high,,data\processed\audio\phase3_verification\batch3\mfa_corpus\speaker1\1PE_002_seg_001.wav,data\processed\audio\phase3_verification\batch3\mfa_corpus\speaker1\1PE_002_seg_001.txt,data\processed\audio\phase3_verification\batch3\textgrids\speaker1\1PE_002_seg_001.TextGrid
REV_021_seg_068,batch3,REV,REV_021,True,,11.186,8.78,2.13,10.91,2.13,0.276,1.95,9,-58.32220104445934,-60.523610041691704,6.802908503566728,-1.0185865017698124,True,high,,data\processed\audio\phase3_verification\batch3\mfa_corpus\speaker1\REV_021_seg_068.wav,data\processed\audio\phase3_verification\batch3\mfa_corpus\speaker1\REV_021_seg_068.txt,data\processed\audio\phase3_verification\batch3\textgrids\speaker1\REV_021_seg_068.TextGrid
REV_021_seg_010,batch3,REV,REV_021,True,,4.391,4.391,0.0,4.391,0.0,0.0,0.35,7,-60.47458268080866,-67.00797661491062,6.758337279716395,-2.056827854798108,True,high,,data\processed\audio\phase3_verification\batch3\mfa_corpus\speaker1\REV_021_seg_010.wav,data\processed\audio\phase3_verification\batch3\mfa_corpus\speaker1\REV_021_seg_010.txt,data\processed\audio\phase3_verification\batch3\textgrids\speaker1\REV_021_seg_010.TextGrid
REV_001_seg_025,batch3,REV,REV_001,True,,2.37,2.37,0.0,2.37,0.0,0.0,0.37,9,-56.68253065664557,-60.58605120732234,6.50338494398389,-2.2937250153220727,True,high,,data\processed\audio\phase3_verification\batch3\mfa_corpus\speaker1\REV_001_seg_025.wav,data\processed\audio\phase3_verification\batch3\mfa_corpus\speaker1\REV_001_seg_025.txt,data\processed\audio\phase3_verification\batch3\textgrids\speaker1\REV_001_seg_025.TextGrid
REV_001_seg_006,batch3,REV,REV_001,True,,20.242,18.17,1.74,19.91,1.74,0.332,1.48,21,-58.59382333868577,-58.58095169067383,6.422223151336022,0.5610691263738179,True,low,duration_outlier,data\processed\audio\phase3_verification\batch3\mfa_corpus\speaker1\REV_001_seg_006.wav,data\processed\audio\phase3_verification\batch3\mfa_corpus\speaker1\REV_001_seg_006.txt,data\processed\audio\phase3_verification\batch3\textgrids\speaker1\REV_001_seg_006.TextGrid
REV_001_seg_012,batch3,REV,REV_001,True,,2.775,2.335,0.44,2.775,0.44,0.0,0.29,23,-63.166690085431654,-64.27927568223741,6.380817837005015,1.1466187661556297,True,high,,data\processed\audio\phase3_verification\batch3\mfa_corpus\speaker1\REV_001_seg_012.wav,data\processed\audio\phase3_verification\batch3\mfa_corpus\speaker1\REV_001_seg_012.txt,data\processed\audio\phase3_verification\batch3\textgrids\speaker1\REV_001_seg_012.TextGrid
REV_021_seg_030,batch3,REV,REV_021,True,,3.287,3.287,0.0,3.287,0.0,0.0,0.38,8,-60.084126852203646,-57.21370258331299,6.339411134459916,0.21727060145674315,True,high,,data\processed\audio\phase3_verification\batch3\mfa_corpus\speaker1\REV_021_seg_030.wav,data\processed\audio\phase3_verification\batch3\mfa_corpus\speaker1\REV_021_seg_030.txt,data\processed\audio\phase3_verification\batch3\textgrids\speaker1\REV_021_seg_030.TextGrid
REV_021_seg_018,batch3,REV,REV_021,True,,5.133,4.663,0.47,5.133,0.47,0.0,0.55,6,-59.68379172758284,-63.22571270282452,6.266116154128553,0.1240319343050853,True,high,,data\processed\audio\phase3_verification\batch3\mfa_corpus\speaker1\REV_021_seg_018.wav,data\processed\audio\phase3_verification\batch3\mfa_corpus\speaker1\REV_021_seg_018.txt,data\processed\audio\phase3_verification\batch3\textgrids\speaker1\REV_021_seg_018.TextGrid
REV_001_seg_040,batch3,REV,REV_001,True,,6.038,5.518,0.52,6.038,0.52,0.0,0.61,13,-58.92970043460265,-62.818149698191675,6.25825146057937,-2.271841111611165,True,high,,data\processed\audio\phase3_verification\batch3\mfa_corpus\speaker1\REV_001_seg_040.wav,data\processed\audio\phase3_verification\batch3\mfa_corpus\speaker1\REV_001_seg_040.txt,data\processed\audio\phase3_verification\batch3\textgrids\speaker1\REV_001_seg_040.TextGrid
REV_001_seg_001,batch3,REV,REV_001,True,,11.449,9.2,1.98,11.18,1.98,0.269,2.07,17,-60.917296670305674,-60.93683857164885,6.25415659971765,0.35536400109443456,True,high,,data\processed\audio\phase3_verification\batch3\mfa_corpus\speaker1\REV_001_seg_001.wav,data\processed\audio\phase3_verification\batch3\mfa_corpus\speaker1\REV_001_seg_001.txt,data\processed\audio\phase3_verification\batch3\textgrids\speaker1\REV_001_seg_001.TextGrid
REV_021_seg_065,batch3,REV,REV_021,True,,12.969,10.68,1.84,12.52,1.84,0.449,2.53,9,-61.31321077486508,-63.12768182300386,6.110007296023253,0.0663716702804873,True,high,,data\processed\audio\phase3_verification\batch3\mfa_corpus\speaker1\REV_021_seg_065.wav,data\processed\audio\phase3_verification\batch3\mfa_corpus\speaker1\REV_021_seg_065.txt,data\processed\audio\phase3_verification\batch3\textgrids\speaker1\REV_021_seg_065.TextGrid
REV_021_seg_022,batch3,REV,REV_021,True,,3.306,3.306,0.0,3.306,0.0,0.0,0.0,16,-56.99478379909365,-60.43523019732851,5.97212437354728,16.882785692677928,True,high,,data\processed\audio\phase3_verification\batch3\mfa_corpus\speaker1\REV_021_seg_022.wav,data\processed\audio\phase3_verification\batch3\mfa_corpus\speaker1\REV_021_seg_022.txt,data\processed\audio\phase3_verification\batch3\textgrids\speaker1\REV_021_seg_022.TextGrid
REV_001_seg_036,batch3,REV,REV_001,True,,6.123,5.593,0.53,6.123,0.53,0.0,0.46,9,-56.3927632250817,-61.032216700111945,5.9113393433029815,-1.5222152549347179,True,high,,data\processed\audio\phase3_verification\batch3\mfa_corpus\speaker1\REV_001_seg_036.wav,data\processed\audio\phase3_verification\batch3\mfa_corpus\speaker1\REV_001_seg_036.txt,data\processed\audio\phase3_verification\batch3\textgrids\speaker1\REV_001_seg_036.TextGrid
1PE_002_seg_012,batch3,1PE,1PE_002,True,,5.918,5.918,0.0,5.918,0.0,0.0,0.82,20,-58.38510214315878,-62.29093227386475,5.898260214694183,1.2392140438105734,True,high,,data\processed\audio\phase3_verification\batch3\mfa_corpus\speaker1\1PE_002_seg_012.wav,data\processed\audio\phase3_verification\batch3\mfa_corpus\speaker1\1PE_002_seg_012.txt,data\processed\audio\phase3_verification\batch3\textgrids\speaker1\1PE_002_seg_012.TextGrid
1PE_002_seg_011,batch3,1PE,1PE_002,True,,5.758,5.268,0.49,5.758,0.49,0.0,0.67,9,-56.621134440104164,-61.78162583850679,5.824394294780626,-0.1273315489756346,True,high,,data\processed\audio\phase3_verification\batch3\mfa_corpus\speaker1\1PE_002_seg_011.wav,data\processed\audio\phase3_verification\batch3\mfa_corpus\speaker1\1PE_002_seg_011.txt,data\processed\audio\phase3_verification\batch3\textgrids\speaker1\1PE_002_seg_011.TextGrid
REV_021_seg_045,batch3,REV,REV_021,True,,10.318,8.65,1.48,10.13,1.48,0.188,0.99,15,-57.96223579820737,-58.42424022129604,5.770981015280597,-0.2798858197363252,True,high,,data\processed\audio\phase3_verification\batch3\mfa_corpus\speaker1\REV_021_seg_045.wav,data\processed\audio\phase3_verification\batch3\mfa_corpus\speaker1\REV_021_seg_045.txt,data\processed\audio\phase3_verification\batch3\textgrids\speaker1\REV_021_seg_045.TextGrid
1PE_002_seg_036,batch3,1PE,1PE_002,True,,10.064,7.77,1.98,9.75,1.98,0.314,2.33,16,-59.13586450049702,-60.213511043124726,5.591133730870235,-0.2779129236252711,True,high,,data\processed\audio\phase3_verification\batch3\mfa_corpus\speaker1\1PE_002_seg_036.wav,data\processed\audio\phase3_verification\batch3\mfa_corpus\speaker1\1PE_002_seg_036.txt,data\processed\audio\phase3_verification\batch3\textgrids\speaker1\1PE_002_seg_036.TextGrid
1PE_002_seg_029,batch3,1PE,1PE_002,True,,13.187,10.23,2.66,12.89,2.66,0.297,3.3,5,-59.505206358984076,-67.6237403869629,5.541325452605355,-3.9339616109971605,True,high,,data\processed\audio\phase3_verification\batch3\mfa_corpus\speaker1\1PE_002_seg_029.wav,data\processed\audio\phase3_verification\batch3\mfa_corpus\speaker1\1PE_002_seg_029.txt,data\processed\audio\phase3_verification\batch3\textgrids\speaker1\1PE_002_seg_029.TextGrid
REV_021_seg_025,batch3,REV,REV_021,True,,5.521,4.961,0.56,5.521,0.56,0.0,0.15,12,-56.49134539175725,-60.47035437115168,5.540759190569446,0.38233376354501303,True,high,,data\processed\audio\phase3_verification\batch3\mfa_corpus\speaker1\REV_021_seg_025.wav,data\processed\audio\phase3_verification\batch3\mfa_corpus\speaker1\REV_021_seg_025.txt,data\processed\audio\phase3_verification\batch3\textgrids\speaker1\REV_021_seg_025.TextGrid
REV_001_seg_035,batch3,REV,REV_001,True,,4.951,4.711,0.24,4.951,0.24,0.0,0.76,15,-61.690956439393936,-62.628566637431106,5.277720449174209,-1.8100695617307423,True,high,,data\processed\audio\phase3_verification\batch3\mfa_corpus\speaker1\REV_001_seg_035.wav,data\processed\audio\phase3_verification\batch3\mfa_corpus\speaker1\REV_001_seg_035.txt,data\processed\audio\phase3_verification\batch3\textgrids\speaker1\REV_001_seg_035.TextGrid
REV_001_seg_028,batch3,REV,REV_001,True,,16.257,14.02,1.91,15.93,1.91,0.327,3.23,11,-60.30558598554735,-63.370527735296285,5.181694845441441,0.10972616329152984,True,high,,data\processed\audio\phase3_verification\batch3\mfa_corpus\speaker1\REV_001_seg_028.wav,data\processed\audio\phase3_verification\batch3\mfa_corpus\speaker1\REV_001_seg_028.txt,data\processed\audio\phase3_verification\batch3\textgrids\speaker1\REV_001_seg_028.TextGrid
REV_021_seg_056,batch3,REV,REV_021,True,,6.705,5.41,1.06,6.47,1.06,0.235,1.22,14,-59.251222522354695,-59.7988094822053,5.171150270258955,-0.23777791686453575,True,high,,data\processed\audio\phase3_verification\batch3\mfa_corpus\speaker1\REV_021_seg_056.wav,data\processed\audio\phase3_verification\batch3\mfa_corpus\speaker1\REV_021_seg_056.txt,data\processed\audio\phase3_verification\batch3\textgrids\speaker1\REV_021_seg_056.TextGrid
REV_021_seg_052,batch3,REV,REV_021,True,,9.317,8.03,1.04,9.07,1.04,0.247,2.42,11,-59.60831042113734,-61.64712232701919,5.080015038344474,0.3149194011934817,True,high,,data\processed\audio\phase3_verification\batch3\mfa_corpus\speaker1\REV_021_seg_052.wav,data\processed\audio\phase3_verification\batch3\mfa_corpus\speaker1\REV_021_seg_052.txt,data\processed\audio\phase3_verification\batch3\textgrids\speaker1\REV_021_seg_052.TextGrid
REV_001_seg_039,batch3,REV,REV_001,True,,4.528,3.578,0.95,4.528,0.95,0.0,0.58,12,-59.70988548565121,-62.895670676717955,5.080015038344474,-1.3669794658881802,True,high,,data\processed\audio\phase3_verification\batch3\mfa_corpus\speaker1\REV_001_seg_039.wav,data\processed\audio\phase3_verification\batch3\mfa_corpus\speaker1\REV_001_seg_039.txt,data\processed\audio\phase3_verification\batch3\textgrids\speaker1\REV_001_seg_039.TextGrid
REV_021_seg_017,batch3,REV,REV_021,True,,3.867,2.95,0.57,3.52,0.57,0.347,0.87,8,-59.046859859496124,-61.73584041595459,5.017284368140597,2.449713406889593,True,high,,data\processed\audio\phase3_verification\batch3\mfa_corpus\speaker1\REV_021_seg_017.wav,data\processed\audio\phase3_verification\batch3\mfa_corpus\speaker1\REV_021_seg_017.txt,data\processed\audio\phase3_verification\batch3\textgrids\speaker1\REV_021_seg_017.TextGrid
REV_021_seg_054,batch3,REV,REV_021,True,,6.43,4.86,1.26,6.12,1.26,0.31,1.25,13,-60.22724290435459,-59.23708620379048,4.957220587454332,0.9448768432708317,True,high,,data\processed\audio\phase3_verification\batch3\mfa_corpus\speaker1\REV_021_seg_054.wav,data\processed\audio\phase3_verification\batch3\mfa_corpus\speaker1\REV_021_seg_054.txt,data\processed\audio\phase3_verification\batch3\textgrids\speaker1\REV_021_seg_054.TextGrid
REV_021_seg_063,batch3,REV,REV_021,True,,14.132,9.96,3.95,13.91,3.95,0.222,2.34,6,-57.62534832802548,-66.28286102294922,4.957220587454332,-3.2284771590153465,True,high,,data\processed\audio\phase3_verification\batch3\mfa_corpus\speaker1\REV_021_seg_063.wav,data\processed\audio\phase3_verification\batch3\mfa_corpus\speaker1\REV_021_seg_063.txt,data\processed\audio\phase3_verification\batch3\textgrids\speaker1\REV_021_seg_063.TextGrid
1PE_002_seg_016,batch3,1PE,1PE_002,True,,4.435,4.435,0.0,4.435,0.0,0.0,0.7,10,-56.96423669763514,-60.309171981811524,4.943954624270048,-3.4522355904992708,True,high,,data\processed\audio\phase3_verification\batch3\mfa_corpus\speaker1\1PE_002_seg_016.wav,data\processed\audio\phase3_verification\batch3\mfa_corpus\speaker1\1PE_002_seg_016.txt,data\processed\audio\phase3_verification\batch3\textgrids\speaker1\1PE_002_seg_016.TextGrid
REV_001_seg_010,batch3,REV,REV_001,True,,13.265,10.41,2.54,12.95,2.54,0.315,2.08,8,-59.113625659382066,-60.188060079302105,4.86118295362662,0.46558186902670506,True,high,,data\processed\audio\phase3_verification\batch3\mfa_corpus\speaker1\REV_001_seg_010.wav,data\processed\audio\phase3_verification\batch3\mfa_corpus\speaker1\REV_001_seg_010.txt,data\processed\audio\phase3_verification\batch3\textgrids\speaker1\REV_001_seg_010.TextGrid
REV_001_seg_011,batch3,REV,REV_001,False,too_long,22.012,20.76,0.94,21.7,0.94,0.312,2.62,29,-59.85713170149932,-60.396677249815404,4.861180162279874,0.4571559806011418,True,low,duration_outlier,data\processed\audio\phase3_verification\batch3\mfa_corpus\speaker1\REV_001_seg_011.wav,data\processed\audio\phase3_verification\batch3\mfa_corpus\speaker1\REV_001_seg_011.txt,data\processed\audio\phase3_verification\batch3\textgrids\speaker1\REV_001_seg_011.TextGrid
REV_021_seg_059,batch3,REV,REV_021,True,,4.714,4.14,0.23,4.37,0.23,0.344,1.0,11,-63.24632182192144,-61.79390657865084,4.793048745277069,1.4985932833963904,True,high,,data\processed\audio\phase3_verification\batch3\mfa_corpus\speaker1\REV_021_seg_059.wav,data\processed\audio\phase3_verification\batch3\mfa_corpus\speaker1\REV_021_seg_059.txt,data\processed\audio\phase3_verification\batch3\textgrids\speaker1\REV_021_seg_059.TextGrid
REV_021_seg_032,batch3,REV,REV_021,True,,2.523,2.263,0.26,2.523,0.26,0.0,0.28,15,-58.953194754464285,-58.92594344527633,4.768436217000529,1.3648266093521553,True,high,,data\processed\audio\phase3_verification\batch3\mfa_corpus\speaker1\REV_021_seg_032.wav,data\processed\audio\phase3_verification\batch3\mfa_corpus\speaker1\REV_021_seg_032.txt,data\processed\audio\phase3_verification\batch3\textgrids\speaker1\REV_021_seg_032.TextGrid
REV_021_seg_057,batch3,REV,REV_021,True,,5.41,4.31,0.89,5.2,0.89,0.21,0.91,13,-61.37927449168207,-60.73641614560728,4.74329090464971,-0.10292915607524655,True,high,,data\processed\audio\phase3_verification\batch3\mfa_corpus\speaker1\REV_021_seg_057.wav,data\processed\audio\phase3_verification\batch3\mfa_corpus\speaker1\REV_021_seg_057.txt,data\processed\audio\phase3_verification\batch3\textgrids\speaker1\REV_021_seg_057.TextGrid
REV_021_seg_070,batch3,REV,REV_021,True,,7.107,6.06,0.76,6.82,0.76,0.287,1.91,11,-59.52293754395218,-58.832675767981485,4.73955205480086,0.3108445433620055,True,high,,data\processed\audio\phase3_verification\batch3\mfa_corpus\speaker1\REV_021_seg_070.wav,data\processed\audio\phase3_verification\batch3\mfa_corpus\speaker1\REV_021_seg_070.txt,data\processed\audio\phase3_verification\batch3\textgrids\speaker1\REV_021_seg_070.TextGrid
REV_001_seg_014,batch3,REV,REV_001,True,,5.788,4.41,1.18,5.59,1.18,0.198,1.22,9,-61.73676327720207,-62.592927206130256,4.73955205480086,-0.25236904674244975,True,high,,data\processed\audio\phase3_verification\batch3\mfa_corpus\speaker1\REV_001_seg_014.wav,data\processed\audio\phase3_verification\batch3\mfa_corpus\speaker1\REV_001_seg_014.txt,data\processed\audio\phase3_verification\batch3\textgrids\speaker1\REV_001_seg_014.TextGrid
1PE_002_seg_033,batch3,1PE,1PE_002,True,,10.324,7.18,2.89,10.07,2.89,0.254,1.83,8,-59.24252816133721,-62.19675787901267,4.693869970427497,-0.38409072308945724,True,high,,data\processed\audio\phase3_verification\batch3\mfa_corpus\speaker1\1PE_002_seg_033.wav,data\processed\audio\phase3_verification\batch3\mfa_corpus\speaker1\1PE_002_seg_033.txt,data\processed\audio\phase3_verification\batch3\textgrids\speaker1\1PE_002_seg_033.TextGrid
REV_021_seg_037,batch3,REV,REV_021,True,,3.902,3.042,0.86,3.902,0.86,0.0,0.14,9,-61.12180488782051,-63.278769828177786,4.689400089003361,-1.6697107817784893,True,high,,data\processed\audio\phase3_verification\batch3\mfa_corpus\speaker1\REV_021_seg_037.wav,data\processed\audio\phase3_verification\batch3\mfa_corpus\speaker1\REV_021_seg_037.txt,data\processed\audio\phase3_verification\batch3\textgrids\speaker1\REV_021_seg_037.TextGrid
REV_021_seg_033,batch3,REV,REV_021,True,,9.255,7.805,1.45,9.255,1.45,0.0,1.72,12,-58.5905313512419,-56.57995683055813,4.683078140538232,-3.4413836810607314,True,high,,data\processed\audio\phase3_verification\batch3\mfa_corpus\speaker1\REV_021_seg_033.wav,data\processed\audio\phase3_verification\batch3\mfa_corpus\speaker1\REV_021_seg_033.txt,data\processed\audio\phase3_verification\batch3\textgrids\speaker1\REV_021_seg_033.TextGrid
1PE_002_seg_040,batch3,1PE,1PE_002,True,,8.06,6.21,1.54,7.75,1.54,0.31,2.07,10,-58.95473402605459,-58.73612673386283,4.592162925565561,1.0364302392118372,True,high,,data\processed\audio\phase3_verification\batch3\mfa_corpus\speaker1\1PE_002_seg_040.wav,data\processed\audio\phase3_verification\batch3\mfa_corpus\speaker1\1PE_002_seg_040.txt,data\processed\audio\phase3_verification\batch3\textgrids\speaker1\1PE_002_seg_040.TextGrid
REV_001_seg_024,batch3,REV,REV_001,False,too_short,1.272,1.272,0.0,1.272,0.0,0.0,0.15,6,-55.37308916707677,-59.65773428640058,4.566833712577717,-4.87179948632401,True,low,duration_outlier,data\processed\audio\phase3_verification\batch3\mfa_corpus\speaker1\REV_001_seg_024.wav,data\processed\audio\phase3_verification\batch3\mfa_corpus\speaker1\REV_001_seg_024.txt,data\processed\audio\phase3_verification\batch3\textgrids\speaker1\REV_001_seg_024.TextGrid
REV_021_seg_041,batch3,REV,REV_021,True,,12.414,10.6,1.56,12.16,1.56,0.254,1.77,12,-59.937430751410155,-62.692322390420095,4.550975830131497,-1.3537800351746228,True,high,,data\processed\audio\phase3_verification\batch3\mfa_corpus\speaker1\REV_021_seg_041.wav,data\processed\audio\phase3_verification\batch3\mfa_corpus\speaker1\REV_021_seg_041.txt,data\processed\audio\phase3_verification\batch3\textgrids\speaker1\REV_021_seg_041.TextGrid
REV_021_seg_055,batch3,REV,REV_021,True,,15.28,13.92,0.98,14.9,0.98,0.38,3.23,11,-59.6796875,-64.9801764678955,4.529381623302536,-0.9972654097049407,True,high,,data\processed\audio\phase3_verification\batch3\mfa_corpus\speaker1\REV_021_seg_055.wav,data\processed\audio\phase3_verification\batch3\mfa_corpus\speaker1\REV_021_seg_055.txt,data\processed\audio\phase3_verification\batch3\textgrids\speaker1\REV_021_seg_055.TextGrid
REV_021_seg_014,batch3,REV,REV_021,True,,5.186,5.186,0.0,5.186,0.0,0.0,0.84,10,-59.03767009874759,-60.816264894273544,4.494838554894643,-2.742196325105777,True,high,,data\processed\audio\phase3_verification\batch3\mfa_corpus\speaker1\REV_021_seg_014.wav,data\processed\audio\phase3_verification\batch3\mfa_corpus\speaker1\REV_021_seg_014.txt,data\processed\audio\phase3_verification\batch3\textgrids\speaker1\REV_021_seg_014.TextGrid
1PE_002_seg_015,batch3,1PE,1PE_002,True,,4.259,3.089,1.17,4.259,1.17,0.0,0.42,9,-58.345900271420184,-62.893018766891124,4.407497131003086,-1.898273223069145,True,high,,data\processed\audio\phase3_verification\batch3\mfa_corpus\speaker1\1PE_002_seg_015.wav,data\processed\audio\phase3_verification\batch3\mfa_corpus\speaker1\1PE_002_seg_015.txt,data\processed\audio\phase3_verification\batch3\textgrids\speaker1\1PE_002_seg_015.TextGrid
REV_021_seg_043,batch3,REV,REV_021,True,,8.201,5.33,2.62,7.95,2.62,0.251,1.1,5,-57.444264481707314,-59.729463057084516,4.392869405595534,-0.2899623668155975,True,high,,data\processed\audio\phase3_verification\batch3\mfa_corpus\speaker1\REV_021_seg_043.wav,data\processed\audio\phase3_verification\batch3\mfa_corpus\speaker1\REV_021_seg_043.txt,data\processed\audio\phase3_verification\batch3\textgrids\speaker1\REV_021_seg_043.TextGrid
REV_001_seg_029,batch3,REV,REV_001,True,,10.469,9.05,1.12,10.17,1.12,0.299,1.36,22,-61.16333870582617,-64.88868977806784,4.297398722560858,0.4175645560716337,True,high,,data\processed\audio\phase3_verification\batch3\mfa_corpus\speaker1\REV_001_seg_029.wav,data\processed\audio\phase3_verification\batch3\mfa_corpus\speaker1\REV_001_seg_029.txt,data\processed\audio\phase3_verification\batch3\textgrids\speaker1\REV_001_seg_029.TextGrid
REV_021_seg_039,batch3,REV,REV_021,True,,19.61,18.25,1.13,19.38,1.13,0.23,2.12,18,-58.38544588220296,-61.241068013509114,4.177705167164363,-0.1981334939591637,True,high,,data\processed\audio\phase3_verification\batch3\mfa_corpus\speaker1\REV_021_seg_039.wav,data\processed\audio\phase3_verification\batch3\mfa_corpus\speaker1\REV_021_seg_039.txt,data\processed\audio\phase3_verification\batch3\textgrids\speaker1\REV_021_seg_039.TextGrid
1PE_002_seg_018,batch3,1PE,1PE_002,True,,8.803,7.84,0.65,8.49,0.65,0.313,1.44,22,-59.91950017755682,-62.47824118818556,4.150016621058506,0.855457035355565,True,high,,data\processed\audio\phase3_verification\batch3\mfa_corpus\speaker1\1PE_002_seg_018.wav,data\processed\audio\phase3_verification\batch3\mfa_corpus\speaker1\1PE_002_seg_018.txt,data\processed\audio\phase3_verification\batch3\textgrids\speaker1\1PE_002_seg_018.TextGrid
REV_001_seg_009,batch3,REV,REV_001,True,,16.796,15.89,0.58,16.47,0.58,0.326,1.24,35,-59.209584263392856,-63.621135487275964,4.136944209617304,0.5599729200909138,True,high,,data\processed\audio\phase3_verification\batch3\mfa_corpus\speaker1\REV_001_seg_009.wav,data\processed\audio\phase3_verification\batch3\mfa_corpus\speaker1\REV_001_seg_009.txt,data\processed\audio\phase3_verification\batch3\textgrids\speaker1\REV_001_seg_009.TextGrid
REV_001_seg_030,batch3,REV,REV_001,True,,8.982,8.17,0.51,8.68,0.51,0.302,1.11,15,-61.39731521436526,-65.51371113089628,4.128899648975592,0.3242635091614954,True,high,,data\processed\audio\phase3_verification\batch3\mfa_corpus\speaker1\REV_001_seg_030.wav,data\processed\audio\phase3_verification\batch3\mfa_corpus\speaker1\REV_001_seg_030.txt,data\processed\audio\phase3_verification\batch3\textgrids\speaker1\REV_001_seg_030.TextGrid
REV_021_seg_044,batch3,REV,REV_021,True,,12.704,10.73,1.68,12.41,1.68,0.294,2.18,12,-61.8984375,-63.44269427131204,3.9245614402579405,-0.03270008446647488,True,high,,data\processed\audio\phase3_verification\batch3\mfa_corpus\speaker1\REV_021_seg_044.wav,data\processed\audio\phase3_verification\batch3\mfa_corpus\speaker1\REV_021_seg_044.txt,data\processed\audio\phase3_verification\batch3\textgrids\speaker1\REV_021_seg_044.TextGrid
REV_021_seg_027,batch3,REV,REV_021,True,,4.574,3.934,0.64,4.574,0.64,0.0,0.51,15,-56.951783027899346,-61.078976166553986,3.9126427096665717,-1.754583230022508,True,high,,data\processed\audio\phase3_verification\batch3\mfa_corpus\speaker1\REV_021_seg_027.wav,data\processed\audio\phase3_verification\batch3\mfa_corpus\speaker1\REV_021_seg_027.txt,data\processed\audio\phase3_verification\batch3\textgrids\speaker1\REV_021_seg_027.TextGrid
1PE_002_seg_046,batch3,1PE,1PE_002,True,,18.599,16.1,2.19,18.29,2.19,0.309,2.27,11,-62.674319556451614,-67.0298642378587,3.846407753272153,0.5290674731556084,True,high,,data\processed\audio\phase3_verification\batch3\mfa_corpus\speaker1\1PE_002_seg_046.wav,data\processed\audio\phase3_verification\batch3\mfa_corpus\speaker1\1PE_002_seg_046.txt,data\processed\audio\phase3_verification\batch3\textgrids\speaker1\1PE_002_seg_046.TextGrid
REV_021_seg_069,batch3,REV,REV_021,True,,8.847,7.32,1.29,8.61,1.29,0.237,1.27,22,-59.04510946327684,-62.72554277819256,3.825553625868329,-1.3209710110703803,True,high,,data\processed\audio\phase3_verification\batch3\mfa_corpus\speaker1\REV_021_seg_069.wav,data\processed\audio\phase3_verification\batch3\mfa_corpus\speaker1\REV_021_seg_069.txt,data\processed\audio\phase3_verification\batch3\textgrids\speaker1\REV_021_seg_069.TextGrid
REV_021_seg_016,batch3,REV,REV_021,True,,3.346,2.696,0.65,3.346,0.65,0.0,0.19,21,-59.83311567164179,-60.65815821001607,3.774383032102626,0.5187588530866183,True,high,,data\processed\audio\phase3_verification\batch3\mfa_corpus\speaker1\REV_021_seg_016.wav,data\processed\audio\phase3_verification\batch3\mfa_corpus\speaker1\REV_021_seg_016.txt,data\processed\audio\phase3_verification\batch3\textgrids\speaker1\REV_021_seg_016.TextGrid
REV_021_seg_038,batch3,REV,REV_021,True,,3.115,2.625,0.49,3.115,0.49,0.0,0.33,11,-59.33895482772436,-59.13285160064697,3.7456392827471863,0.039666494928972895,True,high,,data\processed\audio\phase3_verification\batch3\mfa_corpus\speaker1\REV_021_seg_038.wav,data\processed\audio\phase3_verification\batch3\mfa_corpus\speaker1\REV_021_seg_038.txt,data\processed\audio\phase3_verification\batch3\textgrids\speaker1\REV_021_seg_038.TextGrid
REV_001_seg_034,batch3,REV,REV_001,True,,12.928,11.53,1.11,12.64,1.11,0.288,1.38,31,-58.95090148878577,-60.10718112182617,3.7078703165514515,0.36062550381125646,True,high,,data\processed\audio\phase3_verification\batch3\mfa_corpus\speaker1\REV_001_seg_034.wav,data\processed\audio\phase3_verification\batch3\mfa_corpus\speaker1\REV_001_seg_034.txt,data\processed\audio\phase3_verification\batch3\textgrids\speaker1\REV_001_seg_034.TextGrid
REV_001_seg_008,batch3,REV,REV_001,True,,6.132,5.53,0.36,5.89,0.36,0.242,0.75,26,-61.2660901814845,-63.33815605526879,3.6978841802332534,1.1790478196787646,True,high,,data\processed\audio\phase3_verification\batch3\mfa_corpus\speaker1\REV_001_seg_008.wav,data\processed\audio\phase3_verification\batch3\mfa_corpus\speaker1\REV_001_seg_008.txt,data\processed\audio\phase3_verification\batch3\textgrids\speaker1\REV_001_seg_008.TextGrid
REV_021_seg_023,batch3,REV,REV_021,True,,2.55,1.73,0.82,2.55,0.82,0.0,0.37,10,-59.63055300245098,-59.24437291998612,3.6843546334279043,-0.10567429916320847,True,high,,data\processed\audio\phase3_verification\batch3\mfa_corpus\speaker1\REV_021_seg_023.wav,data\processed\audio\phase3_verification\batch3\mfa_corpus\speaker1\REV_021_seg_023.txt,data\processed\audio\phase3_verification\batch3\textgrids\speaker1\REV_021_seg_023.TextGrid
REV_021_seg_029,batch3,REV,REV_021,True,,2.966,2.966,0.0,2.966,0.0,0.0,0.35,17,-59.317721485690235,-61.84215108235677,3.682331926980341,-0.819691435877246,True,high,,data\processed\audio\phase3_verification\batch3\mfa_corpus\speaker1\REV_021_seg_029.wav,data\processed\audio\phase3_verification\batch3\mfa_corpus\speaker1\REV_021_seg_029.txt,data\processed\audio\phase3_verification\batch3\textgrids\speaker1\REV_021_seg_029.TextGrid
1PE_002_seg_005,batch3,1PE,1PE_002,True,,9.504,8.53,0.68,9.21,0.68,0.294,2.94,8,-60.37621299342105,-64.02859626932347,3.669101013039795,1.2982496200181153,True,high,,data\processed\audio\phase3_verification\batch3\mfa_corpus\speaker1\1PE_002_seg_005.wav,data\processed\audio\phase3_verification\batch3\mfa_corpus\speaker1\1PE_002_seg_005.txt,data\processed\audio\phase3_verification\batch3\textgrids\speaker1\1PE_002_seg_005.TextGrid
REV_001_seg_013,batch3,REV,REV_001,True,,17.977,17.73,0.0,17.73,0.0,0.247,2.4,24,-59.72022733592881,-61.77494760660025,3.6566261803261226,-0.08899345681489024,True,high,,data\processed\audio\phase3_verification\batch3\mfa_corpus\speaker1\REV_001_seg_013.wav,data\processed\audio\phase3_verification\batch3\mfa_corpus\speaker1\REV_001_seg_013.txt,data\processed\audio\phase3_verification\batch3\textgrids\speaker1\REV_001_seg_013.TextGrid
REV_021_seg_008,batch3,REV,REV_021,True,,2.66,2.66,0.0,2.66,0.0,0.0,0.21,11,-59.996493920347746,-62.327368233420636,3.652229278226274,-2.103984213841505,True,high,,data\processed\audio\phase3_verification\batch3\mfa_corpus\speaker1\REV_021_seg_008.wav,data\processed\audio\phase3_verification\batch3\mfa_corpus\speaker1\REV_021_seg_008.txt,data\processed\audio\phase3_verification\batch3\textgrids\speaker1\REV_021_seg_008.TextGrid
REV_001_seg_031,batch3,REV,REV_001,True,,5.457,3.94,1.32,5.26,1.32,0.197,1.09,10,-59.95147593292125,-61.75408423574347,3.588783875655729,-1.2518052255549676,True,high,,data\processed\audio\phase3_verification\batch3\mfa_corpus\speaker1\REV_001_seg_031.wav,data\processed\audio\phase3_verification\batch3\mfa_corpus\speaker1\REV_001_seg_031.txt,data\processed\audio\phase3_verification\batch3\textgrids\speaker1\REV_001_seg_031.TextGrid
REV_021_seg_050,batch3,REV,REV_021,True,,3.889,3.109,0.78,3.889,0.78,0.0,0.53,11,-59.8093569248072,-61.39273760611551,3.588781067430719,0.9976007325892766,True,high,,data\processed\audio\phase3_verification\batch3\mfa_corpus\speaker1\REV_021_seg_050.wav,data\processed\audio\phase3_verification\batch3\mfa_corpus\speaker1\REV_021_seg_050.txt,data\processed\audio\phase3_verification\batch3\textgrids\speaker1\REV_021_seg_050.TextGrid
REV_001_seg_026,batch3,REV,REV_001,True,,3.182,2.582,0.6,3.182,0.6,0.0,0.57,11,-57.131651680424525,-60.87748080166904,3.5617911792151773,-2.7062313567642207,True,high,,data\processed\audio\phase3_verification\batch3\mfa_corpus\speaker1\REV_001_seg_026.wav,data\processed\audio\phase3_verification\batch3\mfa_corpus\speaker1\REV_001_seg_026.txt,data\processed\audio\phase3_verification\batch3\textgrids\speaker1\REV_001_seg_026.TextGrid
REV_021_seg_003,batch3,REV,REV_021,True,,5.395,4.42,0.69,5.11,0.69,0.285,0.58,22,-60.76768663194444,-61.834583058076745,3.555105918298288,1.2501017733253779,True,high,,data\processed\audio\phase3_verification\batch3\mfa_corpus\speaker1\REV_021_seg_003.wav,data\processed\audio\phase3_verification\batch3\mfa_corpus\speaker1\REV_021_seg_003.txt,data\processed\audio\phase3_verification\batch3\textgrids\speaker1\REV_021_seg_003.TextGrid
REV_001_seg_023,batch3,REV,REV_001,False,too_short,1.165,0.805,0.36,1.165,0.36,0.0,0.0,5,-57.941623263888886,-58.77555910746256,3.5388676615531236,8.661929427154474,True,low,duration_outlier,data\processed\audio\phase3_verification\batch3\mfa_corpus\speaker1\REV_001_seg_023.wav,data\processed\audio\phase3_verification\batch3\mfa_corpus\speaker1\REV_001_seg_023.txt,data\processed\audio\phase3_verification\batch3\textgrids\speaker1\REV_001_seg_023.TextGrid
1PE_002_seg_021,batch3,1PE,1PE_002,True,,8.756,6.826,1.93,8.756,1.93,0.0,1.75,6,-59.394803260559364,-66.80385343490109,3.5388585369407277,-3.875451440418832,True,high,,data\processed\audio\phase3_verification\batch3\mfa_corpus\speaker1\1PE_002_seg_021.wav,data\processed\audio\phase3_verification\batch3\mfa_corpus\speaker1\1PE_002_seg_021.txt,data\processed\audio\phase3_verification\batch3\textgrids\speaker1\1PE_002_seg_021.TextGrid
REV_021_seg_028,batch3,REV,REV_021,True,,3.584,2.894,0.69,3.584,0.69,0.0,0.0,15,-59.067650139664806,-61.33753451179056,3.5192893409117554,-0.1193581433432751,True,high,,data\processed\audio\phase3_verification\batch3\mfa_corpus\speaker1\REV_021_seg_028.wav,data\processed\audio\phase3_verification\batch3\mfa_corpus\speaker1\REV_021_seg_028.txt,data\processed\audio\phase3_verification\batch3\textgrids\speaker1\REV_021_seg_028.TextGrid
REV_021_seg_048,batch3,REV,REV_021,True,,7.653,6.393,1.26,7.653,1.26,0.0,1.71,10,-57.49979575163399,-60.76987375531878,3.4499955414255585,-1.4777927287454258,True,high,,data\processed\audio\phase3_verification\batch3\mfa_corpus\speaker1\REV_021_seg_048.wav,data\processed\audio\phase3_verification\batch3\mfa_corpus\speaker1\REV_021_seg_048.txt,data\processed\audio\phase3_verification\batch3\textgrids\speaker1\REV_021_seg_048.TextGrid
REV_001_seg_027,batch3,REV,REV_001,True,,10.208,9.17,0.75,9.92,0.75,0.288,2.94,9,-60.07653342311459,-63.73296585083008,3.4433071767389016,-0.3815311877877612,True,high,,data\processed\audio\phase3_verification\batch3\mfa_corpus\speaker1\REV_001_seg_027.wav,data\processed\audio\phase3_verification\batch3\mfa_corpus\speaker1\REV_001_seg_027.txt,data\processed\audio\phase3_verification\batch3\textgrids\speaker1\REV_001_seg_027.TextGrid
REV_021_seg_064,batch3,REV,REV_021,True,,15.657,14.27,1.13,15.4,1.13,0.257,2.11,12,-59.02055395913155,-61.367076047261556,3.422683379671967,-0.7918127871645275,True,high,,data\processed\audio\phase3_verification\batch3\mfa_corpus\speaker1\REV_021_seg_064.wav,data\processed\audio\phase3_verification\batch3\mfa_corpus\speaker1\REV_021_seg_064.txt,data\processed\audio\phase3_verification\batch3\textgrids\speaker1\REV_021_seg_064.TextGrid
1PE_002_seg_013,batch3,1PE,1PE_002,True,,1.692,1.51,0.0,1.51,0.0,0.182,0.26,10,-60.040824935281066,-65.04159231353225,3.4211099762783723,-1.4666020030480098,True,high,,data\processed\audio\phase3_verification\batch3\mfa_corpus\speaker1\1PE_002_seg_013.wav,data\processed\audio\phase3_verification\batch3\mfa_corpus\speaker1\1PE_002_seg_013.txt,data\processed\audio\phase3_verification\batch3\textgrids\speaker1\1PE_002_seg_013.TextGrid
REV_021_seg_047,batch3,REV,REV_021,True,,3.375,2.125,1.25,3.375,1.25,0.0,0.76,8,-60.24733034393491,-59.62458594185966,3.3783406048750164,-1.827476050718328,True,high,,data\processed\audio\phase3_verification\batch3\mfa_corpus\speaker1\REV_021_seg_047.wav,data\processed\audio\phase3_verification\batch3\mfa_corpus\speaker1\REV_021_seg_047.txt,data\processed\audio\phase3_verification\batch3\textgrids\speaker1\REV_021_seg_047.TextGrid
REV_021_seg_012,batch3,REV,REV_021,True,,3.016,3.016,0.0,3.016,0.0,0.0,0.67,11,-57.55994541597682,-60.90102123078846,3.296295007870129,-1.6827396017533012,True,high,,data\processed\audio\phase3_verification\batch3\mfa_corpus\speaker1\REV_021_seg_012.wav,data\processed\audio\phase3_verification\batch3\mfa_corpus\speaker1\REV_021_seg_012.txt,data\processed\audio\phase3_verification\batch3\textgrids\speaker1\REV_021_seg_012.TextGrid
REV_021_seg_002,batch3,REV,REV_021,True,,16.955,14.91,1.74,16.65,1.74,0.305,1.68,25,-60.44627524321934,-61.40818255615234,3.2814509017752207,0.028995899065613173,True,high,,data\processed\audio\phase3_verification\batch3\mfa_corpus\speaker1\REV_021_seg_002.wav,data\processed\audio\phase3_verification\batch3\mfa_corpus\speaker1\REV_021_seg_002.txt,data\processed\audio\phase3_verification\batch3\textgrids\speaker1\REV_021_seg_002.TextGrid
1PE_002_seg_044,batch3,1PE,1PE_002,True,,6.258,3.8,2.14,5.94,2.14,0.318,1.85,9,-62.66939771365815,-64.33440656919737,3.265724012044397,0.16890217074620573,True,high,,data\processed\audio\phase3_verification\batch3\mfa_corpus\speaker1\1PE_002_seg_044.wav,data\processed\audio\phase3_verification\batch3\mfa_corpus\speaker1\1PE_002_seg_044.txt,data\processed\audio\phase3_verification\batch3\textgrids\speaker1\1PE_002_seg_044.TextGrid
1PE_002_seg_019,batch3,1PE,1PE_002,False,alignment_failed,10.538,,,,,,,,,-59.94627320139032,3.2015646264505415,-1.6754701590641314,False,high,,data\processed\audio\phase3_verification\batch3\mfa_corpus\speaker1\1PE_002_seg_019.wav,data\processed\audio\phase3_verification\batch3\mfa_corpus\speaker1\1PE_002_seg_019.txt,
1PE_002_seg_020,batch3,1PE,1PE_002,False,too_short,2.879,0.89,1.8,2.69,1.8,0.189,0.24,10,-62.0933837890625,-65.8827991909451,3.1938696334597765,-0.9149656891616402,True,high,,data\processed\audio\phase3_verification\batch3\mfa_corpus\speaker1\1PE_002_seg_020.wav,data\processed\audio\phase3_verification\batch3\mfa_corpus\speaker1\1PE_002_seg_020.txt,data\processed\audio\phase3_verification\batch3\textgrids\speaker1\1PE_002_seg_020.TextGrid
REV_021_seg_020,batch3,REV,REV_021,True,,2.738,2.408,0.33,2.738,0.33,0.0,0.16,8,-61.7803661040146,-66.72819025376263,3.1855928509957163,2.526391312192713,True,high,,data\processed\audio\phase3_verification\batch3\mfa_corpus\speaker1\REV_021_seg_020.wav,data\processed\audio\phase3_verification\batch3\mfa_corpus\speaker1\REV_021_seg_020.txt,data\processed\audio\phase3_verification\batch3\textgrids\speaker1\REV_021_seg_020.TextGrid
REV_021_seg_042,batch3,REV,REV_021,True,,9.407,8.27,0.92,9.19,0.92,0.217,1.61,7,-58.003374900371945,-58.84488664354597,3.1440432023010696,-2.4803283892402668,True,high,,data\processed\audio\phase3_verification\batch3\mfa_corpus\speaker1\REV_021_seg_042.wav,data\processed\audio\phase3_verification\batch3\mfa_corpus\speaker1\REV_021_seg_042.txt,data\processed\audio\phase3_verification\batch3\textgrids\speaker1\REV_021_seg_042.TextGrid
1PE_002_seg_031,batch3,1PE,1PE_002,True,,8.947,7.45,1.18,8.63,1.18,0.317,2.39,19,-62.08953386871509,-61.89373249477811,3.1401982189460145,-0.323741313858795,True,high,,data\processed\audio\phase3_verification\batch3\mfa_corpus\speaker1\1PE_002_seg_031.wav,data\processed\audio\phase3_verification\batch3\mfa_corpus\speaker1\1PE_002_seg_031.txt,data\processed\audio\phase3_verification\batch3\textgrids\speaker1\1PE_002_seg_031.TextGrid
REV_021_seg_049,batch3,REV,REV_021,True,,3.388,2.77,0.41,3.18,0.41,0.208,1.52,10,-59.92439274520649,-61.99414277076721,3.1176395410637956,1.383658366641841,True,high,,data\processed\audio\phase3_verification\batch3\mfa_corpus\speaker1\REV_021_seg_049.wav,data\processed\audio\phase3_verification\batch3\mfa_corpus\speaker1\REV_021_seg_049.txt,data\processed\audio\phase3_verification\batch3\textgrids\speaker1\REV_021_seg_049.TextGrid
1PE_002_seg_038,batch3,1PE,1PE_002,True,,3.214,2.03,0.83,2.86,0.83,0.354,0.49,6,-60.0560382593458,-65.89810155232747,3.0436660858919167,-1.135996993890112,True,high,,data\processed\audio\phase3_verification\batch3\mfa_corpus\speaker1\1PE_002_seg_038.wav,data\processed\audio\phase3_verification\batch3\mfa_corpus\speaker1\1PE_002_seg_038.txt,data\processed\audio\phase3_verification\batch3\textgrids\speaker1\1PE_002_seg_038.TextGrid
REV_021_seg_006,batch3,REV,REV_021,True,,2.628,2.628,0.0,2.628,0.0,0.0,0.0,6,-59.899859642347906,-58.661896514892575,3.0388117284489895,15.395533859105845,True,high,,data\processed\audio\phase3_verification\batch3\mfa_corpus\speaker1\REV_021_seg_006.wav,data\processed\audio\phase3_verification\batch3\mfa_corpus\speaker1\REV_021_seg_006.txt,data\processed\audio\phase3_verification\batch3\textgrids\speaker1\REV_021_seg_006.TextGrid
REV_001_seg_041,batch3,REV,REV_001,True,,4.174,3.224,0.95,4.174,0.95,0.0,0.42,20,-59.50340977218225,-60.936370611190796,3.019558700689902,-0.2677226756238831,True,high,,data\processed\audio\phase3_verification\batch3\mfa_corpus\speaker1\REV_001_seg_041.wav,data\processed\audio\phase3_verification\batch3\mfa_corpus\speaker1\REV_001_seg_041.txt,data\processed\audio\phase3_verification\batch3\textgrids\speaker1\REV_001_seg_041.TextGrid
REV_001_seg_016,batch3,REV,REV_001,True,,6.166,4.91,1.01,5.92,1.01,0.246,1.36,11,-58.79692564829822,-66.59349301396584,2.9989590060717815,-1.8214312004415394,True,high,,data\processed\audio\phase3_verification\batch3\mfa_corpus\speaker1\REV_001_seg_016.wav,data\processed\audio\phase3_verification\batch3\mfa_corpus\speaker1\REV_001_seg_016.txt,data\processed\audio\phase3_verification\batch3\textgrids\speaker1\REV_001_seg_016.TextGrid
REV_021_seg_007,batch3,REV,REV_021,True,,1.513,1.513,0.0,1.513,0.0,0.0,0.09,7,-64.34515340438742,-62.40362875802176,2.9879985390375,11.371819420723506,True,high,,data\processed\audio\phase3_verification\batch3\mfa_corpus\speaker1\REV_021_seg_007.wav,data\processed\audio\phase3_verification\batch3\mfa_corpus\speaker1\REV_021_seg_007.txt,data\processed\audio\phase3_verification\batch3\textgrids\speaker1\REV_021_seg_007.TextGrid
REV_021_seg_053,batch3,REV,REV_021,True,,5.337,4.34,0.76,5.1,0.76,0.237,0.67,11,-58.65781176849251,-65.3118904876709,2.965807243086116,-2.1510138374958014,True,high,,data\processed\audio\phase3_verification\batch3\mfa_corpus\speaker1\REV_021_seg_053.wav,data\processed\audio\phase3_verification\batch3\mfa_corpus\speaker1\REV_021_seg_053.txt,data\processed\audio\phase3_verification\batch3\textgrids\speaker1\REV_021_seg_053.TextGrid
REV_021_seg_024,batch3,REV,REV_021,True,,1.76,1.76,0.0,1.76,0.0,0.0,0.57,8,-57.42772882634943,-59.49650228023529,2.9500767785529525,-4.01740819472195,True,high,,data\processed\audio\phase3_verification\batch3\mfa_corpus\speaker1\REV_021_seg_024.wav,data\processed\audio\phase3_verification\batch3\mfa_corpus\speaker1\REV_021_seg_024.txt,data\processed\audio\phase3_verification\batch3\textgrids\speaker1\REV_021_seg_024.TextGrid
1PE_002_seg_026,batch3,1PE,1PE_002,True,,4.347,3.45,0.56,4.01,0.56,0.337,2.09,7,-59.018637751436785,-62.26525694748451,2.8795089431203627,-0.5586200993305219,True,high,,data\processed\audio\phase3_verification\batch3\mfa_corpus\speaker1\1PE_002_seg_026.wav,data\processed\audio\phase3_verification\batch3\mfa_corpus\speaker1\1PE_002_seg_026.txt,data\processed\audio\phase3_verification\batch3\textgrids\speaker1\1PE_002_seg_026.TextGrid
REV_001_seg_021,batch3,REV,REV_001,True,,2.57,1.99,0.58,2.57,0.58,0.0,0.18,13,-58.99336545476654,-59.71991662418141,2.85411191330256,0.3004651082530838,True,high,,data\processed\audio\phase3_verification\batch3\mfa_corpus\speaker1\REV_001_seg_021.wav,data\processed\audio\phase3_verification\batch3\mfa_corpus\speaker1\REV_001_seg_021.txt,data\processed\audio\phase3_verification\batch3\textgrids\speaker1\REV_001_seg_021.TextGrid
1PE_002_seg_022,batch3,1PE,1PE_002,True,,4.87,3.81,0.82,4.63,0.82,0.24,1.95,8,-58.95810205980493,-60.27783555984497,2.8323187423315703,-3.0021950460064097,True,high,,data\processed\audio\phase3_verification\batch3\mfa_corpus\speaker1\1PE_002_seg_022.wav,data\processed\audio\phase3_verification\batch3\mfa_corpus\speaker1\1PE_002_seg_022.txt,data\processed\audio\phase3_verification\batch3\textgrids\speaker1\1PE_002_seg_022.TextGrid
1PE_002_seg_030,batch3,1PE,1PE_002,True,,17.858,14.85,2.76,17.61,2.76,0.248,3.34,14,-60.57327827547592,-63.62958632196699,2.8318366514774533,0.17502612203711898,True,high,,data\processed\audio\phase3_verification\batch3\mfa_corpus\speaker1\1PE_002_seg_030.wav,data\processed\audio\phase3_verification\batch3\mfa_corpus\speaker1\1PE_002_seg_030.txt,data\processed\audio\phase3_verification\batch3\textgrids\speaker1\1PE_002_seg_030.TextGrid
REV_021_seg_015,batch3,REV,REV_021,True,,6.407,6.05,0.0,6.05,0.0,0.357,1.29,10,-56.886347016380654,-60.376930139003655,2.8263901354271197,-1.6765174229833768,True,high,,data\processed\audio\phase3_verification\batch3\mfa_corpus\speaker1\REV_021_seg_015.wav,data\processed\audio\phase3_verification\batch3\mfa_corpus\speaker1\REV_021_seg_015.txt,data\processed\audio\phase3_verification\batch3\textgrids\speaker1\REV_021_seg_015.TextGrid
REV_001_seg_017,batch3,REV,REV_001,True,,7.455,6.33,0.87,7.2,0.87,0.255,1.41,13,-59.186264242627345,-63.35457452138265,2.788280319088594,0.8953285269991742,True,high,,data\processed\audio\phase3_verification\batch3\mfa_corpus\speaker1\REV_001_seg_017.wav,data\processed\audio\phase3_verification\batch3\mfa_corpus\speaker1\REV_001_seg_017.txt,data\processed\audio\phase3_verification\batch3\textgrids\speaker1\REV_001_seg_017.TextGrid
REV_021_seg_026,batch3,REV,REV_021,True,,5.395,5.395,0.0,5.395,0.0,0.0,0.52,20,-60.848813657407405,-63.33068214272553,2.7220996229505334,-1.1130160109553824,True,high,,data\processed\audio\phase3_verification\batch3\mfa_corpus\speaker1\REV_021_seg_026.wav,data\processed\audio\phase3_verification\batch3\mfa_corpus\speaker1\REV_021_seg_026.txt,data\processed\audio\phase3_verification\batch3\textgrids\speaker1\REV_021_seg_026.TextGrid
1PE_002_seg_039,batch3,1PE,1PE_002,True,,13.896,12.02,1.52,13.54,1.52,0.356,2.66,31,-69.01785633992806,-65.9030756754418,2.716480580323316,0.002842938552207741,True,high,,data\processed\audio\phase3_verification\batch3\mfa_corpus\speaker1\1PE_002_seg_039.wav,data\processed\audio\phase3_verification\batch3\mfa_corpus\speaker1\1PE_002_seg_039.txt,data\processed\audio\phase3_verification\batch3\textgrids\speaker1\1PE_002_seg_039.TextGrid
REV_021_seg_067,batch3,REV,REV_021,True,,9.036,6.23,2.54,8.77,2.54,0.266,1.51,8,-60.42540531664823,-68.08868119523332,2.6990044550594727,0.3317920199476916,True,high,,data\processed\audio\phase3_verification\batch3\mfa_corpus\speaker1\REV_021_seg_067.wav,data\processed\audio\phase3_verification\batch3\mfa_corpus\speaker1\REV_021_seg_067.txt,data\processed\audio\phase3_verification\batch3\textgrids\speaker1\REV_021_seg_067.TextGrid
REV_001_seg_032,batch3,REV,REV_001,True,,5.659,4.949,0.71,5.659,0.71,0.0,1.57,10,-61.4162640790636,-62.654972769997336,2.529465057718925,-0.21003167887635854,True,high,,data\processed\audio\phase3_verification\batch3\mfa_corpus\speaker1\REV_001_seg_032.wav,data\processed\audio\phase3_verification\batch3\mfa_corpus\speaker1\REV_001_seg_032.txt,data\processed\audio\phase3_verification\batch3\textgrids\speaker1\REV_001_seg_032.TextGrid
REV_001_seg_004,batch3,REV,REV_001,True,,17.405,14.85,1.51,16.36,1.51,1.045,2.0,13,-61.00916768380241,-64.18934453766921,2.528712633105142,-0.33980245417346744,True,high,,data\processed\audio\phase3_verification\batch3\mfa_corpus\speaker1\REV_001_seg_004.wav,data\processed\audio\phase3_verification\batch3\mfa_corpus\speaker1\REV_001_seg_004.txt,data\processed\audio\phase3_verification\batch3\textgrids\speaker1\REV_001_seg_004.TextGrid
1PE_002_seg_010,batch3,1PE,1PE_002,True,,4.383,3.963,0.42,4.383,0.42,0.0,0.6,28,-61.330787136130134,-61.337241870253834,2.516706001374764,-0.33274810355046647,True,high,,data\processed\audio\phase3_verification\batch3\mfa_corpus\speaker1\1PE_002_seg_010.wav,data\processed\audio\phase3_verification\batch3\mfa_corpus\speaker1\1PE_002_seg_010.txt,data\processed\audio\phase3_verification\batch3\textgrids\speaker1\1PE_002_seg_010.TextGrid
1PE_002_seg_027,batch3,1PE,1PE_002,True,,5.597,4.03,1.3,5.33,1.3,0.267,1.25,13,-63.079373604910714,-65.45061617991963,2.471561766051044,0.12845632656967787,True,high,,data\processed\audio\phase3_verification\batch3\mfa_corpus\speaker1\1PE_002_seg_027.wav,data\processed\audio\phase3_verification\batch3\mfa_corpus\speaker1\1PE_002_seg_027.txt,data\processed\audio\phase3_verification\batch3\textgrids\speaker1\1PE_002_seg_027.TextGrid
REV_021_seg_071,batch3,REV,REV_021,True,,16.36,13.51,1.9,15.41,1.9,0.95,2.53,9,-59.25666641198044,-58.32856497653695,2.433988684619876,-0.9087428578457128,True,high,,data\processed\audio\phase3_verification\batch3\mfa_corpus\speaker1\REV_021_seg_071.wav,data\processed\audio\phase3_verification\batch3\mfa_corpus\speaker1\REV_021_seg_071.txt,data\processed\audio\phase3_verification\batch3\textgrids\speaker1\REV_021_seg_071.TextGrid
REV_001_seg_015,batch3,REV,REV_001,True,,5.781,3.72,1.73,5.45,1.73,0.331,2.2,5,-59.846939878892734,-62.55434348366477,2.433988684619876,-0.4318743422666298,True,high,,data\processed\audio\phase3_verification\batch3\mfa_corpus\speaker1\REV_001_seg_015.wav,data\processed\audio\phase3_verification\batch3\mfa_corpus\speaker1\REV_001_seg_015.txt,data\processed\audio\phase3_verification\batch3\textgrids\speaker1\REV_001_seg_015.TextGrid
REV_021_seg_060,batch3,REV,REV_021,True,,6.056,4.8,1.03,5.83,1.03,0.226,1.28,14,-59.73920946782178,-60.776883006095886,2.2340475445946995,0.12669411466155545,True,high,,data\processed\audio\phase3_verification\batch3\mfa_corpus\speaker1\REV_021_seg_060.wav,data\processed\audio\phase3_verification\batch3\mfa_corpus\speaker1\REV_021_seg_060.txt,data\processed\audio\phase3_verification\batch3\textgrids\speaker1\REV_021_seg_060.TextGrid
1PE_002_seg_007,batch3,1PE,1PE_002,True,,2.971,1.99,0.7,2.69,0.7,0.281,0.56,10,-61.48046217382155,-65.58330977196788,2.0909917398945184,-0.41604951948061064,True,high,,data\processed\audio\phase3_verification\batch3\mfa_corpus\speaker1\1PE_002_seg_007.wav,data\processed\audio\phase3_verification\batch3\mfa_corpus\speaker1\1PE_002_seg_007.txt,data\processed\audio\phase3_verification\batch3\textgrids\speaker1\1PE_002_seg_007.TextGrid
1PE_002_seg_032,batch3,1PE,1PE_002,False,long_internal_silence,13.377,10.99,2.11,13.1,2.11,0.277,3.97,25,-61.37984048019432,-62.803580268484644,2.024644628344346,0.6180582612673859,True,high,,data\processed\audio\phase3_verification\batch3\mfa_corpus\speaker1\1PE_002_seg_032.wav,data\processed\audio\phase3_verification\batch3\mfa_corpus\speaker1\1PE_002_seg_032.txt,data\processed\audio\phase3_verification\batch3\textgrids\speaker1\1PE_002_seg_032.TextGrid
1PE_002_seg_035,batch3,1PE,1PE_002,True,,10.269,7.29,2.65,9.94,2.65,0.329,2.97,5,-58.9174666808666,-63.62712383270264,1.9397857251464878,-1.5174208284573982,True,high,,data\processed\audio\phase3_verification\batch3\mfa_corpus\speaker1\1PE_002_seg_035.wav,data\processed\audio\phase3_verification\batch3\mfa_corpus\speaker1\1PE_002_seg_035.txt,data\processed\audio\phase3_verification\batch3\textgrids\speaker1\1PE_002_seg_035.TextGrid
REV_021_seg_031,batch3,REV,REV_021,True,,2.321,2.321,0.0,2.321,0.0,0.0,0.31,16,-59.679127660290945,-60.12498515925995,1.936441861823549,-3.644702454954434,True,high,,data\processed\audio\phase3_verification\batch3\mfa_corpus\speaker1\REV_021_seg_031.wav,data\processed\audio\phase3_verification\batch3\mfa_corpus\speaker1\REV_021_seg_031.txt,data\processed\audio\phase3_verification\batch3\textgrids\speaker1\REV_021_seg_031.TextGrid
REV_001_seg_005,batch3,REV,REV_001,True,,11.473,10.03,1.13,11.16,1.13,0.313,2.95,6,-64.05521196599825,-63.3460201687283,1.8952169990066052,-0.187487710367769,True,high,,data\processed\audio\phase3_verification\batch3\mfa_corpus\speaker1\REV_001_seg_005.wav,data\processed\audio\phase3_verification\batch3\mfa_corpus\speaker1\REV_001_seg_005.txt,data\processed\audio\phase3_verification\batch3\textgrids\speaker1\REV_001_seg_005.TextGrid
REV_021_seg_066,batch3,REV,REV_021,True,,4.719,2.87,1.64,4.51,1.64,0.209,0.74,13,-61.56033583818856,-61.58249338049637,1.789228276331989,0.24859679779207866,True,high,,data\processed\audio\phase3_verification\batch3\mfa_corpus\speaker1\REV_021_seg_066.wav,data\processed\audio\phase3_verification\batch3\mfa_corpus\speaker1\REV_021_seg_066.txt,data\processed\audio\phase3_verification\batch3\textgrids\speaker1\REV_021_seg_066.TextGrid
REV_001_seg_022,batch3,REV,REV_001,False,too_short,1.24,1.24,0.0,1.24,0.0,0.0,0.0,11,-60.020413306451616,-62.48089260525174,1.735614484988714,15.762305783581816,True,low,duration_outlier,data\processed\audio\phase3_verification\batch3\mfa_corpus\speaker1\REV_001_seg_022.wav,data\processed\audio\phase3_verification\batch3\mfa_corpus\speaker1\REV_001_seg_022.txt,data\processed\audio\phase3_verification\batch3\textgrids\speaker1\REV_001_seg_022.TextGrid
1PE_002_seg_045,batch3,1PE,1PE_002,True,,7.902,5.67,1.96,7.63,1.96,0.272,1.75,8,-60.847117286392404,-63.416791112799395,1.7277791502937383,-0.4160641360268187,True,high,,data\processed\audio\phase3_verification\batch3\mfa_corpus\speaker1\1PE_002_seg_045.wav,data\processed\audio\phase3_verification\batch3\mfa_corpus\speaker1\1PE_002_seg_045.txt,data\processed\audio\phase3_verification\batch3\textgrids\speaker1\1PE_002_seg_045.TextGrid
1PE_002_seg_024,batch3,1PE,1PE_002,False,too_short,3.146,0.78,2.06,2.84,2.06,0.306,0.0,8,-58.188082837301586,-62.30496155588251,1.5865332024420187,0.22336468631646156,True,high,,data\processed\audio\phase3_verification\batch3\mfa_corpus\speaker1\1PE_002_seg_024.wav,data\processed\audio\phase3_verification\batch3\mfa_corpus\speaker1\1PE_002_seg_024.txt,data\processed\audio\phase3_verification\batch3\textgrids\speaker1\1PE_002_seg_024.TextGrid
REV_021_seg_011,batch3,REV,REV_021,True,,1.879,1.879,0.0,1.879,0.0,0.0,0.33,19,-63.4605115525266,-61.23011700469669,1.5741212381738903,-2.5461537043373,True,high,,data\processed\audio\phase3_verification\batch3\mfa_corpus\speaker1\REV_021_seg_011.wav,data\processed\audio\phase3_verification\batch3\mfa_corpus\speaker1\REV_021_seg_011.txt,data\processed\audio\phase3_verification\batch3\textgrids\speaker1\REV_021_seg_011.TextGrid
REV_021_seg_046,batch3,REV,REV_021,True,,10.231,8.5,1.45,9.95,1.45,0.281,1.15,9,-59.07506262218964,-66.66336945564517,1.561784231650118,-0.3934442857983331,True,high,,data\processed\audio\phase3_verification\batch3\mfa_corpus\speaker1\REV_021_seg_046.wav,data\processed\audio\phase3_verification\batch3\mfa_corpus\speaker1\REV_021_seg_046.txt,data\processed\audio\phase3_verification\batch3\textgrids\speaker1\REV_021_seg_046.TextGrid
1PE_002_seg_009,batch3,1PE,1PE_002,True,,6.44,4.77,1.34,6.11,1.34,0.33,1.98,7,-61.92896569293478,-69.52228505270821,1.5267722911671027,0.2436931081117777,True,high,,data\processed\audio\phase3_verification\batch3\mfa_corpus\speaker1\1PE_002_seg_009.wav,data\processed\audio\phase3_verification\batch3\mfa_corpus\speaker1\1PE_002_seg_009.txt,data\processed\audio\phase3_verification\batch3\textgrids\speaker1\1PE_002_seg_009.TextGrid
1PE_002_seg_014,batch3,1PE,1PE_002,False,long_internal_silence,14.966,10.04,1.25,11.29,1.25,3.676,4.74,6,-65.44412783901136,-75.04074356079101,0.9878943520637126,-3.7245759208115032,True,high,,data\processed\audio\phase3_verification\batch3\mfa_corpus\speaker1\1PE_002_seg_014.wav,data\processed\audio\phase3_verification\batch3\mfa_corpus\speaker1\1PE_002_seg_014.txt,data\processed\audio\phase3_verification\batch3\textgrids\speaker1\1PE_002_seg_014.TextGrid
1PE_002_seg_025,batch3,1PE,1PE_002,True,,4.708,3.18,1.26,4.44,1.26,0.268,2.5,10,-58.50843866109342,-59.65300230546431,0.9425341751394976,-1.2359583432230767,True,high,,data\processed\audio\phase3_verification\batch3\mfa_corpus\speaker1\1PE_002_seg_025.wav,data\processed\audio\phase3_verification\batch3\mfa_corpus\speaker1\1PE_002_seg_025.txt,data\processed\audio\phase3_verification\batch3\textgrids\speaker1\1PE_002_seg_025.TextGrid
REV_001_seg_033,batch3,REV,REV_001,True,,6.395,5.25,0.85,6.1,0.85,0.295,1.06,11,-59.692919921875,-63.99157377730968,0.9425341751394976,-3.95341137343207,True,high,,data\processed\audio\phase3_verification\batch3\mfa_corpus\speaker1\REV_001_seg_033.wav,data\processed\audio\phase3_verification\batch3\mfa_corpus\speaker1\REV_001_seg_033.txt,data\processed\audio\phase3_verification\batch3\textgrids\speaker1\REV_001_seg_033.TextGrid
1PE_002_seg_047,batch3,1PE,1PE_002,True,,9.459,6.33,2.15,8.48,2.15,0.979,1.68,14,-63.24645712209303,-61.22698034558977,0.8899101183498719,-1.288555181168956,True,high,,data\processed\audio\phase3_verification\batch3\mfa_corpus\speaker1\1PE_002_seg_047.wav,data\processed\audio\phase3_verification\batch3\mfa_corpus\speaker1\1PE_002_seg_047.txt,data\processed\audio\phase3_verification\batch3\textgrids\speaker1\1PE_002_seg_047.TextGrid
REV_021_seg_001,batch3,REV,REV_021,False,too_short,1.887,0.94,0.6,1.54,0.6,0.347,0.29,8,-67.235919932209,-63.45273234049479,0.8803169331383937,1.411716906955645,True,high,,data\processed\audio\phase3_verification\batch3\mfa_corpus\speaker1\REV_021_seg_001.wav,data\processed\audio\phase3_verification\batch3\mfa_corpus\speaker1\REV_021_seg_001.txt,data\processed\audio\phase3_verification\batch3\textgrids\speaker1\REV_021_seg_001.TextGrid
1PE_002_seg_043,batch3,1PE,1PE_002,False,too_short,1.782,0.91,0.68,1.59,0.68,0.192,0.08,14,-66.14527738764045,-66.76817063724293,0.689863052009803,1.6281190431019184,True,high,,data\processed\audio\phase3_verification\batch3\mfa_corpus\speaker1\1PE_002_seg_043.wav,data\processed\audio\phase3_verification\batch3\mfa_corpus\speaker1\1PE_002_seg_043.txt,data\processed\audio\phase3_verification\batch3\textgrids\speaker1\1PE_002_seg_043.TextGrid
REV_021_seg_021,batch3,REV,REV_021,False,too_short,1.886,0.806,1.08,1.886,1.08,0.0,0.0,13,-57.5041904348545,-60.12272721749765,0.6768164716091427,-1.497463515889672,True,high,,data\processed\audio\phase3_verification\batch3\mfa_corpus\speaker1\REV_021_seg_021.wav,data\processed\audio\phase3_verification\batch3\mfa_corpus\speaker1\REV_021_seg_021.txt,data\processed\audio\phase3_verification\batch3\textgrids\speaker1\REV_021_seg_021.TextGrid
1PE_002_seg_008,batch3,1PE,1PE_002,True,,4.66,2.69,1.77,4.46,1.77,0.2,1.3,7,-60.210019615075105,-61.57526217566596,0.5978317724124411,-2.0730568476909728,True,high,,data\processed\audio\phase3_verification\batch3\mfa_corpus\speaker1\1PE_002_seg_008.wav,data\processed\audio\phase3_verification\batch3\mfa_corpus\speaker1\1PE_002_seg_008.txt,data\processed\audio\phase3_verification\batch3\textgrids\speaker1\1PE_002_seg_008.TextGrid
1PE_002_seg_042,batch3,1PE,1PE_002,False,too_short,2.594,0.51,1.87,2.38,1.87,0.214,0.27,3,-60.707178299951735,-64.2702563603719,0.49762592414821394,-2.4837381448791476,True,high,,data\processed\audio\phase3_verification\batch3\mfa_corpus\speaker1\1PE_002_seg_042.wav,data\processed\audio\phase3_verification\batch3\mfa_corpus\speaker1\1PE_002_seg_042.txt,data\processed\audio\phase3_verification\batch3\textgrids\speaker1\1PE_002_seg_042.TextGrid
REV_021_seg_004,batch3,REV,REV_021,False,too_short,1.249,0.869,0.38,1.249,0.38,0.0,0.0,9,-64.85498828125,-63.36610467093332,0.4547989575260607,24.95757565608361,True,low,duration_outlier,data\processed\audio\phase3_verification\batch3\mfa_corpus\speaker1\REV_021_seg_004.wav,data\processed\audio\phase3_verification\batch3\mfa_corpus\speaker1\REV_021_seg_004.txt,data\processed\audio\phase3_verification\batch3\textgrids\speaker1\REV_021_seg_004.TextGrid
REV_001_seg_044,batch3,REV,REV_001,False,too_short,2.446,0.54,0.95,1.49,0.95,0.956,0.24,6,-60.98289620535714,-62.741618633270264,0.41592471491313837,-1.1245643926028812,True,high,,data\processed\audio\phase3_verification\batch3\mfa_corpus\speaker1\REV_001_seg_044.wav,data\processed\audio\phase3_verification\batch3\mfa_corpus\speaker1\REV_001_seg_044.txt,data\processed\audio\phase3_verification\batch3\textgrids\speaker1\REV_001_seg_044.TextGrid
REV_021_seg_061,batch3,REV,REV_021,False,alignment_failed,2.125,,,,,,,,,,,,False,high,,data\processed\audio\phase3_verification\batch3\mfa_corpus\speaker1\REV_021_seg_061.wav,data\processed\audio\phase3_verification\batch3\mfa_corpus\speaker1\REV_021_seg_061.txt,
1PE_002_seg_003,batch3,1PE,1PE_002,False,alignment_failed,3.115,,,,,,,,,,,,False,high,,data\processed\audio\phase3_verification\batch3\mfa_corpus\speaker1\1PE_002_seg_003.wav,data\processed\audio\phase3_verification\batch3\mfa_corpus\speaker1\1PE_002_seg_003.txt,
REV_001_seg_007,batch3,REV,REV_001,False,alignment_failed,17.497,,,,,,,,,,,,False,high,,data\processed\audio\phase3_verification\batch3\mfa_corpus\speaker1\REV_001_seg_007.wav,data\processed\audio\phase3_verification\batch3\mfa_corpus\speaker1\REV_001_seg_007.txt,
1PE_002_seg_017,batch3,1PE,1PE_002,False,alignment_failed,1.843,,,,,,,,,,,,False,high,,data\processed\audio\phase3_verification\batch3\mfa_corpus\speaker1\1PE_002_seg_017.wav,data\processed\audio\phase3_verification\batch3\mfa_corpus\speaker1\1PE_002_seg_017.txt,
1PE_002_seg_006,batch3,1PE,1PE_002,False,alignment_failed,3.551,,,,,,,,,,,,False,high,,data\processed\audio\phase3_verification\batch3\mfa_corpus\speaker1\1PE_002_seg_006.wav,data\processed\audio\phase3_verification\batch3\mfa_corpus\speaker1\1PE_002_seg_006.txt,
REV_001_seg_045,batch3,REV,REV_001,False,alignment_failed,1.098,,,,,,,,,,,,False,low,duration_outlier,data\processed\audio\phase3_verification\batch3\mfa_corpus\speaker1\REV_001_seg_045.wav,data\processed\audio\phase3_verification\batch3\mfa_corpus\speaker1\REV_001_seg_045.txt,
1PE_002_seg_023,batch3,1PE,1PE_002,False,alignment_failed,3.499,,,,,,,,,,,,False,high,,data\processed\audio\phase3_verification\batch3\mfa_corpus\speaker1\1PE_002_seg_023.wav,data\processed\audio\phase3_verification\batch3\mfa_corpus\speaker1\1PE_002_seg_023.txt,
1PE_002_seg_002,batch3,1PE,1PE_002,False,alignment_failed,5.617,,,,,,,,,,,,False,high,,data\processed\audio\phase3_verification\batch3\mfa_corpus\speaker1\1PE_002_seg_002.wav,data\processed\audio\phase3_verification\batch3\mfa_corpus\speaker1\1PE_002_seg_002.txt,
1PE_002_seg_028,batch3,1PE,1PE_002,False,alignment_failed,4.516,,,,,,,,,,,,False,high,,data\processed\audio\phase3_verification\batch3\mfa_corpus\speaker1\1PE_002_seg_028.wav,data\processed\audio\phase3_verification\batch3\mfa_corpus\speaker1\1PE_002_seg_028.txt,
REV_021_seg_058,batch3,REV,REV_021,False,alignment_failed,2.23,,,,,,,,,,,,False,high,,data\processed\audio\phase3_verification\batch3\mfa_corpus\speaker1\REV_021_seg_058.wav,data\processed\audio\phase3_verification\batch3\mfa_corpus\speaker1\REV_021_seg_058.txt,
1PE_002_seg_004,batch3,1PE,1PE_002,False,alignment_failed,15.843,,,,,,,,,,,,False,high,,data\processed\audio\phase3_verification\batch3\mfa_corpus\speaker1\1PE_002_seg_004.wav,data\processed\audio\phase3_verification\batch3\mfa_corpus\speaker1\1PE_002_seg_004.txt,
REV_021_seg_019,batch3,REV,REV_021,False,alignment_failed,3.564,,,,,,,,,,,,False,high,,data\processed\audio\phase3_verification\batch3\mfa_corpus\speaker1\REV_021_seg_019.wav,data\processed\audio\phase3_verification\batch3\mfa_corpus\speaker1\REV_021_seg_019.txt,
1PE_002_seg_048,batch3,1PE,1PE_002,False,alignment_failed,1.088,,,,,,,,,,,,False,low,duration_outlier,data\processed\audio\phase3_verification\batch3\mfa_corpus\speaker1\1PE_002_seg_048.wav,data\processed\audio\phase3_verification\batch3\mfa_corpus\speaker1\1PE_002_seg_048.txt,
1PE_002_seg_037,batch3,1PE,1PE_002,False,alignment_failed,9.076,,,,,,,,,,,,False,high,,data\processed\audio\phase3_verification\batch3\mfa_corpus\speaker1\1PE_002_seg_037.wav,data\processed\audio\phase3_verification\batch3\mfa_corpus\speaker1\1PE_002_seg_037.txt,
REV_021_seg_040,batch3,REV,REV_021,False,alignment_failed,17.642,,,,,,,,,,,,False,high,,data\processed\audio\phase3_verification\batch3\mfa_corpus\speaker1\REV_021_seg_040.wav,data\processed\audio\phase3_verification\batch3\mfa_corpus\speaker1\REV_021_seg_040.txt,
REV_021_seg_072,batch3,REV,REV_021,False,alignment_failed,1.125,,,,,,,,,,,,False,low,duration_outlier,data\processed\audio\phase3_verification\batch3\mfa_corpus\speaker1\REV_021_seg_072.wav,data\processed\audio\phase3_verification\batch3\mfa_corpus\speaker1\REV_021_seg_072.txt,
REV_021_seg_036,batch3,REV,REV_021,False,alignment_failed,17.876,,,,,,,,,,,,False,high,,data\processed\audio\phase3_verification\batch3\mfa_corpus\speaker1\REV_021_seg_036.wav,data\processed\audio\phase3_verification\batch3\mfa_corpus\speaker1\REV_021_seg_036.txt,
